timestamp,rcs
1759998185.7297435,-1.7
1759998185.7297435,-3.3
1759998185.7297435,-3.3
1759998185.7297435,-3.5
1759998185.7792048,-1.7
1759998185.7792048,-3.4
1759998185.7792048,-3.4
1759998185.7792048,-3.4
1759998185.8290763,-1.7
1759998185.8290763,-3.7
1759998185.8290763,-3.7
1759998185.8290763,-3.6
1759998185.8788366,-1.7
1759998185.8788366,-3.4
1759998185.8788366,-3.4
1759998185.8788366,-3.5
1759998185.9289305,-1.7
1759998185.9289305,-3.5
1759998185.9289305,-3.5
1759998185.9289305,-3.5
1759998185.979141,-1.7
1759998185.979141,-3.6
1759998185.979141,-3.6
1759998185.979141,-3.6
1759998186.028737,-1.7
1759998186.028737,-3.4
1759998186.028737,-3.4
1759998186.028737,-3.2
1759998186.0785487,-1.7
1759998186.0785487,-3.3
1759998186.0785487,-3.3
1759998186.0785487,-3.5
1759998186.1293123,-1.8
1759998186.1293123,-3.6
1759998186.1293123,-3.6
1759998186.1293123,-3.5
1759998186.1808596,-1.8
1759998186.1808596,-3.6
1759998186.1808596,-3.6
1759998186.1808596,-3.5
1759998186.2303498,-1.8
1759998186.2303498,-3.5
1759998186.2303498,-3.5
1759998186.2303498,-3.7
1759998186.2797477,-1.8
1759998186.2797477,-3.7
1759998186.2797477,-3.7
1759998186.2797477,-3.5
1759998186.3291543,-1.8
1759998186.3291543,-3.5
1759998186.3291543,-3.5
1759998186.3291543,-3.7
1759998186.37923,-1.8
1759998186.37923,-3.5
1759998186.37923,-3.5
1759998186.37923,-3.5
1759998186.4291632,-1.8
1759998186.4291632,-3.6
1759998186.4291632,-3.6
1759998186.4291632,-3.6
1759998186.4790812,-1.8
1759998186.4790812,-3.5
1759998186.4790812,-3.5
1759998186.4790812,-3.4
1759998186.5288105,-1.8
1759998186.5288105,-3.7
1759998186.5288105,-3.7
1759998186.5288105,-3.5
1759998186.5788996,-1.8
1759998186.5788996,-3.5
1759998186.5788996,-3.5
1759998186.5788996,-3.2
1759998186.6290197,-1.8
1759998186.6290197,-3.6
1759998186.6290197,-3.6
1759998186.6290197,-3.4
1759998186.678913,-1.8
1759998186.678913,-3.8
1759998186.678913,-3.8
1759998186.678913,-3.4
1759998186.7290483,-1.8
1759998186.7290483,-3.6
1759998186.7290483,-3.6
1759998186.7290483,-3.2
1759998186.7796886,-1.8
1759998186.7796886,-3.7
1759998186.7796886,-3.7
1759998186.7796886,-3.3
1759998186.8291857,-1.7
1759998186.8291857,-3.5
1759998186.8291857,-3.5
1759998186.8291857,-3.2
1759998186.8789558,-1.8
1759998186.8789558,-3.5
1759998186.8789558,-3.5
1759998186.8789558,-3.3
1759998186.929142,-1.8
1759998186.929142,-3.5
1759998186.929142,-3.5
1759998186.929142,-3.4
1759998186.9790294,-1.9
1759998186.9790294,-3.5
1759998186.9790294,-3.5
1759998186.9790294,-3.3
1759998187.0287237,-1.8
1759998187.0287237,-3.7
1759998187.0287237,-3.7
1759998187.0287237,-3.6
1759998187.0785418,-1.8
1759998187.0785418,-3.5
1759998187.0785418,-3.5
1759998187.0785418,-3.2
1759998187.1290362,-1.8
1759998187.1290362,-3.7
1759998187.1290362,-3.7
1759998187.1290362,-3.3
1759998187.1799052,-1.8
1759998187.1799052,-3.5
1759998187.1799052,-3.5
1759998187.1799052,-3.3
1759998187.2298062,-1.8
1759998187.2298062,-3.3
1759998187.2298062,-3.3
1759998187.2298062,-3.3
1759998187.279257,-1.9
1759998187.279257,-3.5
1759998187.279257,-3.5
1759998187.279257,-3.3
1759998187.3289316,-1.8
1759998187.3289316,-3.6
1759998187.3289316,-3.6
1759998187.3289316,-3.5
1759998187.378724,-1.9
1759998187.378724,-3.7
1759998187.378724,-3.7
1759998187.378724,-3.4
1759998187.4290283,-1.9
1759998187.4290283,-3.6
1759998187.4290283,-3.6
1759998187.4290283,-3.5
1759998187.4790254,-1.9
1759998187.4790254,-3.6
1759998187.4790254,-3.6
1759998187.4790254,-3.2
1759998187.5289621,-1.8
1759998187.5289621,-3.7
1759998187.5289621,-3.7
1759998187.5289621,-3.4
1759998187.5794067,-1.9
1759998187.5794067,-3.6
1759998187.5794067,-3.6
1759998187.5794067,-3.3
1759998187.6293807,-1.8
1759998187.6293807,-3.6
1759998187.6293807,-3.6
1759998187.6293807,-3.2
1759998187.6794305,-1.8
1759998187.6794305,-3.5
1759998187.6794305,-3.5
1759998187.6794305,-3.5
1759998187.7292407,-1.8
1759998187.7292407,-3.6
1759998187.7292407,-3.6
1759998187.7292407,-3.4
1759998187.779467,-1.9
1759998187.779467,-3.6
1759998187.779467,-3.6
1759998187.779467,-3.4
1759998187.8301802,-1.8
1759998187.8301802,-3.5
1759998187.8301802,-3.5
1759998187.8301802,-3.5
1759998187.8800147,-1.9
1759998187.8800147,-3.5
1759998187.8800147,-3.5
1759998187.8800147,-3.5
1759998187.9298823,-1.8
1759998187.9298823,-3.6
1759998187.9298823,-3.6
1759998187.9298823,-3.4
1759998187.9795437,-1.9
1759998187.9795437,-3.7
1759998187.9795437,-3.7
1759998187.9795437,-3.5
1759998188.0290937,-1.8
1759998188.0290937,-3.6
1759998188.0290937,-3.6
1759998188.0290937,-3.4
1759998188.0784385,-1.8
1759998188.0784385,-3.5
1759998188.0784385,-3.5
1759998188.0784385,-3.4
1759998188.1287723,-1.9
1759998188.1287723,-3.4
1759998188.1287723,-3.4
1759998188.1287723,-3.3
1759998188.178867,-1.8
1759998188.178867,-3.5
1759998188.178867,-3.5
1759998188.178867,-3.3
1759998188.2287323,-1.9
1759998188.2287323,-3.4
1759998188.2287323,-3.4
1759998188.2287323,-3.3
1759998188.2794354,-1.9
1759998188.2794354,-3.4
1759998188.2794354,-3.4
1759998188.2794354,-3.6
1759998188.3298771,-1.8
1759998188.3298771,-3.5
1759998188.3298771,-3.5
1759998188.3298771,-3.5
1759998188.3793464,-1.8
1759998188.3793464,-3.5
1759998188.3793464,-3.5
1759998188.3793464,-3.1
1759998188.4289827,-1.8
1759998188.4289827,-3.4
1759998188.4289827,-3.4
1759998188.4289827,-3.3
1759998188.4789717,-1.8
1759998188.4789717,-3.4
1759998188.4789717,-3.4
1759998188.4789717,-3.4
1759998188.5287766,-1.9
1759998188.5287766,-3.5
1759998188.5287766,-3.5
1759998188.5287766,-3.6
1759998188.5789068,-1.8
1759998188.5789068,-3.4
1759998188.5789068,-3.4
1759998188.5789068,-3.4
1759998188.6287153,-1.8
1759998188.6287153,-3.4
1759998188.6287153,-3.4
1759998188.6287153,-3.4
1759998188.6787472,-1.8
1759998188.6787472,-3.6
1759998188.6787472,-3.6
1759998188.6787472,-3.5
1759998188.7288647,-1.8
1759998188.7288647,-3.5
1759998188.7288647,-3.5
1759998188.7288647,-3.3
1759998188.7789307,-1.8
1759998188.7789307,-3.5
1759998188.7789307,-3.5
1759998188.7789307,-3.2
1759998188.8288815,-1.9
1759998188.8288815,-3.5
1759998188.8288815,-3.5
1759998188.8288815,-3.5
1759998188.878436,-1.8
1759998188.878436,-3.5
1759998188.878436,-3.5
1759998188.878436,-3.6
1759998188.9283435,-1.8
1759998188.9283435,-3.6
1759998188.9283435,-3.6
1759998188.9283435,-3.2
1759998188.978492,-1.8
1759998188.978492,-3.6
1759998188.978492,-3.6
1759998188.978492,-3.6
1759998189.0290456,-1.8
1759998189.0290456,-3.5
1759998189.0290456,-3.5
1759998189.0290456,-3.3
1759998189.079094,-1.8
1759998189.079094,-3.5
1759998189.079094,-3.5
1759998189.079094,-3.3
1759998189.1293476,-1.7
1759998189.1293476,-3.4
1759998189.1293476,-3.4
1759998189.1293476,-3.1
1759998189.180336,-1.7
1759998189.180336,-3.4
1759998189.180336,-3.4
1759998189.180336,-3.3
1759998189.229234,-1.8
1759998189.229234,-3.3
1759998189.229234,-3.3
1759998189.229234,-3.2
1759998189.2789538,-1.8
1759998189.2789538,-3.5
1759998189.2789538,-3.5
1759998189.2789538,-3.2
1759998189.3290427,-1.8
1759998189.3290427,-3.5
1759998189.3290427,-3.5
1759998189.3290427,-3.6
1759998189.3790162,-1.8
1759998189.3790162,-3.4
1759998189.3790162,-3.4
1759998189.3790162,-3.3
1759998189.4295185,-1.7
1759998189.4295185,-3.5
1759998189.4295185,-3.5
1759998189.4295185,-3.4
1759998189.4795613,-1.8
1759998189.4795613,-3.6
1759998189.4795613,-3.6
1759998189.4795613,-3.5
1759998189.5291734,-1.8
1759998189.5291734,-3.6
1759998189.5291734,-3.6
1759998189.5291734,-3.3
1759998189.5788147,-1.8
1759998189.5788147,-3.6
1759998189.5788147,-3.6
1759998189.5788147,-3.1
1759998189.6285086,-1.7
1759998189.6285086,-3.6
1759998189.6285086,-3.6
1759998189.6285086,-3.3
1759998189.6788228,-1.7
1759998189.6788228,-3.7
1759998189.6788228,-3.7
1759998189.6788228,-3.3
1759998189.7290313,-1.8
1759998189.7290313,-3.6
1759998189.7290313,-3.6
1759998189.7290313,-3.3
1759998189.7788236,-1.8
1759998189.7788236,-3.5
1759998189.7788236,-3.5
1759998189.7788236,-3.4
1759998189.8289862,-1.8
1759998189.8289862,-3.4
1759998189.8289862,-3.4
1759998189.8289862,-3.3
1759998189.879564,-1.8
1759998189.879564,-3.4
1759998189.879564,-3.4
1759998189.879564,-3.3
1759998189.9302378,-1.8
1759998189.9302378,-3.5
1759998189.9302378,-3.5
1759998189.9302378,-3.6
1759998189.979908,-1.8
1759998189.979908,-3.5
1759998189.979908,-3.5
1759998189.979908,-3.6
1759998190.0291128,-1.8
1759998190.0291128,-3.7
1759998190.0291128,-3.7
1759998190.0291128,-3.1
1759998190.0788412,-1.8
1759998190.0788412,-3.6
1759998190.0788412,-3.6
1759998190.0788412,-3.3
1759998190.129475,-1.8
1759998190.129475,-3.7
1759998190.129475,-3.7
1759998190.129475,-3.2
1759998190.1796072,-1.8
1759998190.1796072,-3.8
1759998190.1796072,-3.8
1759998190.1796072,-3.2
1759998190.229132,-1.8
1759998190.229132,-3.7
1759998190.229132,-3.7
1759998190.229132,-3.5
1759998190.2789643,-1.8
1759998190.2789643,-3.6
1759998190.2789643,-3.6
1759998190.2789643,-3.0
1759998191.279538,-1.8
1759998191.279538,-3.4
1759998191.279538,-3.4
1759998191.279538,-3.1
1759998191.3292048,-1.8
1759998191.3292048,-3.6
1759998191.3292048,-3.6
1759998191.3292048,-3.4
1759998191.3792925,-1.9
1759998191.3792925,-3.4
1759998191.3792925,-3.4
1759998191.3792925,-3.3
1759998191.4285553,-1.8
1759998191.4285553,-3.4
1759998191.4285553,-3.4
1759998191.4285553,-3.6
1759998191.478546,-1.8
1759998191.478546,-3.5
1759998191.478546,-3.5
1759998191.478546,-3.4
1759998191.5288932,-1.8
1759998191.5288932,-3.6
1759998191.5288932,-3.6
1759998191.5288932,-3.6
1759998191.5789728,-1.8
1759998191.5789728,-3.7
1759998191.5789728,-3.7
1759998191.5789728,-3.4
1759998191.6289182,-1.8
1759998191.6289182,-3.5
1759998191.6289182,-3.5
1759998191.6289182,-3.3
1759998191.6787672,-1.8
1759998191.6787672,-3.6
1759998191.6787672,-3.6
1759998191.6787672,-3.2
1759998191.72841,-1.8
1759998191.72841,-3.5
1759998191.72841,-3.5
1759998191.72841,-3.6
1759998191.7783208,-1.9
1759998191.7783208,-3.6
1759998191.7783208,-3.6
1759998191.7783208,-3.5
1759998191.8292994,-1.8
1759998191.8292994,-3.6
1759998191.8292994,-3.6
1759998191.8292994,-3.5
1759998191.8796184,-1.9
1759998191.8796184,-3.6
1759998191.8796184,-3.6
1759998191.8796184,-3.5
1759998191.92936,-1.9
1759998191.92936,-3.5
1759998191.92936,-3.5
1759998191.92936,-3.3
1759998191.9794528,-1.8
1759998191.9794528,-3.6
1759998191.9794528,-3.6
1759998191.9794528,-3.5
1759998192.0291698,-1.8
1759998192.0291698,-3.7
1759998192.0291698,-3.7
1759998192.0291698,-3.4
1759998192.0793302,-1.8
1759998192.0793302,-3.7
1759998192.0793302,-3.7
1759998192.0793302,-3.3
1759998192.1304784,-1.8
1759998192.1304784,-3.6
1759998192.1304784,-3.6
1759998192.1304784,-3.6
1759998192.180035,-1.8
1759998192.180035,-3.6
1759998192.180035,-3.6
1759998192.180035,-3.4
1759998192.2301776,-1.8
1759998192.2301776,-3.6
1759998192.2301776,-3.6
1759998192.2301776,-3.7
1759998192.2805004,-1.8
1759998192.2805004,-3.7
1759998192.2805004,-3.7
1759998192.2805004,-3.5
1759998192.3302116,-1.8
1759998192.3302116,-3.7
1759998192.3302116,-3.7
1759998192.3302116,-3.4
1759998192.3792043,-1.8
1759998192.3792043,-3.6
1759998192.3792043,-3.6
1759998192.3792043,-3.3
1759998192.4295685,-1.8
1759998192.4295685,-3.5
1759998192.4295685,-3.5
1759998192.4295685,-3.6
1759998192.479185,-1.8
1759998192.479185,-3.7
1759998192.479185,-3.7
1759998192.479185,-3.6
1759998192.5291421,-1.8
1759998192.5291421,-3.6
1759998192.5291421,-3.6
1759998192.5291421,-3.2
1759998192.5791097,-1.8
1759998192.5791097,-3.6
1759998192.5791097,-3.6
1759998192.5791097,-3.1
1759998192.6290464,-1.8
1759998192.6290464,-3.7
1759998192.6290464,-3.7
1759998192.6290464,-3.5
1759998192.6788886,-1.8
1759998192.6788886,-3.7
1759998192.6788886,-3.7
1759998192.6788886,-3.4
1759998192.7290046,-1.8
1759998192.7290046,-3.6
1759998192.7290046,-3.6
1759998192.7290046,-3.6
1759998192.7794485,-1.9
1759998192.7794485,-3.5
1759998192.7794485,-3.5
1759998192.7794485,-3.2
1759998192.8295047,-1.9
1759998192.8295047,-3.6
1759998192.8295047,-3.6
1759998192.8295047,-3.5
1759998192.8792663,-1.9
1759998192.8792663,-3.5
1759998192.8792663,-3.5
1759998192.8792663,-3.2
1759998192.928988,-1.8
1759998192.928988,-3.5
1759998192.928988,-3.5
1759998192.928988,-3.3
1759998192.9785638,-1.9
1759998192.9785638,-3.6
1759998192.9785638,-3.6
1759998192.9785638,-3.4
1759998193.0287588,-1.9
1759998193.0287588,-3.5
1759998193.0287588,-3.5
1759998193.0287588,-3.4
1759998193.0790827,-1.9
1759998193.0790827,-3.7
1759998193.0790827,-3.7
1759998193.0790827,-3.3
1759998193.12918,-1.9
1759998193.12918,-3.6
1759998193.12918,-3.6
1759998193.12918,-3.2
1759998193.1790316,-1.9
1759998193.1790316,-3.7
1759998193.1790316,-3.7
1759998193.1790316,-3.4
1759998193.2287197,-1.8
1759998193.2287197,-3.6
1759998193.2287197,-3.6
1759998193.2287197,-3.5
1759998193.2788782,-1.9
1759998193.2788782,-3.6
1759998193.2788782,-3.6
1759998193.2788782,-3.0
1759998193.3294742,-1.9
1759998193.3294742,-3.7
1759998193.3294742,-3.7
1759998193.3294742,-3.2
1759998193.383774,-1.8
1759998193.383774,-3.7
1759998193.383774,-3.7
1759998193.383774,-3.5
1759998193.4289017,-1.8
1759998193.4289017,-3.6
1759998193.4289017,-3.6
1759998193.4289017,-3.4
1759998193.4788854,-1.9
1759998193.4788854,-3.5
1759998193.4788854,-3.5
1759998193.4788854,-3.1
1759998193.529215,-1.8
1759998193.529215,-3.5
1759998193.529215,-3.5
1759998193.529215,-3.3
1759998193.5792496,-1.9
1759998193.5792496,-3.4
1759998193.5792496,-3.4
1759998193.5792496,-3.4
1759998193.6285203,-1.8
1759998193.6285203,-3.7
1759998193.6285203,-3.7
1759998193.6285203,-3.5
1759998193.678942,-1.9
1759998193.678942,-3.7
1759998193.678942,-3.7
1759998193.678942,-3.3
1759998193.7282991,-1.9
1759998193.7282991,-3.7
1759998193.7282991,-3.7
1759998193.7282991,-3.5
1759998193.7790585,-1.9
1759998193.7790585,-3.9
1759998193.7790585,-3.9
1759998193.7790585,-3.5
1759998193.8290427,-1.8
1759998193.8290427,-3.9
1759998193.8290427,-3.9
1759998193.8290427,-3.8
1759998193.8794868,-1.9
1759998193.8794868,-3.8
1759998193.8794868,-3.8
1759998193.8794868,-3.3
1759998193.9298482,-1.8
1759998193.9298482,-3.6
1759998193.9298482,-3.6
1759998193.9298482,-3.4
1759998193.9795887,-1.9
1759998193.9795887,-3.5
1759998193.9795887,-3.5
1759998193.9795887,-3.4
1759998194.0293293,-1.8
1759998194.0293293,-3.8
1759998194.0293293,-3.8
1759998194.0293293,-3.1
1759998194.0793228,-1.9
1759998194.0793228,-3.5
1759998194.0793228,-3.5
1759998194.0793228,-3.3
1759998194.129692,-1.9
1759998194.129692,-3.6
1759998194.129692,-3.6
1759998194.129692,-3.4
1759998194.1793618,-1.9
1759998194.1793618,-3.6
1759998194.1793618,-3.6
1759998194.1793618,-3.4
1759998194.2290752,-1.9
1759998194.2290752,-3.8
1759998194.2290752,-3.8
1759998194.2290752,-3.4
1759998194.2793257,-1.8
1759998194.2793257,-3.5
1759998194.2793257,-3.5
1759998194.2793257,-3.3
1759998194.3288476,-1.8
1759998194.3288476,-3.6
1759998194.3288476,-3.6
1759998194.3288476,-3.2
1759998194.3785357,-1.8
1759998194.3785357,-3.5
1759998194.3785357,-3.5
1759998194.3785357,-3.1
1759998194.4292228,-1.8
1759998194.4292228,-3.8
1759998194.4292228,-3.8
1759998194.4292228,-3.2
1759998194.4794576,-1.9
1759998194.4794576,-3.8
1759998194.4794576,-3.8
1759998194.4794576,-3.4
1759998194.529035,-1.9
1759998194.529035,-3.8
1759998194.529035,-3.8
1759998194.529035,-3.4
1759998194.5786254,-1.8
1759998194.5786254,-3.8
1759998194.5786254,-3.8
1759998194.5786254,-3.2
1759998194.6285043,-1.8
1759998194.6285043,-3.8
1759998194.6285043,-3.8
1759998194.6285043,-3.5
1759998194.6785553,-1.9
1759998194.6785553,-3.6
1759998194.6785553,-3.6
1759998194.6785553,-3.2
1759998194.7288606,-1.9
1759998194.7288606,-3.8
1759998194.7288606,-3.8
1759998194.7288606,-3.4
1759998194.7788427,-1.8
1759998194.7788427,-4.1
1759998194.7788427,-4.1
1759998194.7788427,-3.1
1759998194.8303225,-1.8
1759998194.8303225,-3.7
1759998194.8303225,-3.7
1759998194.8303225,-3.1
1759998194.879792,-1.8
1759998194.879792,-3.7
1759998194.879792,-3.7
1759998194.879792,-3.0
1759998194.9289634,-1.9
1759998194.9289634,-3.5
1759998194.9289634,-3.4
1759998194.979188,-1.8
1759998194.979188,-3.5
1759998194.979188,-3.5
1759998194.979188,-3.5
1759998195.028891,-1.8
1759998195.028891,-4.3
1759998195.028891,-4.3
1759998195.028891,-3.1
1759998195.0791981,-1.9
1759998195.0791981,-3.9
1759998195.0791981,-3.9
1759998195.0791981,-3.5
1759998195.1296728,-1.8
1759998195.1296728,-3.7
1759998195.1296728,-3.7
1759998195.1296728,-3.3
1759998195.1798055,-1.8
1759998195.1798055,-4.2
1759998195.1798055,-4.2
1759998195.1798055,-3.2
1759998195.2299838,-1.8
1759998195.2299838,-4.0
1759998195.2299838,-4.0
1759998195.2299838,-3.1
1759998195.2796082,-1.8
1759998195.2796082,-4.0
1759998195.2796082,-4.0
1759998195.2796082,-3.3
1759998195.3293083,-1.8
1759998195.3293083,-3.8
1759998195.3293083,-3.8
1759998195.3293083,-3.4
1759998195.3788836,-1.9
1759998195.3788836,-3.9
1759998195.3788836,-3.9
1759998195.3788836,-3.6
1759998195.4291673,-1.9
1759998195.4291673,-3.9
1759998195.4291673,-3.9
1759998195.4291673,-3.3
1759998195.479222,-1.8
1759998195.479222,-3.8
1759998195.479222,-3.8
1759998195.479222,-3.5
1759998195.5294816,-1.9
1759998195.5294816,-3.7
1759998195.5294816,-3.7
1759998195.5294816,-3.2
1759998195.5795417,-1.8
1759998195.5795417,-3.8
1759998195.5795417,-3.8
1759998195.5795417,-3.4
1759998195.6295362,-1.9
1759998195.6295362,-3.8
1759998195.6295362,-3.8
1759998195.6295362,-3.3
1759998195.679688,-1.9
1759998195.679688,-3.8
1759998195.679688,-3.8
1759998195.679688,-3.4
1759998195.729606,-1.9
1759998195.729606,-3.9
1759998195.729606,-3.9
1759998195.729606,-3.5
1759998195.7791846,-1.9
1759998195.7791846,-3.7
1759998195.7791846,-3.7
1759998195.7791846,-3.5
1759998195.828957,-1.9
1759998195.828957,-3.7
1759998195.828957,-3.7
1759998195.828957,-3.1
1759998195.8788743,-1.9
1759998195.8788743,-3.5
1759998195.8788743,-3.5
1759998195.8788743,-3.1
1759998195.9289746,-1.9
1759998195.9289746,-3.7
1759998195.9289746,-3.7
1759998195.9289746,-3.4
1759998195.9792361,-1.9
1759998195.9792361,-3.6
1759998195.9792361,-3.6
1759998195.9792361,-3.5
1759998196.0293531,-1.8
1759998196.0293531,-3.5
1759998196.0293531,-3.5
1759998196.0293531,-3.2
1759998196.0793185,-1.8
1759998196.0793185,-3.6
1759998196.0793185,-3.6
1759998196.0793185,-3.2
1759998196.1292157,-1.8
1759998196.1292157,-3.5
1759998196.1292157,-3.5
1759998196.1292157,-3.2
1759998196.1804159,-1.9
1759998196.1804159,-3.5
1759998196.1804159,-3.5
1759998196.1804159,-3.2
1759998196.2291327,-1.9
1759998196.2291327,-3.6
1759998196.2291327,-3.6
1759998196.2291327,-3.2
1759998196.279199,-1.8
1759998196.279199,-3.7
1759998196.279199,-3.7
1759998196.279199,-3.2
1759998196.328617,-1.9
1759998196.328617,-3.6
1759998196.328617,-3.6
1759998196.328617,-3.1
1759998196.3781695,-1.8
1759998196.3781695,-3.7
1759998196.3781695,-3.7
1759998196.3781695,-3.4
1759998196.4285014,-1.8
1759998196.4285014,-3.7
1759998196.4285014,-3.7
1759998196.4285014,-3.3
1759998196.4780629,-1.8
1759998196.4780629,-3.7
1759998196.4780629,-3.7
1759998196.4780629,-3.1
1759998196.5279698,-1.8
1759998196.5279698,-3.7
1759998196.5279698,-3.7
1759998196.5279698,-3.2
1759998196.5780969,-1.8
1759998196.5780969,-3.8
1759998196.5780969,-3.8
1759998196.5780969,-3.5
1759998196.6282887,-1.8
1759998196.6282887,-3.6
1759998196.6282887,-3.6
1759998196.6282887,-3.2
1759998196.6781414,-1.8
1759998196.6781414,-3.8
1759998196.6781414,-3.8
1759998196.6781414,-3.3
1759998196.7281508,-1.9
1759998196.7281508,-3.6
1759998196.7281508,-3.6
1759998196.7281508,-3.1
1759998196.778931,-1.9
1759998196.778931,-3.8
1759998196.778931,-3.8
1759998196.778931,-3.1
1759998196.8296301,-1.8
1759998196.8296301,-3.6
1759998196.8296301,-3.6
1759998196.8296301,-3.1
1759998196.8792028,-1.8
1759998196.8792028,-3.7
1759998196.8792028,-3.7
1759998196.8792028,-3.2
1759998196.9295378,-1.8
1759998196.9295378,-3.7
1759998196.9295378,-3.7
1759998196.9295378,-3.2
1759998196.9799707,-1.9
1759998196.9799707,-3.8
1759998196.9799707,-3.8
1759998196.9799707,-3.5
1759998197.0296242,-1.8
1759998197.0296242,-3.5
1759998197.0296242,-3.5
1759998197.0296242,-3.1
1759998197.0791745,-1.8
1759998197.0791745,-3.3
1759998197.0791745,-3.3
1759998197.0791745,-3.3
1759998197.1294086,-1.9
1759998197.1294086,-3.6
1759998197.1294086,-3.6
1759998197.1294086,-3.0
1759998197.1791062,-1.8
1759998197.1791062,-3.7
1759998197.1791062,-3.7
1759998197.1791062,-3.5
1759998197.2289917,-1.8
1759998197.2289917,-3.7
1759998197.2289917,-3.7
1759998197.2289917,-3.4
1759998197.278512,-1.9
1759998197.278512,-3.7
1759998197.278512,-3.7
1759998197.278512,-3.0
1759998197.328562,-1.9
1759998197.328562,-3.7
1759998197.328562,-3.7
1759998197.328562,-3.2
1759998197.3784854,-1.9
1759998197.3784854,-3.6
1759998197.3784854,-3.6
1759998197.3784854,-3.3
1759998197.4281309,-1.9
1759998197.4281309,-3.5
1759998197.4281309,-3.5
1759998197.4281309,-3.5
1759998197.4800062,-1.9
1759998197.4800062,-3.7
1759998197.4800062,-3.7
1759998197.4800062,-3.3
1759998197.5283782,-2.0
1759998197.5283782,-3.7
1759998197.5283782,-3.7
1759998197.5283782,-3.4
1759998197.5780478,-1.8
1759998197.5780478,-3.9
1759998197.5780478,-3.9
1759998197.5780478,-3.2
1759998197.6281307,-2.0
1759998197.6281307,-3.8
1759998197.6281307,-3.8
1759998197.6281307,-3.2
1759998197.6780372,-1.8
1759998197.6780372,-4.1
1759998197.6780372,-4.1
1759998197.6780372,-3.3
1759998197.7278907,-1.9
1759998197.7278907,-3.7
1759998197.7278907,-3.7
1759998197.7278907,-3.0
1759998197.778172,-1.8
1759998197.778172,-4.0
1759998197.778172,-4.0
1759998197.778172,-3.4
1759998197.8280227,-1.9
1759998197.8280227,-4.0
1759998197.8280227,-4.0
1759998197.8280227,-3.4
1759998197.8779416,-1.6
1759998197.8779416,-4.1
1759998197.8779416,-4.1
1759998197.8779416,-3.3
1759998197.9281685,-1.7
1759998197.9281685,-4.2
1759998197.9281685,-4.2
1759998197.9281685,-3.2
1759998197.9781327,-2.0
1759998197.9781327,-4.0
1759998197.9781327,-4.0
1759998197.9781327,-3.3
1759998198.0280006,-1.9
1759998198.0280006,-4.0
1759998198.0280006,-4.0
1759998198.0280006,-3.0
1759998198.0780594,-2.0
1759998198.0780594,-4.1
1759998198.0780594,-4.1
1759998198.0780594,-3.4
1759998198.128304,-1.9
1759998198.128304,-4.2
1759998198.128304,-4.2
1759998198.128304,-3.1
1759998198.1783047,-1.8
1759998198.1783047,-4.1
1759998198.1783047,-4.1
1759998198.1783047,-3.1
1759998198.2283213,-1.9
1759998198.2283213,-4.1
1759998198.2283213,-4.1
1759998198.2283213,-3.3
1759998198.2783835,-2.1
1759998198.2783835,-3.5
1759998198.2783835,-3.5
1759998198.2783835,-3.5
1759998198.2783835,-3.6
1759998198.3282092,-2.0
1759998198.3282092,-3.5
1759998198.3282092,-3.5
1759998198.3282092,-3.8
1759998198.3781705,-3.1
1759998198.4281633,0.2
1759998198.4281633,-4.4
1759998198.4780638,-2.4
1759998198.4780638,-4.0
1759998198.4780638,-4.0
1759998198.4780638,-2.4
1759998198.4780638,-1.7
1759998198.5275035,-2.4
1759998198.5275035,-0.5
1759998198.5275035,0.7
1759998198.5275035,-2.1
1759998198.5275035,-2.1
1759998198.5780766,-3.6
1759998198.5780766,-4.1
1759998198.627553,-3.7
1759998198.627553,-0.4
1759998198.6771696,-4.1
1759998198.7774498,0.7
1759998198.7774498,-0.5
1759998198.7774498,-0.5
1759998198.8764615,0.0
1759998198.8764615,-2.6
1759998198.8764615,-2.6
1759998198.9762537,-0.4
1759998199.0766544,0.9
1759998199.0766544,-0.5
1759998199.1268532,-0.8
1759998199.1767316,-3.6
1759998199.2762127,-1.4
1759998199.2762127,-1.4
1759998199.426487,0.3
1759998199.5273192,1.0
1759998199.6771154,0.7
1759998199.7271626,-0.7
1759998199.7271626,0.7
1759998199.7271626,0.7
1759998199.776704,-0.7
1759998199.776704,-4.2
1759998199.8267474,-4.7
1759998199.977017,-4.1
1759998199.977017,-4.1
1759998200.177352,-4.0
1759998200.177352,-4.0
1759998200.2267082,-1.4
1759998200.3276896,-1.8
1759998200.3276896,-2.2
1759998200.4769738,-1.6
1759998200.6280465,-2.4
1759998200.6280465,-3.8
1759998200.6280465,-3.8
1759998200.6776617,-5.0
1759998200.7280478,-2.4
1759998200.7773614,-4.5
1759998200.8272166,-3.5
1759998200.876933,-4.2
1759998200.9273355,-1.1
1759998200.9273355,-4.9
1759998200.977459,-0.9
1759998200.977459,-3.3
1759998200.977459,-3.3
1759998201.0270035,-1.3
1759998201.0270035,-3.5
1759998201.0772142,-1.6
1759998201.0772142,-4.3
1759998201.0772142,-4.3
1759998201.0772142,0.4
1759998201.0772142,-4.8
1759998201.127374,-4.7
1759998201.127374,-4.5
1759998201.127374,-4.5
1759998201.177813,-1.5
1759998201.177813,-3.6
1759998201.177813,-3.6
1759998201.177813,0.3
1759998201.177813,-1.0
1759998201.227725,-2.0
1759998201.227725,-2.2
1759998201.227725,-2.0
1759998201.2772353,-2.8
1759998201.2772353,-1.5
1759998201.2772353,-1.5
1759998201.2772353,-3.5
1759998201.3274837,-2.1
1759998201.3274837,-2.2
1759998201.3274837,-2.2
1759998201.3774235,-2.7
1759998201.3774235,-3.0
1759998201.3774235,-3.0
1759998201.3774235,-0.8
1759998201.4273722,-0.8
1759998201.4273722,-2.7
1759998201.4273722,-2.7
1759998201.4776242,-1.1
1759998201.4776242,-3.2
1759998201.4776242,-3.2
1759998201.4776242,-4.1
1759998201.4776242,-4.4
1759998201.5273607,-2.1
1759998201.5273607,-2.7
1759998201.5273607,-2.7
1759998201.5273607,-2.1
1759998201.5273607,-0.9
1759998201.5774608,-2.0
1759998201.5774608,-4.0
1759998201.5774608,-2.4
1759998201.5774608,-2.4
1759998201.5774608,-2.2
1759998201.6275065,-1.2
1759998201.6275065,-2.3
1759998201.6275065,-2.3
1759998201.6275065,-2.6
1759998201.6772838,-1.7
1759998201.6772838,-2.2
1759998201.6772838,-2.2
1759998201.6772838,-3.6
1759998201.727377,-2.0
1759998201.727377,-4.7
1759998201.727377,-2.4
1759998201.727377,-2.4
1759998201.727377,-1.9
1759998201.7776494,-2.3
1759998201.7776494,-2.5
1759998201.7776494,-2.5
1759998201.7776494,-2.8
1759998201.8276327,-1.7
1759998201.8276327,-4.2
1759998201.8276327,-4.2
1759998201.8276327,0.2
1759998201.8276327,0.5
1759998201.8276327,-4.1
1759998201.8776326,-1.6
1759998201.8776326,-2.3
1759998201.928217,-1.6
1759998201.928217,-3.5
1759998201.928217,-3.5
1759998201.977781,-2.0
1759998201.977781,-3.5
1759998201.977781,-3.3
1759998202.0277295,-2.1
1759998202.0277295,-5.0
1759998202.0277295,-5.0
1759998202.0277295,-1.6
1759998202.0777385,-1.8
1759998202.0777385,-4.5
1759998202.0777385,-4.5
1759998202.1281266,-2.1
1759998202.1281266,-3.6
1759998202.1281266,-3.6
1759998202.178139,-1.9
1759998202.178139,-4.3
1759998202.178139,-4.3
1759998202.228143,-1.9
1759998202.228143,-3.9
1759998202.228143,-3.9
1759998202.2778563,-2.0
1759998202.2778563,-3.6
1759998202.2778563,-3.6
1759998202.3278694,-1.9
1759998202.3278694,-4.4
1759998202.3278694,-4.4
1759998202.3278694,-4.2
1759998202.3278694,-2.9
1759998202.3779845,-1.7
1759998202.3779845,-4.1
1759998202.3779845,-4.1
1759998202.3779845,-3.4
1759998202.4280326,-1.7
1759998202.4280326,-3.7
1759998202.4280326,-4.0
1759998202.4280326,-2.8
1759998202.4777617,-1.9
1759998202.4777617,-4.6
1759998202.4777617,-4.0
1759998202.4777617,-4.0
1759998202.4777617,-3.5
1759998202.5277555,-1.8
1759998202.5277555,-4.1
1759998202.5277555,-4.1
1759998202.5277555,0.3
1759998202.578016,-1.7
1759998202.578016,-4.3
1759998202.578016,-4.3
1759998202.578016,-1.3
1759998202.578016,-4.2
1759998202.6291487,-1.7
1759998202.6291487,-4.8
1759998202.6291487,-4.2
1759998202.6291487,-4.2
1759998202.6291487,-2.5
1759998202.6795945,-1.8
1759998202.6795945,-4.2
1759998202.6795945,-4.2
1759998202.6795945,-1.0
1759998202.6795945,-0.7
1759998202.728733,-1.7
1759998202.728733,-5.0
1759998202.728733,-4.3
1759998202.728733,-4.3
1759998202.728733,-1.1
1759998202.728733,0.4
1759998202.7787035,-1.7
1759998202.7787035,-4.6
1759998202.7787035,-4.4
1759998202.7787035,-4.4
1759998202.7787035,-1.6
1759998202.8282309,-1.7
1759998202.8282309,-4.4
1759998202.8282309,-4.4
1759998202.8282309,-2.8
1759998202.8282309,-0.4
1759998202.8778105,-1.7
1759998202.8778105,-4.2
1759998202.8778105,-4.2
1759998202.8778105,-3.6
1759998202.9277363,-1.8
1759998202.9277363,-3.8
1759998202.9277363,-3.8
1759998202.9277363,-2.3
1759998202.9277363,-2.6
1759998202.978051,-1.8
1759998202.978051,-3.8
1759998202.978051,-3.8
1759998202.978051,-1.1
1759998203.0279434,-1.8
1759998203.0279434,-3.6
1759998203.0279434,-3.6
1759998203.0279434,-2.2
1759998203.0779364,-1.9
1759998203.0779364,-3.7
1759998203.0779364,-3.7
1759998203.0779364,-1.0
1759998203.1281362,-1.9
1759998203.1281362,-3.8
1759998203.1281362,-3.8
1759998203.1281362,-3.7
1759998203.1784475,-1.9
1759998203.1784475,-3.6
1759998203.1784475,-3.6
1759998203.1784475,-2.1
1759998203.2284071,-1.9
1759998203.2284071,-3.9
1759998203.2284071,-3.9
1759998203.2284071,-3.5
1759998203.2780702,-1.9
1759998203.2780702,-3.9
1759998203.2780702,-3.9
1759998203.2780702,-3.8
1759998203.3280482,-1.9
1759998203.3280482,-3.7
1759998203.3280482,-3.7
1759998203.3280482,-3.3
1759998203.3280482,-2.4
1759998203.3780005,-1.9
1759998203.3780005,-3.7
1759998203.3780005,-3.7
1759998203.3780005,-3.7
1759998203.3780005,0.0
1759998203.4277556,-1.9
1759998203.4277556,-4.2
1759998203.4277556,-4.2
1759998203.4277556,-3.5
1759998203.4277556,-3.3
1759998203.4775581,-1.9
1759998203.4775581,-3.9
1759998203.4775581,-3.9
1759998203.4775581,-4.2
1759998203.4775581,-3.0
1759998203.527534,-1.9
1759998203.527534,-3.9
1759998203.527534,-3.9
1759998203.527534,-3.4
1759998203.5775185,-1.8
1759998203.5775185,-4.1
1759998203.5775185,-4.1
1759998203.5775185,-2.8
1759998203.6277518,-1.9
1759998203.6277518,-3.9
1759998203.6277518,-3.9
1759998203.6277518,-4.7
1759998203.6277518,-2.3
1759998203.6787117,-1.8
1759998203.6787117,-3.9
1759998203.6787117,-3.9
1759998203.6787117,-4.1
1759998203.6787117,0.8
1759998203.7289739,-1.8
1759998203.7289739,-3.7
1759998203.7289739,-3.7
1759998203.7289739,-2.9
1759998203.778738,-1.8
1759998203.778738,-3.8
1759998203.778738,-3.8
1759998203.778738,-4.0
1759998203.778738,-2.3
1759998203.8284204,-1.8
1759998203.8284204,-4.0
1759998203.8284204,-4.0
1759998203.8284204,-3.2
1759998203.8284204,-0.4
1759998203.8780499,-1.8
1759998203.8780499,-3.9
1759998203.8780499,-3.9
1759998203.8780499,-3.1
1759998203.8780499,-4.2
1759998203.9288757,-1.7
1759998203.9288757,-3.8
1759998203.9288757,-3.8
1759998203.9288757,-2.6
1759998203.9288757,-3.3
1759998203.978598,-1.7
1759998203.978598,-3.9
1759998203.978598,-3.9
1759998203.978598,-3.0
1759998203.978598,-3.9
1759998204.0283985,-1.7
1759998204.0283985,-4.1
1759998204.0283985,-4.1
1759998204.0283985,-3.7
1759998204.0784764,-1.7
1759998204.0784764,-4.1
1759998204.0784764,-4.1
1759998204.0784764,-3.1
1759998204.128442,-1.7
1759998204.128442,-4.0
1759998204.128442,-4.0
1759998204.128442,-3.2
1759998204.1788492,-1.7
1759998204.1788492,-4.9
1759998204.1788492,-4.0
1759998204.1788492,-4.0
1759998204.1788492,-3.1
1759998204.1788492,0.1
1759998204.2285821,-1.7
1759998204.2285821,-4.0
1759998204.2285821,-4.0
1759998204.2285821,-3.0
1759998204.2783155,-1.7
1759998204.2783155,-3.9
1759998204.2783155,-3.9
1759998204.2783155,-3.2
1759998204.2783155,-0.2
1759998204.3283448,-1.7
1759998204.3283448,-3.9
1759998204.3283448,-3.9
1759998204.3283448,-2.9
1759998204.378369,-1.7
1759998204.378369,-3.9
1759998204.378369,-3.9
1759998204.378369,-3.6
1759998204.4285,-1.8
1759998204.4285,-3.7
1759998204.4285,-3.7
1759998204.4285,-2.9
1759998204.4285,-2.2
1759998204.4785025,-1.8
1759998204.4785025,-3.9
1759998204.4785025,-3.9
1759998204.4785025,-3.8
1759998204.4785025,-3.4
1759998204.5283277,-1.8
1759998204.5283277,-3.8
1759998204.5283277,-3.8
1759998204.5283277,-3.6
1759998204.5283277,-3.3
1759998204.5780315,-1.9
1759998204.5780315,-3.8
1759998204.5780315,-3.8
1759998204.5780315,-3.8
1759998204.5780315,0.9
1759998204.6284657,-1.9
1759998204.6284657,-3.9
1759998204.6284657,-3.9
1759998204.6284657,-3.3
1759998204.6284657,-4.6
1759998204.678225,-1.9
1759998204.678225,-4.0
1759998204.678225,-4.0
1759998204.678225,-3.9
1759998204.728383,-1.8
1759998204.728383,-3.9
1759998204.728383,-3.9
1759998204.728383,-3.8
1759998204.728383,-0.9
1759998204.7784755,-1.9
1759998204.7784755,-3.8
1759998204.7784755,-3.8
1759998204.7784755,-3.9
1759998204.8284214,-1.9
1759998204.8284214,-3.8
1759998204.8284214,-3.8
1759998204.8284214,-3.4
1759998204.878322,-1.9
1759998204.878322,-3.9
1759998204.878322,-3.9
1759998204.878322,-3.0
1759998204.878322,-4.8
1759998204.9282916,-1.8
1759998204.9282916,-3.9
1759998204.9282916,-3.9
1759998204.9282916,-3.1
1759998204.978222,-1.9
1759998204.978222,-3.7
1759998204.978222,-3.7
1759998204.978222,-3.5
1759998204.978222,-5.0
1759998205.0280304,-1.9
1759998205.0280304,-3.8
1759998205.0280304,-3.8
1759998205.0280304,-3.0
1759998205.0280304,-1.0
1759998205.0778708,-1.9
1759998205.0778708,-4.0
1759998205.0778708,-4.0
1759998205.0778708,-3.1
1759998205.1284268,-1.9
1759998205.1284268,-3.7
1759998205.1284268,-3.7
1759998205.1284268,-4.0
1759998205.179813,-1.8
1759998205.179813,-3.9
1759998205.179813,-3.9
1759998205.179813,-3.3
1759998205.2288916,-1.8
1759998205.2288916,-3.9
1759998205.2288916,-3.9
1759998205.2288916,-3.3
1759998205.2288916,-2.1
1759998205.2786906,-1.8
1759998205.2786906,-3.9
1759998205.2786906,-3.9
1759998205.2786906,-3.6
1759998205.2786906,-3.8
1759998205.3284822,-1.8
1759998205.3284822,-3.8
1759998205.3284822,-3.8
1759998205.3284822,-3.4
1759998205.3284822,-0.3
1759998205.3783855,-1.8
1759998205.3783855,-3.8
1759998205.3783855,-3.8
1759998205.3783855,-3.7
1759998205.3783855,-3.5
1759998205.4282093,-1.7
1759998205.4282093,-3.8
1759998205.4282093,-3.8
1759998205.4282093,-3.2
1759998205.4782913,-1.7
1759998205.4782913,-4.0
1759998205.4782913,-4.0
1759998205.4782913,-3.4
1759998205.52847,-1.7
1759998205.52847,-4.0
1759998205.52847,-4.0
1759998205.52847,-3.1
1759998205.5783045,-1.7
1759998205.5783045,-4.0
1759998205.5783045,-4.0
1759998205.5783045,-3.0
1759998205.5783045,-0.5
1759998205.6284013,-1.7
1759998205.6284013,-3.9
1759998205.6284013,-3.9
1759998205.6284013,-3.4
1759998205.6784546,-1.8
1759998205.6784546,-3.9
1759998205.6784546,-3.9
1759998205.6784546,-3.4
1759998205.6784546,-4.4
1759998205.6784546,-2.5
1759998205.728596,-1.7
1759998205.728596,-3.7
1759998205.728596,-3.7
1759998205.728596,-3.3
1759998205.7784889,-1.7
1759998205.7784889,-3.7
1759998205.7784889,-3.7
1759998205.7784889,-3.5
1759998205.7784889,-2.2
1759998205.8282485,-1.8
1759998205.8282485,-3.7
1759998205.8282485,-3.7
1759998205.8282485,-3.1
1759998205.8282485,-0.4
1759998205.8783207,-1.8
1759998205.8783207,-3.6
1759998205.8783207,-3.6
1759998205.8783207,-3.3
1759998205.8783207,-0.5
1759998205.9286337,-1.8
1759998205.9286337,-3.8
1759998205.9286337,-3.8
1759998205.9286337,-1.7
1759998205.9286337,-3.6
1759998205.9286337,-1.5
1759998205.9783251,-1.8
1759998205.9783251,-3.9
1759998205.9783251,-3.9
1759998205.9783251,-3.1
1759998206.0283792,-1.8
1759998206.0283792,-3.8
1759998206.0283792,-3.8
1759998206.0283792,-3.3
1759998206.0790513,-1.8
1759998206.0790513,-3.8
1759998206.0790513,-3.8
1759998206.0790513,-3.2
1759998206.0790513,-3.0
1759998206.1279147,-1.8
1759998206.1279147,-3.9
1759998206.1279147,-3.9
1759998206.1279147,-3.7
1759998206.178628,-1.8
1759998206.178628,-3.9
1759998206.178628,-3.9
1759998206.178628,-3.9
1759998206.178628,-3.7
1759998206.178628,-3.7
1759998206.178628,-3.7
1759998206.178628,-4.9
1759998206.178628,-4.9
1759998206.2283504,-1.9
1759998206.2283504,-3.9
1759998206.2283504,-3.9
1759998206.2283504,-4.7
1759998206.2783165,-1.9
1759998206.2783165,-3.9
1759998206.2783165,-3.9
1759998206.2783165,-2.3
1759998206.2783165,-3.9
1759998206.2783165,0.3
1759998206.3283215,-1.9
1759998206.3283215,-3.9
1759998206.3283215,-3.9
1759998206.3283215,-2.3
1759998206.3781064,-1.8
1759998206.3781064,-3.8
1759998206.3781064,-3.8
1759998206.3781064,-3.9
1759998206.3781064,-2.5
1759998206.428017,-1.9
1759998206.428017,-3.9
1759998206.428017,-3.9
1759998206.428017,-3.2
1759998206.4778569,-1.9
1759998206.4778569,-3.8
1759998206.4778569,-3.8
1759998206.4778569,-3.3
1759998206.527786,-1.8
1759998206.527786,-3.9
1759998206.527786,-3.9
1759998206.527786,-3.6
1759998206.5779896,-1.8
1759998206.5779896,-3.9
1759998206.5779896,-3.9
1759998206.5779896,-2.8
1759998206.628029,-1.9
1759998206.628029,-3.9
1759998206.628029,-3.9
1759998206.628029,-3.9
1759998206.678347,-1.8
1759998206.678347,-3.9
1759998206.678347,-3.9
1759998206.678347,-3.7
1759998206.7277277,-1.8
1759998206.7277277,-3.9
1759998206.7277277,-3.9
1759998206.7277277,-3.7
1759998206.777684,-1.8
1759998206.777684,-3.9
1759998206.777684,-3.9
1759998206.777684,-4.0
1759998206.777684,-4.0
1759998206.777684,-3.5
1759998206.8273566,-1.8
1759998206.8273566,-3.9
1759998206.8273566,-3.9
1759998206.8273566,-3.5
1759998206.8273566,-2.7
1759998206.8782704,-1.8
1759998206.8782704,-3.8
1759998206.8782704,-3.8
1759998206.8782704,-3.4
1759998206.9282517,-1.8
1759998206.9282517,-3.8
1759998206.9282517,-3.8
1759998206.9282517,-3.3
1759998206.97835,-1.7
1759998206.97835,-3.8
1759998206.97835,-3.8
1759998206.97835,-3.3
1759998207.028376,-1.7
1759998207.028376,-3.9
1759998207.028376,-3.9
1759998207.028376,-3.5
1759998207.0785143,-1.8
1759998207.0785143,-3.9
1759998207.0785143,-3.9
1759998207.0785143,-3.6
1759998207.0785143,0.1
1759998207.1286247,-1.8
1759998207.1286247,-3.9
1759998207.1286247,-3.9
1759998207.1286247,-3.5
1759998207.1286247,0.8
1759998207.1785874,-1.8
1759998207.1785874,-3.9
1759998207.1785874,-3.9
1759998207.1785874,-3.0
1759998207.22842,-1.8
1759998207.22842,-3.9
1759998207.22842,-3.9
1759998207.22842,-3.5
1759998207.22842,-1.9
1759998207.2781572,-1.8
1759998207.2781572,-3.9
1759998207.2781572,-3.9
1759998207.2781572,-3.4
1759998207.2781572,-4.5
1759998207.3277555,-1.8
1759998207.3277555,-3.8
1759998207.3277555,-3.8
1759998207.3277555,-3.1
1759998207.3277555,-1.4
1759998207.3779082,-1.8
1759998207.3779082,-3.8
1759998207.3779082,-3.8
1759998207.3779082,-3.8
1759998207.4286435,-1.9
1759998207.4286435,-3.8
1759998207.4286435,-3.8
1759998207.4286435,-3.0
1759998207.4286435,-4.4
1759998207.4286435,-4.4
1759998207.4784675,-1.8
1759998207.4784675,-3.8
1759998207.4784675,-3.8
1759998207.4784675,-3.1
1759998207.52824,-1.9
1759998207.52824,-3.9
1759998207.52824,-3.9
1759998207.52824,-3.1
1759998207.5782394,-1.9
1759998207.5782394,-3.8
1759998207.5782394,-3.8
1759998207.5782394,-3.0
1759998207.5782394,-3.0
1759998207.5782394,-2.7
1759998207.627779,-1.9
1759998207.627779,-3.8
1759998207.627779,-3.8
1759998207.627779,-3.5
1759998207.6783118,-1.9
1759998207.6783118,-3.8
1759998207.6783118,-3.8
1759998207.6783118,-3.4
1759998207.7284496,-1.9
1759998207.7284496,-3.7
1759998207.7284496,-3.7
1759998207.7284496,-3.6
1759998207.778297,-1.9
1759998207.778297,-4.0
1759998207.778297,-4.0
1759998207.778297,-3.2
1759998207.778297,0.6
1759998207.8284488,-1.9
1759998207.8284488,-3.8
1759998207.8284488,-3.8
1759998207.8284488,-3.4
1759998207.8783245,-1.9
1759998207.8783245,-3.9
1759998207.8783245,-3.9
1759998207.8783245,-3.3
1759998207.9284039,-1.9
1759998207.9284039,-3.8
1759998207.9284039,-3.8
1759998207.9284039,-3.7
1759998207.9284039,-3.4
1759998207.9284039,-3.4
1759998207.978318,-1.9
1759998207.978318,-3.9
1759998207.978318,-3.9
1759998207.978318,-3.4
1759998207.978318,-3.7
1759998208.0281644,-1.9
1759998208.0281644,-3.8
1759998208.0281644,-3.8
1759998208.0281644,-3.6
1759998208.0784342,-1.9
1759998208.0784342,-3.9
1759998208.0784342,-3.9
1759998208.0784342,-3.1
1759998208.128514,-1.9
1759998208.128514,-3.9
1759998208.128514,-3.9
1759998208.128514,-3.3
1759998208.1785972,-1.9
1759998208.1785972,-3.9
1759998208.1785972,-3.9
1759998208.1785972,-2.9
1759998208.1785972,-1.6
1759998208.2283416,-1.9
1759998208.2283416,-3.9
1759998208.2283416,-3.9
1759998208.2283416,-3.8
1759998208.2782571,-1.8
1759998208.2782571,-3.9
1759998208.2782571,-3.9
1759998208.2782571,-3.5
1759998208.2782571,-1.3
1759998208.2782571,-0.3
1759998208.328678,-1.8
1759998208.328678,-3.8
1759998208.328678,-3.8
1759998208.328678,-3.5
1759998208.3787036,-1.8
1759998208.3787036,-3.8
1759998208.3787036,-3.8
1759998208.3787036,-3.3
1759998208.4279184,-1.8
1759998208.4279184,-3.9
1759998208.4279184,-3.9
1759998208.4279184,-3.0
1759998208.477778,-1.8
1759998208.477778,-3.8
1759998208.477778,-3.8
1759998208.477778,-3.2
1759998208.5283523,-1.8
1759998208.5283523,-3.9
1759998208.5283523,-3.9
1759998208.5283523,-3.4
1759998208.5283523,-3.2
1759998208.5283523,-1.7
1759998208.578302,-1.8
1759998208.578302,-3.8
1759998208.578302,-3.8
1759998208.578302,-3.3
1759998208.6281328,-1.9
1759998208.6281328,-3.7
1759998208.6281328,-3.7
1759998208.6281328,-3.3
1759998208.677917,-1.8
1759998208.677917,-3.8
1759998208.677917,-3.8
1759998208.677917,-3.1
1759998208.7281356,-1.9
1759998208.7281356,-3.8
1759998208.7281356,-3.8
1759998208.7281356,-3.1
1759998208.7782454,-1.9
1759998208.7782454,-3.9
1759998208.7782454,-3.9
1759998208.7782454,-3.4
1759998208.8283546,-1.9
1759998208.8283546,-3.9
1759998208.8283546,-3.9
1759998208.8283546,-3.2
1759998208.8783772,-1.9
1759998208.8783772,-3.8
1759998208.8783772,-3.8
1759998208.8783772,-3.6
1759998208.9282176,-1.9
1759998208.9282176,-3.8
1759998208.9282176,-3.8
1759998208.9282176,-3.4
1759998208.9783256,-1.9
1759998208.9783256,-3.9
1759998208.9783256,-3.9
1759998208.9783256,-3.6
1759998209.0281081,-1.9
1759998209.0281081,-3.8
1759998209.0281081,-3.8
1759998209.0281081,-3.2
1759998209.0781739,-1.9
1759998209.0781739,-3.8
1759998209.0781739,-3.8
1759998209.0781739,-3.5
1759998209.1284251,-1.9
1759998209.1284251,-3.9
1759998209.1284251,-3.9
1759998209.1284251,-3.3
1759998209.1284251,-0.3
1759998209.178342,-1.9
1759998209.178342,-3.8
1759998209.178342,-3.8
1759998209.178342,-3.3
1759998209.2278593,-1.9
1759998209.2278593,-4.0
1759998209.2278593,-4.0
1759998209.2278593,-3.3
1759998209.278113,-1.9
1759998209.278113,-3.9
1759998209.278113,-3.9
1759998209.278113,-3.4
1759998209.278113,-0.2
1759998209.3281693,-1.9
1759998209.3281693,-3.9
1759998209.3281693,-3.9
1759998209.3281693,-3.3
1759998209.3782403,-1.9
1759998209.3782403,-3.9
1759998209.3782403,-3.9
1759998209.3782403,-3.6
1759998209.428204,-1.9
1759998209.428204,-3.8
1759998209.428204,-3.8
1759998209.428204,-3.4
1759998209.4782982,-1.9
1759998209.4782982,-3.8
1759998209.4782982,-3.8
1759998209.4782982,-3.1
1759998209.5280168,-1.9
1759998209.5280168,-3.9
1759998209.5280168,-3.9
1759998209.5280168,-3.3
1759998209.5280168,-1.6
1759998209.578219,-1.8
1759998209.578219,-3.8
1759998209.578219,-3.8
1759998209.578219,-3.5
1759998209.6277192,-1.8
1759998209.6277192,-3.8
1759998209.6277192,-3.8
1759998209.6277192,-3.3
1759998209.6277192,-3.3
1759998209.6784413,-1.9
1759998209.6784413,-3.9
1759998209.6784413,-3.9
1759998209.6784413,-3.3
1759998209.7282388,-1.8
1759998209.7282388,-3.8
1759998209.7282388,-3.8
1759998209.7282388,-3.0
1759998209.7778697,-1.8
1759998209.7778697,-3.8
1759998209.7778697,-3.8
1759998209.7778697,-3.3
1759998209.8274448,-1.8
1759998209.8274448,-3.9
1759998209.8274448,-3.9
1759998209.8274448,-3.2
1759998209.8774838,-1.8
1759998209.8774838,-3.9
1759998209.8774838,-3.9
1759998209.8774838,-3.5
1759998209.9276042,-1.8
1759998209.9276042,-4.0
1759998209.9276042,-4.0
1759998209.9276042,-3.2
1759998209.9776213,-1.9
1759998209.9776213,-3.9
1759998209.9776213,-3.9
1759998209.9776213,-3.4
1759998210.0285385,-1.9
1759998210.0285385,-3.9
1759998210.0285385,-3.9
1759998210.0285385,-3.2
1759998210.0285385,-1.3
1759998210.0784488,-1.8
1759998210.0784488,-4.0
1759998210.0784488,-4.0
1759998210.0784488,-3.0
1759998210.1286922,-1.9
1759998210.1286922,-3.9
1759998210.1286922,-3.9
1759998210.1286922,-3.5
1759998210.1786318,-1.8
1759998210.1786318,-3.8
1759998210.1786318,-3.8
1759998210.1786318,-3.5
1759998210.228504,-1.9
1759998210.228504,-3.7
1759998210.228504,-3.7
1759998210.228504,-3.3
1759998210.279319,-1.9
1759998210.279319,-3.9
1759998210.279319,-3.9
1759998210.279319,-3.1
1759998210.3283439,-1.9
1759998210.3283439,-3.7
1759998210.3283439,-3.7
1759998210.3283439,-3.4
1759998210.3773267,-1.9
1759998210.3773267,-3.8
1759998210.3773267,-3.8
1759998210.3773267,-3.4
1759998210.4284823,-1.9
1759998210.4284823,-3.8
1759998210.4284823,-3.8
1759998210.4284823,-3.4
1759998210.4788282,-1.9
1759998210.4788282,-3.8
1759998210.4788282,-3.8
1759998210.4788282,-3.3
1759998210.5284967,-1.9
1759998210.5284967,-3.8
1759998210.5284967,-3.8
1759998210.5284967,-3.6
1759998210.5284967,-3.3
1759998210.5787897,-1.9
1759998210.5787897,-3.8
1759998210.5787897,-3.8
1759998210.5787897,-3.6
1759998210.6283417,-1.9
1759998210.6283417,-3.8
1759998210.6283417,-3.8
1759998210.6283417,-3.7
1759998210.6779742,-1.9
1759998210.6779742,-3.8
1759998210.6779742,-3.8
1759998210.6779742,-3.3
1759998210.72919,-1.9
1759998210.72919,-3.9
1759998210.72919,-3.9
1759998210.72919,-3.4
1759998210.7782383,-1.9
1759998210.7782383,-3.8
1759998210.7782383,-3.8
1759998210.7782383,-3.2
1759998210.828265,-1.9
1759998210.828265,-3.8
1759998210.828265,-3.8
1759998210.828265,-3.4
1759998210.8782094,-1.9
1759998210.8782094,-3.8
1759998210.8782094,-3.8
1759998210.8782094,-3.4
1759998210.9275541,-1.9
1759998210.9275541,-3.8
1759998210.9275541,-3.8
1759998210.9275541,-3.3
1759998210.9784968,-1.9
1759998210.9784968,-3.8
1759998210.9784968,-3.8
1759998210.9784968,-3.3
1759998211.0277038,-1.8
1759998211.0277038,-3.9
1759998211.0277038,-3.9
1759998211.0277038,-3.0
1759998211.0777006,-1.8
1759998211.0777006,-3.8
1759998211.0777006,-3.8
1759998211.0777006,-3.5
1759998211.128471,-1.8
1759998211.128471,-3.8
1759998211.128471,-3.8
1759998211.128471,-4.1
1759998211.1784697,-1.8
1759998211.1784697,-3.8
1759998211.1784697,-3.8
1759998211.1784697,-2.9
1759998211.2283533,-1.8
1759998211.2283533,-3.8
1759998211.2283533,-3.8
1759998211.2283533,-3.3
1759998211.278258,-1.9
1759998211.278258,-3.8
1759998211.278258,-3.8
1759998211.278258,-3.5
1759998211.327955,-1.8
1759998211.327955,-3.8
1759998211.327955,-3.8
1759998211.327955,-2.8
1759998211.3781059,-1.9
1759998211.3781059,-3.8
1759998211.3781059,-3.8
1759998211.3781059,-3.8
1759998211.4282393,-1.8
1759998211.4282393,-3.8
1759998211.4282393,-3.8
1759998211.4282393,-3.2
1759998211.4777236,-1.9
1759998211.4777236,-3.8
1759998211.4777236,-3.8
1759998211.4777236,-2.9
1759998211.5278254,-1.9
1759998211.5278254,-3.8
1759998211.5278254,-3.8
1759998211.5278254,-3.1
1759998211.5778315,-1.9
1759998211.5778315,-3.9
1759998211.5778315,-3.9
1759998211.5778315,-3.3
1759998211.6278203,-1.9
1759998211.6278203,-3.8
1759998211.6278203,-3.8
1759998211.6278203,-3.4
1759998211.6776552,-1.9
1759998211.6776552,-3.7
1759998211.6776552,-3.7
1759998211.6776552,-3.4
1759998211.72815,-1.9
1759998211.72815,-3.9
1759998211.72815,-3.9
1759998211.72815,-3.5
1759998211.72815,-4.7
1759998211.7782104,-1.9
1759998211.7782104,-3.9
1759998211.7782104,-3.9
1759998211.7782104,-3.3
1759998211.8279734,-1.9
1759998211.8279734,-3.8
1759998211.8279734,-3.8
1759998211.8279734,-3.3
1759998211.8279734,-0.5
1759998211.8778675,-1.9
1759998211.8778675,-3.9
1759998211.8778675,-3.9
1759998211.8778675,-3.3
1759998211.9275765,-1.9
1759998211.9275765,-4.0
1759998211.9275765,-4.0
1759998211.9275765,-3.5
1759998211.9779482,-1.9
1759998211.9779482,-3.9
1759998211.9779482,-3.9
1759998211.9779482,-3.3
1759998212.0273771,-1.9
1759998212.0273771,-3.7
1759998212.0273771,-3.7
1759998212.0273771,-3.4
1759998212.0775378,-1.9
1759998212.0775378,-3.8
1759998212.0775378,-3.8
1759998212.0775378,-3.5
1759998212.1275187,-1.9
1759998212.1275187,-3.7
1759998212.1275187,-3.7
1759998212.1275187,-3.5
1759998212.1275187,-0.4
1759998212.178347,-1.9
1759998212.178347,-3.8
1759998212.178347,-3.8
1759998212.178347,-3.3
1759998212.2277732,-1.9
1759998212.2277732,-3.7
1759998212.2277732,-3.7
1759998212.2277732,-3.4
1759998212.278206,-1.9
1759998212.278206,-3.8
1759998212.278206,-3.8
1759998212.278206,-3.6
1759998212.327578,-1.9
1759998212.327578,-3.9
1759998212.327578,-3.9
1759998212.327578,-3.5
1759998212.3779042,-1.9
1759998212.3779042,-4.0
1759998212.3779042,-4.0
1759998212.3779042,-3.5
1759998212.4278476,-1.8
1759998212.4278476,-3.8
1759998212.4278476,-3.8
1759998212.4278476,-3.5
1759998212.47763,-1.9
1759998212.47763,-3.9
1759998212.47763,-3.9
1759998212.47763,-3.2
1759998212.5280879,-1.9
1759998212.5280879,-3.7
1759998212.5280879,-3.7
1759998212.5280879,-3.3
1759998212.5779672,-1.9
1759998212.5779672,-3.8
1759998212.5779672,-3.8
1759998212.5779672,-3.4
1759998212.627807,-1.8
1759998212.627807,-3.9
1759998212.627807,-3.9
1759998212.627807,-3.3
1759998212.6778789,-1.9
1759998212.6778789,-3.9
1759998212.6778789,-3.9
1759998212.6778789,-3.2
1759998212.7279804,-1.9
1759998212.7279804,-3.7
1759998212.7279804,-3.7
1759998212.7279804,-3.3
1759998212.777704,-1.9
1759998212.777704,-3.8
1759998212.777704,-3.8
1759998212.777704,-3.2
1759998212.8276715,-1.9
1759998212.8276715,-3.8
1759998212.8276715,-3.8
1759998212.8276715,-3.2
1759998212.8774323,-1.9
1759998212.8774323,-3.9
1759998212.8774323,-3.9
1759998212.8774323,-3.4
1759998212.927437,-1.9
1759998212.927437,-3.8
1759998212.927437,-3.8
1759998212.927437,-3.4
1759998212.9778745,-1.9
1759998212.9778745,-3.9
1759998212.9778745,-3.9
1759998212.9778745,-3.4
1759998213.027497,-1.9
1759998213.027497,-4.0
1759998213.027497,-4.0
1759998213.027497,-3.7
1759998213.0780444,-1.9
1759998213.0780444,-3.8
1759998213.0780444,-3.8
1759998213.0780444,-3.4
1759998213.1282432,-1.9
1759998213.1282432,-3.9
1759998213.1282432,-3.9
1759998213.1282432,-3.3
1759998213.1784184,-1.9
1759998213.1784184,-3.9
1759998213.1784184,-3.9
1759998213.1784184,-3.4
1759998213.2282953,-1.9
1759998213.2282953,-4.0
1759998213.2282953,-4.0
1759998213.2282953,-3.2
1759998213.2782214,-1.9
1759998213.2782214,-4.0
1759998213.2782214,-4.0
1759998213.2782214,-3.3
1759998213.3278549,-2.0
1759998213.3278549,-3.9
1759998213.3278549,-3.9
1759998213.3278549,-3.5
1759998213.3278549,-3.3
1759998213.3783126,-1.9
1759998213.3783126,-3.8
1759998213.3783126,-3.8
1759998213.3783126,-3.4
1759998213.4283595,-2.0
1759998213.4283595,-3.8
1759998213.4283595,-3.8
1759998213.4283595,-3.4
1759998213.477965,-1.9
1759998213.477965,-3.9
1759998213.477965,-3.9
1759998213.477965,-3.4
1759998213.5281756,-2.0
1759998213.5281756,-3.9
1759998213.5281756,-3.9
1759998213.5281756,-3.4
1759998213.5782073,-1.9
1759998213.5782073,-3.8
1759998213.5782073,-3.8
1759998213.5782073,-3.3
1759998213.6282036,-1.9
1759998213.6282036,-4.0
1759998213.6282036,-4.0
1759998213.6282036,-3.5
1759998213.678397,-1.9
1759998213.678397,-3.9
1759998213.678397,-3.9
1759998213.678397,-3.3
1759998213.7282612,-1.9
1759998213.7282612,-3.8
1759998213.7282612,-3.8
1759998213.7282612,-3.3
1759998213.7779539,-1.9
1759998213.7779539,-3.9
1759998213.7779539,-3.9
1759998213.7779539,-3.3
1759998213.8279698,-1.9
1759998213.8279698,-3.9
1759998213.8279698,-3.9
1759998213.8279698,-3.2
1759998213.8279698,-3.2
1759998213.8783228,-1.9
1759998213.8783228,-3.9
1759998213.8783228,-3.9
1759998213.8783228,-3.4
1759998213.9281802,-1.8
1759998213.9281802,-3.9
1759998213.9281802,-3.9
1759998213.9281802,-3.4
1759998213.9782393,-1.8
1759998213.9782393,-3.9
1759998213.9782393,-3.9
1759998213.9782393,-3.4
1759998214.0284674,-1.8
1759998214.0284674,-3.8
1759998214.0284674,-3.8
1759998214.0284674,-3.3
1759998214.0784562,-1.9
1759998214.0784562,-3.9
1759998214.0784562,-3.9
1759998214.0784562,-3.4
1759998214.1284409,-1.9
1759998214.1284409,-3.9
1759998214.1284409,-3.9
1759998214.1284409,-3.1
1759998214.1785607,-1.9
1759998214.1785607,-4.0
1759998214.1785607,-4.0
1759998214.1785607,-3.5
1759998214.2285545,-1.9
1759998214.2285545,-3.9
1759998214.2285545,-3.9
1759998214.2285545,-3.3
1759998214.2285545,-1.4
1759998214.2285545,-1.4
1759998214.2285545,-2.1
1759998214.2285545,-2.1
1759998214.2777228,-1.9
1759998214.2777228,-3.9
1759998214.2777228,-3.9
1759998214.2777228,-3.2
1759998214.329213,-1.9
1759998214.329213,-3.9
1759998214.329213,-3.9
1759998214.329213,-3.3
1759998214.3793843,-1.9
1759998214.3793843,-3.9
1759998214.3793843,-3.9
1759998214.3793843,-3.3
1759998214.4293976,-1.9
1759998214.4293976,-3.9
1759998214.4293976,-3.9
1759998214.4293976,-3.3
1759998214.4792032,-1.9
1759998214.4792032,-4.0
1759998214.4792032,-4.0
1759998214.4792032,-3.7
1759998214.5295374,-1.9
1759998214.5295374,-3.9
1759998214.5295374,-3.9
1759998214.5295374,-3.4
1759998214.5790873,-1.9
1759998214.5790873,-3.9
1759998214.5790873,-3.9
1759998214.5790873,-3.7
1759998214.6287131,-1.9
1759998214.6287131,-3.9
1759998214.6287131,-3.9
1759998214.6287131,-3.2
1759998214.6785023,-1.9
1759998214.6785023,-3.8
1759998214.6785023,-3.8
1759998214.6785023,-3.5
1759998214.7282665,-1.9
1759998214.7282665,-3.9
1759998214.7282665,-3.9
1759998214.7282665,-2.9
1759998214.778221,-1.9
1759998214.778221,-3.9
1759998214.778221,-3.9
1759998214.778221,-3.2
1759998214.8277028,-1.9
1759998214.8277028,-3.9
1759998214.8277028,-3.9
1759998214.8277028,-3.4
1759998214.878268,-1.9
1759998214.878268,-4.0
1759998214.878268,-4.0
1759998214.878268,-3.6
1759998214.9282641,-1.9
1759998214.9282641,-4.0
1759998214.9282641,-4.0
1759998214.9282641,-3.3
1759998214.9782352,-1.9
1759998214.9782352,-4.0
1759998214.9782352,-4.0
1759998214.9782352,-3.2
1759998215.0279338,-1.9
1759998215.0279338,-3.9
1759998215.0279338,-3.9
1759998215.0279338,-3.5
1759998215.0783021,-1.9
1759998215.0783021,-3.8
1759998215.0783021,-3.8
1759998215.0783021,-3.1
1759998215.1284049,-1.9
1759998215.1284049,-4.0
1759998215.1284049,-4.0
1759998215.1284049,-3.4
1759998215.1784792,-1.8
1759998215.1784792,-3.9
1759998215.1784792,-3.9
1759998215.1784792,-3.4
1759998215.2285137,-1.8
1759998215.2285137,-3.9
1759998215.2285137,-3.9
1759998215.2285137,-3.5
1759998215.2784116,-1.9
1759998215.2784116,-3.8
1759998215.2784116,-3.8
1759998215.2784116,-3.3
1759998215.3283942,-1.8
1759998215.3283942,-3.9
1759998215.3283942,-3.9
1759998215.3283942,-3.6
1759998215.3783407,-1.9
1759998215.3783407,-3.9
1759998215.3783407,-3.9
1759998215.3783407,-3.3
1759998215.428083,-1.8
1759998215.428083,-3.9
1759998215.428083,-3.9
1759998215.428083,-3.4
1759998215.4785285,-1.8
1759998215.4785285,-3.9
1759998215.4785285,-3.9
1759998215.4785285,-3.3
1759998215.5280735,-1.9
1759998215.5280735,-3.9
1759998215.5280735,-3.9
1759998215.5280735,-3.6
1759998215.577982,-1.9
1759998215.577982,-3.9
1759998215.577982,-3.9
1759998215.577982,-3.5
1759998215.6279874,-1.9
1759998215.6279874,-3.9
1759998215.6279874,-3.9
1759998215.6279874,-3.3
1759998215.6783578,-1.8
1759998215.6783578,-3.9
1759998215.6783578,-3.9
1759998215.6783578,-3.6
1759998215.7280028,-1.9
1759998215.7280028,-3.8
1759998215.7280028,-3.8
1759998215.7280028,-3.1
1759998215.777966,-1.8
1759998215.777966,-4.0
1759998215.777966,-4.0
1759998215.777966,-3.5
1759998215.8285291,-1.9
1759998215.8285291,-3.9
1759998215.8285291,-3.9
1759998215.8285291,-3.3
1759998215.8786843,-1.9
1759998215.8786843,-3.9
1759998215.8786843,-3.9
1759998215.8786843,-3.5
1759998215.9279754,-1.9
1759998215.9279754,-3.8
1759998215.9279754,-3.8
1759998215.9279754,-3.5
1759998215.978478,-1.9
1759998215.978478,-3.9
1759998215.978478,-3.9
1759998215.978478,-3.4
1759998216.028836,-1.9
1759998216.028836,-3.9
1759998216.028836,-3.9
1759998216.028836,-3.3
1759998216.0784934,-1.9
1759998216.0784934,-4.0
1759998216.0784934,-4.0
1759998216.0784934,-3.5
1759998216.1283152,-1.9
1759998216.1283152,-3.8
1759998216.1283152,-3.8
1759998216.1283152,-3.3
1759998216.1788719,-1.9
1759998216.1788719,-3.9
1759998216.1788719,-3.9
1759998216.1788719,-3.6
1759998216.2283006,-1.9
1759998216.2283006,-3.8
1759998216.2283006,-3.8
1759998216.2283006,-3.6
1759998216.2783046,-1.9
1759998216.2783046,-3.9
1759998216.2783046,-3.9
1759998216.2783046,-3.5
1759998216.3284202,-1.9
1759998216.3284202,-3.9
1759998216.3284202,-3.9
1759998216.3284202,-3.4
1759998216.3783479,-1.9
1759998216.3783479,-3.9
1759998216.3783479,-3.9
1759998216.3783479,-3.1
1759998216.4285517,-1.9
1759998216.4285517,-3.8
1759998216.4285517,-3.8
1759998216.4285517,-3.5
1759998216.4790373,-1.9
1759998216.4790373,-4.0
1759998216.4790373,-4.0
1759998216.4790373,-3.5
1759998216.5279827,-1.8
1759998216.5279827,-3.8
1759998216.5279827,-3.8
1759998216.5279827,-3.1
1759998216.5783186,-1.9
1759998216.5783186,-3.9
1759998216.5783186,-3.9
1759998216.5783186,-3.3
1759998216.628319,-1.8
1759998216.628319,-3.9
1759998216.628319,-3.9
1759998216.628319,-3.5
1759998216.6784601,-1.8
1759998216.6784601,-3.9
1759998216.6784601,-3.9
1759998216.6784601,-3.5
1759998216.7281113,-1.8
1759998216.7281113,-3.8
1759998216.7281113,-3.8
1759998216.7281113,-3.0
1759998216.778423,-1.8
1759998216.778423,-3.8
1759998216.778423,-3.8
1759998216.778423,-3.5
1759998216.828463,-1.8
1759998216.828463,-3.8
1759998216.828463,-3.8
1759998216.828463,-3.3
1759998216.8784401,-1.9
1759998216.8784401,-3.8
1759998216.8784401,-3.8
1759998216.8784401,-3.2
1759998216.9283426,-1.9
1759998216.9283426,-3.8
1759998216.9283426,-3.8
1759998216.9283426,-3.3
1759998216.9784606,-1.9
1759998216.9784606,-3.8
1759998216.9784606,-3.8
1759998216.9784606,-3.4
1759998216.9784606,-1.6
1759998216.9784606,-1.6
1759998217.0283537,-1.9
1759998217.0283537,-3.9
1759998217.0283537,-3.9
1759998217.0283537,-3.3
1759998217.0793297,-1.9
1759998217.0793297,-3.8
1759998217.0793297,-3.8
1759998217.0793297,-3.2
1759998217.128428,-1.9
1759998217.128428,-3.9
1759998217.128428,-3.9
1759998217.128428,-3.4
1759998217.178821,-1.9
1759998217.178821,-3.8
1759998217.178821,-3.8
1759998217.178821,-3.4
1759998217.2286513,-1.9
1759998217.2286513,-3.8
1759998217.2286513,-3.8
1759998217.2286513,-3.3
1759998217.2784853,-1.9
1759998217.2784853,-3.8
1759998217.2784853,-3.8
1759998217.2784853,-3.4
1759998217.3283176,-2.0
1759998217.3283176,-3.8
1759998217.3283176,-3.8
1759998217.3283176,-3.5
1759998217.378017,-1.9
1759998217.378017,-3.8
1759998217.378017,-3.8
1759998217.378017,-3.5
1759998217.4283266,-1.9
1759998217.4283266,-3.7
1759998217.4283266,-3.7
1759998217.4283266,-3.6
1759998217.478128,-1.9
1759998217.478128,-3.8
1759998217.478128,-3.8
1759998217.478128,-3.3
1759998217.5284464,-1.9
1759998217.5284464,-3.8
1759998217.5284464,-3.8
1759998217.5284464,-3.5
1759998217.578539,-1.9
1759998217.578539,-4.0
1759998217.578539,-4.0
1759998217.578539,-3.7
1759998217.6284149,-1.9
1759998217.6284149,-3.9
1759998217.6284149,-3.9
1759998217.6284149,-3.2
1759998217.6783845,-1.9
1759998217.6783845,-3.9
1759998217.6783845,-3.9
1759998217.6783845,-3.5
1759998217.7283823,-1.9
1759998217.7283823,-3.9
1759998217.7283823,-3.9
1759998217.7283823,-3.4
1759998217.7783864,-1.9
1759998217.7783864,-3.9
1759998217.7783864,-3.9
1759998217.7783864,-3.6
1759998217.8284328,-1.9
1759998217.8284328,-4.0
1759998217.8284328,-4.0
1759998217.8284328,-3.4
1759998217.8284328,-0.1
1759998217.8783393,-1.9
1759998217.8783393,-3.9
1759998217.8783393,-3.9
1759998217.8783393,-3.6
1759998217.9283738,-1.9
1759998217.9283738,-3.9
1759998217.9283738,-3.9
1759998217.9283738,-3.4
1759998217.9784837,-1.9
1759998217.9784837,-3.9
1759998217.9784837,-3.9
1759998217.9784837,-3.3
1759998218.0283291,-1.9
1759998218.0283291,-3.7
1759998218.0283291,-3.7
1759998218.0283291,-3.3
1759998218.0781124,-1.9
1759998218.0781124,-3.9
1759998218.0781124,-3.9
1759998218.0781124,-3.3
1759998218.1281707,-1.9
1759998218.1281707,-3.8
1759998218.1281707,-3.8
1759998218.1281707,-3.5
1759998218.1788368,-1.9
1759998218.1788368,-3.8
1759998218.1788368,-3.8
1759998218.1788368,-3.5
1759998218.2285407,-1.8
1759998218.2285407,-3.9
1759998218.2285407,-3.9
1759998218.2285407,-3.3
1759998218.2285407,-1.7
1759998218.2784534,-1.8
1759998218.2784534,-3.9
1759998218.2784534,-3.9
1759998218.2784534,-3.4
1759998218.3284235,-1.9
1759998218.3284235,-3.8
1759998218.3284235,-3.8
1759998218.3284235,-3.4
1759998218.3783984,-1.9
1759998218.3783984,-3.7
1759998218.3783984,-3.7
1759998218.3783984,-3.4
1759998218.4283233,-1.9
1759998218.4283233,-3.9
1759998218.4283233,-3.9
1759998218.4283233,-3.5
1759998218.478291,-1.9
1759998218.478291,-3.8
1759998218.478291,-3.8
1759998218.478291,-3.1
1759998218.528256,-1.9
1759998218.528256,-3.9
1759998218.528256,-3.9
1759998218.528256,-3.5
1759998218.5784142,-1.9
1759998218.5784142,-3.9
1759998218.5784142,-3.9
1759998218.5784142,-3.3
1759998218.6283436,-1.9
1759998218.6283436,-3.8
1759998218.6283436,-3.8
1759998218.6283436,-3.6
1759998218.6784182,-1.9
1759998218.6784182,-3.9
1759998218.6784182,-3.9
1759998218.6784182,-3.4
1759998218.7283714,-1.9
1759998218.7283714,-3.8
1759998218.7283714,-3.8
1759998218.7283714,-3.3
1759998218.7781253,-1.9
1759998218.7781253,-3.9
1759998218.7781253,-3.9
1759998218.7781253,-3.2
1759998218.8283029,-1.9
1759998218.8283029,-3.9
1759998218.8283029,-3.9
1759998218.8283029,-3.4
1759998218.8785493,-1.9
1759998218.8785493,-3.8
1759998218.8785493,-3.8
1759998218.8785493,-3.1
1759998218.9283898,-1.9
1759998218.9283898,-3.9
1759998218.9283898,-3.9
1759998218.9283898,-3.2
1759998218.9791007,-1.9
1759998218.9791007,-3.9
1759998218.9791007,-3.9
1759998218.9791007,-3.5
1759998219.0283186,-1.9
1759998219.0283186,-4.0
1759998219.0283186,-4.0
1759998219.0283186,-3.6
1759998219.078093,-1.9
1759998219.078093,-4.1
1759998219.078093,-4.1
1759998219.078093,-3.4
1759998219.128411,-1.9
1759998219.128411,-3.9
1759998219.128411,-3.9
1759998219.128411,-3.5
1759998219.1785989,-1.9
1759998219.1785989,-3.8
1759998219.1785989,-3.8
1759998219.1785989,-3.4
1759998219.2286313,-1.9
1759998219.2286313,-3.9
1759998219.2286313,-3.9
1759998219.2286313,-3.6
1759998219.2779841,-1.9
1759998219.2779841,-3.9
1759998219.2779841,-3.9
1759998219.2779841,-3.2
1759998219.328464,-1.9
1759998219.328464,-3.8
1759998219.328464,-3.8
1759998219.328464,-3.7
1759998219.378433,-1.9
1759998219.378433,-3.9
1759998219.378433,-3.9
1759998219.378433,-3.5
1759998219.428142,-1.9
1759998219.428142,-3.8
1759998219.428142,-3.8
1759998219.428142,-3.2
1759998219.428142,0.3
1759998219.428142,0.3
1759998219.4780898,-1.9
1759998219.4780898,-3.8
1759998219.4780898,-3.8
1759998219.4780898,-3.4
1759998219.5284235,-1.9
1759998219.5284235,-3.8
1759998219.5284235,-3.8
1759998219.5284235,-3.1
1759998219.5784636,-1.9
1759998219.5784636,-3.8
1759998219.5784636,-3.8
1759998219.5784636,-3.3
1759998219.5784636,-2.7
1759998219.6279168,-1.9
1759998219.6279168,-3.8
1759998219.6279168,-3.8
1759998219.6279168,-3.2
1759998219.6784325,-1.9
1759998219.6784325,-3.8
1759998219.6784325,-3.8
1759998219.6784325,-3.2
1759998219.7280931,-1.9
1759998219.7280931,-3.9
1759998219.7280931,-3.9
1759998219.7280931,-3.5
1759998219.777897,-1.9
1759998219.777897,-3.9
1759998219.777897,-3.9
1759998219.777897,-3.7
1759998219.828659,-1.9
1759998219.828659,-3.8
1759998219.828659,-3.8
1759998219.828659,-3.2
1759998219.8788006,-1.9
1759998219.8788006,-3.8
1759998219.8788006,-3.8
1759998219.8788006,-3.4
1759998219.9285264,-1.9
1759998219.9285264,-3.8
1759998219.9285264,-3.8
1759998219.9285264,-3.3
1759998219.9783607,-1.9
1759998219.9783607,-3.8
1759998219.9783607,-3.8
1759998219.9783607,-3.5
1759998219.9783607,0.6
1759998220.0284553,-1.9
1759998220.0284553,-3.7
1759998220.0284553,-3.7
1759998220.0284553,-3.5
1759998220.0783381,-1.9
1759998220.0783381,-3.8
1759998220.0783381,-3.8
1759998220.0783381,-3.3
1759998220.1286583,-1.9
1759998220.1286583,-3.8
1759998220.1286583,-3.8
1759998220.1286583,-3.3
1759998220.178657,-1.9
1759998220.178657,-3.8
1759998220.178657,-3.8
1759998220.178657,-3.6
1759998220.2283392,-1.9
1759998220.2283392,-3.7
1759998220.2283392,-3.7
1759998220.2283392,-3.5
1759998220.278639,-1.9
1759998220.278639,-3.8
1759998220.278639,-3.8
1759998220.278639,-3.5
1759998220.3286076,-1.9
1759998220.3286076,-3.8
1759998220.3286076,-3.8
1759998220.3286076,-3.3
1759998220.3780522,-1.9
1759998220.3780522,-3.8
1759998220.3780522,-3.8
1759998220.3780522,-3.5
1759998220.4290917,-1.9
1759998220.4290917,-3.9
1759998220.4290917,-3.9
1759998220.4290917,-3.5
1759998220.4787002,-1.9
1759998220.4787002,-3.8
1759998220.4787002,-3.8
1759998220.4787002,-3.3
1759998220.5285218,-1.9
1759998220.5285218,-3.9
1759998220.5285218,-3.9
1759998220.5285218,-3.5
1759998220.578346,-1.9
1759998220.578346,-3.9
1759998220.578346,-3.9
1759998220.578346,-3.5
1759998220.6281083,-1.9
1759998220.6281083,-3.8
1759998220.6281083,-3.8
1759998220.6281083,-3.2
1759998220.6779137,-1.9
1759998220.6779137,-3.8
1759998220.6779137,-3.8
1759998220.6779137,-3.2
1759998220.7280223,-1.9
1759998220.7280223,-3.8
1759998220.7280223,-3.8
1759998220.7280223,-3.5
1759998220.7280223,0.4
1759998220.7777267,-1.9
1759998220.7777267,-3.8
1759998220.7777267,-3.8
1759998220.7777267,-3.5
1759998220.8283427,-1.8
1759998220.8283427,-3.8
1759998220.8283427,-3.8
1759998220.8283427,-3.3
1759998220.8785355,-1.8
1759998220.8785355,-3.8
1759998220.8785355,-3.8
1759998220.8785355,-3.2
1759998220.8785355,-2.1
1759998220.9281619,-1.8
1759998220.9281619,-3.9
1759998220.9281619,-3.9
1759998220.9281619,-3.3
1759998220.9778328,-1.8
1759998220.9778328,-3.8
1759998220.9778328,-3.8
1759998220.9778328,-3.5
1759998221.0282192,-1.8
1759998221.0282192,-3.8
1759998221.0282192,-3.8
1759998221.0282192,-3.2
1759998221.0790884,-1.8
1759998221.0790884,-3.8
1759998221.0790884,-3.8
1759998221.0790884,-3.4
1759998221.128205,-1.8
1759998221.128205,-3.8
1759998221.128205,-3.8
1759998221.128205,-3.3
1759998221.128205,-0.9
1759998221.128205,-4.1
1759998221.1785402,-1.8
1759998221.1785402,-3.8
1759998221.1785402,-3.8
1759998221.1785402,-3.3
1759998221.2281153,-1.8
1759998221.2281153,-3.9
1759998221.2281153,-3.9
1759998221.2281153,-3.4
1759998221.2781117,-1.9
1759998221.2781117,-3.8
1759998221.2781117,-3.8
1759998221.2781117,-3.3
1759998221.2781117,-1.9
1759998221.3279707,-1.9
1759998221.3279707,-3.8
1759998221.3279707,-3.8
1759998221.3279707,-3.4
1759998221.3776107,-1.9
1759998221.3776107,-3.9
1759998221.3776107,-3.9
1759998221.3776107,-3.4
1759998221.4281332,-1.9
1759998221.4281332,-3.8
1759998221.4281332,-3.8
1759998221.4281332,-3.5
1759998221.4281332,-1.4
1759998221.4281332,-1.4
1759998221.4776096,-1.9
1759998221.4776096,-3.9
1759998221.4776096,-3.9
1759998221.4776096,-3.4
1759998221.5275114,-1.9
1759998221.5275114,-3.9
1759998221.5275114,-3.9
1759998221.5275114,-3.1
1759998221.5776548,-1.9
1759998221.5776548,-3.9
1759998221.5776548,-3.9
1759998221.5776548,-3.2
1759998221.5776548,-2.0
1759998221.627799,-1.9
1759998221.627799,-3.8
1759998221.627799,-3.8
1759998221.627799,-3.2
1759998221.6781325,-1.9
1759998221.6781325,-3.9
1759998221.6781325,-3.9
1759998221.6781325,-3.4
1759998221.7294292,-1.9
1759998221.7294292,-3.8
1759998221.7294292,-3.8
1759998221.7294292,-3.4
1759998221.7786734,-1.9
1759998221.7786734,-3.8
1759998221.7786734,-3.8
1759998221.7786734,-3.3
1759998221.8285496,-1.9
1759998221.8285496,-3.9
1759998221.8285496,-3.9
1759998221.8285496,-3.1
1759998221.8790774,-1.9
1759998221.8790774,-3.8
1759998221.8790774,-3.8
1759998221.8790774,-3.4
1759998221.9284673,-1.9
1759998221.9284673,-3.8
1759998221.9284673,-3.8
1759998221.9284673,-3.2
1759998221.97841,-1.9
1759998221.97841,-3.8
1759998221.97841,-3.8
1759998221.97841,-3.5
1759998222.0283816,-1.9
1759998222.0283816,-3.8
1759998222.0283816,-3.8
1759998222.0283816,-3.3
1759998222.0787866,-1.9
1759998222.0787866,-3.9
1759998222.0787866,-3.9
1759998222.0787866,-3.4
1759998222.128362,-1.8
1759998222.128362,-3.8
1759998222.128362,-3.8
1759998222.128362,-3.4
1759998222.1791563,-1.9
1759998222.1791563,-3.8
1759998222.1791563,-3.8
1759998222.1791563,-3.3
1759998222.1791563,-4.5
1759998222.2284117,-1.9
1759998222.2284117,-3.8
1759998222.2284117,-3.8
1759998222.2284117,-3.4
1759998222.2284117,-1.5
1759998222.2781122,-1.9
1759998222.2781122,-3.9
1759998222.2781122,-3.9
1759998222.2781122,-3.6
1759998222.328326,-1.8
1759998222.328326,-3.9
1759998222.328326,-3.9
1759998222.328326,-3.3
1759998222.3785906,-1.8
1759998222.3785906,-3.9
1759998222.3785906,-3.9
1759998222.3785906,-3.1
1759998222.4279294,-1.9
1759998222.4279294,-3.9
1759998222.4279294,-3.9
1759998222.4279294,-3.5
1759998222.4783516,-1.8
1759998222.4783516,-3.9
1759998222.4783516,-3.9
1759998222.4783516,-3.3
1759998222.4783516,-3.3
1759998222.5283375,-1.9
1759998222.5283375,-3.9
1759998222.5283375,-3.9
1759998222.5283375,-3.6
1759998222.5782058,-1.9
1759998222.5782058,-3.8
1759998222.5782058,-3.8
1759998222.5782058,-3.6
1759998222.6278806,-1.9
1759998222.6278806,-3.8
1759998222.6278806,-3.8
1759998222.6278806,-3.7
1759998222.6776993,-1.9
1759998222.6776993,-3.8
1759998222.6776993,-3.8
1759998222.6776993,-3.3
1759998222.7277944,-1.9
1759998222.7277944,-3.8
1759998222.7277944,-3.8
1759998222.7277944,-3.2
1759998222.7776709,-1.9
1759998222.7776709,-3.9
1759998222.7776709,-3.9
1759998222.7776709,-3.5
1759998222.8293653,-1.9
1759998222.8293653,-3.8
1759998222.8293653,-3.8
1759998222.8293653,-3.1
1759998222.8788407,-1.9
1759998222.8788407,-3.8
1759998222.8788407,-3.8
1759998222.8788407,-3.6
1759998222.9285173,-1.9
1759998222.9285173,-3.8
1759998222.9285173,-3.8
1759998222.9285173,-3.4
1759998222.9783995,-1.9
1759998222.9783995,-3.9
1759998222.9783995,-3.9
1759998222.9783995,-3.4
1759998222.9783995,-4.9
1759998223.027962,-1.9
1759998223.027962,-3.8
1759998223.027962,-3.8
1759998223.027962,-3.6
1759998223.0776455,-1.9
1759998223.0776455,-3.9
1759998223.0776455,-3.9
1759998223.0776455,-3.3
1759998223.128362,-1.9
1759998223.128362,-3.8
1759998223.128362,-3.8
1759998223.128362,-3.6
1759998223.178493,-1.9
1759998223.178493,-3.8
1759998223.178493,-3.8
1759998223.178493,-3.1
1759998223.2283454,-1.9
1759998223.2283454,-3.8
1759998223.2283454,-3.8
1759998223.2283454,-3.3
1759998223.2783513,-1.9
1759998223.2783513,-3.8
1759998223.2783513,-3.8
1759998223.2783513,-3.6
1759998223.3284159,-1.9
1759998223.3284159,-3.8
1759998223.3284159,-3.8
1759998223.3284159,-2.9
1759998223.377965,-1.9
1759998223.377965,-3.8
1759998223.377965,-3.8
1759998223.377965,-3.6
1759998223.4281054,-1.9
1759998223.4281054,-3.8
1759998223.4281054,-3.8
1759998223.4281054,-3.8
1759998223.478075,-1.8
1759998223.478075,-3.8
1759998223.478075,-3.8
1759998223.478075,-3.6
1759998223.5278835,-1.9
1759998223.5278835,-3.8
1759998223.5278835,-3.8
1759998223.5278835,-3.4
1759998223.5278835,-4.4
1759998223.5778084,-1.8
1759998223.5778084,-3.8
1759998223.5778084,-3.8
1759998223.5778084,-3.3
1759998223.6275582,-1.8
1759998223.6275582,-3.7
1759998223.6275582,-3.7
1759998223.6275582,-3.3
1759998223.6778512,-1.8
1759998223.6778512,-3.9
1759998223.6778512,-3.9
1759998223.6778512,-3.7
1759998223.7274451,-1.8
1759998223.7274451,-3.7
1759998223.7274451,-3.7
1759998223.7274451,-3.4
1759998223.7781086,-1.9
1759998223.7781086,-3.8
1759998223.7781086,-3.8
1759998223.7781086,-3.3
1759998223.8280041,-1.8
1759998223.8280041,-3.7
1759998223.8280041,-3.7
1759998223.8280041,-3.6
1759998223.8779593,-1.8
1759998223.8779593,-3.7
1759998223.8779593,-3.7
1759998223.8779593,-3.2
1759998223.9280555,-1.8
1759998223.9280555,-3.9
1759998223.9280555,-3.9
1759998223.9280555,-3.2
1759998223.9778297,-1.9
1759998223.9778297,-3.8
1759998223.9778297,-3.8
1759998223.9778297,-3.2
1759998223.9778297,-3.9
1759998224.0275881,-1.9
1759998224.0275881,-3.8
1759998224.0275881,-3.8
1759998224.0275881,-3.4
1759998224.0776496,-1.8
1759998224.0776496,-3.8
1759998224.0776496,-3.8
1759998224.0776496,-3.7
1759998224.1294775,-1.8
1759998224.1294775,-3.7
1759998224.1294775,-3.7
1759998224.1294775,-3.1
1759998224.1796093,-1.8
1759998224.1796093,-3.8
1759998224.1796093,-3.8
1759998224.1796093,-3.3
1759998224.2291782,-1.8
1759998224.2291782,-3.7
1759998224.2291782,-3.7
1759998224.2291782,-3.3
1759998224.2784965,-1.9
1759998224.2784965,-3.9
1759998224.2784965,-3.9
1759998224.2784965,-3.2
1759998224.3283153,-1.9
1759998224.3283153,-3.9
1759998224.3283153,-3.9
1759998224.3283153,-3.2
1759998224.378137,-1.9
1759998224.378137,-3.8
1759998224.378137,-3.8
1759998224.378137,-3.4
1759998224.378137,-3.0
1759998224.4285898,-1.8
1759998224.4285898,-3.8
1759998224.4285898,-3.8
1759998224.4285898,-3.5
1759998224.4780908,-1.8
1759998224.4780908,-3.8
1759998224.4780908,-3.8
1759998224.4780908,-3.3
1759998224.5284355,-1.8
1759998224.5284355,-3.9
1759998224.5284355,-3.9
1759998224.5284355,-3.3
1759998224.5284355,-3.3
1759998224.5284355,-2.1
1759998224.578316,-1.8
1759998224.578316,-3.8
1759998224.578316,-3.8
1759998224.578316,-3.3
1759998224.6283107,-1.8
1759998224.6283107,-3.8
1759998224.6283107,-3.8
1759998224.6283107,-3.2
1759998224.678382,-1.8
1759998224.678382,-3.8
1759998224.678382,-3.8
1759998224.678382,-3.3
1759998224.72848,-1.8
1759998224.72848,-3.9
1759998224.72848,-3.9
1759998224.72848,-3.4
1759998224.7779982,-1.8
1759998224.7779982,-3.9
1759998224.7779982,-3.9
1759998224.7779982,-3.5
1759998224.828029,-1.8
1759998224.828029,-3.9
1759998224.828029,-3.9
1759998224.828029,-3.6
1759998224.8783522,-1.8
1759998224.8783522,-3.8
1759998224.8783522,-3.8
1759998224.8783522,-3.3
1759998224.8783522,0.0
1759998224.9279048,-1.8
1759998224.9279048,-3.9
1759998224.9279048,-3.9
1759998224.9279048,-3.1
1759998224.9779558,-1.8
1759998224.9779558,-3.8
1759998224.9779558,-3.8
1759998224.9779558,-3.4
1759998224.9779558,-0.8
1759998225.0275857,-1.7
1759998225.0275857,-3.9
1759998225.0275857,-3.9
1759998225.0275857,-3.2
1759998225.0275857,0.7
1759998225.0785592,-1.8
1759998225.0785592,-3.9
1759998225.0785592,-3.9
1759998225.0785592,-3.0
1759998225.1287868,-1.8
1759998225.1287868,-3.9
1759998225.1287868,-3.9
1759998225.1287868,-3.2
1759998225.1787536,-1.8
1759998225.1787536,-4.0
1759998225.1787536,-4.0
1759998225.1787536,-3.4
1759998225.1787536,-4.1
1759998225.228544,-1.8
1759998225.228544,-3.9
1759998225.228544,-3.9
1759998225.228544,-3.5
1759998225.2787054,-1.8
1759998225.2787054,-4.0
1759998225.2787054,-4.0
1759998225.2787054,-3.4
1759998225.3279645,-1.8
1759998225.3279645,-3.9
1759998225.3279645,-3.9
1759998225.3279645,-3.3
1759998225.3785448,-1.8
1759998225.3785448,-3.8
1759998225.3785448,-3.8
1759998225.3785448,-3.7
1759998225.4284375,-1.7
1759998225.4284375,-3.9
1759998225.4284375,-3.9
1759998225.4284375,-3.6
1759998225.4284375,-0.9
1759998225.4786904,-1.8
1759998225.4786904,-3.9
1759998225.4786904,-3.9
1759998225.4786904,-3.4
1759998225.5285308,-1.9
1759998225.5285308,-3.9
1759998225.5285308,-3.9
1759998225.5285308,-3.5
1759998225.578493,-1.8
1759998225.578493,-3.8
1759998225.578493,-3.8
1759998225.578493,-3.3
1759998225.578493,-1.9
1759998225.628571,-1.8
1759998225.628571,-3.9
1759998225.628571,-3.9
1759998225.628571,-3.6
1759998225.628571,-4.5
1759998225.628571,-4.1
1759998225.6783519,-1.8
1759998225.6783519,-3.8
1759998225.6783519,-3.8
1759998225.6783519,-3.2
1759998225.727997,-1.9
1759998225.727997,-3.8
1759998225.727997,-3.8
1759998225.727997,-3.5
1759998225.7778473,-1.9
1759998225.7778473,-3.9
1759998225.7778473,-3.9
1759998225.7778473,-3.6
1759998225.8280432,-1.9
1759998225.8280432,-3.7
1759998225.8280432,-3.7
1759998225.8280432,-3.4
1759998225.878469,-1.9
1759998225.878469,-3.8
1759998225.878469,-3.8
1759998225.878469,-3.3
1759998225.928148,-1.9
1759998225.928148,-3.8
1759998225.928148,-3.8
1759998225.928148,-3.4
1759998225.9785025,-1.8
1759998225.9785025,-3.8
1759998225.9785025,-3.8
1759998225.9785025,-3.3
1759998226.0285,-1.8
1759998226.0285,-3.8
1759998226.0285,-3.8
1759998226.0285,-3.3
1759998226.0784457,-1.9
1759998226.0784457,-3.7
1759998226.0784457,-3.7
1759998226.0784457,-3.4
1759998226.1281419,-1.8
1759998226.1281419,-3.8
1759998226.1281419,-3.8
1759998226.1281419,-3.4
1759998226.1788943,-1.8
1759998226.1788943,-4.0
1759998226.1788943,-4.0
1759998226.1788943,-3.6
1759998226.228767,-1.9
1759998226.228767,-3.8
1759998226.228767,-3.8
1759998226.228767,-3.3
1759998226.2784555,-1.9
1759998226.2784555,-3.9
1759998226.2784555,-3.9
1759998226.2784555,-3.5
1759998226.3284576,-1.8
1759998226.3284576,-3.9
1759998226.3284576,-3.9
1759998226.3284576,-3.4
1759998226.378534,-1.9
1759998226.378534,-3.9
1759998226.378534,-3.9
1759998226.378534,-3.4
1759998226.378534,-4.7
1759998226.4287527,-1.9
1759998226.4287527,-3.8
1759998226.4287527,-3.8
1759998226.4287527,-3.3
1759998226.4784706,-1.8
1759998226.4784706,-3.9
1759998226.4784706,-3.9
1759998226.4784706,-3.6
1759998226.5286825,-1.8
1759998226.5286825,-3.9
1759998226.5286825,-3.9
1759998226.5286825,-3.8
1759998226.5785813,-1.9
1759998226.5785813,-3.8
1759998226.5785813,-3.8
1759998226.5785813,-3.2
1759998226.6286142,-1.9
1759998226.6286142,-3.8
1759998226.6286142,-3.8
1759998226.6286142,-3.2
1759998226.6286142,-4.0
1759998226.678512,-2.0
1759998226.678512,-3.8
1759998226.678512,-3.8
1759998226.678512,-3.4
1759998226.7287169,-1.9
1759998226.7287169,-3.9
1759998226.7287169,-3.9
1759998226.7287169,-3.5
1759998226.778813,-1.9
1759998226.778813,-3.8
1759998226.778813,-3.8
1759998226.778813,-3.6
1759998226.8285034,-1.8
1759998226.8285034,-3.9
1759998226.8285034,-3.9
1759998226.8285034,-3.2
1759998226.8785033,-1.9
1759998226.8785033,-3.8
1759998226.8785033,-3.8
1759998226.8785033,-3.3
1759998226.9285014,-1.9
1759998226.9285014,-3.9
1759998226.9285014,-3.9
1759998226.9285014,-3.5
1759998226.9285014,-4.4
1759998226.9784718,-1.9
1759998226.9784718,-3.9
1759998226.9784718,-3.9
1759998226.9784718,-3.2
1759998226.9784718,-1.9
1759998226.9784718,-3.1
1759998227.028525,-1.9
1759998227.028525,-3.8
1759998227.028525,-3.8
1759998227.028525,-3.4
1759998227.028525,-1.9
1759998227.0780635,-1.9
1759998227.0780635,-3.8
1759998227.0780635,-3.8
1759998227.0780635,-3.5
1759998227.1281996,-1.9
1759998227.1281996,-3.9
1759998227.1281996,-3.9
1759998227.1281996,-3.3
1759998227.1785543,-1.9
1759998227.1785543,-3.8
1759998227.1785543,-3.8
1759998227.1785543,-3.2
1759998227.228268,-1.9
1759998227.228268,-3.9
1759998227.228268,-3.9
1759998227.228268,-3.2
1759998227.228268,-2.4
1759998227.228268,-2.0
1759998227.228268,-2.0
1759998227.2782614,-1.8
1759998227.2782614,-3.9
1759998227.2782614,-3.9
1759998227.2782614,-3.5
1759998227.2782614,-3.6
1759998227.3281527,-1.8
1759998227.3281527,-3.7
1759998227.3281527,-3.7
1759998227.3281527,-3.3
1759998227.3281527,-4.6
1759998227.3783782,-1.8
1759998227.3783782,-3.9
1759998227.3783782,-3.9
1759998227.3783782,-3.1
1759998227.4284556,-1.9
1759998227.4284556,-3.9
1759998227.4284556,-3.9
1759998227.4284556,-3.6
1759998227.478461,-1.8
1759998227.478461,-3.9
1759998227.478461,-3.9
1759998227.478461,-3.1
1759998227.5283165,-1.8
1759998227.5283165,-3.9
1759998227.5283165,-3.9
1759998227.5283165,-3.3
1759998227.5283165,-4.5
1759998227.57836,-1.8
1759998227.57836,-3.8
1759998227.57836,-3.8
1759998227.57836,-3.2
1759998227.6279192,-1.9
1759998227.6279192,-3.8
1759998227.6279192,-3.8
1759998227.6279192,-3.1
1759998227.6279192,-2.6
1759998227.6795406,-1.8
1759998227.6795406,-4.0
1759998227.6795406,-4.0
1759998227.6795406,-2.9
1759998227.6795406,-4.2
1759998227.729253,-1.8
1759998227.729253,-4.0
1759998227.729253,-4.0
1759998227.729253,-3.4
1759998227.729253,-3.3
1759998227.7789583,-1.8
1759998227.7789583,-3.7
1759998227.7789583,-3.7
1759998227.7789583,-2.9
1759998227.8285618,-1.9
1759998227.8285618,-3.8
1759998227.8285618,-3.8
1759998227.8285618,-3.1
1759998227.8785665,-1.9
1759998227.8785665,-3.9
1759998227.8785665,-3.9
1759998227.8785665,-3.1
1759998227.9286664,-1.8
1759998227.9286664,-3.9
1759998227.9286664,-3.9
1759998227.9286664,-3.5
1759998227.978268,-1.9
1759998227.978268,-3.8
1759998227.978268,-3.8
1759998227.978268,-3.8
1759998228.028585,-1.9
1759998228.028585,-4.0
1759998228.028585,-4.0
1759998228.028585,-3.3
1759998228.028585,-3.9
1759998228.0784426,-1.9
1759998228.0784426,-3.9
1759998228.0784426,-3.9
1759998228.0784426,-2.8
1759998228.1282938,-1.9
1759998228.1282938,-3.9
1759998228.1282938,-3.9
1759998228.1282938,-2.8
1759998228.178852,-1.9
1759998228.178852,-4.0
1759998228.178852,-4.0
1759998228.178852,-3.1
1759998228.178852,-4.8
1759998228.2286112,-1.9
1759998228.2286112,-3.8
1759998228.2286112,-3.8
1759998228.2286112,-3.2
1759998228.2787044,-1.8
1759998228.2787044,-3.7
1759998228.2787044,-3.7
1759998228.2787044,-3.8
1759998228.2787044,-2.7
1759998228.3285298,-1.9
1759998228.3285298,-3.9
1759998228.3285298,-3.9
1759998228.3285298,-3.0
1759998228.3787632,-1.9
1759998228.3787632,-4.0
1759998228.3787632,-4.0
1759998228.3787632,-3.7
1759998228.3787632,-1.9
1759998228.4285014,-1.9
1759998228.4285014,-3.8
1759998228.4285014,-3.8
1759998228.4285014,-3.3
1759998228.4785259,-1.8
1759998228.4785259,-3.7
1759998228.4785259,-3.7
1759998228.4785259,-4.2
1759998228.4785259,-3.5
1759998228.5284555,-1.9
1759998228.5284555,-3.8
1759998228.5284555,-3.8
1759998228.5284555,-3.4
1759998228.5780544,-1.9
1759998228.5780544,-3.8
1759998228.5780544,-3.8
1759998228.5780544,-3.2
1759998228.6280084,-1.9
1759998228.6280084,-3.9
1759998228.6280084,-3.9
1759998228.6280084,-3.8
1759998228.67822,-1.8
1759998228.67822,-3.9
1759998228.67822,-3.9
1759998228.67822,-3.9
1759998228.728554,-1.8
1759998228.728554,-3.8
1759998228.728554,-3.8
1759998228.728554,-2.9
1759998228.7785053,-1.8
1759998228.7785053,-3.8
1759998228.7785053,-3.8
1759998228.7785053,-2.4
1759998228.7785053,-3.6
1759998228.8287013,-1.9
1759998228.8287013,-3.6
1759998228.8287013,-3.6
1759998228.8287013,-3.9
1759998228.8287013,-4.2
1759998228.8787792,-1.9
1759998228.8787792,-3.8
1759998228.8787792,-3.8
1759998228.8787792,-3.0
1759998228.928856,-1.9
1759998228.928856,-3.8
1759998228.928856,-3.8
1759998228.928856,-3.3
1759998228.9787345,-1.8
1759998228.9787345,-3.9
1759998228.9787345,-3.9
1759998228.9787345,-3.7
1759998229.0289428,-1.9
1759998229.0289428,-4.0
1759998229.0289428,-4.0
1759998229.0289428,-3.8
1759998229.0794063,-2.0
1759998229.0794063,-4.1
1759998229.0794063,-4.1
1759998229.0794063,-3.8
1759998229.128713,-1.9
1759998229.128713,-4.0
1759998229.128713,-4.0
1759998229.128713,-3.1
1759998229.1783662,-1.9
1759998229.1783662,-4.1
1759998229.1783662,-4.1
1759998229.1783662,-2.5
1759998229.2286007,-1.9
1759998229.2286007,-3.9
1759998229.2286007,-3.9
1759998229.2286007,-3.7
1759998229.2783165,-1.9
1759998229.2783165,-4.9
1759998229.2783165,-4.0
1759998229.2783165,-4.0
1759998229.2783165,-2.5
1759998229.328751,-1.9
1759998229.328751,-4.0
1759998229.328751,-4.0
1759998229.328751,-0.3
1759998229.328751,-2.8
1759998229.328751,-0.5
1759998229.3787723,-1.9
1759998229.3787723,-4.7
1759998229.3787723,-4.0
1759998229.3787723,-4.0
1759998229.3787723,-3.3
1759998229.3787723,-4.4
1759998229.3787723,-4.7
1759998229.3787723,-4.7
1759998229.4288943,-2.0
1759998229.4288943,-3.9
1759998229.4288943,-3.9
1759998229.4288943,-2.5
1759998229.4288943,-3.9
1759998229.4784439,-2.0
1759998229.4784439,-4.1
1759998229.4784439,-4.1
1759998229.4784439,0.3
1759998229.4784439,-2.1
1759998229.5288305,-1.9
1759998229.5288305,-4.0
1759998229.5288305,-4.0
1759998229.5288305,-2.3
1759998229.5288305,-4.2
1759998229.5787709,-2.0
1759998229.5787709,-3.9
1759998229.5787709,-3.9
1759998229.5787709,-3.1
1759998229.6288545,-1.9
1759998229.6288545,-3.8
1759998229.6288545,-3.8
1759998229.6288545,-3.3
1759998229.6785362,-1.9
1759998229.6785362,-3.9
1759998229.6785362,-3.9
1759998229.6785362,-4.1
1759998229.728802,-1.9
1759998229.728802,-3.9
1759998229.728802,-3.9
1759998229.728802,-4.2
1759998229.7787309,-2.0
1759998229.7787309,-3.8
1759998229.7787309,-3.8
1759998229.7787309,-2.3
1759998229.7787309,0.5
1759998229.828575,-2.0
1759998229.828575,-4.0
1759998229.828575,-4.0
1759998229.828575,-3.4
1759998229.8781428,-1.9
1759998229.8781428,-4.0
1759998229.8781428,-4.0
1759998229.8781428,-2.9
1759998229.8781428,-2.3
1759998229.928287,-2.0
1759998229.928287,-3.9
1759998229.928287,-3.9
1759998229.928287,-1.7
1759998229.928287,-2.5
1759998229.928287,-2.7
1759998229.928287,-2.7
1759998229.978128,-1.9
1759998229.978128,-3.9
1759998229.978128,-3.9
1759998229.978128,-4.5
1759998230.0283597,-1.9
1759998230.0283597,-3.9
1759998230.0283597,-3.9
1759998230.0283597,-3.0
1759998230.0283597,-1.1
1759998230.078538,-1.9
1759998230.078538,-4.0
1759998230.078538,-4.0
1759998230.078538,-3.0
1759998230.128773,-1.9
1759998230.128773,-3.8
1759998230.128773,-3.8
1759998230.128773,-2.5
1759998230.1786864,-1.9
1759998230.1786864,-3.8
1759998230.1786864,-3.8
1759998230.1786864,-2.9
1759998230.1786864,-3.0
1759998230.228163,-1.9
1759998230.228163,-4.0
1759998230.228163,-4.0
1759998230.228163,-3.0
1759998230.2785199,-1.9
1759998230.2785199,-3.9
1759998230.2785199,-3.9
1759998230.2785199,-3.1
1759998230.3283064,-1.9
1759998230.3283064,-3.9
1759998230.3283064,-3.9
1759998230.3283064,-1.5
1759998230.3780975,-1.9
1759998230.3780975,-3.9
1759998230.3780975,-3.9
1759998230.3780975,-1.3
1759998230.4280155,-2.0
1759998230.4280155,-4.0
1759998230.4280155,-4.0
1759998230.4280155,-0.9
1759998230.4280155,-1.1
1759998230.4280155,-0.7
1759998230.4789608,-1.9
1759998230.4789608,-3.9
1759998230.4789608,-3.9
1759998230.4789608,-0.3
1759998230.4789608,-2.1
1759998230.4789608,-3.9
1759998230.5288088,-1.9
1759998230.5288088,-3.9
1759998230.5288088,-3.9
1759998230.5288088,0.4
1759998230.5288088,-3.6
1759998230.5288088,-3.0
1759998230.5785844,-2.0
1759998230.5785844,-4.1
1759998230.5785844,-4.1
1759998230.5785844,-3.6
1759998230.6285665,-1.9
1759998230.6285665,-3.8
1759998230.6285665,-3.8
1759998230.6285665,-4.3
1759998230.678088,-2.0
1759998230.678088,-3.8
1759998230.678088,-3.8
1759998230.678088,-4.4
1759998230.7284195,-2.0
1759998230.7284195,-3.7
1759998230.7284195,-3.7
1759998230.7284195,-2.8
1759998230.7788398,-1.9
1759998230.7788398,-4.0
1759998230.7788398,-4.0
1759998230.7788398,-4.1
1759998230.8288379,-2.0
1759998230.8288379,-4.1
1759998230.8288379,-4.1
1759998230.878605,-1.9
1759998230.878605,-4.1
1759998230.878605,-4.1
1759998230.878605,-2.0
1759998230.878605,-5.0
1759998230.928573,-1.9
1759998230.928573,-4.0
1759998230.928573,-4.0
1759998230.9783778,-1.9
1759998230.9783778,-4.3
1759998230.9783778,-4.3
1759998230.9783778,-4.2
1759998230.9783778,-1.4
1759998230.9783778,-4.8
1759998231.0286796,-1.9
1759998231.0286796,-4.4
1759998231.0286796,-4.4
1759998231.0286796,-3.0
1759998231.0782554,-1.9
1759998231.0782554,-3.9
1759998231.0782554,-3.9
1759998231.0782554,-3.1
1759998231.1297271,-1.9
1759998231.1297271,-3.7
1759998231.1297271,-3.7
1759998231.1297271,-0.4
1759998231.1297271,-4.4
1759998231.1790311,-1.9
1759998231.1790311,-3.8
1759998231.1790311,-3.8
1759998231.1790311,-3.8
1759998231.2287345,-2.0
1759998231.2287345,-4.3
1759998231.2287345,-4.3
1759998231.2287345,-1.3
1759998231.2786734,-2.0
1759998231.2786734,-3.6
1759998231.2786734,-3.6
1759998231.2786734,-2.0
1759998231.328554,-1.9
1759998231.328554,-4.1
1759998231.328554,-4.1
1759998231.328554,-4.6
1759998231.3779542,-2.0
1759998231.3779542,-3.9
1759998231.3779542,-3.9
1759998231.3779542,-2.7
1759998231.4284134,-1.9
1759998231.4284134,-4.1
1759998231.4284134,-4.1
1759998231.4284134,-3.0
1759998231.4795635,-2.0
1759998231.4795635,-3.9
1759998231.4795635,-3.9
1759998231.4795635,-1.9
1759998231.529421,-2.1
1759998231.529421,-4.1
1759998231.529421,-4.1
1759998231.529421,-2.3
1759998231.579087,-2.1
1759998231.579087,-3.6
1759998231.579087,-3.6
1759998231.579087,-2.6
1759998231.6287696,-2.1
1759998231.6287696,-3.8
1759998231.6287696,-3.8
1759998231.6287696,-1.7
1759998231.6786404,-1.6
1759998231.6786404,-4.0
1759998231.6786404,-4.0
1759998231.6786404,-1.5
1759998231.728301,-2.0
1759998231.728301,-3.5
1759998231.728301,-3.5
1759998231.728301,-1.5
1759998231.7783518,-1.9
1759998231.7783518,-3.9
1759998231.7783518,-3.9
1759998231.7783518,-1.0
1759998231.8280818,-2.0
1759998231.8280818,-3.7
1759998231.8280818,-3.7
1759998231.8280818,-0.8
1759998231.8777063,-2.0
1759998231.8777063,-3.6
1759998231.8777063,-3.6
1759998231.8777063,-1.2
1759998231.9280264,-1.9
1759998231.9280264,-4.5
1759998231.9280264,-3.8
1759998231.9280264,-3.8
1759998231.9280264,-1.6
1759998231.9776955,-1.9
1759998231.9776955,-4.1
1759998231.9776955,-4.1
1759998231.9776955,-1.8
1759998232.02852,-1.8
1759998232.02852,-3.7
1759998232.02852,-3.7
1759998232.02852,-2.3
1759998232.0781598,-2.0
1759998232.0781598,-4.3
1759998232.0781598,-4.1
1759998232.0781598,-4.1
1759998232.0781598,-1.8
1759998232.128819,-1.8
1759998232.128819,-4.9
1759998232.128819,-3.8
1759998232.128819,-3.8
1759998232.128819,-1.8
1759998232.1787376,-1.9
1759998232.1787376,-3.8
1759998232.1787376,-3.8
1759998232.1787376,-2.8
1759998232.1787376,-4.8
1759998232.2288308,-1.9
1759998232.2288308,-2.7
1759998232.2288308,-2.7
1759998232.2288308,-2.8
1759998232.2788956,-1.9
1759998232.2788956,-3.5
1759998232.2788956,-3.5
1759998232.2788956,-4.8
1759998232.2788956,-3.5
1759998232.3285456,-1.9
1759998232.3285456,-3.9
1759998232.3285456,-3.9
1759998232.3285456,-4.6
1759998232.378457,-1.9
1759998232.378457,-4.2
1759998232.378457,-3.6
1759998232.378457,-3.6
1759998232.428553,-1.9
1759998232.428553,-3.6
1759998232.428553,-3.6
1759998232.428553,-4.7
1759998232.428553,-4.9
1759998232.428553,-4.8
1759998232.4787931,-1.8
1759998232.4787931,-3.5
1759998232.4787931,-3.5
1759998232.4787931,-3.6
1759998232.4787931,-3.6
1759998232.4787931,-1.1
1759998232.5281675,-2.0
1759998232.5281675,-3.7
1759998232.5281675,-3.7
1759998232.5281675,-3.4
1759998232.5281675,-0.2
1759998232.5781226,-2.1
1759998232.5781226,-4.2
1759998232.5781226,-4.2
1759998232.5781226,-4.4
1759998232.5781226,-4.2
1759998232.6280756,-2.2
1759998232.6280756,-3.7
1759998232.6280756,-3.7
1759998232.6280756,-3.9
1759998232.6787927,-1.8
1759998232.6787927,-3.7
1759998232.7288072,-1.9
1759998232.7288072,-4.9
1759998232.7288072,-4.1
1759998232.7288072,-4.1
1759998232.7787871,-2.0
1759998232.7787871,-3.9
1759998232.8287082,-1.7
1759998232.8287082,-3.8
1759998232.8287082,-3.8
1759998232.877793,-1.9
1759998232.877793,-3.9
1759998232.877793,-4.4
1759998232.928851,-1.8
1759998232.928851,-4.7
1759998232.928851,-4.3
1759998232.928851,-3.7
1759998232.9785454,-2.1
1759998232.9785454,-1.3
1759998232.9785454,-0.7
1759998233.0281723,-2.3
1759998233.0281723,-4.3
1759998233.0281723,-2.9
1759998233.0782096,-1.7
1759998233.0782096,-3.5
1759998233.0782096,-2.0
1759998233.128744,-2.0
1759998233.128744,-4.3
1759998233.128744,-3.1
1759998233.128744,-4.2
1759998233.1789858,-2.7
1759998233.1789858,-3.3
1759998233.1789858,-0.9
1759998233.2292702,-1.6
1759998233.2292702,-3.1
1759998233.2292702,-2.4
1759998233.2795663,-0.5
1759998233.2795663,-4.1
1759998233.3289137,-2.3
1759998233.3289137,-4.9
1759998233.3289137,-4.9
1759998233.3787768,-0.5
1759998233.3787768,-0.9
1759998233.428322,-1.7
1759998233.428322,-5.0
1759998233.428322,-0.4
1759998233.4779646,-1.1
1759998233.5279071,-2.1
1759998233.5279071,-4.4
1759998233.5279071,-1.3
1759998233.5779593,-0.9
1759998233.5779593,-3.7
1759998233.5779593,-3.7
1759998233.5779593,-1.1
1759998233.627946,-1.7
1759998233.627946,-3.4
1759998233.677694,-2.8
1759998233.677694,-3.8
1759998233.7274027,-1.7
1759998233.777624,-1.8
1759998233.828902,-2.7
1759998233.828902,-0.7
1759998233.8783062,-2.4
1759998233.8783062,-3.2
1759998233.8783062,-3.2
1759998233.8783062,-1.0
1759998233.8783062,-3.6
1759998233.9279153,-2.5
1759998233.9279153,-3.4
1759998233.9279153,-3.4
1759998233.9777944,-2.5
1759998233.9777944,-4.0
1759998233.9777944,-2.8
1759998234.027781,-0.0
1759998234.027781,-4.3
1759998234.027781,-4.1
1759998234.027781,-4.1
1759998234.1279323,-1.0
1759998234.177597,-4.0
1759998234.2771194,-4.4
1759998234.627271,-3.8
1759998234.7772117,-2.0
1759998234.8276157,-4.6
1759998234.8276157,-1.1
1759998234.8773844,-3.1
1759998234.8773844,-2.6
1759998234.9273431,-5.0
1759998234.9273431,-1.4
1759998234.9777231,1.0
1759998235.0292385,-2.2
1759998235.0292385,-2.3
1759998235.080109,-1.5
1759998235.1297767,-4.7
1759998235.1297767,0.6
1759998235.1796224,-4.5
1759998235.1796224,-0.2
1759998235.1796224,-0.2
1759998235.2293715,-4.8
1759998235.2293715,-4.5
1759998235.2293715,-4.5
1759998235.2293715,-3.1
1759998235.2790754,-1.0
1759998235.2790754,-1.0
1759998235.2790754,-4.2
1759998235.3293138,-4.9
1759998235.3293138,-4.8
1759998235.3293138,-4.8
1759998235.3293138,-3.8
1759998235.3784807,-4.2
1759998235.3784807,-0.6
1759998235.3784807,-1.0
1759998235.4284995,-4.1
1759998235.4284995,-1.8
1759998235.4284995,-1.3
1759998235.4787557,-2.3
1759998235.4787557,-3.5
1759998235.5287423,-2.1
1759998235.5287423,-4.6
1759998235.5287423,-4.6
1759998235.5287423,-3.8
1759998235.578492,-1.9
1759998235.578492,-4.5
1759998235.578492,-4.5
1759998235.578492,-4.0
1759998235.62872,-2.0
1759998235.62872,-4.5
1759998235.62872,-4.5
1759998235.62872,-3.6
1759998235.6786025,-2.0
1759998235.6786025,-4.8
1759998235.6786025,-4.8
1759998235.6786025,-3.6
1759998235.7286046,-2.0
1759998235.7286046,-4.8
1759998235.7286046,-4.8
1759998235.7286046,-3.7
1759998235.7286046,-4.6
1759998235.7286046,-4.6
1759998235.7783935,-2.2
1759998235.7783935,-4.7
1759998235.7783935,-4.7
1759998235.7783935,-3.7
1759998235.8286185,-2.2
1759998235.8286185,-4.7
1759998235.8286185,-4.7
1759998235.8286185,-3.3
1759998235.878668,-2.1
1759998235.878668,-4.3
1759998235.878668,-4.3
1759998235.878668,-3.8
1759998235.878668,-5.0
1759998235.878668,-5.0
1759998235.9285562,-2.0
1759998235.9285562,-4.4
1759998235.9285562,-4.4
1759998235.9285562,-3.4
1759998235.9788382,-2.1
1759998235.9788382,-4.3
1759998235.9788382,-4.3
1759998235.9788382,-3.6
1759998236.0281546,-2.0
1759998236.0281546,-4.3
1759998236.0281546,-4.3
1759998236.0281546,-3.8
1759998236.078315,-1.8
1759998236.078315,-4.1
1759998236.078315,-4.1
1759998236.078315,-3.5
1759998236.1286056,-1.8
1759998236.1286056,-4.2
1759998236.1286056,-4.2
1759998236.1286056,-3.8
1759998236.1795852,-1.8
1759998236.1795852,-3.8
1759998236.1795852,-3.8
1759998236.1795852,-3.4
1759998236.2288418,-1.8
1759998236.2288418,-4.0
1759998236.2288418,-4.0
1759998236.2288418,-3.4
1759998236.2784328,-1.8
1759998236.2784328,-3.9
1759998236.2784328,-3.9
1759998236.2784328,-3.4
1759998236.3282216,-1.7
1759998236.3282216,-4.1
1759998236.3282216,-4.1
1759998236.3282216,-3.3
1759998236.3781202,-1.7
1759998236.3781202,-4.0
1759998236.3781202,-4.0
1759998236.3781202,-3.3
1759998236.4278743,-1.7
1759998236.4278743,-4.1
1759998236.4278743,-4.1
1759998236.4278743,-3.4
1759998236.4780395,-1.9
1759998236.4780395,-4.2
1759998236.4780395,-4.2
1759998236.4780395,-3.4
1759998236.5284224,-1.9
1759998236.5284224,-4.0
1759998236.5284224,-4.0
1759998236.5284224,-3.2
1759998236.57813,-1.8
1759998236.57813,-4.0
1759998236.57813,-4.0
1759998236.57813,-3.2
1759998236.6283076,-2.0
1759998236.6283076,-4.0
1759998236.6283076,-4.0
1759998236.6283076,-3.2
1759998236.6782103,-1.9
1759998236.6782103,-3.7
1759998236.6782103,-3.7
1759998236.6782103,-3.3
1759998236.7281528,-1.7
1759998236.7281528,-3.8
1759998236.7281528,-3.8
1759998236.7281528,-3.3
1759998236.7783892,-1.9
1759998236.7783892,-3.6
1759998236.7783892,-3.6
1759998236.7783892,-3.4
1759998236.8283184,-2.0
1759998236.8283184,-3.9
1759998236.8283184,-3.9
1759998236.8283184,-3.4
1759998236.8782368,-2.2
1759998236.8782368,-3.8
1759998236.8782368,-3.8
1759998236.8782368,-3.4
1759998236.928147,-1.9
1759998236.928147,-4.1
1759998236.928147,-4.1
1759998236.928147,-3.4
1759998236.9782062,-2.1
1759998236.9782062,-4.1
1759998236.9782062,-4.1
1759998236.9782062,-3.5
1759998237.0281942,-2.1
1759998237.0281942,-4.1
1759998237.0281942,-4.1
1759998237.0281942,-3.3
1759998237.0780265,-2.3
1759998237.0780265,-4.2
1759998237.0780265,-4.2
1759998237.0780265,-3.5
1759998237.12822,-2.0
1759998237.12822,-4.0
1759998237.12822,-4.0
1759998237.12822,-3.4
1759998237.178507,-1.9
1759998237.178507,-3.9
1759998237.178507,-3.9
1759998237.178507,-3.7
1759998237.2281442,-1.9
1759998237.2281442,-3.8
1759998237.2281442,-3.8
1759998237.2281442,-3.7
1759998237.2781823,-1.9
1759998237.2781823,-3.8
1759998237.2781823,-3.8
1759998237.2781823,-3.4
1759998237.328071,-2.0
1759998237.328071,-3.8
1759998237.328071,-3.8
1759998237.328071,-3.6
1759998237.3784108,-2.1
1759998237.3784108,-3.8
1759998237.3784108,-3.8
1759998237.3784108,-3.6
1759998237.4279869,-2.1
1759998237.4279869,-3.7
1759998237.4279869,-3.7
1759998237.4279869,-3.7
1759998237.4779947,-2.2
1759998237.4779947,-4.0
1759998237.4779947,-4.0
1759998237.4779947,-3.6
1759998237.5278738,-2.1
1759998237.5278738,-4.0
1759998237.5278738,-4.0
1759998237.5278738,-3.6
1759998237.578651,-2.1
1759998237.578651,-3.8
1759998237.578651,-3.8
1759998237.578651,-3.3
1759998237.6296163,-2.1
1759998237.6296163,-3.8
1759998237.6296163,-3.8
1759998237.6296163,-3.5
1759998237.6792183,-2.0
1759998237.6792183,-3.9
1759998237.6792183,-3.9
1759998237.6792183,-3.5
1759998237.729312,-2.1
1759998237.729312,-3.9
1759998237.729312,-3.9
1759998237.729312,-3.6
1759998237.7794375,-2.0
1759998237.7794375,-3.9
1759998237.7794375,-3.9
1759998237.7794375,-3.5
1759998237.8291924,-2.0
1759998237.8291924,-3.8
1759998237.8291924,-3.8
1759998237.8291924,-3.4
1759998237.879689,-2.0
1759998237.879689,-3.9
1759998237.879689,-3.9
1759998237.879689,-3.4
1759998237.9293926,-1.9
1759998237.9293926,-4.0
1759998237.9293926,-4.0
1759998237.9293926,-3.4
1759998237.979168,-1.9
1759998237.979168,-4.0
1759998237.979168,-4.0
1759998237.979168,-3.3
1759998238.0293388,-1.9
1759998238.0293388,-3.9
1759998238.0293388,-3.9
1759998238.0293388,-3.4
1759998238.0789437,-1.9
1759998238.0789437,-3.9
1759998238.0789437,-3.9
1759998238.0789437,-3.4
1759998238.12917,-1.9
1759998238.12917,-4.0
1759998238.12917,-4.0
1759998238.12917,-3.3
1759998238.1793842,-1.9
1759998238.1793842,-3.8
1759998238.1793842,-3.8
1759998238.1793842,-3.4
1759998238.2293396,-1.9
1759998238.2293396,-3.9
1759998238.2293396,-3.9
1759998238.2293396,-3.6
1759998238.2799778,-1.9
1759998238.2799778,-3.8
1759998238.2799778,-3.8
1759998238.2799778,-3.6
1759998238.329908,-2.1
1759998238.329908,-3.8
1759998238.329908,-3.8
1759998238.329908,-3.5
1759998238.379315,-2.1
1759998238.379315,-3.6
1759998238.379315,-3.6
1759998238.379315,-3.4
1759998238.4299195,-2.0
1759998238.4299195,-3.8
1759998238.4299195,-3.8
1759998238.4299195,-3.5
1759998238.4803596,-2.0
1759998238.4803596,-3.9
1759998238.4803596,-3.9
1759998238.4803596,-3.6
1759998238.530719,-2.0
1759998238.530719,-3.8
1759998238.530719,-3.8
1759998238.530719,-3.4
1759998238.5800276,-2.0
1759998238.5800276,-3.8
1759998238.5800276,-3.8
1759998238.5800276,-3.6
1759998238.6296673,-2.0
1759998238.6296673,-3.8
1759998238.6296673,-3.8
1759998238.6296673,-3.4
1759998238.679053,-2.0
1759998238.679053,-4.0
1759998238.679053,-4.0
1759998238.679053,-3.4
1759998238.728925,-2.0
1759998238.728925,-4.1
1759998238.728925,-4.1
1759998238.728925,-3.8
1759998238.7790422,-2.0
1759998238.7790422,-4.1
1759998238.7790422,-4.1
1759998238.7790422,-3.5
1759998238.829192,-2.0
1759998238.829192,-4.1
1759998238.829192,-4.1
1759998238.829192,-3.7
1759998238.8793051,-2.0
1759998238.8793051,-3.9
1759998238.8793051,-3.9
1759998238.8793051,-3.8
1759998238.929462,-2.1
1759998238.929462,-3.8
1759998238.929462,-3.8
1759998238.929462,-3.6
1759998238.9794188,-2.1
1759998238.9794188,-3.7
1759998238.9794188,-3.7
1759998238.9794188,-3.8
1759998239.029312,-2.1
1759998239.029312,-3.7
1759998239.029312,-3.7
1759998239.029312,-3.7
1759998239.079432,-2.1
1759998239.079432,-3.6
1759998239.079432,-3.6
1759998239.079432,-3.7
1759998239.1300309,-2.1
1759998239.1300309,-4.0
1759998239.1300309,-4.0
1759998239.1300309,-3.6
1759998239.1798875,-2.1
1759998239.1798875,-3.9
1759998239.1798875,-3.9
1759998239.1798875,-3.5
1759998239.2290573,-2.0
1759998239.2290573,-3.9
1759998239.2290573,-3.9
1759998239.2290573,-3.6
1759998239.2791097,-2.0
1759998239.2791097,-4.0
1759998239.2791097,-4.0
1759998239.2791097,-3.6
1759998239.3292189,-2.0
1759998239.3292189,-3.9
1759998239.3292189,-3.9
1759998239.3292189,-3.7
1759998239.3789194,-2.0
1759998239.3789194,-3.8
1759998239.3789194,-3.8
1759998239.3789194,-3.4
1759998239.4293277,-2.0
1759998239.4293277,-3.6
1759998239.4293277,-3.6
1759998239.4293277,-3.3
1759998239.4792647,-1.9
1759998239.4792647,-3.8
1759998239.4792647,-3.8
1759998239.4792647,-3.7
1759998239.5297601,-2.0
1759998239.5297601,-3.7
1759998239.5297601,-3.7
1759998239.5297601,-3.6
1759998239.5795271,-2.0
1759998239.5795271,-3.7
1759998239.5795271,-3.7
1759998239.5795271,-3.7
1759998239.6289256,-2.0
1759998239.6289256,-3.8
1759998239.6289256,-3.8
1759998239.6289256,-3.6
1759998239.6791553,-1.9
1759998239.6791553,-3.9
1759998239.6791553,-3.9
1759998239.6791553,-3.4
1759998239.7293959,-2.0
1759998239.7293959,-3.9
1759998239.7293959,-3.9
1759998239.7293959,-3.6
1759998239.7789516,-2.1
1759998239.7789516,-3.7
1759998239.7789516,-3.7
1759998239.7789516,-3.7
1759998239.829139,-2.0
1759998239.829139,-3.6
1759998239.829139,-3.6
1759998239.829139,-3.8
1759998239.8788424,-2.1
1759998239.8788424,-3.8
1759998239.8788424,-3.8
1759998239.8788424,-3.6
1759998239.9293275,-2.1
1759998239.9293275,-4.0
1759998239.9293275,-4.0
1759998239.9293275,-3.7
1759998239.9789872,-2.0
1759998239.9789872,-3.8
1759998239.9789872,-3.8
1759998239.9789872,-3.7
1759998240.029069,-2.1
1759998240.029069,-3.8
1759998240.029069,-3.8
1759998240.029069,-3.7
1759998240.07978,-2.1
1759998240.07978,-3.8
1759998240.07978,-3.8
1759998240.07978,-3.8
1759998240.1304874,-2.1
1759998240.1304874,-3.9
1759998240.1304874,-3.9
1759998240.1304874,-3.6
1759998240.1812253,-2.1
1759998240.1812253,-3.8
1759998240.1812253,-3.8
1759998240.1812253,-3.7
1759998240.2315598,-2.0
1759998240.2315598,-3.9
1759998240.2315598,-3.9
1759998240.2315598,-3.8
1759998240.2808871,-2.1
1759998240.2808871,-3.8
1759998240.2808871,-3.8
1759998240.2808871,-3.7
1759998240.3297758,-2.0
1759998240.3297758,-3.7
1759998240.3297758,-3.7
1759998240.3297758,-3.8
1759998240.3791187,-2.0
1759998240.3791187,-4.0
1759998240.3791187,-4.0
1759998240.3791187,-3.9
1759998240.4287837,-2.0
1759998240.4287837,-3.8
1759998240.4287837,-3.8
1759998240.4287837,-3.8
1759998240.4792202,-2.0
1759998240.4792202,-3.8
1759998240.4792202,-3.8
1759998240.4792202,-3.7
1759998240.5298817,-1.9
1759998240.5298817,-3.8
1759998240.5298817,-3.8
1759998240.5298817,-3.6
1759998240.5800054,-1.9
1759998240.5800054,-3.8
1759998240.5800054,-3.8
1759998240.5800054,-3.4
1759998240.6303186,-1.9
1759998240.6303186,-3.9
1759998240.6303186,-3.9
1759998240.6303186,-3.8
1759998240.6804101,-1.9
1759998240.6804101,-3.7
1759998240.6804101,-3.7
1759998240.6804101,-3.6
1759998240.729733,-1.9
1759998240.729733,-3.7
1759998240.729733,-3.7
1759998240.729733,-3.8
1759998240.7792134,-1.9
1759998240.7792134,-3.6
1759998240.7792134,-3.6
1759998240.7792134,-3.4
1759998240.8292987,-1.9
1759998240.8292987,-3.7
1759998240.8292987,-3.7
1759998240.8292987,-3.6
1759998240.8794305,-1.8
1759998240.8794305,-3.8
1759998240.8794305,-3.8
1759998240.8794305,-3.4
1759998240.9293964,-1.9
1759998240.9293964,-3.7
1759998240.9293964,-3.7
1759998240.9293964,-3.4
1759998240.979481,-1.9
1759998240.979481,-3.6
1759998240.979481,-3.6
1759998240.979481,-3.5
1759998241.0294144,-1.9
1759998241.0294144,-3.5
1759998241.0294144,-3.5
1759998241.0294144,-3.6
1759998241.0793142,-1.9
1759998241.0793142,-3.5
1759998241.0793142,-3.5
1759998241.0793142,-3.4
1759998241.1297379,-1.9
1759998241.1297379,-3.5
1759998241.1297379,-3.5
1759998241.1297379,-3.5
1759998241.1798356,-1.9
1759998241.1798356,-3.6
1759998241.1798356,-3.6
1759998241.1798356,-3.3
1759998241.229128,-1.9
1759998241.229128,-3.5
1759998241.229128,-3.5
1759998241.229128,-3.7
1759998241.279044,-1.9
1759998241.279044,-3.3
1759998241.279044,-3.3
1759998241.279044,-3.4
1759998241.328877,-2.0
1759998241.328877,-3.5
1759998241.328877,-3.5
1759998241.328877,-4.0
1759998241.379717,-2.0
1759998241.379717,-3.4
1759998241.379717,-3.4
1759998241.379717,-3.4
