timestamp,z
1759998185.7297435,-0.045
1759998185.7297435,0.832
1759998185.7297435,0.742
1759998185.7297435,0.144
1759998185.7792048,-0.045
1759998185.7792048,0.851
1759998185.7792048,0.757
1759998185.7792048,0.192
1759998185.8290763,-0.045
1759998185.8290763,0.835
1759998185.8290763,0.756
1759998185.8290763,0.221
1759998185.8788366,-0.04
1759998185.8788366,0.851
1759998185.8788366,0.793
1759998185.8788366,0.182
1759998185.9289305,-0.044
1759998185.9289305,0.85
1759998185.9289305,0.776
1759998185.9289305,0.192
1759998185.979141,-0.045
1759998185.979141,0.844
1759998185.979141,0.749
1759998185.979141,0.194
1759998186.028737,-0.044
1759998186.028737,0.837
1759998186.028737,0.767
1759998186.028737,0.181
1759998186.0785487,-0.046
1759998186.0785487,0.841
1759998186.0785487,0.767
1759998186.0785487,0.222
1759998186.1293123,-0.045
1759998186.1293123,0.834
1759998186.1293123,0.762
1759998186.1293123,0.22
1759998186.1808596,-0.04
1759998186.1808596,0.845
1759998186.1808596,0.78
1759998186.1808596,0.19
1759998186.2303498,-0.044
1759998186.2303498,0.855
1759998186.2303498,0.787
1759998186.2303498,0.237
1759998186.2797477,-0.041
1759998186.2797477,0.843
1759998186.2797477,0.766
1759998186.2797477,0.188
1759998186.3291543,-0.039
1759998186.3291543,0.854
1759998186.3291543,0.776
1759998186.3291543,0.133
1759998186.37923,-0.041
1759998186.37923,0.862
1759998186.37923,0.788
1759998186.37923,0.158
1759998186.4291632,-0.04
1759998186.4291632,0.843
1759998186.4291632,0.778
1759998186.4291632,0.195
1759998186.4790812,-0.043
1759998186.4790812,0.831
1759998186.4790812,0.754
1759998186.4790812,0.184
1759998186.5288105,-0.039
1759998186.5288105,0.842
1759998186.5288105,0.764
1759998186.5288105,0.175
1759998186.5788996,-0.038
1759998186.5788996,0.853
1759998186.5788996,0.78
1759998186.5788996,0.167
1759998186.6290197,-0.039
1759998186.6290197,0.853
1759998186.6290197,0.783
1759998186.6290197,0.194
1759998186.678913,-0.042
1759998186.678913,0.855
1759998186.678913,0.784
1759998186.678913,0.256
1759998186.7290483,-0.044
1759998186.7290483,0.847
1759998186.7290483,0.779
1759998186.7290483,0.15
1759998186.7796886,-0.043
1759998186.7796886,0.855
1759998186.7796886,0.776
1759998186.7796886,0.165
1759998186.8291857,-0.045
1759998186.8291857,0.856
1759998186.8291857,0.783
1759998186.8291857,0.163
1759998186.8789558,-0.046
1759998186.8789558,0.864
1759998186.8789558,0.8
1759998186.8789558,0.211
1759998186.929142,-0.042
1759998186.929142,0.842
1759998186.929142,0.77
1759998186.929142,0.145
1759998186.9790294,-0.036
1759998186.9790294,0.842
1759998186.9790294,0.767
1759998186.9790294,0.16
1759998187.0287237,-0.042
1759998187.0287237,0.843
1759998187.0287237,0.767
1759998187.0287237,0.181
1759998187.0785418,-0.046
1759998187.0785418,0.849
1759998187.0785418,0.767
1759998187.0785418,0.188
1759998187.1290362,-0.046
1759998187.1290362,0.836
1759998187.1290362,0.755
1759998187.1290362,0.145
1759998187.1799052,-0.047
1759998187.1799052,0.848
1759998187.1799052,0.76
1759998187.1799052,0.211
1759998187.2298062,-0.05
1759998187.2298062,0.83
1759998187.2298062,0.734
1759998187.2298062,0.186
1759998187.279257,-0.044
1759998187.279257,0.827
1759998187.279257,0.74
1759998187.279257,0.229
1759998187.3289316,-0.048
1759998187.3289316,0.836
1759998187.3289316,0.754
1759998187.3289316,0.179
1759998187.378724,-0.05
1759998187.378724,0.836
1759998187.378724,0.759
1759998187.378724,0.239
1759998187.4290283,-0.052
1759998187.4290283,0.836
1759998187.4290283,0.757
1759998187.4290283,0.158
1759998187.4790254,-0.045
1759998187.4790254,0.843
1759998187.4790254,0.759
1759998187.4790254,0.158
1759998187.5289621,-0.034
1759998187.5289621,0.851
1759998187.5289621,0.775
1759998187.5289621,0.276
1759998187.5794067,-0.035
1759998187.5794067,0.844
1759998187.5794067,0.773
1759998187.5794067,0.287
1759998187.6293807,-0.031
1759998187.6293807,0.842
1759998187.6293807,0.766
1759998187.6293807,0.182
1759998187.6794305,-0.043
1759998187.6794305,0.852
1759998187.6794305,0.768
1759998187.6794305,0.215
1759998187.7292407,-0.042
1759998187.7292407,0.834
1759998187.7292407,0.754
1759998187.7292407,0.21
1759998187.779467,-0.039
1759998187.779467,0.852
1759998187.779467,0.777
1759998187.779467,0.153
1759998187.8301802,-0.044
1759998187.8301802,0.843
1759998187.8301802,0.766
1759998187.8301802,0.168
1759998187.8800147,-0.046
1759998187.8800147,0.831
1759998187.8800147,0.752
1759998187.8800147,0.175
1759998187.9298823,-0.041
1759998187.9298823,0.839
1759998187.9298823,0.765
1759998187.9298823,0.194
1759998187.9795437,-0.048
1759998187.9795437,0.837
1759998187.9795437,0.769
1759998187.9795437,0.185
1759998188.0290937,-0.045
1759998188.0290937,0.845
1759998188.0290937,0.773
1759998188.0290937,0.215
1759998188.0784385,-0.051
1759998188.0784385,0.838
1759998188.0784385,0.757
1759998188.0784385,0.163
1759998188.1287723,-0.049
1759998188.1287723,0.836
1759998188.1287723,0.758
1759998188.1287723,0.204
1759998188.178867,-0.045
1759998188.178867,0.838
1759998188.178867,0.755
1759998188.178867,0.171
1759998188.2287323,-0.047
1759998188.2287323,0.833
1759998188.2287323,0.75
1759998188.2287323,0.176
1759998188.2794354,-0.041
1759998188.2794354,0.836
1759998188.2794354,0.754
1759998188.2794354,0.156
1759998188.3298771,-0.04
1759998188.3298771,0.84
1759998188.3298771,0.761
1759998188.3298771,0.179
1759998188.3793464,-0.047
1759998188.3793464,0.837
1759998188.3793464,0.759
1759998188.3793464,0.162
1759998188.4289827,-0.043
1759998188.4289827,0.83
1759998188.4289827,0.747
1759998188.4289827,0.173
1759998188.4789717,-0.048
1759998188.4789717,0.841
1759998188.4789717,0.752
1759998188.4789717,0.178
1759998188.5287766,-0.044
1759998188.5287766,0.833
1759998188.5287766,0.751
1759998188.5287766,0.238
1759998188.5789068,-0.042
1759998188.5789068,0.848
1759998188.5789068,0.772
1759998188.5789068,0.152
1759998188.6287153,-0.042
1759998188.6287153,0.834
1759998188.6287153,0.762
1759998188.6287153,0.176
1759998188.6787472,-0.044
1759998188.6787472,0.835
1759998188.6787472,0.761
1759998188.6787472,0.179
1759998188.7288647,-0.044
1759998188.7288647,0.832
1759998188.7288647,0.763
1759998188.7288647,0.151
1759998188.7789307,-0.041
1759998188.7789307,0.845
1759998188.7789307,0.78
1759998188.7789307,0.215
1759998188.8288815,-0.048
1759998188.8288815,0.829
1759998188.8288815,0.757
1759998188.8288815,0.175
1759998188.878436,-0.046
1759998188.878436,0.833
1759998188.878436,0.759
1759998188.878436,0.218
1759998188.9283435,-0.045
1759998188.9283435,0.838
1759998188.9283435,0.764
1759998188.9283435,0.233
1759998188.978492,-0.046
1759998188.978492,0.847
1759998188.978492,0.771
1759998188.978492,0.198
1759998189.0290456,-0.045
1759998189.0290456,0.838
1759998189.0290456,0.767
1759998189.0290456,0.195
1759998189.079094,-0.043
1759998189.079094,0.835
1759998189.079094,0.757
1759998189.079094,0.223
1759998189.1293476,-0.043
1759998189.1293476,0.829
1759998189.1293476,0.75
1759998189.1293476,0.176
1759998189.180336,-0.042
1759998189.180336,0.823
1759998189.180336,0.742
1759998189.180336,0.199
1759998189.229234,-0.046
1759998189.229234,0.819
1759998189.229234,0.731
1759998189.229234,0.197
1759998189.2789538,-0.042
1759998189.2789538,0.841
1759998189.2789538,0.755
1759998189.2789538,0.191
1759998189.3290427,-0.041
1759998189.3290427,0.831
1759998189.3290427,0.748
1759998189.3290427,0.196
1759998189.3790162,-0.039
1759998189.3790162,0.823
1759998189.3790162,0.738
1759998189.3790162,0.162
1759998189.4295185,-0.044
1759998189.4295185,0.82
1759998189.4295185,0.736
1759998189.4295185,0.229
1759998189.4795613,-0.042
1759998189.4795613,0.826
1759998189.4795613,0.741
1759998189.4795613,0.234
1759998189.5291734,-0.045
1759998189.5291734,0.819
1759998189.5291734,0.742
1759998189.5291734,0.187
1759998189.5788147,-0.044
1759998189.5788147,0.811
1759998189.5788147,0.729
1759998189.5788147,0.184
1759998189.6285086,-0.045
1759998189.6285086,0.83
1759998189.6285086,0.749
1759998189.6285086,0.175
1759998189.6788228,-0.044
1759998189.6788228,0.829
1759998189.6788228,0.75
1759998189.6788228,0.231
1759998189.7290313,-0.046
1759998189.7290313,0.819
1759998189.7290313,0.738
1759998189.7290313,0.202
1759998189.7788236,-0.047
1759998189.7788236,0.815
1759998189.7788236,0.733
1759998189.7788236,0.23
1759998189.8289862,-0.044
1759998189.8289862,0.826
1759998189.8289862,0.746
1759998189.8289862,0.136
1759998189.879564,-0.044
1759998189.879564,0.828
1759998189.879564,0.758
1759998189.879564,0.224
1759998189.9302378,-0.044
1759998189.9302378,0.824
1759998189.9302378,0.751
1759998189.9302378,0.181
1759998189.979908,-0.046
1759998189.979908,0.841
1759998189.979908,0.77
1759998189.979908,0.215
1759998190.0291128,-0.04
1759998190.0291128,0.852
1759998190.0291128,0.782
1759998190.0291128,0.15
1759998190.0788412,-0.042
1759998190.0788412,0.854
1759998190.0788412,0.781
1759998190.0788412,0.234
1759998190.129475,-0.041
1759998190.129475,0.838
1759998190.129475,0.766
1759998190.129475,0.207
1759998190.1796072,-0.044
1759998190.1796072,0.853
1759998190.1796072,0.785
1759998190.1796072,0.194
1759998190.229132,-0.041
1759998190.229132,0.841
1759998190.229132,0.77
1759998190.229132,0.167
1759998190.2789643,-0.037
1759998190.2789643,0.843
1759998190.2789643,0.77
1759998190.2789643,0.2
1759998191.279538,-0.044
1759998191.279538,0.844
1759998191.279538,0.779
1759998191.279538,0.185
1759998191.3292048,-0.039
1759998191.3292048,0.856
1759998191.3292048,0.781
1759998191.3292048,0.238
1759998191.3792925,-0.044
1759998191.3792925,0.833
1759998191.3792925,0.754
1759998191.3792925,0.154
1759998191.4285553,-0.04
1759998191.4285553,0.817
1759998191.4285553,0.726
1759998191.4285553,0.236
1759998191.478546,-0.045
1759998191.478546,0.83
1759998191.478546,0.752
1759998191.478546,0.229
1759998191.5288932,-0.045
1759998191.5288932,0.829
1759998191.5288932,0.746
1759998191.5288932,0.156
1759998191.5789728,-0.045
1759998191.5789728,0.827
1759998191.5789728,0.739
1759998191.5789728,0.233
1759998191.6289182,-0.041
1759998191.6289182,0.839
1759998191.6289182,0.765
1759998191.6289182,0.191
1759998191.6787672,-0.045
1759998191.6787672,0.845
1759998191.6787672,0.764
1759998191.6787672,0.205
1759998191.72841,-0.037
1759998191.72841,0.816
1759998191.72841,0.745
1759998191.72841,0.139
1759998191.7783208,-0.037
1759998191.7783208,0.848
1759998191.7783208,0.786
1759998191.7783208,0.172
1759998191.8292994,-0.039
1759998191.8292994,0.825
1759998191.8292994,0.746
1759998191.8292994,0.162
1759998191.8796184,-0.035
1759998191.8796184,0.837
1759998191.8796184,0.758
1759998191.8796184,0.161
1759998191.92936,-0.039
1759998191.92936,0.833
1759998191.92936,0.755
1759998191.92936,0.188
1759998191.9794528,-0.04
1759998191.9794528,0.826
1759998191.9794528,0.75
1759998191.9794528,0.225
1759998192.0291698,-0.042
1759998192.0291698,0.836
1759998192.0291698,0.764
1759998192.0291698,0.187
1759998192.0793302,-0.042
1759998192.0793302,0.826
1759998192.0793302,0.743
1759998192.0793302,0.176
1759998192.1304784,-0.039
1759998192.1304784,0.834
1759998192.1304784,0.755
1759998192.1304784,0.201
1759998192.180035,-0.038
1759998192.180035,0.831
1759998192.180035,0.762
1759998192.180035,0.183
1759998192.2301776,-0.038
1759998192.2301776,0.839
1759998192.2301776,0.764
1759998192.2301776,0.171
1759998192.2805004,-0.041
1759998192.2805004,0.836
1759998192.2805004,0.762
1759998192.2805004,0.187
1759998192.3302116,-0.039
1759998192.3302116,0.832
1759998192.3302116,0.761
1759998192.3302116,0.183
1759998192.3792043,-0.04
1759998192.3792043,0.845
1759998192.3792043,0.775
1759998192.3792043,0.184
1759998192.4295685,-0.039
1759998192.4295685,0.848
1759998192.4295685,0.776
1759998192.4295685,0.199
1759998192.479185,-0.042
1759998192.479185,0.852
1759998192.479185,0.778
1759998192.479185,0.155
1759998192.5291421,-0.038
1759998192.5291421,0.841
1759998192.5291421,0.768
1759998192.5291421,0.15
1759998192.5791097,-0.042
1759998192.5791097,0.852
1759998192.5791097,0.771
1759998192.5791097,0.234
1759998192.6290464,-0.046
1759998192.6290464,0.842
1759998192.6290464,0.77
1759998192.6290464,0.196
1759998192.6788886,-0.041
1759998192.6788886,0.851
1759998192.6788886,0.782
1759998192.6788886,0.159
1759998192.7290046,-0.041
1759998192.7290046,0.85
1759998192.7290046,0.777
1759998192.7290046,0.211
1759998192.7794485,-0.039
1759998192.7794485,0.844
1759998192.7794485,0.771
1759998192.7794485,0.204
1759998192.8295047,-0.037
1759998192.8295047,0.839
1759998192.8295047,0.763
1759998192.8295047,0.204
1759998192.8792663,-0.039
1759998192.8792663,0.838
1759998192.8792663,0.768
1759998192.8792663,0.175
1759998192.928988,-0.036
1759998192.928988,0.841
1759998192.928988,0.773
1759998192.928988,0.191
1759998192.9785638,-0.039
1759998192.9785638,0.859
1759998192.9785638,0.783
1759998192.9785638,0.209
1759998193.0287588,-0.03
1759998193.0287588,0.857
1759998193.0287588,0.783
1759998193.0287588,0.175
1759998193.0790827,-0.037
1759998193.0790827,0.836
1759998193.0790827,0.765
1759998193.0790827,0.134
1759998193.12918,-0.034
1759998193.12918,0.838
1759998193.12918,0.766
1759998193.12918,0.228
1759998193.1790316,-0.033
1759998193.1790316,0.86
1759998193.1790316,0.788
1759998193.1790316,0.181
1759998193.2287197,-0.032
1759998193.2287197,0.85
1759998193.2287197,0.773
1759998193.2287197,0.193
1759998193.2788782,-0.033
1759998193.2788782,0.84
1759998193.2788782,0.765
1759998193.2788782,0.178
1759998193.3294742,-0.035
1759998193.3294742,0.829
1759998193.3294742,0.753
1759998193.3294742,0.227
1759998193.383774,-0.039
1759998193.383774,0.83
1759998193.383774,0.758
1759998193.383774,0.191
1759998193.4289017,-0.042
1759998193.4289017,0.832
1759998193.4289017,0.753
1759998193.4289017,0.222
1759998193.4788854,-0.039
1759998193.4788854,0.815
1759998193.4788854,0.739
1759998193.4788854,0.19
1759998193.529215,-0.041
1759998193.529215,0.811
1759998193.529215,0.743
1759998193.529215,0.138
1759998193.5792496,-0.036
1759998193.5792496,0.805
1759998193.5792496,0.736
1759998193.5792496,0.146
1759998193.6285203,-0.039
1759998193.6285203,0.807
1759998193.6285203,0.74
1759998193.6285203,0.171
1759998193.678942,-0.04
1759998193.678942,0.808
1759998193.678942,0.747
1759998193.678942,0.164
1759998193.7282991,-0.04
1759998193.7282991,0.814
1759998193.7282991,0.747
1759998193.7282991,0.171
1759998193.7790585,-0.035
1759998193.7790585,0.823
1759998193.7790585,0.746
1759998193.7790585,0.183
1759998193.8290427,-0.035
1759998193.8290427,0.818
1759998193.8290427,0.74
1759998193.8290427,0.231
1759998193.8794868,-0.039
1759998193.8794868,0.827
1759998193.8794868,0.75
1759998193.8794868,0.178
1759998193.9298482,-0.042
1759998193.9298482,0.817
1759998193.9298482,0.739
1759998193.9298482,0.121
1759998193.9795887,-0.04
1759998193.9795887,0.836
1759998193.9795887,0.762
1759998193.9795887,0.123
1759998194.0293293,-0.036
1759998194.0293293,0.834
1759998194.0293293,0.766
1759998194.0293293,0.191
1759998194.0793228,-0.037
1759998194.0793228,0.84
1759998194.0793228,0.774
1759998194.0793228,0.114
1759998194.129692,-0.034
1759998194.129692,0.81
1759998194.129692,0.734
1759998194.129692,0.098
1759998194.1793618,-0.038
1759998194.1793618,0.802
1759998194.1793618,0.728
1759998194.1793618,0.176
1759998194.2290752,-0.034
1759998194.2290752,0.82
1759998194.2290752,0.751
1759998194.2290752,0.167
1759998194.2793257,-0.042
1759998194.2793257,0.811
1759998194.2793257,0.742
1759998194.2793257,0.156
1759998194.3288476,-0.042
1759998194.3288476,0.813
1759998194.3288476,0.733
1759998194.3288476,0.226
1759998194.3785357,-0.039
1759998194.3785357,0.828
1759998194.3785357,0.756
1759998194.3785357,0.128
1759998194.4292228,-0.035
1759998194.4292228,0.838
1759998194.4292228,0.761
1759998194.4292228,0.177
1759998194.4794576,-0.04
1759998194.4794576,0.837
1759998194.4794576,0.75
1759998194.4794576,0.192
1759998194.529035,-0.037
1759998194.529035,0.816
1759998194.529035,0.736
1759998194.529035,0.201
1759998194.5786254,-0.041
1759998194.5786254,0.818
1759998194.5786254,0.739
1759998194.5786254,0.089
1759998194.6285043,-0.04
1759998194.6285043,0.82
1759998194.6285043,0.756
1759998194.6285043,0.147
1759998194.6785553,-0.041
1759998194.6785553,0.832
1759998194.6785553,0.766
1759998194.6785553,0.124
1759998194.7288606,-0.037
1759998194.7288606,0.85
1759998194.7288606,0.783
1759998194.7288606,0.133
1759998194.7788427,-0.046
1759998194.7788427,0.821
1759998194.7788427,0.731
1759998194.7788427,0.15
1759998194.8303225,-0.041
1759998194.8303225,0.802
1759998194.8303225,0.713
1759998194.8303225,0.139
1759998194.879792,-0.04
1759998194.879792,0.816
1759998194.879792,0.715
1759998194.879792,0.158
1759998194.9289634,-0.038
1759998194.9289634,0.851
1759998194.9289634,0.123
1759998194.979188,-0.045
1759998194.979188,0.817
1759998194.979188,0.717
1759998194.979188,0.179
1759998195.028891,-0.04
1759998195.028891,0.852
1759998195.028891,0.782
1759998195.028891,0.141
1759998195.0791981,-0.039
1759998195.0791981,0.826
1759998195.0791981,0.768
1759998195.0791981,0.167
1759998195.1296728,-0.04
1759998195.1296728,0.852
1759998195.1296728,0.787
1759998195.1296728,0.193
1759998195.1798055,-0.045
1759998195.1798055,0.832
1759998195.1798055,0.748
1759998195.1798055,0.106
1759998195.2299838,-0.039
1759998195.2299838,0.847
1759998195.2299838,0.769
1759998195.2299838,0.182
1759998195.2796082,-0.044
1759998195.2796082,0.829
1759998195.2796082,0.742
1759998195.2796082,0.163
1759998195.3293083,-0.039
1759998195.3293083,0.84
1759998195.3293083,0.747
1759998195.3293083,0.155
1759998195.3788836,-0.046
1759998195.3788836,0.833
1759998195.3788836,0.75
1759998195.3788836,0.182
1759998195.4291673,-0.042
1759998195.4291673,0.831
1759998195.4291673,0.745
1759998195.4291673,0.17
1759998195.479222,-0.042
1759998195.479222,0.826
1759998195.479222,0.742
1759998195.479222,0.2
1759998195.5294816,-0.04
1759998195.5294816,0.856
1759998195.5294816,0.774
1759998195.5294816,0.17
1759998195.5795417,-0.045
1759998195.5795417,0.834
1759998195.5795417,0.755
1759998195.5795417,0.178
1759998195.6295362,-0.049
1759998195.6295362,0.845
1759998195.6295362,0.765
1759998195.6295362,0.195
1759998195.679688,-0.043
1759998195.679688,0.861
1759998195.679688,0.777
1759998195.679688,0.172
1759998195.729606,-0.045
1759998195.729606,0.836
1759998195.729606,0.741
1759998195.729606,0.194
1759998195.7791846,-0.044
1759998195.7791846,0.83
1759998195.7791846,0.741
1759998195.7791846,0.156
1759998195.828957,-0.037
1759998195.828957,0.852
1759998195.828957,0.762
1759998195.828957,0.129
1759998195.8788743,-0.037
1759998195.8788743,0.848
1759998195.8788743,0.767
1759998195.8788743,0.2
1759998195.9289746,-0.046
1759998195.9289746,0.834
1759998195.9289746,0.749
1759998195.9289746,0.165
1759998195.9792361,-0.04
1759998195.9792361,0.83
1759998195.9792361,0.75
1759998195.9792361,0.15
1759998196.0293531,-0.038
1759998196.0293531,0.842
1759998196.0293531,0.759
1759998196.0293531,0.177
1759998196.0793185,-0.043
1759998196.0793185,0.851
1759998196.0793185,0.776
1759998196.0793185,0.173
1759998196.1292157,-0.042
1759998196.1292157,0.843
1759998196.1292157,0.773
1759998196.1292157,0.166
1759998196.1804159,-0.039
1759998196.1804159,0.846
1759998196.1804159,0.775
1759998196.1804159,0.148
1759998196.2291327,-0.048
1759998196.2291327,0.837
1759998196.2291327,0.755
1759998196.2291327,0.156
1759998196.279199,-0.04
1759998196.279199,0.84
1759998196.279199,0.766
1759998196.279199,0.107
1759998196.328617,-0.044
1759998196.328617,0.847
1759998196.328617,0.766
1759998196.328617,0.192
1759998196.3781695,-0.037
1759998196.3781695,0.84
1759998196.3781695,0.754
1759998196.3781695,0.182
1759998196.4285014,-0.038
1759998196.4285014,0.843
1759998196.4285014,0.755
1759998196.4285014,0.116
1759998196.4780629,-0.036
1759998196.4780629,0.859
1759998196.4780629,0.776
1759998196.4780629,0.21
1759998196.5279698,-0.037
1759998196.5279698,0.847
1759998196.5279698,0.759
1759998196.5279698,0.161
1759998196.5780969,-0.035
1759998196.5780969,0.864
1759998196.5780969,0.782
1759998196.5780969,0.151
1759998196.6282887,-0.031
1759998196.6282887,0.869
1759998196.6282887,0.789
1759998196.6282887,0.14
1759998196.6781414,-0.034
1759998196.6781414,0.876
1759998196.6781414,0.788
1759998196.6781414,0.143
1759998196.7281508,-0.035
1759998196.7281508,0.867
1759998196.7281508,0.779
1759998196.7281508,0.171
1759998196.778931,-0.037
1759998196.778931,0.859
1759998196.778931,0.777
1759998196.778931,0.177
1759998196.8296301,-0.034
1759998196.8296301,0.855
1759998196.8296301,0.773
1759998196.8296301,0.132
1759998196.8792028,-0.031
1759998196.8792028,0.87
1759998196.8792028,0.795
1759998196.8792028,0.16
1759998196.9295378,-0.031
1759998196.9295378,0.877
1759998196.9295378,0.797
1759998196.9295378,0.18
1759998196.9799707,-0.032
1759998196.9799707,0.875
1759998196.9799707,0.805
1759998196.9799707,0.177
1759998197.0296242,-0.04
1759998197.0296242,0.858
1759998197.0296242,0.781
1759998197.0296242,0.079
1759998197.0791745,-0.046
1759998197.0791745,0.844
1759998197.0791745,0.761
1759998197.0791745,0.158
1759998197.1294086,-0.04
1759998197.1294086,0.846
1759998197.1294086,0.763
1759998197.1294086,0.175
1759998197.1791062,-0.053
1759998197.1791062,0.859
1759998197.1791062,0.787
1759998197.1791062,0.123
1759998197.2289917,-0.057
1759998197.2289917,0.856
1759998197.2289917,0.777
1759998197.2289917,0.165
1759998197.278512,-0.058
1759998197.278512,0.848
1759998197.278512,0.77
1759998197.278512,0.137
1759998197.328562,-0.05
1759998197.328562,0.836
1759998197.328562,0.754
1759998197.328562,0.124
1759998197.3784854,-0.061
1759998197.3784854,0.837
1759998197.3784854,0.749
1759998197.3784854,0.103
1759998197.4281309,-0.067
1759998197.4281309,0.827
1759998197.4281309,0.745
1759998197.4281309,0.151
1759998197.4800062,-0.072
1759998197.4800062,0.84
1759998197.4800062,0.758
1759998197.4800062,0.14
1759998197.5283782,-0.083
1759998197.5283782,0.828
1759998197.5283782,0.727
1759998197.5283782,0.151
1759998197.5780478,-0.074
1759998197.5780478,0.823
1759998197.5780478,0.725
1759998197.5780478,0.097
1759998197.6281307,-0.072
1759998197.6281307,0.827
1759998197.6281307,0.724
1759998197.6281307,0.155
1759998197.6780372,-0.077
1759998197.6780372,0.847
1759998197.6780372,0.74
1759998197.6780372,0.134
1759998197.7278907,-0.058
1759998197.7278907,0.812
1759998197.7278907,0.724
1759998197.7278907,0.126
1759998197.778172,-0.048
1759998197.778172,0.841
1759998197.778172,0.726
1759998197.778172,0.164
1759998197.8280227,-0.044
1759998197.8280227,0.84
1759998197.8280227,0.727
1759998197.8280227,0.216
1759998197.8779416,-0.061
1759998197.8779416,0.856
1759998197.8779416,0.741
1759998197.8779416,0.155
1759998197.9281685,-0.074
1759998197.9281685,0.862
1759998197.9281685,0.752
1759998197.9281685,0.186
1759998197.9781327,-0.078
1759998197.9781327,0.858
1759998197.9781327,0.755
1759998197.9781327,0.139
1759998198.0280006,-0.076
1759998198.0280006,0.867
1759998198.0280006,0.775
1759998198.0280006,0.214
1759998198.0780594,-0.088
1759998198.0780594,0.884
1759998198.0780594,0.792
1759998198.0780594,0.2
1759998198.128304,-0.083
1759998198.128304,0.869
1759998198.128304,0.783
1759998198.128304,0.203
1759998198.1783047,-0.064
1759998198.1783047,0.883
1759998198.1783047,0.805
1759998198.1783047,0.187
1759998198.2283213,-0.07
1759998198.2283213,0.889
1759998198.2283213,0.822
1759998198.2283213,0.172
1759998198.2783835,-0.049
1759998198.2783835,0.824
1759998198.2783835,0.755
1759998198.2783835,0.189
1759998198.2783835,-0.161
1759998198.3282092,-0.144
1759998198.3282092,0.883
1759998198.3282092,0.796
1759998198.3282092,0.121
1759998198.3781705,0.364
1759998198.4281633,-0.059
1759998198.4281633,0.218
1759998198.4780638,-0.644
1759998198.4780638,0.67
1759998198.4780638,0.651
1759998198.4780638,0.393
1759998198.4780638,-0.137
1759998198.5275035,1.173
1759998198.5275035,-0.135
1759998198.5275035,-0.019
1759998198.5275035,0.414
1759998198.5275035,0.418
1759998198.5780766,0.478
1759998198.5780766,0.042
1759998198.627553,-0.564
1759998198.627553,-0.114
1759998198.6771696,-0.168
1759998198.7774498,-0.114
1759998198.7774498,-0.106
1759998198.7774498,-0.122
1759998198.8764615,0.075
1759998198.8764615,-0.154
1759998198.8764615,-0.181
1759998198.9762537,-0.163
1759998199.0766544,-0.008
1759998199.0766544,-0.096
1759998199.1268532,-0.034
1759998199.1767316,0.13
1759998199.2762127,0.136
1759998199.2762127,0.126
1759998199.426487,0.041
1759998199.5273192,-0.354
1759998199.6771154,0.165
1759998199.7271626,-0.26
1759998199.7271626,-0.234
1759998199.7271626,-0.259
1759998199.776704,-0.108
1759998199.776704,0.068
1759998199.8267474,0.095
1759998199.977017,0.135
1759998199.977017,0.12
1759998200.177352,-0.242
1759998200.177352,-0.298
1759998200.2267082,-0.186
1759998200.3276896,-0.071
1759998200.3276896,-0.202
1759998200.4769738,-0.038
1759998200.6280465,-0.445
1759998200.6280465,0.119
1759998200.6280465,0.098
1759998200.6776617,1.558
1759998200.7280478,0.176
1759998200.7773614,0.779
1759998200.8272166,0.079
1759998200.876933,0.594
1759998200.9273355,-0.17
1759998200.9273355,0.893
1759998200.977459,-0.144
1759998200.977459,1.125
1759998200.977459,1.055
1759998201.0270035,-0.223
1759998201.0270035,0.936
1759998201.0772142,0.045
1759998201.0772142,0.818
1759998201.0772142,0.738
1759998201.0772142,1.817
1759998201.0772142,-0.027
1759998201.127374,-0.786
1759998201.127374,0.842
1759998201.127374,0.751
1759998201.177813,0.011
1759998201.177813,0.955
1759998201.177813,0.853
1759998201.177813,-0.447
1759998201.177813,-0.014
1759998201.227725,-0.073
1759998201.227725,0.985
1759998201.227725,0.008
1759998201.2772353,-0.099
1759998201.2772353,0.954
1759998201.2772353,0.85
1759998201.2772353,0.238
1759998201.3274837,0.178
1759998201.3274837,0.871
1759998201.3274837,0.81
1759998201.3774235,0.061
1759998201.3774235,0.86
1759998201.3774235,0.754
1759998201.3774235,1.544
1759998201.4273722,0.319
1759998201.4273722,0.666
1759998201.4273722,0.562
1759998201.4776242,-0.007
1759998201.4776242,0.799
1759998201.4776242,0.722
1759998201.4776242,-0.454
1759998201.4776242,-0.298
1759998201.5273607,-0.05
1759998201.5273607,0.899
1759998201.5273607,0.847
1759998201.5273607,1.72
1759998201.5273607,-0.154
1759998201.5774608,0.019
1759998201.5774608,-0.926
1759998201.5774608,0.939
1759998201.5774608,0.864
1759998201.5774608,-0.025
1759998201.6275065,-0.115
1759998201.6275065,0.899
1759998201.6275065,0.83
1759998201.6275065,1.381
1759998201.6772838,-0.171
1759998201.6772838,0.917
1759998201.6772838,0.845
1759998201.6772838,-0.394
1759998201.727377,-0.117
1759998201.727377,-0.855
1759998201.727377,0.891
1759998201.727377,0.814
1759998201.727377,-0.278
1759998201.7776494,0.067
1759998201.7776494,0.816
1759998201.7776494,0.749
1759998201.7776494,0.082
1759998201.8276327,-0.004
1759998201.8276327,0.76
1759998201.8276327,0.705
1759998201.8276327,1.743
1759998201.8276327,-0.589
1759998201.8276327,0.028
1759998201.8776326,-0.154
1759998201.8776326,-0.085
1759998201.928217,0.043
1759998201.928217,0.959
1759998201.928217,0.883
1759998201.977781,-0.077
1759998201.977781,0.791
1759998201.977781,-0.045
1759998202.0277295,-0.062
1759998202.0277295,0.893
1759998202.0277295,0.831
1759998202.0277295,1.458
1759998202.0777385,-0.074
1759998202.0777385,0.862
1759998202.0777385,0.754
1759998202.1281266,-0.037
1759998202.1281266,0.858
1759998202.1281266,0.769
1759998202.178139,-0.032
1759998202.178139,0.952
1759998202.178139,0.873
1759998202.228143,-0.046
1759998202.228143,0.844
1759998202.228143,0.764
1759998202.2778563,-0.044
1759998202.2778563,0.81
1759998202.2778563,0.731
1759998202.3278694,-0.043
1759998202.3278694,0.795
1759998202.3278694,0.711
1759998202.3278694,0.131
1759998202.3278694,0.086
1759998202.3779845,-0.06
1759998202.3779845,0.87
1759998202.3779845,0.788
1759998202.3779845,0.309
1759998202.4280326,-0.033
1759998202.4280326,0.886
1759998202.4280326,0.631
1759998202.4280326,-0.118
1759998202.4777617,-0.045
1759998202.4777617,-0.996
1759998202.4777617,0.852
1759998202.4777617,0.763
1759998202.4777617,0.432
1759998202.5277555,-0.059
1759998202.5277555,0.875
1759998202.5277555,0.772
1759998202.5277555,-0.007
1759998202.578016,-0.051
1759998202.578016,0.905
1759998202.578016,0.802
1759998202.578016,0.432
1759998202.578016,-0.204
1759998202.6291487,-0.048
1759998202.6291487,-0.964
1759998202.6291487,0.873
1759998202.6291487,0.785
1759998202.6291487,-0.036
1759998202.6795945,-0.052
1759998202.6795945,0.887
1759998202.6795945,0.798
1759998202.6795945,-0.228
1759998202.6795945,-0.992
1759998202.728733,-0.049
1759998202.728733,-0.671
1759998202.728733,0.89
1759998202.728733,0.801
1759998202.728733,0.003
1759998202.728733,-0.69
1759998202.7787035,-0.054
1759998202.7787035,-0.916
1759998202.7787035,0.866
1759998202.7787035,0.774
1759998202.7787035,-0.002
1759998202.8282309,-0.05
1759998202.8282309,0.846
1759998202.8282309,0.752
1759998202.8282309,0.421
1759998202.8282309,0.655
1759998202.8778105,-0.054
1759998202.8778105,0.878
1759998202.8778105,0.776
1759998202.8778105,0.405
1759998202.9277363,-0.049
1759998202.9277363,0.877
1759998202.9277363,0.788
1759998202.9277363,0.664
1759998202.9277363,0.436
1759998202.978051,-0.046
1759998202.978051,0.832
1759998202.978051,0.744
1759998202.978051,0.208
1759998203.0279434,-0.043
1759998203.0279434,0.876
1759998203.0279434,0.784
1759998203.0279434,0.378
1759998203.0779364,-0.044
1759998203.0779364,0.869
1759998203.0779364,0.782
1759998203.0779364,-0.475
1759998203.1281362,-0.045
1759998203.1281362,0.888
1759998203.1281362,0.807
1759998203.1281362,0.262
1759998203.1784475,-0.046
1759998203.1784475,0.9
1759998203.1784475,0.824
1759998203.1784475,0.115
1759998203.2284071,-0.047
1759998203.2284071,0.891
1759998203.2284071,0.806
1759998203.2284071,0.003
1759998203.2780702,-0.049
1759998203.2780702,0.89
1759998203.2780702,0.81
1759998203.2780702,0.086
1759998203.3280482,-0.051
1759998203.3280482,0.894
1759998203.3280482,0.805
1759998203.3280482,-0.26
1759998203.3280482,-0.048
1759998203.3780005,-0.049
1759998203.3780005,0.838
1759998203.3780005,0.751
1759998203.3780005,0.184
1759998203.3780005,-0.044
1759998203.4277556,-0.049
1759998203.4277556,0.89
1759998203.4277556,0.806
1759998203.4277556,0.021
1759998203.4277556,0.085
1759998203.4775581,-0.05
1759998203.4775581,0.875
1759998203.4775581,0.796
1759998203.4775581,0.217
1759998203.4775581,-0.045
1759998203.527534,-0.051
1759998203.527534,0.868
1759998203.527534,0.789
1759998203.527534,0.077
1759998203.5775185,-0.049
1759998203.5775185,0.871
1759998203.5775185,0.792
1759998203.5775185,0.325
1759998203.6277518,-0.046
1759998203.6277518,0.877
1759998203.6277518,0.801
1759998203.6277518,0.297
1759998203.6277518,0.228
1759998203.6787117,-0.052
1759998203.6787117,0.867
1759998203.6787117,0.78
1759998203.6787117,0.664
1759998203.6787117,-0.124
1759998203.7289739,-0.048
1759998203.7289739,0.857
1759998203.7289739,0.772
1759998203.7289739,0.635
1759998203.778738,-0.049
1759998203.778738,0.851
1759998203.778738,0.762
1759998203.778738,1.044
1759998203.778738,-0.171
1759998203.8284204,-0.05
1759998203.8284204,0.86
1759998203.8284204,0.765
1759998203.8284204,0.639
1759998203.8284204,0.128
1759998203.8780499,-0.05
1759998203.8780499,0.845
1759998203.8780499,0.752
1759998203.8780499,0.721
1759998203.8780499,-0.037
1759998203.9288757,-0.053
1759998203.9288757,0.847
1759998203.9288757,0.754
1759998203.9288757,0.31
1759998203.9288757,0.092
1759998203.978598,-0.052
1759998203.978598,0.857
1759998203.978598,0.764
1759998203.978598,0.071
1759998203.978598,0.033
1759998204.0283985,-0.049
1759998204.0283985,0.857
1759998204.0283985,0.761
1759998204.0283985,0.055
1759998204.0784764,-0.054
1759998204.0784764,0.86
1759998204.0784764,0.767
1759998204.0784764,0.198
1759998204.128442,-0.052
1759998204.128442,0.859
1759998204.128442,0.761
1759998204.128442,0.286
1759998204.1788492,-0.055
1759998204.1788492,-0.786
1759998204.1788492,0.859
1759998204.1788492,0.767
1759998204.1788492,-0.035
1759998204.1788492,1.79
1759998204.2285821,-0.053
1759998204.2285821,0.858
1759998204.2285821,0.766
1759998204.2285821,-0.013
1759998204.2783155,-0.052
1759998204.2783155,0.839
1759998204.2783155,0.736
1759998204.2783155,0.241
1759998204.2783155,0.131
1759998204.3283448,-0.052
1759998204.3283448,0.853
1759998204.3283448,0.754
1759998204.3283448,0.134
1759998204.378369,-0.052
1759998204.378369,0.861
1759998204.378369,0.77
1759998204.378369,0.335
1759998204.4285,-0.052
1759998204.4285,0.842
1759998204.4285,0.746
1759998204.4285,-0.18
1759998204.4285,0.023
1759998204.4785025,-0.051
1759998204.4785025,0.856
1759998204.4785025,0.764
1759998204.4785025,0.048
1759998204.4785025,-0.078
1759998204.5283277,-0.051
1759998204.5283277,0.847
1759998204.5283277,0.76
1759998204.5283277,0.204
1759998204.5283277,-0.443
1759998204.5780315,-0.048
1759998204.5780315,0.864
1759998204.5780315,0.778
1759998204.5780315,0.096
1759998204.5780315,-0.379
1759998204.6284657,-0.051
1759998204.6284657,0.856
1759998204.6284657,0.772
1759998204.6284657,0.079
1759998204.6284657,-0.14
1759998204.678225,-0.05
1759998204.678225,0.88
1759998204.678225,0.801
1759998204.678225,0.338
1759998204.728383,-0.053
1759998204.728383,0.86
1759998204.728383,0.777
1759998204.728383,0.026
1759998204.728383,-0.723
1759998204.7784755,-0.047
1759998204.7784755,0.874
1759998204.7784755,0.789
1759998204.7784755,0.273
1759998204.8284214,-0.048
1759998204.8284214,0.863
1759998204.8284214,0.784
1759998204.8284214,0.162
1759998204.878322,-0.048
1759998204.878322,0.868
1759998204.878322,0.792
1759998204.878322,0.066
1759998204.878322,-0.397
1759998204.9282916,-0.049
1759998204.9282916,0.87
1759998204.9282916,0.792
1759998204.9282916,0.113
1759998204.978222,-0.047
1759998204.978222,0.864
1759998204.978222,0.783
1759998204.978222,0.068
1759998204.978222,-0.127
1759998205.0280304,-0.046
1759998205.0280304,0.873
1759998205.0280304,0.791
1759998205.0280304,0.176
1759998205.0280304,-0.052
1759998205.0778708,-0.045
1759998205.0778708,0.86
1759998205.0778708,0.776
1759998205.0778708,0.17
1759998205.1284268,-0.049
1759998205.1284268,0.879
1759998205.1284268,0.8
1759998205.1284268,0.262
1759998205.179813,-0.047
1759998205.179813,0.877
1759998205.179813,0.796
1759998205.179813,0.377
1759998205.2288916,-0.046
1759998205.2288916,0.878
1759998205.2288916,0.798
1759998205.2288916,0.092
1759998205.2288916,-0.187
1759998205.2786906,-0.049
1759998205.2786906,0.871
1759998205.2786906,0.789
1759998205.2786906,0.261
1759998205.2786906,-0.415
1759998205.3284822,-0.049
1759998205.3284822,0.855
1759998205.3284822,0.765
1759998205.3284822,-0.004
1759998205.3284822,-0.18
1759998205.3783855,-0.052
1759998205.3783855,0.857
1759998205.3783855,0.765
1759998205.3783855,0.303
1759998205.3783855,-0.162
1759998205.4282093,-0.049
1759998205.4282093,0.875
1759998205.4282093,0.787
1759998205.4282093,0.134
1759998205.4782913,-0.051
1759998205.4782913,0.878
1759998205.4782913,0.783
1759998205.4782913,0.288
1759998205.52847,-0.053
1759998205.52847,0.915
1759998205.52847,0.822
1759998205.52847,0.153
1759998205.5783045,-0.053
1759998205.5783045,0.868
1759998205.5783045,0.779
1759998205.5783045,0.285
1759998205.5783045,-0.423
1759998205.6284013,-0.055
1759998205.6284013,0.862
1759998205.6284013,0.768
1759998205.6284013,0.242
1759998205.6784546,-0.051
1759998205.6784546,0.888
1759998205.6784546,0.791
1759998205.6784546,0.147
1759998205.6784546,0.588
1759998205.6784546,-0.383
1759998205.728596,-0.052
1759998205.728596,0.825
1759998205.728596,0.733
1759998205.728596,0.067
1759998205.7784889,-0.054
1759998205.7784889,0.834
1759998205.7784889,0.739
1759998205.7784889,0.156
1759998205.7784889,-0.876
1759998205.8282485,-0.049
1759998205.8282485,0.855
1759998205.8282485,0.763
1759998205.8282485,0.067
1759998205.8282485,-0.091
1759998205.8783207,-0.05
1759998205.8783207,0.85
1759998205.8783207,0.761
1759998205.8783207,0.243
1759998205.8783207,0.567
1759998205.9286337,-0.05
1759998205.9286337,0.82
1759998205.9286337,0.732
1759998205.9286337,-0.655
1759998205.9286337,0.209
1759998205.9286337,-0.965
1759998205.9783251,-0.051
1759998205.9783251,0.883
1759998205.9783251,0.796
1759998205.9783251,0.196
1759998206.0283792,-0.049
1759998206.0283792,0.855
1759998206.0283792,0.774
1759998206.0283792,0.033
1759998206.0790513,-0.049
1759998206.0790513,0.863
1759998206.0790513,0.777
1759998206.0790513,0.388
1759998206.0790513,-0.34
1759998206.1279147,-0.047
1759998206.1279147,0.865
1759998206.1279147,0.779
1759998206.1279147,0.209
1759998206.178628,-0.05
1759998206.178628,0.871
1759998206.178628,0.782
1759998206.178628,-0.709
1759998206.178628,0.26
1759998206.178628,0.771
1759998206.178628,0.228
1759998206.178628,0.58
1759998206.178628,0.057
1759998206.2283504,-0.045
1759998206.2283504,0.878
1759998206.2283504,0.792
1759998206.2283504,0.352
1759998206.2783165,-0.045
1759998206.2783165,0.867
1759998206.2783165,0.781
1759998206.2783165,1.851
1759998206.2783165,0.387
1759998206.2783165,-0.108
1759998206.3283215,-0.048
1759998206.3283215,0.862
1759998206.3283215,0.781
1759998206.3283215,-0.004
1759998206.3781064,-0.045
1759998206.3781064,0.871
1759998206.3781064,0.787
1759998206.3781064,0.279
1759998206.3781064,-0.108
1759998206.428017,-0.047
1759998206.428017,0.869
1759998206.428017,0.79
1759998206.428017,0.148
1759998206.4778569,-0.049
1759998206.4778569,0.867
1759998206.4778569,0.789
1759998206.4778569,0.084
1759998206.527786,-0.047
1759998206.527786,0.856
1759998206.527786,0.774
1759998206.527786,0.297
1759998206.5779896,-0.049
1759998206.5779896,0.876
1759998206.5779896,0.79
1759998206.5779896,0.049
1759998206.628029,-0.047
1759998206.628029,0.862
1759998206.628029,0.772
1759998206.628029,0.311
1759998206.678347,-0.051
1759998206.678347,0.859
1759998206.678347,0.768
1759998206.678347,0.334
1759998206.7277277,-0.055
1759998206.7277277,0.863
1759998206.7277277,0.772
1759998206.7277277,0.272
1759998206.777684,-0.053
1759998206.777684,0.866
1759998206.777684,0.774
1759998206.777684,-0.485
1759998206.777684,-0.735
1759998206.777684,0.307
1759998206.8273566,-0.052
1759998206.8273566,0.864
1759998206.8273566,0.772
1759998206.8273566,0.172
1759998206.8273566,-0.201
1759998206.8782704,-0.053
1759998206.8782704,0.866
1759998206.8782704,0.774
1759998206.8782704,0.145
1759998206.9282517,-0.052
1759998206.9282517,0.843
1759998206.9282517,0.748
1759998206.9282517,0.138
1759998206.97835,-0.054
1759998206.97835,0.865
1759998206.97835,0.772
1759998206.97835,0.068
1759998207.028376,-0.051
1759998207.028376,0.856
1759998207.028376,0.761
1759998207.028376,0.162
1759998207.0785143,-0.054
1759998207.0785143,0.852
1759998207.0785143,0.757
1759998207.0785143,0.217
1759998207.0785143,-0.371
1759998207.1286247,-0.055
1759998207.1286247,0.851
1759998207.1286247,0.752
1759998207.1286247,0.085
1759998207.1286247,0.451
1759998207.1785874,-0.055
1759998207.1785874,0.865
1759998207.1785874,0.772
1759998207.1785874,0.183
1759998207.22842,-0.049
1759998207.22842,0.876
1759998207.22842,0.777
1759998207.22842,0.228
1759998207.22842,-0.137
1759998207.2781572,-0.051
1759998207.2781572,0.866
1759998207.2781572,0.773
1759998207.2781572,0.182
1759998207.2781572,1.523
1759998207.3277555,-0.049
1759998207.3277555,0.861
1759998207.3277555,0.772
1759998207.3277555,0.035
1759998207.3277555,0.164
1759998207.3779082,-0.049
1759998207.3779082,0.858
1759998207.3779082,0.771
1759998207.3779082,0.334
1759998207.4286435,-0.044
1759998207.4286435,0.857
1759998207.4286435,0.768
1759998207.4286435,0.158
1759998207.4286435,0.521
1759998207.4286435,0.301
1759998207.4784675,-0.045
1759998207.4784675,0.865
1759998207.4784675,0.782
1759998207.4784675,0.114
1759998207.52824,-0.043
1759998207.52824,0.861
1759998207.52824,0.774
1759998207.52824,0.193
1759998207.5782394,-0.041
1759998207.5782394,0.864
1759998207.5782394,0.78
1759998207.5782394,0.182
1759998207.5782394,-0.829
1759998207.5782394,-0.883
1759998207.627779,-0.044
1759998207.627779,0.861
1759998207.627779,0.774
1759998207.627779,0.116
1759998207.6783118,-0.044
1759998207.6783118,0.881
1759998207.6783118,0.795
1759998207.6783118,0.174
1759998207.7284496,-0.048
1759998207.7284496,0.865
1759998207.7284496,0.785
1759998207.7284496,0.222
1759998207.778297,-0.043
1759998207.778297,0.864
1759998207.778297,0.786
1759998207.778297,0.049
1759998207.778297,-0.906
1759998207.8284488,-0.043
1759998207.8284488,0.853
1759998207.8284488,0.766
1759998207.8284488,0.092
1759998207.8783245,-0.046
1759998207.8783245,0.87
1759998207.8783245,0.783
1759998207.8783245,0.171
1759998207.9284039,-0.045
1759998207.9284039,0.856
1759998207.9284039,0.767
1759998207.9284039,0.145
1759998207.9284039,0.684
1759998207.9284039,0.57
1759998207.978318,-0.046
1759998207.978318,0.864
1759998207.978318,0.78
1759998207.978318,0.224
1759998207.978318,0.422
1759998208.0281644,-0.044
1759998208.0281644,0.865
1759998208.0281644,0.777
1759998208.0281644,0.156
1759998208.0784342,-0.047
1759998208.0784342,0.87
1759998208.0784342,0.782
1759998208.0784342,0.114
1759998208.128514,-0.045
1759998208.128514,0.869
1759998208.128514,0.785
1759998208.128514,0.073
1759998208.1785972,-0.047
1759998208.1785972,0.861
1759998208.1785972,0.77
1759998208.1785972,0.169
1759998208.1785972,-0.641
1759998208.2283416,-0.044
1759998208.2283416,0.859
1759998208.2283416,0.771
1759998208.2283416,0.224
1759998208.2782571,-0.048
1759998208.2782571,0.856
1759998208.2782571,0.76
1759998208.2782571,0.208
1759998208.2782571,-0.332
1759998208.2782571,-0.481
1759998208.328678,-0.051
1759998208.328678,0.861
1759998208.328678,0.763
1759998208.328678,0.14
1759998208.3787036,-0.049
1759998208.3787036,0.869
1759998208.3787036,0.778
1759998208.3787036,0.186
1759998208.4279184,-0.048
1759998208.4279184,0.854
1759998208.4279184,0.755
1759998208.4279184,0.139
1759998208.477778,-0.048
1759998208.477778,0.842
1759998208.477778,0.748
1759998208.477778,0.172
1759998208.5283523,-0.045
1759998208.5283523,0.846
1759998208.5283523,0.749
1759998208.5283523,0.276
1759998208.5283523,-0.398
1759998208.5283523,0.8
1759998208.578302,-0.048
1759998208.578302,0.857
1759998208.578302,0.764
1759998208.578302,0.198
1759998208.6281328,-0.046
1759998208.6281328,0.863
1759998208.6281328,0.77
1759998208.6281328,0.165
1759998208.677917,-0.046
1759998208.677917,0.843
1759998208.677917,0.749
1759998208.677917,0.209
1759998208.7281356,-0.046
1759998208.7281356,0.853
1759998208.7281356,0.757
1759998208.7281356,0.155
1759998208.7782454,-0.043
1759998208.7782454,0.862
1759998208.7782454,0.773
1759998208.7782454,0.174
1759998208.8283546,-0.043
1759998208.8283546,0.843
1759998208.8283546,0.749
1759998208.8283546,0.103
1759998208.8783772,-0.042
1759998208.8783772,0.857
1759998208.8783772,0.768
1759998208.8783772,0.109
1759998208.9282176,-0.045
1759998208.9282176,0.845
1759998208.9282176,0.762
1759998208.9282176,0.156
1759998208.9783256,-0.041
1759998208.9783256,0.863
1759998208.9783256,0.775
1759998208.9783256,0.13
1759998209.0281081,-0.039
1759998209.0281081,0.855
1759998209.0281081,0.774
1759998209.0281081,0.189
1759998209.0781739,-0.042
1759998209.0781739,0.863
1759998209.0781739,0.772
1759998209.0781739,0.182
1759998209.1284251,-0.038
1759998209.1284251,0.862
1759998209.1284251,0.78
1759998209.1284251,0.159
1759998209.1284251,-0.776
1759998209.178342,-0.042
1759998209.178342,0.864
1759998209.178342,0.775
1759998209.178342,0.178
1759998209.2278593,-0.043
1759998209.2278593,0.87
1759998209.2278593,0.783
1759998209.2278593,0.201
1759998209.278113,-0.04
1759998209.278113,0.872
1759998209.278113,0.79
1759998209.278113,0.146
1759998209.278113,0.297
1759998209.3281693,-0.044
1759998209.3281693,0.859
1759998209.3281693,0.769
1759998209.3281693,0.169
1759998209.3782403,-0.043
1759998209.3782403,0.858
1759998209.3782403,0.769
1759998209.3782403,0.132
1759998209.428204,-0.042
1759998209.428204,0.857
1759998209.428204,0.767
1759998209.428204,0.162
1759998209.4782982,-0.044
1759998209.4782982,0.855
1759998209.4782982,0.769
1759998209.4782982,0.126
1759998209.5280168,-0.047
1759998209.5280168,0.871
1759998209.5280168,0.779
1759998209.5280168,0.162
1759998209.5280168,-0.254
1759998209.578219,-0.047
1759998209.578219,0.863
1759998209.578219,0.776
1759998209.578219,0.138
1759998209.6277192,-0.05
1759998209.6277192,0.863
1759998209.6277192,0.772
1759998209.6277192,0.187
1759998209.6277192,-0.765
1759998209.6784413,-0.045
1759998209.6784413,0.854
1759998209.6784413,0.758
1759998209.6784413,0.226
1759998209.7282388,-0.046
1759998209.7282388,0.86
1759998209.7282388,0.768
1759998209.7282388,0.147
1759998209.7778697,-0.046
1759998209.7778697,0.862
1759998209.7778697,0.77
1759998209.7778697,0.152
1759998209.8274448,-0.047
1759998209.8274448,0.862
1759998209.8274448,0.772
1759998209.8274448,0.26
1759998209.8774838,-0.046
1759998209.8774838,0.857
1759998209.8774838,0.764
1759998209.8774838,0.154
1759998209.9276042,-0.047
1759998209.9276042,0.861
1759998209.9276042,0.764
1759998209.9276042,0.157
1759998209.9776213,-0.046
1759998209.9776213,0.861
1759998209.9776213,0.769
1759998209.9776213,0.184
1759998210.0285385,-0.047
1759998210.0285385,0.842
1759998210.0285385,0.751
1759998210.0285385,0.187
1759998210.0285385,-0.874
1759998210.0784488,-0.044
1759998210.0784488,0.853
1759998210.0784488,0.765
1759998210.0784488,0.217
1759998210.1286922,-0.043
1759998210.1286922,0.861
1759998210.1286922,0.77
1759998210.1286922,0.189
1759998210.1786318,-0.045
1759998210.1786318,0.843
1759998210.1786318,0.751
1759998210.1786318,0.143
1759998210.228504,-0.045
1759998210.228504,0.856
1759998210.228504,0.766
1759998210.228504,0.191
1759998210.279319,-0.042
1759998210.279319,0.851
1759998210.279319,0.762
1759998210.279319,0.175
1759998210.3283439,-0.045
1759998210.3283439,0.853
1759998210.3283439,0.763
1759998210.3283439,0.198
1759998210.3773267,-0.048
1759998210.3773267,0.855
1759998210.3773267,0.768
1759998210.3773267,0.172
1759998210.4284823,-0.042
1759998210.4284823,0.865
1759998210.4284823,0.777
1759998210.4284823,0.148
1759998210.4788282,-0.042
1759998210.4788282,0.861
1759998210.4788282,0.773
1759998210.4788282,0.139
1759998210.5284967,-0.044
1759998210.5284967,0.855
1759998210.5284967,0.769
1759998210.5284967,0.148
1759998210.5284967,-0.37
1759998210.5787897,-0.044
1759998210.5787897,0.844
1759998210.5787897,0.76
1759998210.5787897,0.248
1759998210.6283417,-0.045
1759998210.6283417,0.855
1759998210.6283417,0.771
1759998210.6283417,0.131
1759998210.6779742,-0.045
1759998210.6779742,0.862
1759998210.6779742,0.776
1759998210.6779742,0.165
1759998210.72919,-0.045
1759998210.72919,0.869
1759998210.72919,0.774
1759998210.72919,0.154
1759998210.7782383,-0.046
1759998210.7782383,0.861
1759998210.7782383,0.766
1759998210.7782383,0.213
1759998210.828265,-0.046
1759998210.828265,0.866
1759998210.828265,0.774
1759998210.828265,0.152
1759998210.8782094,-0.042
1759998210.8782094,0.853
1759998210.8782094,0.761
1759998210.8782094,0.241
1759998210.9275541,-0.045
1759998210.9275541,0.865
1759998210.9275541,0.773
1759998210.9275541,0.137
1759998210.9784968,-0.047
1759998210.9784968,0.867
1759998210.9784968,0.778
1759998210.9784968,0.174
1759998211.0277038,-0.045
1759998211.0277038,0.866
1759998211.0277038,0.772
1759998211.0277038,0.107
1759998211.0777006,-0.044
1759998211.0777006,0.869
1759998211.0777006,0.778
1759998211.0777006,0.207
1759998211.128471,-0.048
1759998211.128471,0.848
1759998211.128471,0.755
1759998211.128471,0.206
1759998211.1784697,-0.047
1759998211.1784697,0.861
1759998211.1784697,0.763
1759998211.1784697,0.075
1759998211.2283533,-0.046
1759998211.2283533,0.872
1759998211.2283533,0.774
1759998211.2283533,0.229
1759998211.278258,-0.044
1759998211.278258,0.866
1759998211.278258,0.768
1759998211.278258,0.248
1759998211.327955,-0.045
1759998211.327955,0.858
1759998211.327955,0.759
1759998211.327955,0.046
1759998211.3781059,-0.045
1759998211.3781059,0.858
1759998211.3781059,0.762
1759998211.3781059,0.241
1759998211.4282393,-0.047
1759998211.4282393,0.863
1759998211.4282393,0.77
1759998211.4282393,0.169
1759998211.4777236,-0.047
1759998211.4777236,0.858
1759998211.4777236,0.764
1759998211.4777236,0.2
1759998211.5278254,-0.044
1759998211.5278254,0.845
1759998211.5278254,0.752
1759998211.5278254,0.12
1759998211.5778315,-0.044
1759998211.5778315,0.87
1759998211.5778315,0.779
1759998211.5778315,0.174
1759998211.6278203,-0.042
1759998211.6278203,0.869
1759998211.6278203,0.774
1759998211.6278203,0.134
1759998211.6776552,-0.042
1759998211.6776552,0.869
1759998211.6776552,0.781
1759998211.6776552,0.147
1759998211.72815,-0.04
1759998211.72815,0.873
1759998211.72815,0.787
1759998211.72815,0.104
1759998211.72815,-0.714
1759998211.7782104,-0.041
1759998211.7782104,0.865
1759998211.7782104,0.789
1759998211.7782104,0.204
1759998211.8279734,-0.042
1759998211.8279734,0.87
1759998211.8279734,0.782
1759998211.8279734,0.187
1759998211.8279734,1.874
1759998211.8778675,-0.04
1759998211.8778675,0.856
1759998211.8778675,0.767
1759998211.8778675,0.216
1759998211.9275765,-0.04
1759998211.9275765,0.86
1759998211.9275765,0.771
1759998211.9275765,0.182
1759998211.9779482,-0.04
1759998211.9779482,0.861
1759998211.9779482,0.772
1759998211.9779482,0.186
1759998212.0273771,-0.038
1759998212.0273771,0.865
1759998212.0273771,0.777
1759998212.0273771,0.123
1759998212.0775378,-0.036
1759998212.0775378,0.864
1759998212.0775378,0.775
1759998212.0775378,0.183
1759998212.1275187,-0.038
1759998212.1275187,0.839
1759998212.1275187,0.747
1759998212.1275187,0.174
1759998212.1275187,1.582
1759998212.178347,-0.038
1759998212.178347,0.843
1759998212.178347,0.757
1759998212.178347,0.177
1759998212.2277732,-0.037
1759998212.2277732,0.861
1759998212.2277732,0.771
1759998212.2277732,0.173
1759998212.278206,-0.04
1759998212.278206,0.868
1759998212.278206,0.78
1759998212.278206,0.127
1759998212.327578,-0.039
1759998212.327578,0.865
1759998212.327578,0.774
1759998212.327578,0.148
1759998212.3779042,-0.042
1759998212.3779042,0.854
1759998212.3779042,0.76
1759998212.3779042,0.179
1759998212.4278476,-0.038
1759998212.4278476,0.853
1759998212.4278476,0.761
1759998212.4278476,0.133
1759998212.47763,-0.04
1759998212.47763,0.865
1759998212.47763,0.773
1759998212.47763,0.194
1759998212.5280879,-0.043
1759998212.5280879,0.853
1759998212.5280879,0.759
1759998212.5280879,0.154
1759998212.5779672,-0.044
1759998212.5779672,0.866
1759998212.5779672,0.767
1759998212.5779672,0.144
1759998212.627807,-0.046
1759998212.627807,0.863
1759998212.627807,0.767
1759998212.627807,0.141
1759998212.6778789,-0.043
1759998212.6778789,0.883
1759998212.6778789,0.791
1759998212.6778789,0.178
1759998212.7279804,-0.045
1759998212.7279804,0.86
1759998212.7279804,0.766
1759998212.7279804,0.131
1759998212.777704,-0.047
1759998212.777704,0.862
1759998212.777704,0.769
1759998212.777704,0.145
1759998212.8276715,-0.045
1759998212.8276715,0.854
1759998212.8276715,0.762
1759998212.8276715,0.252
1759998212.8774323,-0.044
1759998212.8774323,0.868
1759998212.8774323,0.775
1759998212.8774323,0.172
1759998212.927437,-0.042
1759998212.927437,0.857
1759998212.927437,0.764
1759998212.927437,0.161
1759998212.9778745,-0.043
1759998212.9778745,0.866
1759998212.9778745,0.776
1759998212.9778745,0.129
1759998213.027497,-0.046
1759998213.027497,0.875
1759998213.027497,0.793
1759998213.027497,0.169
1759998213.0780444,-0.046
1759998213.0780444,0.866
1759998213.0780444,0.782
1759998213.0780444,0.156
1759998213.1282432,-0.045
1759998213.1282432,0.859
1759998213.1282432,0.779
1759998213.1282432,0.158
1759998213.1784184,-0.042
1759998213.1784184,0.869
1759998213.1784184,0.788
1759998213.1784184,0.12
1759998213.2282953,-0.045
1759998213.2282953,0.864
1759998213.2282953,0.788
1759998213.2282953,0.181
1759998213.2782214,-0.046
1759998213.2782214,0.864
1759998213.2782214,0.783
1759998213.2782214,0.21
1759998213.3278549,-0.041
1759998213.3278549,0.881
1759998213.3278549,0.801
1759998213.3278549,0.16
1759998213.3278549,0.256
1759998213.3783126,-0.041
1759998213.3783126,0.865
1759998213.3783126,0.784
1759998213.3783126,0.155
1759998213.4283595,-0.043
1759998213.4283595,0.876
1759998213.4283595,0.792
1759998213.4283595,0.181
1759998213.477965,-0.044
1759998213.477965,0.872
1759998213.477965,0.796
1759998213.477965,0.197
1759998213.5281756,-0.046
1759998213.5281756,0.872
1759998213.5281756,0.784
1759998213.5281756,0.183
1759998213.5782073,-0.044
1759998213.5782073,0.861
1759998213.5782073,0.774
1759998213.5782073,0.175
1759998213.6282036,-0.045
1759998213.6282036,0.868
1759998213.6282036,0.783
1759998213.6282036,0.114
1759998213.678397,-0.046
1759998213.678397,0.864
1759998213.678397,0.775
1759998213.678397,0.212
1759998213.7282612,-0.047
1759998213.7282612,0.859
1759998213.7282612,0.776
1759998213.7282612,0.116
1759998213.7779539,-0.048
1759998213.7779539,0.868
1759998213.7779539,0.777
1759998213.7779539,0.198
1759998213.8279698,-0.045
1759998213.8279698,0.866
1759998213.8279698,0.783
1759998213.8279698,0.139
1759998213.8279698,-0.732
1759998213.8783228,-0.047
1759998213.8783228,0.86
1759998213.8783228,0.768
1759998213.8783228,0.182
1759998213.9281802,-0.049
1759998213.9281802,0.858
1759998213.9281802,0.765
1759998213.9281802,0.133
1759998213.9782393,-0.046
1759998213.9782393,0.858
1759998213.9782393,0.771
1759998213.9782393,0.206
1759998214.0284674,-0.049
1759998214.0284674,0.863
1759998214.0284674,0.771
1759998214.0284674,0.157
1759998214.0784562,-0.047
1759998214.0784562,0.861
1759998214.0784562,0.773
1759998214.0784562,0.184
1759998214.1284409,-0.047
1759998214.1284409,0.863
1759998214.1284409,0.773
1759998214.1284409,0.182
1759998214.1785607,-0.046
1759998214.1785607,0.863
1759998214.1785607,0.773
1759998214.1785607,0.139
1759998214.2285545,-0.045
1759998214.2285545,0.857
1759998214.2285545,0.769
1759998214.2285545,0.211
1759998214.2285545,-0.649
1759998214.2285545,-0.929
1759998214.2285545,1.948
1759998214.2285545,1.779
1759998214.2777228,-0.048
1759998214.2777228,0.855
1759998214.2777228,0.767
1759998214.2777228,0.106
1759998214.329213,-0.045
1759998214.329213,0.855
1759998214.329213,0.771
1759998214.329213,0.163
1759998214.3793843,-0.045
1759998214.3793843,0.859
1759998214.3793843,0.776
1759998214.3793843,0.18
1759998214.4293976,-0.046
1759998214.4293976,0.867
1759998214.4293976,0.784
1759998214.4293976,0.177
1759998214.4792032,-0.049
1759998214.4792032,0.857
1759998214.4792032,0.778
1759998214.4792032,0.127
1759998214.5295374,-0.045
1759998214.5295374,0.861
1759998214.5295374,0.777
1759998214.5295374,0.174
1759998214.5790873,-0.045
1759998214.5790873,0.868
1759998214.5790873,0.791
1759998214.5790873,0.172
1759998214.6287131,-0.044
1759998214.6287131,0.864
1759998214.6287131,0.782
1759998214.6287131,0.197
1759998214.6785023,-0.047
1759998214.6785023,0.87
1759998214.6785023,0.787
1759998214.6785023,0.142
1759998214.7282665,-0.048
1759998214.7282665,0.864
1759998214.7282665,0.776
1759998214.7282665,0.182
1759998214.778221,-0.048
1759998214.778221,0.869
1759998214.778221,0.787
1759998214.778221,0.164
1759998214.8277028,-0.049
1759998214.8277028,0.861
1759998214.8277028,0.781
1759998214.8277028,0.143
1759998214.878268,-0.048
1759998214.878268,0.884
1759998214.878268,0.802
1759998214.878268,0.171
1759998214.9282641,-0.046
1759998214.9282641,0.867
1759998214.9282641,0.782
1759998214.9282641,0.198
1759998214.9782352,-0.045
1759998214.9782352,0.865
1759998214.9782352,0.777
1759998214.9782352,0.153
1759998215.0279338,-0.045
1759998215.0279338,0.857
1759998215.0279338,0.771
1759998215.0279338,0.187
1759998215.0783021,-0.05
1759998215.0783021,0.857
1759998215.0783021,0.77
1759998215.0783021,0.125
1759998215.1284049,-0.048
1759998215.1284049,0.866
1759998215.1284049,0.782
1759998215.1284049,0.21
1759998215.1784792,-0.049
1759998215.1784792,0.872
1759998215.1784792,0.785
1759998215.1784792,0.12
1759998215.2285137,-0.047
1759998215.2285137,0.875
1759998215.2285137,0.787
1759998215.2285137,0.153
1759998215.2784116,-0.049
1759998215.2784116,0.875
1759998215.2784116,0.786
1759998215.2784116,0.171
1759998215.3283942,-0.049
1759998215.3283942,0.871
1759998215.3283942,0.784
1759998215.3283942,0.142
1759998215.3783407,-0.049
1759998215.3783407,0.865
1759998215.3783407,0.775
1759998215.3783407,0.178
1759998215.428083,-0.05
1759998215.428083,0.862
1759998215.428083,0.777
1759998215.428083,0.177
1759998215.4785285,-0.05
1759998215.4785285,0.868
1759998215.4785285,0.781
1759998215.4785285,0.134
1759998215.5280735,-0.048
1759998215.5280735,0.865
1759998215.5280735,0.782
1759998215.5280735,0.169
1759998215.577982,-0.051
1759998215.577982,0.871
1759998215.577982,0.786
1759998215.577982,0.159
1759998215.6279874,-0.05
1759998215.6279874,0.859
1759998215.6279874,0.777
1759998215.6279874,0.159
1759998215.6783578,-0.05
1759998215.6783578,0.865
1759998215.6783578,0.78
1759998215.6783578,0.188
1759998215.7280028,-0.05
1759998215.7280028,0.869
1759998215.7280028,0.785
1759998215.7280028,0.169
1759998215.777966,-0.048
1759998215.777966,0.87
1759998215.777966,0.788
1759998215.777966,0.15
1759998215.8285291,-0.047
1759998215.8285291,0.858
1759998215.8285291,0.775
1759998215.8285291,0.158
1759998215.8786843,-0.049
1759998215.8786843,0.86
1759998215.8786843,0.777
1759998215.8786843,0.129
1759998215.9279754,-0.047
1759998215.9279754,0.863
1759998215.9279754,0.781
1759998215.9279754,0.105
1759998215.978478,-0.047
1759998215.978478,0.865
1759998215.978478,0.784
1759998215.978478,0.133
1759998216.028836,-0.047
1759998216.028836,0.861
1759998216.028836,0.778
1759998216.028836,0.145
1759998216.0784934,-0.046
1759998216.0784934,0.858
1759998216.0784934,0.772
1759998216.0784934,0.123
1759998216.1283152,-0.046
1759998216.1283152,0.861
1759998216.1283152,0.784
1759998216.1283152,0.211
1759998216.1788719,-0.046
1759998216.1788719,0.867
1759998216.1788719,0.787
1759998216.1788719,0.21
1759998216.2283006,-0.048
1759998216.2283006,0.866
1759998216.2283006,0.788
1759998216.2283006,0.18
1759998216.2783046,-0.045
1759998216.2783046,0.872
1759998216.2783046,0.789
1759998216.2783046,0.194
1759998216.3284202,-0.049
1759998216.3284202,0.87
1759998216.3284202,0.786
1759998216.3284202,0.21
1759998216.3783479,-0.045
1759998216.3783479,0.858
1759998216.3783479,0.774
1759998216.3783479,0.171
1759998216.4285517,-0.045
1759998216.4285517,0.867
1759998216.4285517,0.785
1759998216.4285517,0.152
1759998216.4790373,-0.048
1759998216.4790373,0.876
1759998216.4790373,0.794
1759998216.4790373,0.202
1759998216.5279827,-0.045
1759998216.5279827,0.858
1759998216.5279827,0.77
1759998216.5279827,0.175
1759998216.5783186,-0.048
1759998216.5783186,0.869
1759998216.5783186,0.782
1759998216.5783186,0.169
1759998216.628319,-0.049
1759998216.628319,0.869
1759998216.628319,0.781
1759998216.628319,0.129
1759998216.6784601,-0.049
1759998216.6784601,0.871
1759998216.6784601,0.784
1759998216.6784601,0.211
1759998216.7281113,-0.047
1759998216.7281113,0.868
1759998216.7281113,0.78
1759998216.7281113,0.17
1759998216.778423,-0.047
1759998216.778423,0.868
1759998216.778423,0.776
1759998216.778423,0.196
1759998216.828463,-0.048
1759998216.828463,0.859
1759998216.828463,0.779
1759998216.828463,0.154
1759998216.8784401,-0.046
1759998216.8784401,0.855
1759998216.8784401,0.771
1759998216.8784401,0.226
1759998216.9283426,-0.045
1759998216.9283426,0.872
1759998216.9283426,0.782
1759998216.9283426,0.202
1759998216.9784606,-0.048
1759998216.9784606,0.856
1759998216.9784606,0.77
1759998216.9784606,0.113
1759998216.9784606,-0.706
1759998216.9784606,-0.486
1759998217.0283537,-0.046
1759998217.0283537,0.858
1759998217.0283537,0.774
1759998217.0283537,0.129
1759998217.0793297,-0.044
1759998217.0793297,0.859
1759998217.0793297,0.772
1759998217.0793297,0.194
1759998217.128428,-0.043
1759998217.128428,0.862
1759998217.128428,0.778
1759998217.128428,0.206
1759998217.178821,-0.043
1759998217.178821,0.861
1759998217.178821,0.776
1759998217.178821,0.214
1759998217.2286513,-0.039
1759998217.2286513,0.862
1759998217.2286513,0.778
1759998217.2286513,0.129
1759998217.2784853,-0.046
1759998217.2784853,0.858
1759998217.2784853,0.779
1759998217.2784853,0.204
1759998217.3283176,-0.042
1759998217.3283176,0.868
1759998217.3283176,0.786
1759998217.3283176,0.153
1759998217.378017,-0.041
1759998217.378017,0.871
1759998217.378017,0.785
1759998217.378017,0.148
1759998217.4283266,-0.042
1759998217.4283266,0.864
1759998217.4283266,0.779
1759998217.4283266,0.186
1759998217.478128,-0.044
1759998217.478128,0.868
1759998217.478128,0.781
1759998217.478128,0.177
1759998217.5284464,-0.045
1759998217.5284464,0.867
1759998217.5284464,0.781
1759998217.5284464,0.196
1759998217.578539,-0.044
1759998217.578539,0.864
1759998217.578539,0.781
1759998217.578539,0.221
1759998217.6284149,-0.043
1759998217.6284149,0.855
1759998217.6284149,0.769
1759998217.6284149,0.297
1759998217.6783845,-0.045
1759998217.6783845,0.873
1759998217.6783845,0.785
1759998217.6783845,0.152
1759998217.7283823,-0.042
1759998217.7283823,0.875
1759998217.7283823,0.784
1759998217.7283823,0.121
1759998217.7783864,-0.045
1759998217.7783864,0.863
1759998217.7783864,0.782
1759998217.7783864,0.188
1759998217.8284328,-0.045
1759998217.8284328,0.863
1759998217.8284328,0.778
1759998217.8284328,0.171
1759998217.8284328,0.236
1759998217.8783393,-0.045
1759998217.8783393,0.852
1759998217.8783393,0.763
1759998217.8783393,0.129
1759998217.9283738,-0.048
1759998217.9283738,0.862
1759998217.9283738,0.77
1759998217.9283738,0.177
1759998217.9784837,-0.043
1759998217.9784837,0.859
1759998217.9784837,0.768
1759998217.9784837,0.196
1759998218.0283291,-0.046
1759998218.0283291,0.857
1759998218.0283291,0.769
1759998218.0283291,0.16
1759998218.0781124,-0.043
1759998218.0781124,0.866
1759998218.0781124,0.778
1759998218.0781124,0.152
1759998218.1281707,-0.048
1759998218.1281707,0.858
1759998218.1281707,0.77
1759998218.1281707,0.175
1759998218.1788368,-0.046
1759998218.1788368,0.859
1759998218.1788368,0.771
1759998218.1788368,0.167
1759998218.2285407,-0.045
1759998218.2285407,0.859
1759998218.2285407,0.774
1759998218.2285407,0.196
1759998218.2285407,-0.246
1759998218.2784534,-0.045
1759998218.2784534,0.865
1759998218.2784534,0.782
1759998218.2784534,0.236
1759998218.3284235,-0.042
1759998218.3284235,0.861
1759998218.3284235,0.779
1759998218.3284235,0.195
1759998218.3783984,-0.044
1759998218.3783984,0.864
1759998218.3783984,0.779
1759998218.3783984,0.23
1759998218.4283233,-0.04
1759998218.4283233,0.867
1759998218.4283233,0.782
1759998218.4283233,0.141
1759998218.478291,-0.041
1759998218.478291,0.874
1759998218.478291,0.794
1759998218.478291,0.201
1759998218.528256,-0.04
1759998218.528256,0.861
1759998218.528256,0.78
1759998218.528256,0.245
1759998218.5784142,-0.042
1759998218.5784142,0.872
1759998218.5784142,0.789
1759998218.5784142,0.177
1759998218.6283436,-0.045
1759998218.6283436,0.88
1759998218.6283436,0.797
1759998218.6283436,0.17
1759998218.6784182,-0.044
1759998218.6784182,0.864
1759998218.6784182,0.782
1759998218.6784182,0.177
1759998218.7283714,-0.042
1759998218.7283714,0.866
1759998218.7283714,0.786
1759998218.7283714,0.198
1759998218.7781253,-0.039
1759998218.7781253,0.866
1759998218.7781253,0.786
1759998218.7781253,0.121
1759998218.8283029,-0.04
1759998218.8283029,0.877
1759998218.8283029,0.795
1759998218.8283029,0.158
1759998218.8785493,-0.039
1759998218.8785493,0.877
1759998218.8785493,0.798
1759998218.8785493,0.204
1759998218.9283898,-0.042
1759998218.9283898,0.866
1759998218.9283898,0.78
1759998218.9283898,0.16
1759998218.9791007,-0.042
1759998218.9791007,0.877
1759998218.9791007,0.789
1759998218.9791007,0.165
1759998219.0283186,-0.043
1759998219.0283186,0.875
1759998219.0283186,0.791
1759998219.0283186,0.164
1759998219.078093,-0.042
1759998219.078093,0.859
1759998219.078093,0.775
1759998219.078093,0.19
1759998219.128411,-0.041
1759998219.128411,0.871
1759998219.128411,0.785
1759998219.128411,0.19
1759998219.1785989,-0.045
1759998219.1785989,0.862
1759998219.1785989,0.776
1759998219.1785989,0.166
1759998219.2286313,-0.043
1759998219.2286313,0.863
1759998219.2286313,0.775
1759998219.2286313,0.133
1759998219.2779841,-0.04
1759998219.2779841,0.864
1759998219.2779841,0.781
1759998219.2779841,0.172
1759998219.328464,-0.041
1759998219.328464,0.87
1759998219.328464,0.784
1759998219.328464,0.173
1759998219.378433,-0.042
1759998219.378433,0.853
1759998219.378433,0.762
1759998219.378433,0.171
1759998219.428142,-0.045
1759998219.428142,0.862
1759998219.428142,0.774
1759998219.428142,0.176
1759998219.428142,1.144
1759998219.428142,0.602
1759998219.4780898,-0.04
1759998219.4780898,0.861
1759998219.4780898,0.771
1759998219.4780898,0.186
1759998219.5284235,-0.042
1759998219.5284235,0.849
1759998219.5284235,0.761
1759998219.5284235,0.2
1759998219.5784636,-0.043
1759998219.5784636,0.855
1759998219.5784636,0.769
1759998219.5784636,0.16
1759998219.5784636,1.282
1759998219.6279168,-0.038
1759998219.6279168,0.856
1759998219.6279168,0.769
1759998219.6279168,0.13
1759998219.6784325,-0.044
1759998219.6784325,0.868
1759998219.6784325,0.779
1759998219.6784325,0.226
1759998219.7280931,-0.045
1759998219.7280931,0.869
1759998219.7280931,0.781
1759998219.7280931,0.17
1759998219.777897,-0.043
1759998219.777897,0.863
1759998219.777897,0.778
1759998219.777897,0.185
1759998219.828659,-0.04
1759998219.828659,0.87
1759998219.828659,0.788
1759998219.828659,0.152
1759998219.8788006,-0.041
1759998219.8788006,0.868
1759998219.8788006,0.781
1759998219.8788006,0.139
1759998219.9285264,-0.04
1759998219.9285264,0.874
1759998219.9285264,0.789
1759998219.9285264,0.214
1759998219.9783607,-0.041
1759998219.9783607,0.865
1759998219.9783607,0.776
1759998219.9783607,0.145
1759998219.9783607,1.048
1759998220.0284553,-0.041
1759998220.0284553,0.86
1759998220.0284553,0.766
1759998220.0284553,0.214
1759998220.0783381,-0.043
1759998220.0783381,0.867
1759998220.0783381,0.774
1759998220.0783381,0.197
1759998220.1286583,-0.041
1759998220.1286583,0.866
1759998220.1286583,0.779
1759998220.1286583,0.164
1759998220.178657,-0.041
1759998220.178657,0.861
1759998220.178657,0.772
1759998220.178657,0.136
1759998220.2283392,-0.04
1759998220.2283392,0.866
1759998220.2283392,0.778
1759998220.2283392,0.123
1759998220.278639,-0.044
1759998220.278639,0.853
1759998220.278639,0.77
1759998220.278639,0.213
1759998220.3286076,-0.042
1759998220.3286076,0.859
1759998220.3286076,0.777
1759998220.3286076,0.143
1759998220.3780522,-0.042
1759998220.3780522,0.875
1759998220.3780522,0.791
1759998220.3780522,0.143
1759998220.4290917,-0.039
1759998220.4290917,0.861
1759998220.4290917,0.775
1759998220.4290917,0.169
1759998220.4787002,-0.04
1759998220.4787002,0.867
1759998220.4787002,0.781
1759998220.4787002,0.105
1759998220.5285218,-0.04
1759998220.5285218,0.865
1759998220.5285218,0.779
1759998220.5285218,0.146
1759998220.578346,-0.041
1759998220.578346,0.874
1759998220.578346,0.791
1759998220.578346,0.152
1759998220.6281083,-0.046
1759998220.6281083,0.863
1759998220.6281083,0.776
1759998220.6281083,0.195
1759998220.6779137,-0.042
1759998220.6779137,0.86
1759998220.6779137,0.773
1759998220.6779137,0.204
1759998220.7280223,-0.043
1759998220.7280223,0.87
1759998220.7280223,0.78
1759998220.7280223,0.21
1759998220.7280223,-0.937
1759998220.7777267,-0.04
1759998220.7777267,0.861
1759998220.7777267,0.771
1759998220.7777267,0.089
1759998220.8283427,-0.042
1759998220.8283427,0.863
1759998220.8283427,0.776
1759998220.8283427,0.184
1759998220.8785355,-0.044
1759998220.8785355,0.862
1759998220.8785355,0.782
1759998220.8785355,0.172
1759998220.8785355,-0.139
1759998220.9281619,-0.046
1759998220.9281619,0.874
1759998220.9281619,0.787
1759998220.9281619,0.138
1759998220.9778328,-0.047
1759998220.9778328,0.845
1759998220.9778328,0.759
1759998220.9778328,0.195
1759998221.0282192,-0.048
1759998221.0282192,0.856
1759998221.0282192,0.769
1759998221.0282192,0.199
1759998221.0790884,-0.043
1759998221.0790884,0.865
1759998221.0790884,0.781
1759998221.0790884,0.185
1759998221.128205,-0.047
1759998221.128205,0.873
1759998221.128205,0.786
1759998221.128205,0.161
1759998221.128205,1.013
1759998221.128205,-0.916
1759998221.1785402,-0.042
1759998221.1785402,0.863
1759998221.1785402,0.777
1759998221.1785402,0.203
1759998221.2281153,-0.047
1759998221.2281153,0.866
1759998221.2281153,0.782
1759998221.2281153,0.17
1759998221.2781117,-0.041
1759998221.2781117,0.868
1759998221.2781117,0.782
1759998221.2781117,0.203
1759998221.2781117,-0.725
1759998221.3279707,-0.042
1759998221.3279707,0.851
1759998221.3279707,0.765
1759998221.3279707,0.17
1759998221.3776107,-0.043
1759998221.3776107,0.862
1759998221.3776107,0.775
1759998221.3776107,0.177
1759998221.4281332,-0.047
1759998221.4281332,0.861
1759998221.4281332,0.776
1759998221.4281332,0.192
1759998221.4281332,0.899
1759998221.4281332,0.538
1759998221.4776096,-0.041
1759998221.4776096,0.865
1759998221.4776096,0.787
1759998221.4776096,0.215
1759998221.5275114,-0.041
1759998221.5275114,0.87
1759998221.5275114,0.785
1759998221.5275114,0.143
1759998221.5776548,-0.043
1759998221.5776548,0.855
1759998221.5776548,0.767
1759998221.5776548,0.181
1759998221.5776548,0.941
1759998221.627799,-0.041
1759998221.627799,0.864
1759998221.627799,0.78
1759998221.627799,0.198
1759998221.6781325,-0.045
1759998221.6781325,0.857
1759998221.6781325,0.773
1759998221.6781325,0.199
1759998221.7294292,-0.045
1759998221.7294292,0.865
1759998221.7294292,0.78
1759998221.7294292,0.208
1759998221.7786734,-0.044
1759998221.7786734,0.869
1759998221.7786734,0.785
1759998221.7786734,0.136
1759998221.8285496,-0.043
1759998221.8285496,0.868
1759998221.8285496,0.783
1759998221.8285496,0.166
1759998221.8790774,-0.046
1759998221.8790774,0.867
1759998221.8790774,0.782
1759998221.8790774,0.178
1759998221.9284673,-0.045
1759998221.9284673,0.862
1759998221.9284673,0.778
1759998221.9284673,0.197
1759998221.97841,-0.044
1759998221.97841,0.865
1759998221.97841,0.776
1759998221.97841,0.191
1759998222.0283816,-0.047
1759998222.0283816,0.861
1759998222.0283816,0.771
1759998222.0283816,0.217
1759998222.0787866,-0.047
1759998222.0787866,0.864
1759998222.0787866,0.775
1759998222.0787866,0.136
1759998222.128362,-0.046
1759998222.128362,0.858
1759998222.128362,0.768
1759998222.128362,0.192
1759998222.1791563,-0.044
1759998222.1791563,0.853
1759998222.1791563,0.765
1759998222.1791563,0.168
1759998222.1791563,0.315
1759998222.2284117,-0.046
1759998222.2284117,0.865
1759998222.2284117,0.782
1759998222.2284117,0.158
1759998222.2284117,-0.486
1759998222.2781122,-0.046
1759998222.2781122,0.859
1759998222.2781122,0.776
1759998222.2781122,0.138
1759998222.328326,-0.049
1759998222.328326,0.852
1759998222.328326,0.766
1759998222.328326,0.115
1759998222.3785906,-0.047
1759998222.3785906,0.871
1759998222.3785906,0.788
1759998222.3785906,0.178
1759998222.4279294,-0.049
1759998222.4279294,0.867
1759998222.4279294,0.776
1759998222.4279294,0.144
1759998222.4783516,-0.045
1759998222.4783516,0.861
1759998222.4783516,0.78
1759998222.4783516,0.217
1759998222.4783516,0.016
1759998222.5283375,-0.044
1759998222.5283375,0.851
1759998222.5283375,0.77
1759998222.5283375,0.172
1759998222.5782058,-0.045
1759998222.5782058,0.856
1759998222.5782058,0.773
1759998222.5782058,0.178
1759998222.6278806,-0.042
1759998222.6278806,0.867
1759998222.6278806,0.783
1759998222.6278806,0.14
1759998222.6776993,-0.044
1759998222.6776993,0.864
1759998222.6776993,0.78
1759998222.6776993,0.209
1759998222.7277944,-0.046
1759998222.7277944,0.859
1759998222.7277944,0.78
1759998222.7277944,0.135
1759998222.7776709,-0.041
1759998222.7776709,0.874
1759998222.7776709,0.795
1759998222.7776709,0.21
1759998222.8293653,-0.048
1759998222.8293653,0.868
1759998222.8293653,0.788
1759998222.8293653,0.206
1759998222.8788407,-0.042
1759998222.8788407,0.861
1759998222.8788407,0.784
1759998222.8788407,0.211
1759998222.9285173,-0.046
1759998222.9285173,0.866
1759998222.9285173,0.782
1759998222.9285173,0.161
1759998222.9783995,-0.045
1759998222.9783995,0.861
1759998222.9783995,0.782
1759998222.9783995,0.171
1759998222.9783995,-0.676
1759998223.027962,-0.046
1759998223.027962,0.858
1759998223.027962,0.776
1759998223.027962,0.153
1759998223.0776455,-0.045
1759998223.0776455,0.858
1759998223.0776455,0.769
1759998223.0776455,0.143
1759998223.128362,-0.047
1759998223.128362,0.868
1759998223.128362,0.787
1759998223.128362,0.186
1759998223.178493,-0.044
1759998223.178493,0.86
1759998223.178493,0.771
1759998223.178493,0.151
1759998223.2283454,-0.046
1759998223.2283454,0.871
1759998223.2283454,0.784
1759998223.2283454,0.233
1759998223.2783513,-0.043
1759998223.2783513,0.864
1759998223.2783513,0.78
1759998223.2783513,0.212
1759998223.3284159,-0.044
1759998223.3284159,0.876
1759998223.3284159,0.791
1759998223.3284159,0.198
1759998223.377965,-0.043
1759998223.377965,0.866
1759998223.377965,0.777
1759998223.377965,0.155
1759998223.4281054,-0.041
1759998223.4281054,0.861
1759998223.4281054,0.774
1759998223.4281054,0.181
1759998223.478075,-0.041
1759998223.478075,0.862
1759998223.478075,0.769
1759998223.478075,0.089
1759998223.5278835,-0.038
1759998223.5278835,0.861
1759998223.5278835,0.77
1759998223.5278835,0.151
1759998223.5278835,0.214
1759998223.5778084,-0.041
1759998223.5778084,0.871
1759998223.5778084,0.782
1759998223.5778084,0.126
1759998223.6275582,-0.043
1759998223.6275582,0.871
1759998223.6275582,0.783
1759998223.6275582,0.138
1759998223.6778512,-0.045
1759998223.6778512,0.85
1759998223.6778512,0.762
1759998223.6778512,0.177
1759998223.7274451,-0.044
1759998223.7274451,0.865
1759998223.7274451,0.773
1759998223.7274451,0.186
1759998223.7781086,-0.045
1759998223.7781086,0.866
1759998223.7781086,0.776
1759998223.7781086,0.115
1759998223.8280041,-0.046
1759998223.8280041,0.879
1759998223.8280041,0.795
1759998223.8280041,0.141
1759998223.8779593,-0.044
1759998223.8779593,0.866
1759998223.8779593,0.786
1759998223.8779593,0.144
1759998223.9280555,-0.044
1759998223.9280555,0.87
1759998223.9280555,0.783
1759998223.9280555,0.127
1759998223.9778297,-0.041
1759998223.9778297,0.871
1759998223.9778297,0.782
1759998223.9778297,0.157
1759998223.9778297,-0.856
1759998224.0275881,-0.046
1759998224.0275881,0.859
1759998224.0275881,0.774
1759998224.0275881,0.155
1759998224.0776496,-0.043
1759998224.0776496,0.861
1759998224.0776496,0.776
1759998224.0776496,0.126
1759998224.1294775,-0.044
1759998224.1294775,0.87
1759998224.1294775,0.781
1759998224.1294775,0.187
1759998224.1796093,-0.042
1759998224.1796093,0.859
1759998224.1796093,0.768
1759998224.1796093,0.153
1759998224.2291782,-0.046
1759998224.2291782,0.873
1759998224.2291782,0.782
1759998224.2291782,0.202
1759998224.2784965,-0.042
1759998224.2784965,0.872
1759998224.2784965,0.781
1759998224.2784965,0.224
1759998224.3283153,-0.045
1759998224.3283153,0.863
1759998224.3283153,0.778
1759998224.3283153,0.138
1759998224.378137,-0.046
1759998224.378137,0.862
1759998224.378137,0.772
1759998224.378137,0.169
1759998224.378137,-0.723
1759998224.4285898,-0.044
1759998224.4285898,0.868
1759998224.4285898,0.778
1759998224.4285898,0.173
1759998224.4780908,-0.047
1759998224.4780908,0.867
1759998224.4780908,0.774
1759998224.4780908,0.193
1759998224.5284355,-0.045
1759998224.5284355,0.878
1759998224.5284355,0.787
1759998224.5284355,0.101
1759998224.5284355,-0.48
1759998224.5284355,-0.148
1759998224.578316,-0.048
1759998224.578316,0.849
1759998224.578316,0.757
1759998224.578316,0.167
1759998224.6283107,-0.046
1759998224.6283107,0.854
1759998224.6283107,0.76
1759998224.6283107,0.154
1759998224.678382,-0.047
1759998224.678382,0.856
1759998224.678382,0.766
1759998224.678382,0.115
1759998224.72848,-0.047
1759998224.72848,0.872
1759998224.72848,0.785
1759998224.72848,0.185
1759998224.7779982,-0.044
1759998224.7779982,0.858
1759998224.7779982,0.763
1759998224.7779982,0.185
1759998224.828029,-0.047
1759998224.828029,0.867
1759998224.828029,0.777
1759998224.828029,0.166
1759998224.8783522,-0.047
1759998224.8783522,0.86
1759998224.8783522,0.762
1759998224.8783522,0.181
1759998224.8783522,1.414
1759998224.9279048,-0.05
1759998224.9279048,0.855
1759998224.9279048,0.764
1759998224.9279048,0.168
1759998224.9779558,-0.049
1759998224.9779558,0.864
1759998224.9779558,0.769
1759998224.9779558,0.116
1759998224.9779558,-0.265
1759998225.0275857,-0.049
1759998225.0275857,0.854
1759998225.0275857,0.765
1759998225.0275857,0.222
1759998225.0275857,1.241
1759998225.0785592,-0.049
1759998225.0785592,0.863
1759998225.0785592,0.774
1759998225.0785592,0.229
1759998225.1287868,-0.047
1759998225.1287868,0.852
1759998225.1287868,0.765
1759998225.1287868,0.19
1759998225.1787536,-0.049
1759998225.1787536,0.86
1759998225.1787536,0.771
1759998225.1787536,0.247
1759998225.1787536,-0.635
1759998225.228544,-0.047
1759998225.228544,0.874
1759998225.228544,0.786
1759998225.228544,0.162
1759998225.2787054,-0.044
1759998225.2787054,0.877
1759998225.2787054,0.792
1759998225.2787054,0.16
1759998225.3279645,-0.039
1759998225.3279645,0.866
1759998225.3279645,0.78
1759998225.3279645,0.208
1759998225.3785448,-0.036
1759998225.3785448,0.874
1759998225.3785448,0.785
1759998225.3785448,0.203
1759998225.4284375,-0.041
1759998225.4284375,0.862
1759998225.4284375,0.771
1759998225.4284375,0.181
1759998225.4284375,-0.175
1759998225.4786904,-0.053
1759998225.4786904,0.86
1759998225.4786904,0.772
1759998225.4786904,0.163
1759998225.5285308,-0.044
1759998225.5285308,0.88
1759998225.5285308,0.791
1759998225.5285308,0.198
1759998225.578493,-0.042
1759998225.578493,0.862
1759998225.578493,0.776
1759998225.578493,0.155
1759998225.578493,-0.084
1759998225.628571,-0.049
1759998225.628571,0.863
1759998225.628571,0.77
1759998225.628571,0.228
1759998225.628571,0.689
1759998225.628571,-0.649
1759998225.6783519,-0.047
1759998225.6783519,0.855
1759998225.6783519,0.759
1759998225.6783519,0.21
1759998225.727997,-0.047
1759998225.727997,0.86
1759998225.727997,0.767
1759998225.727997,0.19
1759998225.7778473,-0.047
1759998225.7778473,0.846
1759998225.7778473,0.748
1759998225.7778473,0.251
1759998225.8280432,-0.037
1759998225.8280432,0.873
1759998225.8280432,0.784
1759998225.8280432,0.232
1759998225.878469,-0.043
1759998225.878469,0.867
1759998225.878469,0.779
1759998225.878469,0.149
1759998225.928148,-0.043
1759998225.928148,0.88
1759998225.928148,0.795
1759998225.928148,0.231
1759998225.9785025,-0.044
1759998225.9785025,0.859
1759998225.9785025,0.77
1759998225.9785025,0.126
1759998226.0285,-0.052
1759998226.0285,0.868
1759998226.0285,0.784
1759998226.0285,0.108
1759998226.0784457,-0.051
1759998226.0784457,0.863
1759998226.0784457,0.774
1759998226.0784457,0.135
1759998226.1281419,-0.041
1759998226.1281419,0.874
1759998226.1281419,0.785
1759998226.1281419,0.166
1759998226.1788943,-0.049
1759998226.1788943,0.868
1759998226.1788943,0.779
1759998226.1788943,0.138
1759998226.228767,-0.041
1759998226.228767,0.865
1759998226.228767,0.775
1759998226.228767,0.241
1759998226.2784555,-0.044
1759998226.2784555,0.872
1759998226.2784555,0.78
1759998226.2784555,0.096
1759998226.3284576,-0.041
1759998226.3284576,0.885
1759998226.3284576,0.792
1759998226.3284576,0.235
1759998226.378534,-0.046
1759998226.378534,0.869
1759998226.378534,0.777
1759998226.378534,0.219
1759998226.378534,0.715
1759998226.4287527,-0.042
1759998226.4287527,0.871
1759998226.4287527,0.789
1759998226.4287527,0.143
1759998226.4784706,-0.043
1759998226.4784706,0.868
1759998226.4784706,0.78
1759998226.4784706,0.118
1759998226.5286825,-0.048
1759998226.5286825,0.882
1759998226.5286825,0.8
1759998226.5286825,0.144
1759998226.5785813,-0.04
1759998226.5785813,0.859
1759998226.5785813,0.771
1759998226.5785813,0.218
1759998226.6286142,-0.041
1759998226.6286142,0.874
1759998226.6286142,0.791
1759998226.6286142,0.26
1759998226.6286142,-0.79
1759998226.678512,-0.035
1759998226.678512,0.863
1759998226.678512,0.778
1759998226.678512,0.259
1759998226.7287169,-0.039
1759998226.7287169,0.856
1759998226.7287169,0.767
1759998226.7287169,0.165
1759998226.778813,-0.045
1759998226.778813,0.853
1759998226.778813,0.764
1759998226.778813,0.206
1759998226.8285034,-0.043
1759998226.8285034,0.876
1759998226.8285034,0.789
1759998226.8285034,0.111
1759998226.8785033,-0.042
1759998226.8785033,0.866
1759998226.8785033,0.776
1759998226.8785033,0.219
1759998226.9285014,-0.041
1759998226.9285014,0.869
1759998226.9285014,0.781
1759998226.9285014,0.202
1759998226.9285014,-0.091
1759998226.9784718,-0.041
1759998226.9784718,0.859
1759998226.9784718,0.773
1759998226.9784718,0.212
1759998226.9784718,-0.471
1759998226.9784718,-0.649
1759998227.028525,-0.045
1759998227.028525,0.864
1759998227.028525,0.782
1759998227.028525,0.2
1759998227.028525,-0.839
1759998227.0780635,-0.045
1759998227.0780635,0.859
1759998227.0780635,0.769
1759998227.0780635,0.198
1759998227.1281996,-0.046
1759998227.1281996,0.865
1759998227.1281996,0.772
1759998227.1281996,0.066
1759998227.1785543,-0.048
1759998227.1785543,0.858
1759998227.1785543,0.774
1759998227.1785543,0.122
1759998227.228268,-0.05
1759998227.228268,0.861
1759998227.228268,0.772
1759998227.228268,0.172
1759998227.228268,-0.091
1759998227.228268,0.352
1759998227.228268,-0.144
1759998227.2782614,-0.046
1759998227.2782614,0.855
1759998227.2782614,0.773
1759998227.2782614,0.157
1759998227.2782614,-0.427
1759998227.3281527,-0.043
1759998227.3281527,0.85
1759998227.3281527,0.766
1759998227.3281527,0.102
1759998227.3281527,-0.565
1759998227.3783782,-0.048
1759998227.3783782,0.849
1759998227.3783782,0.761
1759998227.3783782,0.143
1759998227.4284556,-0.043
1759998227.4284556,0.87
1759998227.4284556,0.79
1759998227.4284556,0.172
1759998227.478461,-0.042
1759998227.478461,0.859
1759998227.478461,0.776
1759998227.478461,0.162
1759998227.5283165,-0.047
1759998227.5283165,0.861
1759998227.5283165,0.775
1759998227.5283165,0.192
1759998227.5283165,-0.503
1759998227.57836,-0.047
1759998227.57836,0.868
1759998227.57836,0.782
1759998227.57836,0.231
1759998227.6279192,-0.045
1759998227.6279192,0.869
1759998227.6279192,0.782
1759998227.6279192,0.182
1759998227.6279192,-0.466
1759998227.6795406,-0.043
1759998227.6795406,0.857
1759998227.6795406,0.762
1759998227.6795406,0.238
1759998227.6795406,-0.442
1759998227.729253,-0.04
1759998227.729253,0.868
1759998227.729253,0.777
1759998227.729253,0.101
1759998227.729253,-0.292
1759998227.7789583,-0.041
1759998227.7789583,0.851
1759998227.7789583,0.755
1759998227.7789583,0.009
1759998227.8285618,-0.046
1759998227.8285618,0.853
1759998227.8285618,0.761
1759998227.8285618,0.054
1759998227.8785665,-0.043
1759998227.8785665,0.868
1759998227.8785665,0.778
1759998227.8785665,0.081
1759998227.9286664,-0.051
1759998227.9286664,0.87
1759998227.9286664,0.778
1759998227.9286664,0.263
1759998227.978268,-0.045
1759998227.978268,0.859
1759998227.978268,0.771
1759998227.978268,0.31
1759998228.028585,-0.046
1759998228.028585,0.862
1759998228.028585,0.77
1759998228.028585,0.203
1759998228.028585,-0.085
1759998228.0784426,-0.038
1759998228.0784426,0.877
1759998228.0784426,0.796
1759998228.0784426,0.197
1759998228.1282938,-0.039
1759998228.1282938,0.853
1759998228.1282938,0.756
1759998228.1282938,0.126
1759998228.178852,-0.041
1759998228.178852,0.857
1759998228.178852,0.765
1759998228.178852,0.206
1759998228.178852,-0.205
1759998228.2286112,-0.044
1759998228.2286112,0.859
1759998228.2286112,0.772
1759998228.2286112,0.322
1759998228.2787044,-0.043
1759998228.2787044,0.864
1759998228.2787044,0.774
1759998228.2787044,0.126
1759998228.2787044,-0.74
1759998228.3285298,-0.039
1759998228.3285298,0.864
1759998228.3285298,0.785
1759998228.3285298,0.077
1759998228.3787632,-0.039
1759998228.3787632,0.87
1759998228.3787632,0.783
1759998228.3787632,0.33
1759998228.3787632,1.303
1759998228.4285014,-0.039
1759998228.4285014,0.854
1759998228.4285014,0.762
1759998228.4285014,0.093
1759998228.4785259,-0.04
1759998228.4785259,0.845
1759998228.4785259,0.753
1759998228.4785259,0.172
1759998228.4785259,0.176
1759998228.5284555,-0.04
1759998228.5284555,0.862
1759998228.5284555,0.764
1759998228.5284555,0.117
1759998228.5780544,-0.043
1759998228.5780544,0.858
1759998228.5780544,0.767
1759998228.5780544,0.297
1759998228.6280084,-0.046
1759998228.6280084,0.857
1759998228.6280084,0.773
1759998228.6280084,0.029
1759998228.67822,-0.046
1759998228.67822,0.852
1759998228.67822,0.766
1759998228.67822,0.179
1759998228.728554,-0.042
1759998228.728554,0.859
1759998228.728554,0.764
1759998228.728554,0.258
1759998228.7785053,-0.04
1759998228.7785053,0.873
1759998228.7785053,0.783
1759998228.7785053,0.387
1759998228.7785053,0.379
1759998228.8287013,-0.037
1759998228.8287013,0.866
1759998228.8287013,0.769
1759998228.8287013,1.533
1759998228.8287013,0.075
1759998228.8787792,-0.035
1759998228.8787792,0.84
1759998228.8787792,0.751
1759998228.8787792,-0.038
1759998228.928856,-0.031
1759998228.928856,0.872
1759998228.928856,0.78
1759998228.928856,0.113
1759998228.9787345,-0.036
1759998228.9787345,0.863
1759998228.9787345,0.778
1759998228.9787345,0.361
1759998229.0289428,-0.034
1759998229.0289428,0.879
1759998229.0289428,0.791
1759998229.0289428,0.428
1759998229.0794063,-0.037
1759998229.0794063,0.876
1759998229.0794063,0.787
1759998229.0794063,0.378
1759998229.128713,-0.03
1759998229.128713,0.869
1759998229.128713,0.781
1759998229.128713,0.234
1759998229.1783662,-0.035
1759998229.1783662,0.853
1759998229.1783662,0.762
1759998229.1783662,0.195
1759998229.2286007,-0.036
1759998229.2286007,0.862
1759998229.2286007,0.769
1759998229.2286007,0.13
1759998229.2783165,-0.031
1759998229.2783165,-0.753
1759998229.2783165,0.852
1759998229.2783165,0.762
1759998229.2783165,0.089
1759998229.328751,-0.037
1759998229.328751,0.867
1759998229.328751,0.781
1759998229.328751,-0.227
1759998229.328751,0.532
1759998229.328751,-0.608
1759998229.3787723,-0.042
1759998229.3787723,-0.854
1759998229.3787723,0.854
1759998229.3787723,0.768
1759998229.3787723,-0.359
1759998229.3787723,0.3
1759998229.3787723,1.165
1759998229.3787723,0.536
1759998229.4288943,-0.036
1759998229.4288943,0.878
1759998229.4288943,0.786
1759998229.4288943,-0.015
1759998229.4288943,-0.323
1759998229.4784439,-0.036
1759998229.4784439,0.854
1759998229.4784439,0.765
1759998229.4784439,-0.85
1759998229.4784439,-0.148
1759998229.5288305,-0.036
1759998229.5288305,0.861
1759998229.5288305,0.767
1759998229.5288305,0.082
1759998229.5288305,-0.165
1759998229.5787709,-0.028
1759998229.5787709,0.858
1759998229.5787709,0.768
1759998229.5787709,0.272
1759998229.6288545,-0.031
1759998229.6288545,0.865
1759998229.6288545,0.775
1759998229.6288545,0.102
1759998229.6785362,-0.025
1759998229.6785362,0.863
1759998229.6785362,0.772
1759998229.6785362,0.623
1759998229.728802,-0.02
1759998229.728802,0.866
1759998229.728802,0.774
1759998229.728802,0.022
1759998229.7787309,-0.024
1759998229.7787309,0.867
1759998229.7787309,0.774
1759998229.7787309,-0.31
1759998229.7787309,-0.975
1759998229.828575,-0.027
1759998229.828575,0.86
1759998229.828575,0.765
1759998229.828575,0.309
1759998229.8781428,-0.028
1759998229.8781428,0.859
1759998229.8781428,0.766
1759998229.8781428,0.664
1759998229.8781428,-0.051
1759998229.928287,-0.025
1759998229.928287,0.863
1759998229.928287,0.778
1759998229.928287,1.371
1759998229.928287,0.222
1759998229.928287,-0.318
1759998229.928287,-0.55
1759998229.978128,-0.027
1759998229.978128,0.855
1759998229.978128,0.76
1759998229.978128,0.601
1759998230.0283597,-0.024
1759998230.0283597,0.873
1759998230.0283597,0.785
1759998230.0283597,0.602
1759998230.0283597,-0.449
1759998230.078538,-0.029
1759998230.078538,0.858
1759998230.078538,0.761
1759998230.078538,0.502
1759998230.128773,-0.028
1759998230.128773,0.854
1759998230.128773,0.753
1759998230.128773,0.471
1759998230.1786864,-0.022
1759998230.1786864,0.859
1759998230.1786864,0.774
1759998230.1786864,0.544
1759998230.1786864,-0.104
1759998230.228163,-0.027
1759998230.228163,0.856
1759998230.228163,0.761
1759998230.228163,0.764
1759998230.2785199,-0.026
1759998230.2785199,0.865
1759998230.2785199,0.775
1759998230.2785199,0.892
1759998230.3283064,-0.027
1759998230.3283064,0.851
1759998230.3283064,0.759
1759998230.3283064,0.571
1759998230.3780975,-0.022
1759998230.3780975,0.862
1759998230.3780975,0.767
1759998230.3780975,0.125
1759998230.4280155,-0.029
1759998230.4280155,0.873
1759998230.4280155,0.776
1759998230.4280155,-0.212
1759998230.4280155,0.233
1759998230.4280155,-0.94
1759998230.4789608,-0.028
1759998230.4789608,0.844
1759998230.4789608,0.753
1759998230.4789608,1.741
1759998230.4789608,0.476
1759998230.4789608,-0.325
1759998230.5288088,-0.031
1759998230.5288088,0.858
1759998230.5288088,0.77
1759998230.5288088,1.071
1759998230.5288088,0.217
1759998230.5288088,0.512
1759998230.5785844,-0.034
1759998230.5785844,0.861
1759998230.5785844,0.772
1759998230.5785844,0.273
1759998230.6285665,-0.032
1759998230.6285665,0.851
1759998230.6285665,0.76
1759998230.6285665,0.25
1759998230.678088,-0.028
1759998230.678088,0.857
1759998230.678088,0.762
1759998230.678088,0.272
1759998230.7284195,-0.026
1759998230.7284195,0.86
1759998230.7284195,0.764
1759998230.7284195,-0.543
1759998230.7788398,-0.031
1759998230.7788398,0.831
1759998230.7788398,0.752
1759998230.7788398,-0.597
1759998230.8288379,-0.034
1759998230.8288379,0.836
1759998230.8288379,0.753
1759998230.878605,-0.032
1759998230.878605,0.844
1759998230.878605,0.762
1759998230.878605,0.01
1759998230.878605,0.439
1759998230.928573,-0.031
1759998230.928573,0.834
1759998230.928573,0.753
1759998230.9783778,-0.029
1759998230.9783778,0.809
1759998230.9783778,0.711
1759998230.9783778,-0.157
1759998230.9783778,-0.501
1759998230.9783778,-0.531
1759998231.0286796,-0.027
1759998231.0286796,0.813
1759998231.0286796,0.73
1759998231.0286796,-0.163
1759998231.0782554,-0.027
1759998231.0782554,0.843
1759998231.0782554,0.764
1759998231.0782554,-0.089
1759998231.1297271,-0.031
1759998231.1297271,0.876
1759998231.1297271,0.789
1759998231.1297271,-0.288
1759998231.1297271,-0.703
1759998231.1790311,-0.028
1759998231.1790311,0.862
1759998231.1790311,0.77
1759998231.1790311,0.403
1759998231.2287345,-0.03
1759998231.2287345,0.888
1759998231.2287345,0.799
1759998231.2287345,0.028
1759998231.2786734,-0.028
1759998231.2786734,0.831
1759998231.2786734,0.731
1759998231.2786734,-0.2
1759998231.328554,-0.034
1759998231.328554,0.85
1759998231.328554,0.765
1759998231.328554,0.656
1759998231.3779542,-0.037
1759998231.3779542,0.838
1759998231.3779542,0.746
1759998231.3779542,-0.243
1759998231.4284134,-0.026
1759998231.4284134,0.898
1759998231.4284134,0.808
1759998231.4284134,0.04
1759998231.4795635,-0.045
1759998231.4795635,0.833
1759998231.4795635,0.744
1759998231.4795635,-0.257
1759998231.529421,-0.02
1759998231.529421,0.861
1759998231.529421,0.782
1759998231.529421,0.221
1759998231.579087,-0.028
1759998231.579087,0.898
1759998231.579087,0.808
1759998231.579087,0.29
1759998231.6287696,-0.044
1759998231.6287696,0.914
1759998231.6287696,0.827
1759998231.6287696,-0.02
1759998231.6786404,-0.038
1759998231.6786404,0.851
1759998231.6786404,0.757
1759998231.6786404,-0.232
1759998231.728301,-0.042
1759998231.728301,0.825
1759998231.728301,0.725
1759998231.728301,-0.176
1759998231.7783518,-0.04
1759998231.7783518,0.843
1759998231.7783518,0.747
1759998231.7783518,-0.147
1759998231.8280818,-0.028
1759998231.8280818,0.845
1759998231.8280818,0.752
1759998231.8280818,-0.129
1759998231.8777063,-0.037
1759998231.8777063,0.85
1759998231.8777063,0.754
1759998231.8777063,-0.14
1759998231.9280264,-0.039
1759998231.9280264,-0.878
1759998231.9280264,0.879
1759998231.9280264,0.788
1759998231.9280264,0.041
1759998231.9776955,-0.042
1759998231.9776955,0.868
1759998231.9776955,0.784
1759998231.9776955,0.159
1759998232.02852,-0.047
1759998232.02852,0.924
1759998232.02852,0.83
1759998232.02852,0.075
1759998232.0781598,-0.043
1759998232.0781598,-0.23
1759998232.0781598,0.854
1759998232.0781598,0.779
1759998232.0781598,-0.132
1759998232.128819,-0.043
1759998232.128819,-0.616
1759998232.128819,0.824
1759998232.128819,0.745
1759998232.128819,-0.051
1759998232.1787376,-0.037
1759998232.1787376,0.857
1759998232.1787376,0.778
1759998232.1787376,0.061
1759998232.1787376,-0.43
1759998232.2288308,-0.045
1759998232.2288308,0.878
1759998232.2288308,0.771
1759998232.2288308,-0.051
1759998232.2788956,-0.039
1759998232.2788956,0.827
1759998232.2788956,0.732
1759998232.2788956,1.92
1759998232.2788956,0.112
1759998232.3285456,-0.046
1759998232.3285456,0.818
1759998232.3285456,0.736
1759998232.3285456,0.272
1759998232.378457,-0.045
1759998232.378457,-0.52
1759998232.378457,0.873
1759998232.378457,0.78
1759998232.428553,-0.034
1759998232.428553,0.883
1759998232.428553,0.775
1759998232.428553,1.572
1759998232.428553,1.627
1759998232.428553,0.466
1759998232.4787931,-0.033
1759998232.4787931,0.889
1759998232.4787931,0.783
1759998232.4787931,1.321
1759998232.4787931,1.714
1759998232.4787931,-0.075
1759998232.5281675,-0.052
1759998232.5281675,0.975
1759998232.5281675,0.877
1759998232.5281675,0.653
1759998232.5281675,-0.346
1759998232.5781226,-0.049
1759998232.5781226,0.84
1759998232.5781226,0.747
1759998232.5781226,0.214
1759998232.5781226,0.016
1759998232.6280756,-0.043
1759998232.6280756,0.944
1759998232.6280756,0.85
1759998232.6280756,0.388
1759998232.6787927,-0.041
1759998232.6787927,0.559
1759998232.7288072,-0.047
1759998232.7288072,0.767
1759998232.7288072,0.027
1759998232.7288072,0.688
1759998232.7787871,-0.048
1759998232.7787871,0.379
1759998232.8287082,-0.025
1759998232.8287082,0.502
1759998232.8287082,0.21
1759998232.877793,-0.028
1759998232.877793,0.659
1759998232.877793,0.502
1759998232.928851,-0.091
1759998232.928851,0.74
1759998232.928851,0.357
1759998232.928851,0.095
1759998232.9785454,0.03
1759998232.9785454,0.061
1759998232.9785454,-0.503
1759998233.0281723,-0.119
1759998233.0281723,0.779
1759998233.0281723,0.348
1759998233.0782096,-0.225
1759998233.0782096,0.884
1759998233.0782096,-0.172
1759998233.128744,-0.221
1759998233.128744,0.568
1759998233.128744,1.162
1759998233.128744,0.195
1759998233.1789858,-0.276
1759998233.1789858,1.358
1759998233.1789858,1.841
1759998233.2292702,0.178
1759998233.2292702,1.116
1759998233.2292702,-0.031
1759998233.2795663,-0.035
1759998233.2795663,-0.04
1759998233.3289137,-0.207
1759998233.3289137,0.894
1759998233.3289137,0.796
1759998233.3787768,-0.149
1759998233.3787768,-0.017
1759998233.428322,0.082
1759998233.428322,0.696
1759998233.428322,1.314
1759998233.4779646,-0.167
1759998233.5279071,0.016
1759998233.5279071,0.471
1759998233.5279071,0.113
1759998233.5779593,0.038
1759998233.5779593,0.662
1759998233.5779593,0.56
1759998233.5779593,-0.525
1759998233.627946,-0.032
1759998233.627946,0.8
1759998233.677694,-0.021
1759998233.677694,0.76
1759998233.7274027,-0.007
1759998233.777624,-0.071
1759998233.828902,-0.133
1759998233.828902,1.438
1759998233.8783062,-0.126
1759998233.8783062,0.955
1759998233.8783062,0.825
1759998233.8783062,1.363
1759998233.8783062,0.062
1759998233.9279153,0.04
1759998233.9279153,0.918
1759998233.9279153,0.811
1759998233.9777944,-0.039
1759998233.9777944,0.602
1759998233.9777944,1.702
1759998234.027781,-0.107
1759998234.027781,0.758
1759998234.027781,-0.134
1759998234.027781,-0.222
1759998234.1279323,-0.548
1759998234.177597,0.642
1759998234.2771194,-0.051
1759998234.627271,-0.824
1759998234.7772117,-0.182
1759998234.8276157,1.984
1759998234.8276157,-0.813
1759998234.8773844,1.292
1759998234.8773844,-0.066
1759998234.9273431,-0.792
1759998234.9273431,-0.54
1759998234.9777231,0.605
1759998235.0292385,-0.323
1759998235.0292385,0.007
1759998235.080109,0.305
1759998235.1297767,-0.862
1759998235.1297767,-0.017
1759998235.1796224,-0.986
1759998235.1796224,-0.043
1759998235.1796224,-0.087
1759998235.2293715,-0.971
1759998235.2293715,1.404
1759998235.2293715,1.201
1759998235.2293715,0.317
1759998235.2790754,1.442
1759998235.2790754,1.224
1759998235.2790754,0.274
1759998235.3293138,-0.831
1759998235.3293138,1.122
1759998235.3293138,0.979
1759998235.3293138,-0.029
1759998235.3784807,0.135
1759998235.3784807,1.172
1759998235.3784807,0.016
1759998235.4284995,0.261
1759998235.4284995,0.662
1759998235.4284995,-0.249
1759998235.4787557,-0.047
1759998235.4787557,0.178
1759998235.5287423,-0.074
1759998235.5287423,0.898
1759998235.5287423,0.861
1759998235.5287423,0.143
1759998235.578492,-0.05
1759998235.578492,0.929
1759998235.578492,0.863
1759998235.578492,0.173
1759998235.62872,-0.031
1759998235.62872,0.928
1759998235.62872,0.856
1759998235.62872,0.248
1759998235.6786025,-0.032
1759998235.6786025,0.93
1759998235.6786025,0.863
1759998235.6786025,0.118
1759998235.7286046,-0.033
1759998235.7286046,0.972
1759998235.7286046,0.915
1759998235.7286046,0.194
1759998235.7286046,-0.172
1759998235.7286046,-0.196
1759998235.7783935,-0.065
1759998235.7783935,0.929
1759998235.7783935,0.863
1759998235.7783935,0.189
1759998235.8286185,-0.06
1759998235.8286185,0.927
1759998235.8286185,0.866
1759998235.8286185,0.165
1759998235.878668,-0.076
1759998235.878668,0.913
1759998235.878668,0.859
1759998235.878668,0.197
1759998235.878668,-0.191
1759998235.878668,-0.203
1759998235.9285562,-0.074
1759998235.9285562,0.901
1759998235.9285562,0.836
1759998235.9285562,0.143
1759998235.9788382,-0.072
1759998235.9788382,0.869
1759998235.9788382,0.787
1759998235.9788382,0.189
1759998236.0281546,-0.066
1759998236.0281546,0.881
1759998236.0281546,0.793
1759998236.0281546,0.168
1759998236.078315,-0.03
1759998236.078315,0.848
1759998236.078315,0.769
1759998236.078315,0.161
1759998236.1286056,-0.059
1759998236.1286056,0.826
1759998236.1286056,0.742
1759998236.1286056,0.201
1759998236.1795852,-0.039
1759998236.1795852,0.81
1759998236.1795852,0.718
1759998236.1795852,0.218
1759998236.2288418,-0.037
1759998236.2288418,0.815
1759998236.2288418,0.72
1759998236.2288418,0.199
1759998236.2784328,-0.045
1759998236.2784328,0.824
1759998236.2784328,0.73
1759998236.2784328,0.212
1759998236.3282216,-0.046
1759998236.3282216,0.822
1759998236.3282216,0.732
1759998236.3282216,0.184
1759998236.3781202,-0.05
1759998236.3781202,0.831
1759998236.3781202,0.738
1759998236.3781202,0.179
1759998236.4278743,-0.064
1759998236.4278743,0.845
1759998236.4278743,0.749
1759998236.4278743,0.197
1759998236.4780395,-0.061
1759998236.4780395,0.839
1759998236.4780395,0.738
1759998236.4780395,0.179
1759998236.5284224,-0.063
1759998236.5284224,0.851
1759998236.5284224,0.749
1759998236.5284224,0.281
1759998236.57813,-0.063
1759998236.57813,0.845
1759998236.57813,0.747
1759998236.57813,0.193
1759998236.6283076,-0.037
1759998236.6283076,0.846
1759998236.6283076,0.755
1759998236.6283076,0.203
1759998236.6782103,-0.02
1759998236.6782103,0.854
1759998236.6782103,0.765
1759998236.6782103,0.173
1759998236.7281528,-0.022
1759998236.7281528,0.85
1759998236.7281528,0.768
1759998236.7281528,0.158
1759998236.7783892,-0.017
1759998236.7783892,0.827
1759998236.7783892,0.74
1759998236.7783892,0.215
1759998236.8283184,-0.024
1759998236.8283184,0.831
1759998236.8283184,0.748
1759998236.8283184,0.181
1759998236.8782368,-0.033
1759998236.8782368,0.862
1759998236.8782368,0.781
1759998236.8782368,0.246
1759998236.928147,-0.031
1759998236.928147,0.871
1759998236.928147,0.8
1759998236.928147,0.149
1759998236.9782062,-0.053
1759998236.9782062,0.864
1759998236.9782062,0.794
1759998236.9782062,0.15
1759998237.0281942,-0.03
1759998237.0281942,0.858
1759998237.0281942,0.794
1759998237.0281942,0.153
1759998237.0780265,-0.02
1759998237.0780265,0.845
1759998237.0780265,0.779
1759998237.0780265,0.221
1759998237.12822,-0.028
1759998237.12822,0.86
1759998237.12822,0.796
1759998237.12822,0.142
1759998237.178507,-0.024
1759998237.178507,0.872
1759998237.178507,0.806
1759998237.178507,0.206
1759998237.2281442,-0.029
1759998237.2281442,0.857
1759998237.2281442,0.793
1759998237.2281442,0.178
1759998237.2781823,-0.035
1759998237.2781823,0.86
1759998237.2781823,0.793
1759998237.2781823,0.164
1759998237.328071,-0.027
1759998237.328071,0.856
1759998237.328071,0.787
1759998237.328071,0.184
1759998237.3784108,-0.021
1759998237.3784108,0.857
1759998237.3784108,0.795
1759998237.3784108,0.169
1759998237.4279869,-0.011
1759998237.4279869,0.861
1759998237.4279869,0.799
1759998237.4279869,0.174
1759998237.4779947,-0.016
1759998237.4779947,0.854
1759998237.4779947,0.786
1759998237.4779947,0.191
1759998237.5278738,-0.015
1759998237.5278738,0.862
1759998237.5278738,0.785
1759998237.5278738,0.195
1759998237.578651,-0.005
1759998237.578651,0.856
1759998237.578651,0.79
1759998237.578651,0.195
1759998237.6296163,-0.012
1759998237.6296163,0.851
1759998237.6296163,0.775
1759998237.6296163,0.206
1759998237.6792183,-0.015
1759998237.6792183,0.86
1759998237.6792183,0.787
1759998237.6792183,0.248
1759998237.729312,-0.014
1759998237.729312,0.867
1759998237.729312,0.778
1759998237.729312,0.241
1759998237.7794375,-0.011
1759998237.7794375,0.847
1759998237.7794375,0.762
1759998237.7794375,0.214
1759998237.8291924,-0.011
1759998237.8291924,0.861
1759998237.8291924,0.772
1759998237.8291924,0.211
1759998237.879689,-0.013
1759998237.879689,0.863
1759998237.879689,0.759
1759998237.879689,0.246
1759998237.9293926,-0.015
1759998237.9293926,0.869
1759998237.9293926,0.774
1759998237.9293926,0.246
1759998237.979168,-0.02
1759998237.979168,0.867
1759998237.979168,0.761
1759998237.979168,0.231
1759998238.0293388,-0.017
1759998238.0293388,0.846
1759998238.0293388,0.752
1759998238.0293388,0.259
1759998238.0789437,-0.015
1759998238.0789437,0.856
1759998238.0789437,0.752
1759998238.0789437,0.206
1759998238.12917,-0.016
1759998238.12917,0.855
1759998238.12917,0.763
1759998238.12917,0.225
1759998238.1793842,-0.009
1759998238.1793842,0.855
1759998238.1793842,0.759
1759998238.1793842,0.206
1759998238.2293396,-0.011
1759998238.2293396,0.859
1759998238.2293396,0.777
1759998238.2293396,0.24
1759998238.2799778,-0.012
1759998238.2799778,0.853
1759998238.2799778,0.762
1759998238.2799778,0.235
1759998238.329908,-0.008
1759998238.329908,0.83
1759998238.329908,0.736
1759998238.329908,0.254
1759998238.379315,-0.012
1759998238.379315,0.836
1759998238.379315,0.748
1759998238.379315,0.239
1759998238.4299195,-0.011
1759998238.4299195,0.856
1759998238.4299195,0.773
1759998238.4299195,0.198
1759998238.4803596,-0.008
1759998238.4803596,0.843
1759998238.4803596,0.751
1759998238.4803596,0.196
1759998238.530719,-0.01
1759998238.530719,0.843
1759998238.530719,0.757
1759998238.530719,0.19
1759998238.5800276,-0.01
1759998238.5800276,0.874
1759998238.5800276,0.792
1759998238.5800276,0.205
1759998238.6296673,-0.014
1759998238.6296673,0.872
1759998238.6296673,0.784
1759998238.6296673,0.171
1759998238.679053,-0.007
1759998238.679053,0.86
1759998238.679053,0.78
1759998238.679053,0.206
1759998238.728925,-0.014
1759998238.728925,0.868
1759998238.728925,0.801
1759998238.728925,0.237
1759998238.7790422,-0.017
1759998238.7790422,0.867
1759998238.7790422,0.785
1759998238.7790422,0.124
1759998238.829192,-0.013
1759998238.829192,0.862
1759998238.829192,0.78
1759998238.829192,0.203
1759998238.8793051,-0.019
1759998238.8793051,0.869
1759998238.8793051,0.795
1759998238.8793051,0.184
1759998238.929462,-0.017
1759998238.929462,0.858
1759998238.929462,0.764
1759998238.929462,0.185
1759998238.9794188,-0.014
1759998238.9794188,0.858
1759998238.9794188,0.768
1759998238.9794188,0.247
1759998239.029312,-0.011
1759998239.029312,0.849
1759998239.029312,0.762
1759998239.029312,0.194
1759998239.079432,-0.005
1759998239.079432,0.834
1759998239.079432,0.737
1759998239.079432,0.258
1759998239.1300309,-0.002
1759998239.1300309,0.818
1759998239.1300309,0.716
1759998239.1300309,0.244
1759998239.1798875,-0.005
1759998239.1798875,0.824
1759998239.1798875,0.734
1759998239.1798875,0.223
1759998239.2290573,-0.009
1759998239.2290573,0.837
1759998239.2290573,0.745
1759998239.2290573,0.256
1759998239.2791097,-0.008
1759998239.2791097,0.832
1759998239.2791097,0.733
1759998239.2791097,0.217
1759998239.3292189,-0.011
1759998239.3292189,0.845
1759998239.3292189,0.755
1759998239.3292189,0.219
1759998239.3789194,-0.009
1759998239.3789194,0.838
1759998239.3789194,0.74
1759998239.3789194,0.218
1759998239.4293277,-0.013
1759998239.4293277,0.826
1759998239.4293277,0.74
1759998239.4293277,0.172
1759998239.4792647,-0.011
1759998239.4792647,0.827
1759998239.4792647,0.735
1759998239.4792647,0.202
1759998239.5297601,-0.013
1759998239.5297601,0.837
1759998239.5297601,0.747
1759998239.5297601,0.173
1759998239.5795271,-0.013
1759998239.5795271,0.819
1759998239.5795271,0.722
1759998239.5795271,0.251
1759998239.6289256,-0.013
1759998239.6289256,0.832
1759998239.6289256,0.743
1759998239.6289256,0.208
1759998239.6791553,-0.01
1759998239.6791553,0.824
1759998239.6791553,0.747
1759998239.6791553,0.24
1759998239.7293959,-0.01
1759998239.7293959,0.828
1759998239.7293959,0.748
1759998239.7293959,0.196
1759998239.7789516,-0.009
1759998239.7789516,0.841
1759998239.7789516,0.772
1759998239.7789516,0.224
1759998239.829139,-0.017
1759998239.829139,0.844
1759998239.829139,0.762
1759998239.829139,0.221
1759998239.8788424,-0.012
1759998239.8788424,0.85
1759998239.8788424,0.773
1759998239.8788424,0.214
1759998239.9293275,-0.014
1759998239.9293275,0.848
1759998239.9293275,0.771
1759998239.9293275,0.22
1759998239.9789872,-0.015
1759998239.9789872,0.848
1759998239.9789872,0.79
1759998239.9789872,0.219
1759998240.029069,-0.01
1759998240.029069,0.849
1759998240.029069,0.779
1759998240.029069,0.221
1759998240.07978,-0.012
1759998240.07978,0.851
1759998240.07978,0.78
1759998240.07978,0.225
1759998240.1304874,-0.012
1759998240.1304874,0.845
1759998240.1304874,0.773
1759998240.1304874,0.194
1759998240.1812253,-0.009
1759998240.1812253,0.846
1759998240.1812253,0.776
1759998240.1812253,0.175
1759998240.2315598,-0.011
1759998240.2315598,0.853
1759998240.2315598,0.782
1759998240.2315598,0.156
1759998240.2808871,-0.012
1759998240.2808871,0.853
1759998240.2808871,0.785
1759998240.2808871,0.191
1759998240.3297758,-0.013
1759998240.3297758,0.869
1759998240.3297758,0.8
1759998240.3297758,0.187
1759998240.3791187,-0.009
1759998240.3791187,0.858
1759998240.3791187,0.786
1759998240.3791187,0.164
1759998240.4287837,-0.016
1759998240.4287837,0.847
1759998240.4287837,0.765
1759998240.4287837,0.245
1759998240.4792202,-0.007
1759998240.4792202,0.84
1759998240.4792202,0.764
1759998240.4792202,0.217
1759998240.5298817,-0.005
1759998240.5298817,0.875
1759998240.5298817,0.798
1759998240.5298817,0.255
1759998240.5800054,-0.01
1759998240.5800054,0.841
1759998240.5800054,0.754
1759998240.5800054,0.235
1759998240.6303186,-0.006
1759998240.6303186,0.856
1759998240.6303186,0.775
1759998240.6303186,0.199
1759998240.6804101,-0.008
1759998240.6804101,0.846
1759998240.6804101,0.762
1759998240.6804101,0.215
1759998240.729733,-0.014
1759998240.729733,0.836
1759998240.729733,0.747
1759998240.729733,0.233
1759998240.7792134,-0.009
1759998240.7792134,0.826
1759998240.7792134,0.745
1759998240.7792134,0.216
1759998240.8292987,-0.006
1759998240.8292987,0.832
1759998240.8292987,0.749
1759998240.8292987,0.225
1759998240.8794305,-0.006
1759998240.8794305,0.851
1759998240.8794305,0.766
1759998240.8794305,0.207
1759998240.9293964,-0.004
1759998240.9293964,0.846
1759998240.9293964,0.763
1759998240.9293964,0.219
1759998240.979481,-0.006
1759998240.979481,0.838
1759998240.979481,0.757
1759998240.979481,0.227
1759998241.0294144,-0.002
1759998241.0294144,0.828
1759998241.0294144,0.748
1759998241.0294144,0.259
1759998241.0793142,-0.006
1759998241.0793142,0.828
1759998241.0793142,0.749
1759998241.0793142,0.205
1759998241.1297379,-0.005
1759998241.1297379,0.821
1759998241.1297379,0.738
1759998241.1297379,0.224
1759998241.1798356,-0.002
1759998241.1798356,0.834
1759998241.1798356,0.758
1759998241.1798356,0.145
1759998241.229128,-0.006
1759998241.229128,0.844
1759998241.229128,0.768
1759998241.229128,0.176
1759998241.279044,-0.004
1759998241.279044,0.832
1759998241.279044,0.753
1759998241.279044,0.211
1759998241.328877,-0.009
1759998241.328877,0.848
1759998241.328877,0.785
1759998241.328877,0.164
1759998241.379717,-0.013
1759998241.379717,0.838
1759998241.379717,0.755
1759998241.379717,0.17
