timestamp,snr
1759998185.7297435,44.6
1759998185.7297435,36.0
1759998185.7297435,36.0
1759998185.7297435,27.9
1759998185.7792048,44.6
1759998185.7792048,35.9
1759998185.7792048,35.9
1759998185.7792048,28.0
1759998185.8290763,44.6
1759998185.8290763,35.6
1759998185.8290763,35.6
1759998185.8290763,27.7
1759998185.8788366,44.6
1759998185.8788366,35.9
1759998185.8788366,35.9
1759998185.8788366,27.8
1759998185.9289305,44.5
1759998185.9289305,35.7
1759998185.9289305,35.7
1759998185.9289305,27.8
1759998185.979141,44.6
1759998185.979141,35.7
1759998185.979141,35.7
1759998185.979141,27.8
1759998186.028737,44.6
1759998186.028737,35.9
1759998186.028737,35.9
1759998186.028737,28.1
1759998186.0785487,44.5
1759998186.0785487,35.9
1759998186.0785487,35.9
1759998186.0785487,27.8
1759998186.1293123,44.4
1759998186.1293123,35.5
1759998186.1293123,35.5
1759998186.1293123,27.8
1759998186.1808596,44.4
1759998186.1808596,35.6
1759998186.1808596,35.6
1759998186.1808596,27.8
1759998186.2303498,44.5
1759998186.2303498,35.7
1759998186.2303498,35.7
1759998186.2303498,27.6
1759998186.2797477,44.5
1759998186.2797477,35.6
1759998186.2797477,35.6
1759998186.2797477,27.8
1759998186.3291543,44.5
1759998186.3291543,35.9
1759998186.3291543,35.9
1759998186.3291543,27.7
1759998186.37923,44.5
1759998186.37923,35.7
1759998186.37923,35.7
1759998186.37923,27.8
1759998186.4291632,44.4
1759998186.4291632,35.6
1759998186.4291632,35.6
1759998186.4291632,27.6
1759998186.4790812,44.5
1759998186.4790812,35.8
1759998186.4790812,35.8
1759998186.4790812,28.0
1759998186.5288105,44.5
1759998186.5288105,35.6
1759998186.5288105,35.6
1759998186.5288105,27.8
1759998186.5788996,44.5
1759998186.5788996,35.8
1759998186.5788996,35.8
1759998186.5788996,28.2
1759998186.6290197,44.4
1759998186.6290197,35.6
1759998186.6290197,35.6
1759998186.6290197,27.9
1759998186.678913,44.5
1759998186.678913,35.5
1759998186.678913,35.5
1759998186.678913,27.9
1759998186.7290483,44.5
1759998186.7290483,35.7
1759998186.7290483,35.7
1759998186.7290483,28.1
1759998186.7796886,44.6
1759998186.7796886,35.7
1759998186.7796886,35.7
1759998186.7796886,28.1
1759998186.8291857,44.5
1759998186.8291857,35.7
1759998186.8291857,35.7
1759998186.8291857,28.1
1759998186.8789558,44.4
1759998186.8789558,35.8
1759998186.8789558,35.8
1759998186.8789558,28.1
1759998186.929142,44.5
1759998186.929142,35.8
1759998186.929142,35.8
1759998186.929142,28.0
1759998186.9790294,44.4
1759998186.9790294,35.7
1759998186.9790294,35.7
1759998186.9790294,28.0
1759998187.0287237,44.3
1759998187.0287237,35.5
1759998187.0287237,35.5
1759998187.0287237,27.6
1759998187.0785418,44.5
1759998187.0785418,35.8
1759998187.0785418,35.8
1759998187.0785418,28.2
1759998187.1290362,44.5
1759998187.1290362,35.6
1759998187.1290362,35.6
1759998187.1290362,28.0
1759998187.1799052,44.5
1759998187.1799052,35.8
1759998187.1799052,35.8
1759998187.1799052,28.1
1759998187.2298062,44.4
1759998187.2298062,35.9
1759998187.2298062,35.9
1759998187.2298062,28.0
1759998187.279257,44.3
1759998187.279257,35.7
1759998187.279257,35.7
1759998187.279257,28.0
1759998187.3289316,44.6
1759998187.3289316,35.8
1759998187.3289316,35.8
1759998187.3289316,27.9
1759998187.378724,44.2
1759998187.378724,35.5
1759998187.378724,35.5
1759998187.378724,27.8
1759998187.4290283,44.4
1759998187.4290283,35.7
1759998187.4290283,35.7
1759998187.4290283,27.9
1759998187.4790254,44.2
1759998187.4790254,35.5
1759998187.4790254,35.5
1759998187.4790254,28.0
1759998187.5289621,44.4
1759998187.5289621,35.6
1759998187.5289621,35.6
1759998187.5289621,27.9
1759998187.5794067,44.4
1759998187.5794067,35.7
1759998187.5794067,35.7
1759998187.5794067,28.0
1759998187.6293807,44.4
1759998187.6293807,35.6
1759998187.6293807,35.6
1759998187.6293807,28.1
1759998187.6794305,44.3
1759998187.6794305,35.6
1759998187.6794305,35.6
1759998187.6794305,27.8
1759998187.7292407,44.4
1759998187.7292407,35.7
1759998187.7292407,35.7
1759998187.7292407,27.9
1759998187.779467,44.4
1759998187.779467,35.7
1759998187.779467,35.7
1759998187.779467,28.0
1759998187.8301802,44.5
1759998187.8301802,35.8
1759998187.8301802,35.8
1759998187.8301802,27.9
1759998187.8800147,44.5
1759998187.8800147,35.8
1759998187.8800147,35.8
1759998187.8800147,27.9
1759998187.9298823,44.5
1759998187.9298823,35.7
1759998187.9298823,35.7
1759998187.9298823,28.0
1759998187.9795437,44.4
1759998187.9795437,35.6
1759998187.9795437,35.6
1759998187.9795437,27.9
1759998188.0290937,44.4
1759998188.0290937,35.7
1759998188.0290937,35.7
1759998188.0290937,27.9
1759998188.0784385,44.5
1759998188.0784385,35.9
1759998188.0784385,35.9
1759998188.0784385,28.0
1759998188.1287723,44.4
1759998188.1287723,35.9
1759998188.1287723,35.9
1759998188.1287723,28.1
1759998188.178867,44.5
1759998188.178867,35.8
1759998188.178867,35.8
1759998188.178867,28.0
1759998188.2287323,44.4
1759998188.2287323,36.0
1759998188.2287323,36.0
1759998188.2287323,28.0
1759998188.2794354,44.4
1759998188.2794354,35.8
1759998188.2794354,35.8
1759998188.2794354,27.8
1759998188.3298771,44.5
1759998188.3298771,35.9
1759998188.3298771,35.9
1759998188.3298771,27.9
1759998188.3793464,44.4
1759998188.3793464,35.7
1759998188.3793464,35.7
1759998188.3793464,28.2
1759998188.4289827,44.4
1759998188.4289827,35.8
1759998188.4289827,35.8
1759998188.4289827,28.0
1759998188.4789717,44.4
1759998188.4789717,35.8
1759998188.4789717,35.8
1759998188.4789717,27.9
1759998188.5287766,44.4
1759998188.5287766,35.8
1759998188.5287766,35.8
1759998188.5287766,27.8
1759998188.5789068,44.4
1759998188.5789068,35.8
1759998188.5789068,35.8
1759998188.5789068,27.9
1759998188.6287153,44.4
1759998188.6287153,35.9
1759998188.6287153,35.9
1759998188.6287153,28.0
1759998188.6787472,44.4
1759998188.6787472,35.6
1759998188.6787472,35.6
1759998188.6787472,27.7
1759998188.7288647,44.6
1759998188.7288647,35.9
1759998188.7288647,35.9
1759998188.7288647,28.1
1759998188.7789307,44.4
1759998188.7789307,35.7
1759998188.7789307,35.7
1759998188.7789307,28.1
1759998188.8288815,44.3
1759998188.8288815,35.7
1759998188.8288815,35.7
1759998188.8288815,27.8
1759998188.878436,44.6
1759998188.878436,35.8
1759998188.878436,35.8
1759998188.878436,27.8
1759998188.9283435,44.5
1759998188.9283435,35.8
1759998188.9283435,35.8
1759998188.9283435,28.2
1759998188.978492,44.4
1759998188.978492,35.6
1759998188.978492,35.6
1759998188.978492,27.8
1759998189.0290456,44.5
1759998189.0290456,35.8
1759998189.0290456,35.8
1759998189.0290456,28.0
1759998189.079094,44.4
1759998189.079094,35.7
1759998189.079094,35.7
1759998189.079094,28.0
1759998189.1293476,44.5
1759998189.1293476,35.8
1759998189.1293476,35.8
1759998189.1293476,28.2
1759998189.180336,44.5
1759998189.180336,35.8
1759998189.180336,35.8
1759998189.180336,27.9
1759998189.229234,44.5
1759998189.229234,36.0
1759998189.229234,36.0
1759998189.229234,28.2
1759998189.2789538,44.3
1759998189.2789538,35.6
1759998189.2789538,35.6
1759998189.2789538,28.0
1759998189.3290427,44.5
1759998189.3290427,35.8
1759998189.3290427,35.8
1759998189.3290427,27.8
1759998189.3790162,44.4
1759998189.3790162,35.7
1759998189.3790162,35.7
1759998189.3790162,27.9
1759998189.4295185,44.5
1759998189.4295185,35.7
1759998189.4295185,35.7
1759998189.4295185,27.9
1759998189.4795613,44.6
1759998189.4795613,35.8
1759998189.4795613,35.8
1759998189.4795613,27.9
1759998189.5291734,44.5
1759998189.5291734,35.7
1759998189.5291734,35.7
1759998189.5291734,28.0
1759998189.5788147,44.6
1759998189.5788147,35.8
1759998189.5788147,35.8
1759998189.5788147,28.4
1759998189.6285086,44.6
1759998189.6285086,35.8
1759998189.6285086,35.8
1759998189.6285086,28.1
1759998189.6788228,44.6
1759998189.6788228,35.6
1759998189.6788228,35.6
1759998189.6788228,28.1
1759998189.7290313,44.4
1759998189.7290313,35.6
1759998189.7290313,35.6
1759998189.7290313,28.0
1759998189.7788236,44.4
1759998189.7788236,35.7
1759998189.7788236,35.7
1759998189.7788236,27.8
1759998189.8289862,44.5
1759998189.8289862,35.8
1759998189.8289862,35.8
1759998189.8289862,28.0
1759998189.879564,44.4
1759998189.879564,35.8
1759998189.879564,35.8
1759998189.879564,28.0
1759998189.9302378,44.5
1759998189.9302378,35.8
1759998189.9302378,35.8
1759998189.9302378,27.8
1759998189.979908,44.4
1759998189.979908,35.7
1759998189.979908,35.7
1759998189.979908,27.7
1759998190.0291128,44.4
1759998190.0291128,35.6
1759998190.0291128,35.6
1759998190.0291128,28.2
1759998190.0788412,44.5
1759998190.0788412,35.6
1759998190.0788412,35.6
1759998190.0788412,28.0
1759998190.129475,44.5
1759998190.129475,35.6
1759998190.129475,35.6
1759998190.129475,28.1
1759998190.1796072,44.5
1759998190.1796072,35.5
1759998190.1796072,35.5
1759998190.1796072,28.1
1759998190.229132,44.4
1759998190.229132,35.5
1759998190.229132,35.5
1759998190.229132,27.7
1759998190.2789643,44.6
1759998190.2789643,35.7
1759998190.2789643,35.7
1759998190.2789643,28.4
1759998191.279538,44.5
1759998191.279538,35.9
1759998191.279538,35.9
1759998191.279538,28.2
1759998191.3292048,44.4
1759998191.3292048,35.7
1759998191.3292048,35.7
1759998191.3292048,27.9
1759998191.3792925,44.4
1759998191.3792925,35.8
1759998191.3792925,35.8
1759998191.3792925,28.1
1759998191.4285553,44.4
1759998191.4285553,35.8
1759998191.4285553,35.8
1759998191.4285553,27.7
1759998191.478546,44.4
1759998191.478546,35.7
1759998191.478546,35.7
1759998191.478546,27.9
1759998191.5288932,44.5
1759998191.5288932,35.7
1759998191.5288932,35.7
1759998191.5288932,27.7
1759998191.5789728,44.2
1759998191.5789728,35.4
1759998191.5789728,35.4
1759998191.5789728,27.8
1759998191.6289182,44.5
1759998191.6289182,35.8
1759998191.6289182,35.8
1759998191.6289182,28.1
1759998191.6787672,44.4
1759998191.6787672,35.6
1759998191.6787672,35.6
1759998191.6787672,28.1
1759998191.72841,44.5
1759998191.72841,35.8
1759998191.72841,35.8
1759998191.72841,27.7
1759998191.7783208,44.3
1759998191.7783208,35.6
1759998191.7783208,35.6
1759998191.7783208,27.7
1759998191.8292994,44.3
1759998191.8292994,35.5
1759998191.8292994,35.5
1759998191.8292994,27.7
1759998191.8796184,44.4
1759998191.8796184,35.7
1759998191.8796184,35.7
1759998191.8796184,27.9
1759998191.92936,44.4
1759998191.92936,35.7
1759998191.92936,35.7
1759998191.92936,28.1
1759998191.9794528,44.4
1759998191.9794528,35.6
1759998191.9794528,35.6
1759998191.9794528,27.8
1759998192.0291698,44.4
1759998192.0291698,35.5
1759998192.0291698,35.5
1759998192.0291698,28.0
1759998192.0793302,44.4
1759998192.0793302,35.6
1759998192.0793302,35.6
1759998192.0793302,28.0
1759998192.1304784,44.3
1759998192.1304784,35.6
1759998192.1304784,35.6
1759998192.1304784,27.6
1759998192.180035,44.5
1759998192.180035,35.7
1759998192.180035,35.7
1759998192.180035,28.0
1759998192.2301776,44.5
1759998192.2301776,35.7
1759998192.2301776,35.7
1759998192.2301776,27.6
1759998192.2805004,44.4
1759998192.2805004,35.6
1759998192.2805004,35.6
1759998192.2805004,27.8
1759998192.3302116,44.4
1759998192.3302116,35.5
1759998192.3302116,35.5
1759998192.3302116,27.9
1759998192.3792043,44.4
1759998192.3792043,35.6
1759998192.3792043,35.6
1759998192.3792043,27.9
1759998192.4295685,44.4
1759998192.4295685,35.8
1759998192.4295685,35.8
1759998192.4295685,27.8
1759998192.479185,44.4
1759998192.479185,35.6
1759998192.479185,35.6
1759998192.479185,27.7
1759998192.5291421,44.4
1759998192.5291421,35.6
1759998192.5291421,35.6
1759998192.5291421,28.1
1759998192.5791097,44.4
1759998192.5791097,35.6
1759998192.5791097,35.6
1759998192.5791097,28.2
1759998192.6290464,44.5
1759998192.6290464,35.6
1759998192.6290464,35.6
1759998192.6290464,27.9
1759998192.6788886,44.4
1759998192.6788886,35.5
1759998192.6788886,35.5
1759998192.6788886,27.9
1759998192.7290046,44.4
1759998192.7290046,35.6
1759998192.7290046,35.6
1759998192.7290046,27.7
1759998192.7794485,44.5
1759998192.7794485,35.8
1759998192.7794485,35.8
1759998192.7794485,28.2
1759998192.8295047,44.4
1759998192.8295047,35.6
1759998192.8295047,35.6
1759998192.8295047,27.8
1759998192.8792663,44.3
1759998192.8792663,35.7
1759998192.8792663,35.7
1759998192.8792663,28.0
1759998192.928988,44.4
1759998192.928988,35.7
1759998192.928988,35.7
1759998192.928988,28.0
1759998192.9785638,44.4
1759998192.9785638,35.7
1759998192.9785638,35.7
1759998192.9785638,27.9
1759998193.0287588,44.4
1759998193.0287588,35.8
1759998193.0287588,35.8
1759998193.0287588,28.0
1759998193.0790827,44.3
1759998193.0790827,35.5
1759998193.0790827,35.5
1759998193.0790827,28.0
1759998193.12918,44.3
1759998193.12918,35.6
1759998193.12918,35.6
1759998193.12918,28.1
1759998193.1790316,44.3
1759998193.1790316,35.5
1759998193.1790316,35.5
1759998193.1790316,27.8
1759998193.2287197,44.4
1759998193.2287197,35.7
1759998193.2287197,35.7
1759998193.2287197,27.9
1759998193.2788782,44.3
1759998193.2788782,35.6
1759998193.2788782,35.6
1759998193.2788782,28.2
1759998193.3294742,44.4
1759998193.3294742,35.6
1759998193.3294742,35.6
1759998193.3294742,28.2
1759998193.383774,44.4
1759998193.383774,35.6
1759998193.383774,35.6
1759998193.383774,27.8
1759998193.4289017,44.4
1759998193.4289017,35.7
1759998193.4289017,35.7
1759998193.4289017,27.9
1759998193.4788854,44.5
1759998193.4788854,35.8
1759998193.4788854,35.8
1759998193.4788854,28.3
1759998193.529215,44.4
1759998193.529215,35.7
1759998193.529215,35.7
1759998193.529215,28.0
1759998193.5792496,44.4
1759998193.5792496,35.8
1759998193.5792496,35.8
1759998193.5792496,27.9
1759998193.6285203,44.5
1759998193.6285203,35.6
1759998193.6285203,35.6
1759998193.6285203,27.8
1759998193.678942,44.3
1759998193.678942,35.5
1759998193.678942,35.5
1759998193.678942,28.0
1759998193.7282991,44.3
1759998193.7282991,35.5
1759998193.7282991,35.5
1759998193.7282991,27.8
1759998193.7790585,44.4
1759998193.7790585,35.4
1759998193.7790585,35.4
1759998193.7790585,27.8
1759998193.8290427,44.5
1759998193.8290427,35.4
1759998193.8290427,35.4
1759998193.8290427,27.6
1759998193.8794868,44.3
1759998193.8794868,35.5
1759998193.8794868,35.5
1759998193.8794868,28.0
1759998193.9298482,44.4
1759998193.9298482,35.6
1759998193.9298482,35.6
1759998193.9298482,27.8
1759998193.9795887,44.5
1759998193.9795887,35.9
1759998193.9795887,35.9
1759998193.9795887,28.1
1759998194.0293293,44.4
1759998194.0293293,35.5
1759998194.0293293,35.5
1759998194.0293293,28.2
1759998194.0793228,44.4
1759998194.0793228,35.9
1759998194.0793228,35.9
1759998194.0793228,28.1
1759998194.129692,44.4
1759998194.129692,35.7
1759998194.129692,35.7
1759998194.129692,27.9
1759998194.1793618,44.4
1759998194.1793618,35.7
1759998194.1793618,35.7
1759998194.1793618,27.9
1759998194.2290752,44.3
1759998194.2290752,35.4
1759998194.2290752,35.4
1759998194.2290752,27.8
1759998194.2793257,44.2
1759998194.2793257,35.5
1759998194.2793257,35.5
1759998194.2793257,27.9
1759998194.3288476,44.3
1759998194.3288476,35.6
1759998194.3288476,35.6
1759998194.3288476,28.1
1759998194.3785357,44.3
1759998194.3785357,35.7
1759998194.3785357,35.7
1759998194.3785357,28.1
1759998194.4292228,44.4
1759998194.4292228,35.5
1759998194.4292228,35.5
1759998194.4292228,28.1
1759998194.4794576,44.3
1759998194.4794576,35.3
1759998194.4794576,35.3
1759998194.4794576,27.8
1759998194.529035,44.3
1759998194.529035,35.4
1759998194.529035,35.4
1759998194.529035,27.9
1759998194.5786254,44.4
1759998194.5786254,35.5
1759998194.5786254,35.5
1759998194.5786254,28.1
1759998194.6285043,44.4
1759998194.6285043,35.4
1759998194.6285043,35.4
1759998194.6285043,27.8
1759998194.6785553,44.4
1759998194.6785553,35.7
1759998194.6785553,35.7
1759998194.6785553,28.1
1759998194.7288606,44.4
1759998194.7288606,35.5
1759998194.7288606,35.5
1759998194.7288606,28.0
1759998194.7788427,44.4
1759998194.7788427,35.2
1759998194.7788427,35.2
1759998194.7788427,28.2
1759998194.8303225,44.3
1759998194.8303225,35.4
1759998194.8303225,35.4
1759998194.8303225,28.0
1759998194.879792,44.4
1759998194.879792,35.5
1759998194.879792,35.5
1759998194.879792,28.4
1759998194.9289634,44.4
1759998194.9289634,35.8
1759998194.9289634,28.0
1759998194.979188,44.3
1759998194.979188,35.7
1759998194.979188,35.7
1759998194.979188,27.7
1759998195.028891,44.4
1759998195.028891,34.9
1759998195.028891,34.9
1759998195.028891,28.2
1759998195.0791981,44.4
1759998195.0791981,35.3
1759998195.0791981,35.3
1759998195.0791981,27.8
1759998195.1296728,44.4
1759998195.1296728,35.5
1759998195.1296728,35.5
1759998195.1296728,28.0
1759998195.1798055,44.5
1759998195.1798055,35.0
1759998195.1798055,35.0
1759998195.1798055,28.1
1759998195.2299838,44.6
1759998195.2299838,35.4
1759998195.2299838,35.4
1759998195.2299838,28.4
1759998195.2796082,44.4
1759998195.2796082,35.3
1759998195.2796082,35.3
1759998195.2796082,28.0
1759998195.3293083,44.4
1759998195.3293083,35.4
1759998195.3293083,35.4
1759998195.3293083,27.9
1759998195.3788836,44.4
1759998195.3788836,35.4
1759998195.3788836,35.4
1759998195.3788836,27.8
1759998195.4291673,44.5
1759998195.4291673,35.6
1759998195.4291673,35.6
1759998195.4291673,28.2
1759998195.479222,44.4
1759998195.479222,35.4
1759998195.479222,35.4
1759998195.479222,27.8
1759998195.5294816,44.4
1759998195.5294816,35.6
1759998195.5294816,35.6
1759998195.5294816,28.2
1759998195.5795417,44.4
1759998195.5795417,35.4
1759998195.5795417,35.4
1759998195.5795417,27.9
1759998195.6295362,44.2
1759998195.6295362,35.3
1759998195.6295362,35.3
1759998195.6295362,27.9
1759998195.679688,44.3
1759998195.679688,35.4
1759998195.679688,35.4
1759998195.679688,27.8
1759998195.729606,44.4
1759998195.729606,35.4
1759998195.729606,35.4
1759998195.729606,27.9
1759998195.7791846,44.3
1759998195.7791846,35.5
1759998195.7791846,35.5
1759998195.7791846,27.8
1759998195.828957,44.3
1759998195.828957,35.5
1759998195.828957,35.5
1759998195.828957,28.2
1759998195.8788743,44.3
1759998195.8788743,35.7
1759998195.8788743,35.7
1759998195.8788743,28.2
1759998195.9289746,44.3
1759998195.9289746,35.5
1759998195.9289746,35.5
1759998195.9289746,27.8
1759998195.9792361,44.3
1759998195.9792361,35.5
1759998195.9792361,35.5
1759998195.9792361,27.7
1759998196.0293531,44.3
1759998196.0293531,35.6
1759998196.0293531,35.6
1759998196.0293531,28.0
1759998196.0793185,44.4
1759998196.0793185,35.6
1759998196.0793185,35.6
1759998196.0793185,28.1
1759998196.1292157,44.3
1759998196.1292157,35.7
1759998196.1292157,35.7
1759998196.1292157,28.1
1759998196.1804159,44.3
1759998196.1804159,35.7
1759998196.1804159,35.7
1759998196.1804159,28.1
1759998196.2291327,44.4
1759998196.2291327,35.6
1759998196.2291327,35.6
1759998196.2291327,28.1
1759998196.279199,44.2
1759998196.279199,35.4
1759998196.279199,35.4
1759998196.279199,28.0
1759998196.328617,44.3
1759998196.328617,35.7
1759998196.328617,35.7
1759998196.328617,28.2
1759998196.3781695,44.4
1759998196.3781695,35.6
1759998196.3781695,35.6
1759998196.3781695,27.9
1759998196.4285014,44.3
1759998196.4285014,35.4
1759998196.4285014,35.4
1759998196.4285014,27.9
1759998196.4780629,44.2
1759998196.4780629,35.4
1759998196.4780629,35.4
1759998196.4780629,28.1
1759998196.5279698,44.4
1759998196.5279698,35.5
1759998196.5279698,35.5
1759998196.5279698,28.1
1759998196.5780969,44.4
1759998196.5780969,35.4
1759998196.5780969,35.4
1759998196.5780969,27.8
1759998196.6282887,44.5
1759998196.6282887,35.7
1759998196.6282887,35.7
1759998196.6282887,28.2
1759998196.6781414,44.3
1759998196.6781414,35.4
1759998196.6781414,35.4
1759998196.6781414,27.9
1759998196.7281508,44.3
1759998196.7281508,35.5
1759998196.7281508,35.5
1759998196.7281508,28.2
1759998196.778931,44.4
1759998196.778931,35.5
1759998196.778931,35.5
1759998196.778931,28.2
1759998196.8296301,44.5
1759998196.8296301,35.7
1759998196.8296301,35.7
1759998196.8296301,28.2
1759998196.8792028,44.4
1759998196.8792028,35.5
1759998196.8792028,35.5
1759998196.8792028,28.1
1759998196.9295378,44.4
1759998196.9295378,35.5
1759998196.9295378,35.5
1759998196.9295378,28.1
1759998196.9799707,44.4
1759998196.9799707,35.5
1759998196.9799707,35.5
1759998196.9799707,27.9
1759998197.0296242,44.5
1759998197.0296242,35.7
1759998197.0296242,35.7
1759998197.0296242,28.2
1759998197.0791745,44.6
1759998197.0791745,36.0
1759998197.0791745,36.0
1759998197.0791745,28.1
1759998197.1294086,44.3
1759998197.1294086,35.6
1759998197.1294086,35.6
1759998197.1294086,28.3
1759998197.1791062,44.2
1759998197.1791062,35.4
1759998197.1791062,35.4
1759998197.1791062,27.6
1759998197.2289917,44.5
1759998197.2289917,35.6
1759998197.2289917,35.6
1759998197.2289917,27.9
1759998197.278512,44.3
1759998197.278512,35.5
1759998197.278512,35.5
1759998197.278512,28.2
1759998197.328562,44.3
1759998197.328562,35.5
1759998197.328562,35.5
1759998197.328562,28.0
1759998197.3784854,44.2
1759998197.3784854,35.5
1759998197.3784854,35.5
1759998197.3784854,27.9
1759998197.4281309,44.3
1759998197.4281309,35.7
1759998197.4281309,35.7
1759998197.4281309,27.7
1759998197.4800062,44.3
1759998197.4800062,35.4
1759998197.4800062,35.4
1759998197.4800062,27.9
1759998197.5283782,44.3
1759998197.5283782,35.6
1759998197.5283782,35.6
1759998197.5283782,28.0
1759998197.5780478,44.4
1759998197.5780478,35.3
1759998197.5780478,35.3
1759998197.5780478,28.0
1759998197.6281307,44.2
1759998197.6281307,35.3
1759998197.6281307,35.3
1759998197.6281307,28.0
1759998197.6780372,44.4
1759998197.6780372,35.2
1759998197.6780372,35.2
1759998197.6780372,28.0
1759998197.7278907,44.3
1759998197.7278907,35.4
1759998197.7278907,35.4
1759998197.7278907,28.1
1759998197.778172,44.2
1759998197.778172,35.1
1759998197.778172,35.1
1759998197.778172,27.7
1759998197.8280227,44.5
1759998197.8280227,35.4
1759998197.8280227,35.4
1759998197.8280227,28.0
1759998197.8779416,44.5
1759998197.8779416,35.0
1759998197.8779416,35.0
1759998197.8779416,27.8
1759998197.9281685,44.5
1759998197.9281685,35.1
1759998197.9281685,35.1
1759998197.9281685,28.1
1759998197.9781327,44.2
1759998197.9781327,35.2
1759998197.9781327,35.2
1759998197.9781327,28.0
1759998198.0280006,44.2
1759998198.0280006,35.1
1759998198.0280006,35.1
1759998198.0280006,28.2
1759998198.0780594,44.2
1759998198.0780594,35.0
1759998198.0780594,35.0
1759998198.0780594,27.8
1759998198.128304,44.3
1759998198.128304,35.0
1759998198.128304,35.0
1759998198.128304,28.1
1759998198.1783047,44.4
1759998198.1783047,35.1
1759998198.1783047,35.1
1759998198.1783047,28.2
1759998198.2283213,44.3
1759998198.2283213,35.2
1759998198.2283213,35.2
1759998198.2283213,28.0
1759998198.2783835,44.1
1759998198.2783835,35.8
1759998198.2783835,35.8
1759998198.2783835,27.8
1759998198.2783835,39.1
1759998198.3282092,44.1
1759998198.3282092,35.6
1759998198.3282092,35.6
1759998198.3282092,27.4
1759998198.3781705,28.0
1759998198.4281633,46.3
1759998198.4281633,26.7
1759998198.4780638,43.7
1759998198.4780638,35.1
1759998198.4780638,35.1
1759998198.4780638,28.7
1759998198.4780638,40.9
1759998198.5275035,28.6
1759998198.5275035,42.4
1759998198.5275035,43.2
1759998198.5275035,36.8
1759998198.5275035,36.8
1759998198.5780766,27.5
1759998198.5780766,38.5
1759998198.627553,37.3
1759998198.627553,43.3
1759998198.6771696,39.5
1759998198.7774498,44.5
1759998198.7774498,43.8
1759998198.7774498,43.8
1759998198.8764615,45.1
1759998198.8764615,41.5
1759998198.8764615,41.5
1759998198.9762537,44.7
1759998199.0766544,46.3
1759998199.0766544,44.5
1759998199.1268532,45.0
1759998199.1767316,41.9
1759998199.2762127,44.6
1759998199.2762127,44.6
1759998199.426487,47.1
1759998199.5273192,47.6
1759998199.6771154,48.5
1759998199.7271626,45.6
1759998199.7271626,48.4
1759998199.7271626,48.4
1759998199.776704,45.5
1759998199.776704,43.9
1759998199.8267474,43.9
1759998199.977017,44.8
1759998199.977017,44.8
1759998200.177352,44.9
1759998200.177352,44.9
1759998200.2267082,47.5
1759998200.3276896,25.2
1759998200.3276896,46.6
1759998200.4769738,47.3
1759998200.6280465,43.9
1759998200.6280465,45.1
1759998200.6280465,45.1
1759998200.6776617,31.4
1759998200.7280478,44.0
1759998200.7773614,34.7
1759998200.8272166,42.8
1759998200.876933,35.2
1759998200.9273355,45.2
1759998200.9273355,34.4
1759998200.977459,45.4
1759998200.977459,36.0
1759998200.977459,36.0
1759998201.0270035,45.2
1759998201.0270035,35.9
1759998201.0772142,44.8
1759998201.0772142,35.0
1759998201.0772142,35.0
1759998201.0772142,27.1
1759998201.0772142,44.1
1759998201.127374,36.5
1759998201.127374,34.9
1759998201.127374,34.9
1759998201.177813,44.9
1759998201.177813,35.8
1759998201.177813,35.8
1759998201.177813,27.4
1759998201.177813,48.0
1759998201.227725,44.3
1759998201.227725,37.1
1759998201.227725,46.9
1759998201.2772353,43.3
1759998201.2772353,37.8
1759998201.2772353,37.8
1759998201.2772353,45.3
1759998201.3274837,44.3
1759998201.3274837,37.2
1759998201.3274837,37.2
1759998201.3774235,43.5
1759998201.3774235,36.5
1759998201.3774235,36.5
1759998201.3774235,27.1
1759998201.4273722,45.5
1759998201.4273722,36.6
1759998201.4273722,36.6
1759998201.4776242,45.2
1759998201.4776242,36.1
1759998201.4776242,36.1
1759998201.4776242,30.0
1759998201.4776242,44.5
1759998201.5273607,44.3
1759998201.5273607,36.7
1759998201.5273607,36.7
1759998201.5273607,25.7
1759998201.5273607,48.0
1759998201.5774608,44.4
1759998201.5774608,37.0
1759998201.5774608,37.0
1759998201.5774608,37.0
1759998201.5774608,46.7
1759998201.6275065,45.2
1759998201.6275065,37.1
1759998201.6275065,37.1
1759998201.6275065,25.3
1759998201.6772838,44.7
1759998201.6772838,37.1
1759998201.6772838,37.1
1759998201.6772838,45.3
1759998201.727377,44.3
1759998201.727377,36.3
1759998201.727377,36.9
1759998201.727377,36.9
1759998201.727377,46.9
1759998201.7776494,44.0
1759998201.7776494,36.8
1759998201.7776494,36.8
1759998201.7776494,46.1
1759998201.8276327,44.7
1759998201.8276327,35.2
1759998201.8276327,35.2
1759998201.8276327,28.1
1759998201.8276327,27.7
1759998201.8276327,44.8
1759998201.8776326,44.7
1759998201.8776326,46.6
1759998201.928217,44.9
1759998201.928217,36.0
1759998201.928217,36.0
1759998201.977781,44.5
1759998201.977781,36.0
1759998201.977781,45.5
1759998202.0277295,44.4
1759998202.0277295,34.5
1759998202.0277295,34.5
1759998202.0277295,32.6
1759998202.0777385,44.6
1759998202.0777385,34.8
1759998202.0777385,34.8
1759998202.1281266,44.2
1759998202.1281266,35.7
1759998202.1281266,35.7
1759998202.178139,44.5
1759998202.178139,35.0
1759998202.178139,35.0
1759998202.228143,44.4
1759998202.228143,35.4
1759998202.228143,35.4
1759998202.2778563,44.4
1759998202.2778563,35.7
1759998202.2778563,35.7
1759998202.3278694,44.5
1759998202.3278694,35.0
1759998202.3278694,35.0
1759998202.3278694,27.2
1759998202.3278694,44.4
1759998202.3779845,44.7
1759998202.3779845,35.3
1759998202.3779845,35.3
1759998202.3779845,28.1
1759998202.4280326,44.5
1759998202.4280326,35.6
1759998202.4280326,27.3
1759998202.4280326,44.1
1759998202.4777617,44.5
1759998202.4777617,36.5
1759998202.4777617,35.4
1759998202.4777617,35.4
1759998202.4777617,28.0
1759998202.5277555,44.6
1759998202.5277555,35.2
1759998202.5277555,35.2
1759998202.5277555,31.8
1759998202.578016,44.7
1759998202.578016,35.2
1759998202.578016,35.2
1759998202.578016,30.3
1759998202.578016,42.5
1759998202.6291487,44.7
1759998202.6291487,36.3
1759998202.6291487,35.3
1759998202.6291487,35.3
1759998202.6291487,29.0
1759998202.6795945,44.6
1759998202.6795945,35.3
1759998202.6795945,35.3
1759998202.6795945,30.5
1759998202.6795945,26.6
1759998202.728733,44.7
1759998202.728733,36.0
1759998202.728733,35.1
1759998202.728733,35.1
1759998202.728733,30.3
1759998202.728733,27.7
1759998202.7787035,44.7
1759998202.7787035,36.5
1759998202.7787035,35.0
1759998202.7787035,35.0
1759998202.7787035,29.9
1759998202.8282309,44.7
1759998202.8282309,35.1
1759998202.8282309,35.1
1759998202.8282309,28.7
1759998202.8282309,26.5
1759998202.8778105,44.6
1759998202.8778105,35.1
1759998202.8778105,35.1
1759998202.8778105,27.8
1759998202.9277363,44.5
1759998202.9277363,35.5
1759998202.9277363,35.5
1759998202.9277363,31.7
1759998202.9277363,28.8
1759998202.978051,44.6
1759998202.978051,35.5
1759998202.978051,35.5
1759998202.978051,30.3
1759998203.0279434,44.4
1759998203.0279434,35.7
1759998203.0279434,35.7
1759998203.0279434,29.1
1759998203.0779364,44.6
1759998203.0779364,35.7
1759998203.0779364,35.7
1759998203.0779364,30.5
1759998203.1281362,44.6
1759998203.1281362,35.7
1759998203.1281362,35.7
1759998203.1281362,27.9
1759998203.1784475,44.4
1759998203.1784475,35.7
1759998203.1784475,35.7
1759998203.1784475,29.3
1759998203.2284071,44.5
1759998203.2284071,35.5
1759998203.2284071,35.5
1759998203.2284071,28.0
1759998203.2780702,44.5
1759998203.2780702,35.4
1759998203.2780702,35.4
1759998203.2780702,27.7
1759998203.3280482,44.4
1759998203.3280482,35.6
1759998203.3280482,35.6
1759998203.3280482,28.0
1759998203.3280482,42.3
1759998203.3780005,44.5
1759998203.3780005,35.7
1759998203.3780005,35.7
1759998203.3780005,27.7
1759998203.3780005,44.8
1759998203.4277556,44.6
1759998203.4277556,35.2
1759998203.4277556,35.2
1759998203.4277556,28.0
1759998203.4277556,41.3
1759998203.4775581,44.5
1759998203.4775581,35.5
1759998203.4775581,35.5
1759998203.4775581,27.2
1759998203.4775581,41.5
1759998203.527534,44.3
1759998203.527534,35.3
1759998203.527534,35.3
1759998203.527534,27.9
1759998203.5775185,44.4
1759998203.5775185,35.2
1759998203.5775185,35.2
1759998203.5775185,28.5
1759998203.6277518,44.5
1759998203.6277518,35.4
1759998203.6277518,35.4
1759998203.6277518,26.7
1759998203.6277518,41.8
1759998203.6787117,44.5
1759998203.6787117,35.4
1759998203.6787117,35.4
1759998203.6787117,27.3
1759998203.6787117,44.7
1759998203.7289739,44.5
1759998203.7289739,35.6
1759998203.7289739,35.6
1759998203.7289739,28.5
1759998203.778738,44.5
1759998203.778738,35.5
1759998203.778738,35.5
1759998203.778738,27.4
1759998203.778738,41.3
1759998203.8284204,44.5
1759998203.8284204,35.3
1759998203.8284204,35.3
1759998203.8284204,28.1
1759998203.8284204,43.2
1759998203.8780499,44.5
1759998203.8780499,35.4
1759998203.8780499,35.4
1759998203.8780499,28.3
1759998203.8780499,39.3
1759998203.9288757,44.5
1759998203.9288757,35.5
1759998203.9288757,35.5
1759998203.9288757,28.8
1759998203.9288757,40.1
1759998203.978598,44.6
1759998203.978598,35.3
1759998203.978598,35.3
1759998203.978598,28.3
1759998203.978598,39.3
1759998204.0283985,44.7
1759998204.0283985,35.3
1759998204.0283985,35.3
1759998204.0283985,27.7
1759998204.0784764,44.7
1759998204.0784764,35.3
1759998204.0784764,35.3
1759998204.0784764,28.3
1759998204.128442,44.7
1759998204.128442,35.4
1759998204.128442,35.4
1759998204.128442,28.3
1759998204.1788492,44.6
1759998204.1788492,36.1
1759998204.1788492,35.3
1759998204.1788492,35.3
1759998204.1788492,28.3
1759998204.1788492,25.1
1759998204.2285821,44.6
1759998204.2285821,35.3
1759998204.2285821,35.3
1759998204.2285821,28.4
1759998204.2783155,44.7
1759998204.2783155,35.5
1759998204.2783155,35.5
1759998204.2783155,28.2
1759998204.2783155,42.6
1759998204.3283448,44.5
1759998204.3283448,35.4
1759998204.3283448,35.4
1759998204.3283448,28.4
1759998204.378369,44.5
1759998204.378369,35.4
1759998204.378369,35.4
1759998204.378369,27.8
1759998204.4285,44.5
1759998204.4285,35.7
1759998204.4285,35.7
1759998204.4285,28.5
1759998204.4285,40.1
1759998204.4785025,44.3
1759998204.4785025,35.2
1759998204.4785025,35.2
1759998204.4785025,27.3
1759998204.4785025,38.4
1759998204.5283277,44.4
1759998204.5283277,35.4
1759998204.5283277,35.4
1759998204.5283277,27.6
1759998204.5283277,38.5
1759998204.5780315,44.4
1759998204.5780315,35.4
1759998204.5780315,35.4
1759998204.5780315,27.5
1759998204.5780315,42.7
1759998204.6284657,44.4
1759998204.6284657,35.4
1759998204.6284657,35.4
1759998204.6284657,28.1
1759998204.6284657,37.3
1759998204.678225,44.4
1759998204.678225,35.4
1759998204.678225,35.4
1759998204.678225,27.5
1759998204.728383,44.4
1759998204.728383,35.4
1759998204.728383,35.4
1759998204.728383,27.5
1759998204.728383,40.5
1759998204.7784755,44.4
1759998204.7784755,35.4
1759998204.7784755,35.4
1759998204.7784755,27.4
1759998204.8284214,44.4
1759998204.8284214,35.5
1759998204.8284214,35.5
1759998204.8284214,28.0
1759998204.878322,44.4
1759998204.878322,35.4
1759998204.878322,35.4
1759998204.878322,28.3
1759998204.878322,36.5
1759998204.9282916,44.4
1759998204.9282916,35.3
1759998204.9282916,35.3
1759998204.9282916,28.2
1759998204.978222,44.4
1759998204.978222,35.5
1759998204.978222,35.5
1759998204.978222,27.8
1759998204.978222,36.1
1759998205.0280304,44.3
1759998205.0280304,35.3
1759998205.0280304,35.3
1759998205.0280304,28.2
1759998205.0280304,39.8
1759998205.0778708,44.2
1759998205.0778708,35.1
1759998205.0778708,35.1
1759998205.0778708,28.0
1759998205.1284268,44.5
1759998205.1284268,35.6
1759998205.1284268,35.6
1759998205.1284268,27.5
1759998205.179813,44.3
1759998205.179813,35.2
1759998205.179813,35.2
1759998205.179813,27.9
1759998205.2288916,44.3
1759998205.2288916,35.2
1759998205.2288916,35.2
1759998205.2288916,27.9
1759998205.2288916,38.4
1759998205.2786906,44.4
1759998205.2786906,35.3
1759998205.2786906,35.3
1759998205.2786906,27.7
1759998205.2786906,36.6
1759998205.3284822,44.4
1759998205.3284822,35.4
1759998205.3284822,35.4
1759998205.3284822,27.9
1759998205.3284822,40.1
1759998205.3783855,44.5
1759998205.3783855,35.5
1759998205.3783855,35.5
1759998205.3783855,27.6
1759998205.3783855,36.8
1759998205.4282093,44.6
1759998205.4282093,35.5
1759998205.4282093,35.5
1759998205.4282093,28.2
1759998205.4782913,44.5
1759998205.4782913,35.3
1759998205.4782913,35.3
1759998205.4782913,28.0
1759998205.52847,44.5
1759998205.52847,35.3
1759998205.52847,35.3
1759998205.52847,28.2
1759998205.5783045,44.4
1759998205.5783045,35.2
1759998205.5783045,35.2
1759998205.5783045,28.2
1759998205.5783045,39.3
1759998205.6284013,44.4
1759998205.6284013,35.2
1759998205.6284013,35.2
1759998205.6284013,27.8
1759998205.6784546,44.5
1759998205.6784546,35.4
1759998205.6784546,35.4
1759998205.6784546,27.9
1759998205.6784546,35.0
1759998205.6784546,37.0
1759998205.728596,44.6
1759998205.728596,35.6
1759998205.728596,35.6
1759998205.728596,28.1
1759998205.7784889,44.5
1759998205.7784889,35.5
1759998205.7784889,35.5
1759998205.7784889,27.8
1759998205.7784889,37.3
1759998205.8282485,44.4
1759998205.8282485,35.5
1759998205.8282485,35.5
1759998205.8282485,28.1
1759998205.8282485,38.9
1759998205.8783207,44.5
1759998205.8783207,35.7
1759998205.8783207,35.7
1759998205.8783207,28.1
1759998205.8783207,33.5
1759998205.9286337,44.4
1759998205.9286337,35.4
1759998205.9286337,35.4
1759998205.9286337,32.2
1759998205.9286337,27.6
1759998205.9286337,37.2
1759998205.9783251,44.3
1759998205.9783251,35.3
1759998205.9783251,35.3
1759998205.9783251,28.2
1759998206.0283792,44.4
1759998206.0283792,35.5
1759998206.0283792,35.5
1759998206.0283792,28.1
1759998206.0790513,44.4
1759998206.0790513,35.4
1759998206.0790513,35.4
1759998206.0790513,28.1
1759998206.0790513,35.7
1759998206.1279147,44.5
1759998206.1279147,35.5
1759998206.1279147,35.5
1759998206.1279147,27.7
1759998206.178628,44.4
1759998206.178628,35.4
1759998206.178628,35.4
1759998206.178628,30.1
1759998206.178628,27.6
1759998206.178628,35.0
1759998206.178628,35.0
1759998206.178628,33.9
1759998206.178628,33.9
1759998206.2283504,44.4
1759998206.2283504,35.4
1759998206.2283504,35.4
1759998206.2283504,26.6
1759998206.2783165,44.3
1759998206.2783165,35.3
1759998206.2783165,35.3
1759998206.2783165,31.6
1759998206.2783165,27.4
1759998206.2783165,38.9
1759998206.3283215,44.3
1759998206.3283215,35.3
1759998206.3283215,35.3
1759998206.3283215,28.9
1759998206.3781064,44.4
1759998206.3781064,35.4
1759998206.3781064,35.4
1759998206.3781064,27.4
1759998206.3781064,36.0
1759998206.428017,44.4
1759998206.428017,35.4
1759998206.428017,35.4
1759998206.428017,28.1
1759998206.4778569,44.4
1759998206.4778569,35.4
1759998206.4778569,35.4
1759998206.4778569,28.0
1759998206.527786,44.4
1759998206.527786,35.4
1759998206.527786,35.4
1759998206.527786,27.7
1759998206.5779896,44.3
1759998206.5779896,35.2
1759998206.5779896,35.2
1759998206.5779896,28.4
1759998206.628029,44.3
1759998206.628029,35.3
1759998206.628029,35.3
1759998206.628029,27.4
1759998206.678347,44.5
1759998206.678347,35.4
1759998206.678347,35.4
1759998206.678347,27.7
1759998206.7277277,44.4
1759998206.7277277,35.3
1759998206.7277277,35.3
1759998206.7277277,27.6
1759998206.777684,44.5
1759998206.777684,35.3
1759998206.777684,35.3
1759998206.777684,33.7
1759998206.777684,33.7
1759998206.777684,27.8
1759998206.8273566,44.4
1759998206.8273566,35.4
1759998206.8273566,35.4
1759998206.8273566,27.8
1759998206.8273566,34.9
1759998206.8782704,44.4
1759998206.8782704,35.3
1759998206.8782704,35.3
1759998206.8782704,27.8
1759998206.9282517,44.5
1759998206.9282517,35.4
1759998206.9282517,35.4
1759998206.9282517,28.0
1759998206.97835,44.5
1759998206.97835,35.4
1759998206.97835,35.4
1759998206.97835,28.0
1759998207.028376,44.6
1759998207.028376,35.4
1759998207.028376,35.4
1759998207.028376,27.9
1759998207.0785143,44.6
1759998207.0785143,35.4
1759998207.0785143,35.4
1759998207.0785143,27.8
1759998207.0785143,27.1
1759998207.1286247,44.5
1759998207.1286247,35.4
1759998207.1286247,35.4
1759998207.1286247,27.9
1759998207.1286247,38.0
1759998207.1785874,44.4
1759998207.1785874,35.3
1759998207.1785874,35.3
1759998207.1785874,28.3
1759998207.22842,44.4
1759998207.22842,35.3
1759998207.22842,35.3
1759998207.22842,27.7
1759998207.22842,34.9
1759998207.2781572,44.4
1759998207.2781572,35.4
1759998207.2781572,35.4
1759998207.2781572,28.0
1759998207.2781572,32.6
1759998207.3277555,44.6
1759998207.3277555,35.6
1759998207.3277555,35.6
1759998207.3277555,28.3
1759998207.3277555,35.6
1759998207.3779082,44.5
1759998207.3779082,35.5
1759998207.3779082,35.5
1759998207.3779082,27.6
1759998207.4286435,44.3
1759998207.4286435,35.4
1759998207.4286435,35.4
1759998207.4286435,28.3
1759998207.4286435,32.1
1759998207.4286435,32.1
1759998207.4784675,44.4
1759998207.4784675,35.4
1759998207.4784675,35.4
1759998207.4784675,28.2
1759998207.52824,44.4
1759998207.52824,35.4
1759998207.52824,35.4
1759998207.52824,28.2
1759998207.5782394,44.3
1759998207.5782394,35.5
1759998207.5782394,35.5
1759998207.5782394,28.3
1759998207.5782394,33.3
1759998207.5782394,33.8
1759998207.627779,44.3
1759998207.627779,35.5
1759998207.627779,35.5
1759998207.627779,27.8
1759998207.6783118,44.2
1759998207.6783118,35.3
1759998207.6783118,35.3
1759998207.6783118,27.8
1759998207.7284496,44.3
1759998207.7284496,35.5
1759998207.7284496,35.5
1759998207.7284496,27.7
1759998207.778297,44.3
1759998207.778297,35.3
1759998207.778297,35.3
1759998207.778297,28.1
1759998207.778297,27.5
1759998207.8284488,44.3
1759998207.8284488,35.4
1759998207.8284488,35.4
1759998207.8284488,27.9
1759998207.8783245,44.3
1759998207.8783245,35.3
1759998207.8783245,35.3
1759998207.8783245,28.0
1759998207.9284039,44.2
1759998207.9284039,35.3
1759998207.9284039,35.3
1759998207.9284039,27.5
1759998207.9284039,32.4
1759998207.9284039,32.4
1759998207.978318,44.3
1759998207.978318,35.3
1759998207.978318,35.3
1759998207.978318,27.9
1759998207.978318,31.9
1759998208.0281644,44.4
1759998208.0281644,35.5
1759998208.0281644,35.5
1759998208.0281644,27.8
1759998208.0784342,44.4
1759998208.0784342,35.4
1759998208.0784342,35.4
1759998208.0784342,28.2
1759998208.128514,44.4
1759998208.128514,35.3
1759998208.128514,35.3
1759998208.128514,28.1
1759998208.1785972,44.5
1759998208.1785972,35.5
1759998208.1785972,35.5
1759998208.1785972,28.6
1759998208.1785972,34.2
1759998208.2283416,44.4
1759998208.2283416,35.4
1759998208.2283416,35.4
1759998208.2283416,27.5
1759998208.2782571,44.5
1759998208.2782571,35.5
1759998208.2782571,35.5
1759998208.2782571,27.9
1759998208.2782571,25.7
1759998208.2782571,35.2
1759998208.328678,44.4
1759998208.328678,35.5
1759998208.328678,35.5
1759998208.328678,27.9
1759998208.3787036,44.5
1759998208.3787036,35.5
1759998208.3787036,35.5
1759998208.3787036,28.1
1759998208.4279184,44.4
1759998208.4279184,35.3
1759998208.4279184,35.3
1759998208.4279184,28.2
1759998208.477778,44.5
1759998208.477778,35.5
1759998208.477778,35.5
1759998208.477778,28.1
1759998208.5283523,44.5
1759998208.5283523,35.5
1759998208.5283523,35.5
1759998208.5283523,28.0
1759998208.5283523,32.1
1759998208.5283523,33.4
1759998208.578302,44.5
1759998208.578302,35.5
1759998208.578302,35.5
1759998208.578302,28.1
1759998208.6281328,44.4
1759998208.6281328,35.5
1759998208.6281328,35.5
1759998208.6281328,28.0
1759998208.677917,44.5
1759998208.677917,35.5
1759998208.677917,35.5
1759998208.677917,28.3
1759998208.7281356,44.3
1759998208.7281356,35.5
1759998208.7281356,35.5
1759998208.7281356,28.2
1759998208.7782454,44.4
1759998208.7782454,35.4
1759998208.7782454,35.4
1759998208.7782454,28.0
1759998208.8283546,44.3
1759998208.8283546,35.3
1759998208.8283546,35.3
1759998208.8283546,28.1
1759998208.8783772,44.4
1759998208.8783772,35.4
1759998208.8783772,35.4
1759998208.8783772,27.7
1759998208.9282176,44.4
1759998208.9282176,35.5
1759998208.9282176,35.5
1759998208.9282176,27.9
1759998208.9783256,44.4
1759998208.9783256,35.4
1759998208.9783256,35.4
1759998208.9783256,27.8
1759998209.0281081,44.4
1759998209.0281081,35.5
1759998209.0281081,35.5
1759998209.0281081,28.1
1759998209.0781739,44.5
1759998209.0781739,35.6
1759998209.0781739,35.6
1759998209.0781739,27.9
1759998209.1284251,44.4
1759998209.1284251,35.4
1759998209.1284251,35.4
1759998209.1284251,28.1
1759998209.1284251,34.0
1759998209.178342,44.5
1759998209.178342,35.6
1759998209.178342,35.6
1759998209.178342,28.2
1759998209.2278593,44.3
1759998209.2278593,35.3
1759998209.2278593,35.3
1759998209.2278593,28.0
1759998209.278113,44.4
1759998209.278113,35.4
1759998209.278113,35.4
1759998209.278113,27.9
1759998209.278113,33.9
1759998209.3281693,44.4
1759998209.3281693,35.3
1759998209.3281693,35.3
1759998209.3281693,28.0
1759998209.3782403,44.4
1759998209.3782403,35.4
1759998209.3782403,35.4
1759998209.3782403,27.7
1759998209.428204,44.4
1759998209.428204,35.5
1759998209.428204,35.5
1759998209.428204,28.0
1759998209.4782982,44.3
1759998209.4782982,35.4
1759998209.4782982,35.4
1759998209.4782982,28.1
1759998209.5280168,44.4
1759998209.5280168,35.3
1759998209.5280168,35.3
1759998209.5280168,28.0
1759998209.5280168,32.2
1759998209.578219,44.5
1759998209.578219,35.5
1759998209.578219,35.5
1759998209.578219,27.9
1759998209.6277192,44.5
1759998209.6277192,35.5
1759998209.6277192,35.5
1759998209.6277192,28.1
1759998209.6277192,30.4
1759998209.6784413,44.3
1759998209.6784413,35.3
1759998209.6784413,35.3
1759998209.6784413,28.0
1759998209.7282388,44.5
1759998209.7282388,35.6
1759998209.7282388,35.6
1759998209.7282388,28.4
1759998209.7778697,44.4
1759998209.7778697,35.4
1759998209.7778697,35.4
1759998209.7778697,28.0
1759998209.8274448,44.3
1759998209.8274448,35.2
1759998209.8274448,35.2
1759998209.8274448,28.0
1759998209.8774838,44.4
1759998209.8774838,35.4
1759998209.8774838,35.4
1759998209.8774838,27.8
1759998209.9276042,44.5
1759998209.9276042,35.3
1759998209.9276042,35.3
1759998209.9276042,28.2
1759998209.9776213,44.3
1759998209.9776213,35.3
1759998209.9776213,35.3
1759998209.9776213,27.8
1759998210.0285385,44.3
1759998210.0285385,35.3
1759998210.0285385,35.3
1759998210.0285385,28.1
1759998210.0285385,31.7
1759998210.0784488,44.4
1759998210.0784488,35.3
1759998210.0784488,35.3
1759998210.0784488,28.3
1759998210.1286922,44.4
1759998210.1286922,35.4
1759998210.1286922,35.4
1759998210.1286922,27.8
1759998210.1786318,44.3
1759998210.1786318,35.4
1759998210.1786318,35.4
1759998210.1786318,27.8
1759998210.228504,44.4
1759998210.228504,35.6
1759998210.228504,35.6
1759998210.228504,28.1
1759998210.279319,44.4
1759998210.279319,35.4
1759998210.279319,35.4
1759998210.279319,28.2
1759998210.3283439,44.4
1759998210.3283439,35.6
1759998210.3283439,35.6
1759998210.3283439,28.0
1759998210.3773267,44.3
1759998210.3773267,35.4
1759998210.3773267,35.4
1759998210.3773267,27.9
1759998210.4284823,44.4
1759998210.4284823,35.4
1759998210.4284823,35.4
1759998210.4284823,28.0
1759998210.4788282,44.4
1759998210.4788282,35.4
1759998210.4788282,35.4
1759998210.4788282,28.0
1759998210.5284967,44.4
1759998210.5284967,35.5
1759998210.5284967,35.5
1759998210.5284967,27.8
1759998210.5284967,29.0
1759998210.5787897,44.3
1759998210.5787897,35.4
1759998210.5787897,35.4
1759998210.5787897,27.6
1759998210.6283417,44.3
1759998210.6283417,35.4
1759998210.6283417,35.4
1759998210.6283417,27.6
1759998210.6779742,44.4
1759998210.6779742,35.5
1759998210.6779742,35.5
1759998210.6779742,28.1
1759998210.72919,44.2
1759998210.72919,35.2
1759998210.72919,35.2
1759998210.72919,27.7
1759998210.7782383,44.2
1759998210.7782383,35.3
1759998210.7782383,35.3
1759998210.7782383,28.0
1759998210.828265,44.3
1759998210.828265,35.4
1759998210.828265,35.4
1759998210.828265,27.9
1759998210.8782094,44.4
1759998210.8782094,35.4
1759998210.8782094,35.4
1759998210.8782094,27.9
1759998210.9275541,44.3
1759998210.9275541,35.5
1759998210.9275541,35.5
1759998210.9275541,28.0
1759998210.9784968,44.4
1759998210.9784968,35.4
1759998210.9784968,35.4
1759998210.9784968,28.0
1759998211.0277038,44.4
1759998211.0277038,35.4
1759998211.0277038,35.4
1759998211.0277038,28.3
1759998211.0777006,44.3
1759998211.0777006,35.3
1759998211.0777006,35.3
1759998211.0777006,27.7
1759998211.128471,44.4
1759998211.128471,35.4
1759998211.128471,35.4
1759998211.128471,27.2
1759998211.1784697,44.4
1759998211.1784697,35.4
1759998211.1784697,35.4
1759998211.1784697,28.4
1759998211.2283533,44.4
1759998211.2283533,35.5
1759998211.2283533,35.5
1759998211.2283533,28.0
1759998211.278258,44.4
1759998211.278258,35.5
1759998211.278258,35.5
1759998211.278258,27.8
1759998211.327955,44.5
1759998211.327955,35.5
1759998211.327955,35.5
1759998211.327955,28.6
1759998211.3781059,44.3
1759998211.3781059,35.4
1759998211.3781059,35.4
1759998211.3781059,27.5
1759998211.4282393,44.4
1759998211.4282393,35.4
1759998211.4282393,35.4
1759998211.4282393,28.1
1759998211.4777236,44.3
1759998211.4777236,35.4
1759998211.4777236,35.4
1759998211.4777236,28.3
1759998211.5278254,44.5
1759998211.5278254,35.6
1759998211.5278254,35.6
1759998211.5278254,28.3
1759998211.5778315,44.3
1759998211.5778315,35.3
1759998211.5778315,35.3
1759998211.5778315,27.9
1759998211.6278203,44.4
1759998211.6278203,35.5
1759998211.6278203,35.5
1759998211.6278203,27.9
1759998211.6776552,44.3
1759998211.6776552,35.4
1759998211.6776552,35.4
1759998211.6776552,27.8
1759998211.72815,44.4
1759998211.72815,35.4
1759998211.72815,35.4
1759998211.72815,27.9
1759998211.72815,26.5
1759998211.7782104,44.4
1759998211.7782104,35.4
1759998211.7782104,35.4
1759998211.7782104,28.1
1759998211.8279734,44.2
1759998211.8279734,35.3
1759998211.8279734,35.3
1759998211.8279734,27.8
1759998211.8279734,30.5
1759998211.8778675,44.3
1759998211.8778675,35.3
1759998211.8778675,35.3
1759998211.8778675,28.0
1759998211.9275765,44.3
1759998211.9275765,35.3
1759998211.9275765,35.3
1759998211.9275765,27.7
1759998211.9779482,44.3
1759998211.9779482,35.4
1759998211.9779482,35.4
1759998211.9779482,28.0
1759998212.0273771,44.4
1759998212.0273771,35.6
1759998212.0273771,35.6
1759998212.0273771,28.0
1759998212.0775378,44.4
1759998212.0775378,35.5
1759998212.0775378,35.5
1759998212.0775378,27.9
1759998212.1275187,44.4
1759998212.1275187,35.5
1759998212.1275187,35.5
1759998212.1275187,27.9
1759998212.1275187,30.3
1759998212.178347,44.2
1759998212.178347,35.4
1759998212.178347,35.4
1759998212.178347,27.9
1759998212.2277732,44.3
1759998212.2277732,35.5
1759998212.2277732,35.5
1759998212.2277732,27.8
1759998212.278206,44.5
1759998212.278206,35.6
1759998212.278206,35.6
1759998212.278206,27.8
1759998212.327578,44.5
1759998212.327578,35.5
1759998212.327578,35.5
1759998212.327578,27.9
1759998212.3779042,44.3
1759998212.3779042,35.2
1759998212.3779042,35.2
1759998212.3779042,27.8
1759998212.4278476,44.4
1759998212.4278476,35.4
1759998212.4278476,35.4
1759998212.4278476,27.8
1759998212.47763,44.4
1759998212.47763,35.3
1759998212.47763,35.3
1759998212.47763,28.1
1759998212.5280879,44.3
1759998212.5280879,35.5
1759998212.5280879,35.5
1759998212.5280879,28.0
1759998212.5779672,44.4
1759998212.5779672,35.4
1759998212.5779672,35.4
1759998212.5779672,27.9
1759998212.627807,44.5
1759998212.627807,35.4
1759998212.627807,35.4
1759998212.627807,28.1
1759998212.6778789,44.3
1759998212.6778789,35.2
1759998212.6778789,35.2
1759998212.6778789,28.0
1759998212.7279804,44.4
1759998212.7279804,35.5
1759998212.7279804,35.5
1759998212.7279804,28.1
1759998212.777704,44.4
1759998212.777704,35.4
1759998212.777704,35.4
1759998212.777704,28.1
1759998212.8276715,44.3
1759998212.8276715,35.3
1759998212.8276715,35.3
1759998212.8276715,28.0
1759998212.8774323,44.3
1759998212.8774323,35.3
1759998212.8774323,35.3
1759998212.8774323,27.8
1759998212.927437,44.2
1759998212.927437,35.4
1759998212.927437,35.4
1759998212.927437,27.8
1759998212.9778745,44.3
1759998212.9778745,35.3
1759998212.9778745,35.3
1759998212.9778745,27.9
1759998213.027497,44.4
1759998213.027497,35.3
1759998213.027497,35.3
1759998213.027497,27.6
1759998213.0780444,44.4
1759998213.0780444,35.4
1759998213.0780444,35.4
1759998213.0780444,27.9
1759998213.1282432,44.4
1759998213.1282432,35.4
1759998213.1282432,35.4
1759998213.1282432,28.1
1759998213.1784184,44.4
1759998213.1784184,35.5
1759998213.1784184,35.5
1759998213.1784184,28.0
1759998213.2282953,44.4
1759998213.2282953,35.3
1759998213.2282953,35.3
1759998213.2282953,28.2
1759998213.2782214,44.4
1759998213.2782214,35.3
1759998213.2782214,35.3
1759998213.2782214,28.1
1759998213.3278549,44.3
1759998213.3278549,35.4
1759998213.3278549,35.4
1759998213.3278549,27.9
1759998213.3278549,26.3
1759998213.3783126,44.3
1759998213.3783126,35.4
1759998213.3783126,35.4
1759998213.3783126,27.9
1759998213.4283595,44.3
1759998213.4283595,35.4
1759998213.4283595,35.4
1759998213.4283595,27.9
1759998213.477965,44.3
1759998213.477965,35.4
1759998213.477965,35.4
1759998213.477965,27.9
1759998213.5281756,44.3
1759998213.5281756,35.3
1759998213.5281756,35.3
1759998213.5281756,28.0
1759998213.5782073,44.3
1759998213.5782073,35.4
1759998213.5782073,35.4
1759998213.5782073,28.0
1759998213.6282036,44.3
1759998213.6282036,35.3
1759998213.6282036,35.3
1759998213.6282036,27.8
1759998213.678397,44.3
1759998213.678397,35.3
1759998213.678397,35.3
1759998213.678397,28.0
1759998213.7282612,44.3
1759998213.7282612,35.4
1759998213.7282612,35.4
1759998213.7282612,28.0
1759998213.7779539,44.4
1759998213.7779539,35.4
1759998213.7779539,35.4
1759998213.7779539,28.1
1759998213.8279698,44.4
1759998213.8279698,35.3
1759998213.8279698,35.3
1759998213.8279698,28.1
1759998213.8279698,26.0
1759998213.8783228,44.5
1759998213.8783228,35.4
1759998213.8783228,35.4
1759998213.8783228,28.0
1759998213.9281802,44.4
1759998213.9281802,35.4
1759998213.9281802,35.4
1759998213.9281802,27.9
1759998213.9782393,44.4
1759998213.9782393,35.4
1759998213.9782393,35.4
1759998213.9782393,27.9
1759998214.0284674,44.5
1759998214.0284674,35.5
1759998214.0284674,35.5
1759998214.0284674,28.1
1759998214.0784562,44.5
1759998214.0784562,35.4
1759998214.0784562,35.4
1759998214.0784562,27.9
1759998214.1284409,44.3
1759998214.1284409,35.3
1759998214.1284409,35.3
1759998214.1284409,28.2
1759998214.1785607,44.4
1759998214.1785607,35.3
1759998214.1785607,35.3
1759998214.1785607,27.9
1759998214.2285545,44.4
1759998214.2285545,35.5
1759998214.2285545,35.5
1759998214.2285545,28.1
1759998214.2285545,27.4
1759998214.2285545,27.4
1759998214.2285545,26.8
1759998214.2285545,26.8
1759998214.2777228,44.4
1759998214.2777228,35.4
1759998214.2777228,35.4
1759998214.2777228,28.1
1759998214.329213,44.4
1759998214.329213,35.4
1759998214.329213,35.4
1759998214.329213,28.1
1759998214.3793843,44.3
1759998214.3793843,35.3
1759998214.3793843,35.3
1759998214.3793843,27.9
1759998214.4293976,44.4
1759998214.4293976,35.4
1759998214.4293976,35.4
1759998214.4293976,28.1
1759998214.4792032,44.3
1759998214.4792032,35.3
1759998214.4792032,35.3
1759998214.4792032,27.6
1759998214.5295374,44.3
1759998214.5295374,35.4
1759998214.5295374,35.4
1759998214.5295374,27.9
1759998214.5790873,44.4
1759998214.5790873,35.4
1759998214.5790873,35.4
1759998214.5790873,27.7
1759998214.6287131,44.3
1759998214.6287131,35.3
1759998214.6287131,35.3
1759998214.6287131,28.1
1759998214.6785023,44.3
1759998214.6785023,35.4
1759998214.6785023,35.4
1759998214.6785023,27.8
1759998214.7282665,44.4
1759998214.7282665,35.4
1759998214.7282665,35.4
1759998214.7282665,28.4
1759998214.778221,44.4
1759998214.778221,35.4
1759998214.778221,35.4
1759998214.778221,28.1
1759998214.8277028,44.3
1759998214.8277028,35.3
1759998214.8277028,35.3
1759998214.8277028,27.8
1759998214.878268,44.5
1759998214.878268,35.3
1759998214.878268,35.3
1759998214.878268,27.8
1759998214.9282641,44.3
1759998214.9282641,35.1
1759998214.9282641,35.1
1759998214.9282641,28.0
1759998214.9782352,44.3
1759998214.9782352,35.3
1759998214.9782352,35.3
1759998214.9782352,28.1
1759998215.0279338,44.5
1759998215.0279338,35.5
1759998215.0279338,35.5
1759998215.0279338,27.9
1759998215.0783021,44.3
1759998215.0783021,35.4
1759998215.0783021,35.4
1759998215.0783021,28.1
1759998215.1284049,44.4
1759998215.1284049,35.3
1759998215.1284049,35.3
1759998215.1284049,28.0
1759998215.1784792,44.5
1759998215.1784792,35.5
1759998215.1784792,35.5
1759998215.1784792,28.0
1759998215.2285137,44.5
1759998215.2285137,35.5
1759998215.2285137,35.5
1759998215.2285137,28.0
1759998215.2784116,44.3
1759998215.2784116,35.3
1759998215.2784116,35.3
1759998215.2784116,27.9
1759998215.3283942,44.4
1759998215.3283942,35.3
1759998215.3283942,35.3
1759998215.3283942,27.8
1759998215.3783407,44.4
1759998215.3783407,35.4
1759998215.3783407,35.4
1759998215.3783407,28.0
1759998215.428083,44.3
1759998215.428083,35.3
1759998215.428083,35.3
1759998215.428083,27.9
1759998215.4785285,44.4
1759998215.4785285,35.3
1759998215.4785285,35.3
1759998215.4785285,28.0
1759998215.5280735,44.4
1759998215.5280735,35.4
1759998215.5280735,35.4
1759998215.5280735,27.8
1759998215.577982,44.4
1759998215.577982,35.4
1759998215.577982,35.4
1759998215.577982,27.8
1759998215.6279874,44.3
1759998215.6279874,35.3
1759998215.6279874,35.3
1759998215.6279874,27.9
1759998215.6783578,44.4
1759998215.6783578,35.3
1759998215.6783578,35.3
1759998215.6783578,27.7
1759998215.7280028,44.4
1759998215.7280028,35.4
1759998215.7280028,35.4
1759998215.7280028,28.2
1759998215.777966,44.4
1759998215.777966,35.3
1759998215.777966,35.3
1759998215.777966,27.8
1759998215.8285291,44.4
1759998215.8285291,35.4
1759998215.8285291,35.4
1759998215.8285291,28.1
1759998215.8786843,44.4
1759998215.8786843,35.4
1759998215.8786843,35.4
1759998215.8786843,27.9
1759998215.9279754,44.4
1759998215.9279754,35.5
1759998215.9279754,35.5
1759998215.9279754,27.8
1759998215.978478,44.4
1759998215.978478,35.4
1759998215.978478,35.4
1759998215.978478,28.0
1759998216.028836,44.4
1759998216.028836,35.4
1759998216.028836,35.4
1759998216.028836,28.1
1759998216.0784934,44.3
1759998216.0784934,35.2
1759998216.0784934,35.2
1759998216.0784934,27.8
1759998216.1283152,44.4
1759998216.1283152,35.5
1759998216.1283152,35.5
1759998216.1283152,28.1
1759998216.1788719,44.5
1759998216.1788719,35.4
1759998216.1788719,35.4
1759998216.1788719,27.8
1759998216.2283006,44.3
1759998216.2283006,35.4
1759998216.2283006,35.4
1759998216.2283006,27.6
1759998216.2783046,44.3
1759998216.2783046,35.3
1759998216.2783046,35.3
1759998216.2783046,27.8
1759998216.3284202,44.3
1759998216.3284202,35.3
1759998216.3284202,35.3
1759998216.3284202,27.9
1759998216.3783479,44.4
1759998216.3783479,35.4
1759998216.3783479,35.4
1759998216.3783479,28.3
1759998216.4285517,44.5
1759998216.4285517,35.6
1759998216.4285517,35.6
1759998216.4285517,28.0
1759998216.4790373,44.3
1759998216.4790373,35.2
1759998216.4790373,35.2
1759998216.4790373,27.8
1759998216.5279827,44.4
1759998216.5279827,35.5
1759998216.5279827,35.5
1759998216.5279827,28.2
1759998216.5783186,44.4
1759998216.5783186,35.4
1759998216.5783186,35.4
1759998216.5783186,28.0
1759998216.628319,44.4
1759998216.628319,35.4
1759998216.628319,35.4
1759998216.628319,27.8
1759998216.6784601,44.6
1759998216.6784601,35.5
1759998216.6784601,35.5
1759998216.6784601,27.9
1759998216.7281113,44.5
1759998216.7281113,35.5
1759998216.7281113,35.5
1759998216.7281113,28.4
1759998216.778423,44.3
1759998216.778423,35.4
1759998216.778423,35.4
1759998216.778423,27.8
1759998216.828463,44.4
1759998216.828463,35.4
1759998216.828463,35.4
1759998216.828463,28.0
1759998216.8784401,44.3
1759998216.8784401,35.4
1759998216.8784401,35.4
1759998216.8784401,28.0
1759998216.9283426,44.4
1759998216.9283426,35.5
1759998216.9283426,35.5
1759998216.9283426,28.0
1759998216.9784606,44.4
1759998216.9784606,35.4
1759998216.9784606,35.4
1759998216.9784606,27.9
1759998216.9784606,25.1
1759998216.9784606,25.1
1759998217.0283537,44.4
1759998217.0283537,35.4
1759998217.0283537,35.4
1759998217.0283537,28.0
1759998217.0793297,44.3
1759998217.0793297,35.4
1759998217.0793297,35.4
1759998217.0793297,28.1
1759998217.128428,44.4
1759998217.128428,35.4
1759998217.128428,35.4
1759998217.128428,28.0
1759998217.178821,44.5
1759998217.178821,35.6
1759998217.178821,35.6
1759998217.178821,28.0
1759998217.2286513,44.3
1759998217.2286513,35.5
1759998217.2286513,35.5
1759998217.2286513,28.0
1759998217.2784853,44.4
1759998217.2784853,35.5
1759998217.2784853,35.5
1759998217.2784853,28.0
1759998217.3283176,44.3
1759998217.3283176,35.5
1759998217.3283176,35.5
1759998217.3283176,27.8
1759998217.378017,44.3
1759998217.378017,35.4
1759998217.378017,35.4
1759998217.378017,27.9
1759998217.4283266,44.3
1759998217.4283266,35.5
1759998217.4283266,35.5
1759998217.4283266,27.7
1759998217.478128,44.3
1759998217.478128,35.4
1759998217.478128,35.4
1759998217.478128,28.0
1759998217.5284464,44.4
1759998217.5284464,35.5
1759998217.5284464,35.5
1759998217.5284464,27.8
1759998217.578539,44.4
1759998217.578539,35.3
1759998217.578539,35.3
1759998217.578539,27.7
1759998217.6284149,44.4
1759998217.6284149,35.4
1759998217.6284149,35.4
1759998217.6284149,28.1
1759998217.6783845,44.3
1759998217.6783845,35.3
1759998217.6783845,35.3
1759998217.6783845,27.8
1759998217.7283823,44.4
1759998217.7283823,35.4
1759998217.7283823,35.4
1759998217.7283823,27.9
1759998217.7783864,44.4
1759998217.7783864,35.4
1759998217.7783864,35.4
1759998217.7783864,27.7
1759998217.8284328,44.3
1759998217.8284328,35.3
1759998217.8284328,35.3
1759998217.8284328,27.9
1759998217.8284328,26.6
1759998217.8783393,44.5
1759998217.8783393,35.5
1759998217.8783393,35.5
1759998217.8783393,27.8
1759998217.9283738,44.5
1759998217.9283738,35.5
1759998217.9283738,35.5
1759998217.9283738,28.0
1759998217.9784837,44.4
1759998217.9784837,35.4
1759998217.9784837,35.4
1759998217.9784837,28.0
1759998218.0283291,44.3
1759998218.0283291,35.4
1759998218.0283291,35.4
1759998218.0283291,27.9
1759998218.0781124,44.4
1759998218.0781124,35.4
1759998218.0781124,35.4
1759998218.0781124,28.0
1759998218.1281707,44.5
1759998218.1281707,35.6
1759998218.1281707,35.6
1759998218.1281707,28.0
1759998218.1788368,44.5
1759998218.1788368,35.5
1759998218.1788368,35.5
1759998218.1788368,27.9
1759998218.2285407,44.4
1759998218.2285407,35.3
1759998218.2285407,35.3
1759998218.2285407,28.0
1759998218.2285407,25.1
1759998218.2784534,44.4
1759998218.2784534,35.4
1759998218.2784534,35.4
1759998218.2784534,27.9
1759998218.3284235,44.3
1759998218.3284235,35.3
1759998218.3284235,35.3
1759998218.3284235,27.8
1759998218.3783984,44.4
1759998218.3783984,35.6
1759998218.3783984,35.6
1759998218.3783984,28.0
1759998218.4283233,44.5
1759998218.4283233,35.5
1759998218.4283233,35.5
1759998218.4283233,27.9
1759998218.478291,44.4
1759998218.478291,35.4
1759998218.478291,35.4
1759998218.478291,28.2
1759998218.528256,44.3
1759998218.528256,35.3
1759998218.528256,35.3
1759998218.528256,27.8
1759998218.5784142,44.4
1759998218.5784142,35.4
1759998218.5784142,35.4
1759998218.5784142,28.0
1759998218.6283436,44.3
1759998218.6283436,35.4
1759998218.6283436,35.4
1759998218.6283436,27.7
1759998218.6784182,44.4
1759998218.6784182,35.4
1759998218.6784182,35.4
1759998218.6784182,27.9
1759998218.7283714,44.4
1759998218.7283714,35.5
1759998218.7283714,35.5
1759998218.7283714,28.0
1759998218.7781253,44.3
1759998218.7781253,35.3
1759998218.7781253,35.3
1759998218.7781253,28.1
1759998218.8283029,44.4
1759998218.8283029,35.3
1759998218.8283029,35.3
1759998218.8283029,27.9
1759998218.8785493,44.5
1759998218.8785493,35.5
1759998218.8785493,35.5
1759998218.8785493,28.3
1759998218.9283898,44.4
1759998218.9283898,35.4
1759998218.9283898,35.4
1759998218.9283898,28.1
1759998218.9791007,44.4
1759998218.9791007,35.4
1759998218.9791007,35.4
1759998218.9791007,27.9
1759998219.0283186,44.3
1759998219.0283186,35.2
1759998219.0283186,35.2
1759998219.0283186,27.7
1759998219.078093,44.4
1759998219.078093,35.2
1759998219.078093,35.2
1759998219.078093,28.0
1759998219.128411,44.3
1759998219.128411,35.3
1759998219.128411,35.3
1759998219.128411,27.8
1759998219.1785989,44.4
1759998219.1785989,35.4
1759998219.1785989,35.4
1759998219.1785989,27.9
1759998219.2286313,44.4
1759998219.2286313,35.4
1759998219.2286313,35.4
1759998219.2286313,27.7
1759998219.2779841,44.4
1759998219.2779841,35.4
1759998219.2779841,35.4
1759998219.2779841,28.2
1759998219.328464,44.4
1759998219.328464,35.4
1759998219.328464,35.4
1759998219.328464,27.7
1759998219.378433,44.3
1759998219.378433,35.3
1759998219.378433,35.3
1759998219.378433,27.7
1759998219.428142,44.5
1759998219.428142,35.5
1759998219.428142,35.5
1759998219.428142,28.2
1759998219.428142,28.1
1759998219.428142,28.1
1759998219.4780898,44.4
1759998219.4780898,35.4
1759998219.4780898,35.4
1759998219.4780898,27.9
1759998219.5284235,44.3
1759998219.5284235,35.4
1759998219.5284235,35.4
1759998219.5284235,28.1
1759998219.5784636,44.4
1759998219.5784636,35.4
1759998219.5784636,35.4
1759998219.5784636,28.0
1759998219.5784636,25.3
1759998219.6279168,44.4
1759998219.6279168,35.5
1759998219.6279168,35.5
1759998219.6279168,28.2
1759998219.6784325,44.5
1759998219.6784325,35.6
1759998219.6784325,35.6
1759998219.6784325,28.3
1759998219.7280931,44.4
1759998219.7280931,35.4
1759998219.7280931,35.4
1759998219.7280931,27.8
1759998219.777897,44.4
1759998219.777897,35.4
1759998219.777897,35.4
1759998219.777897,27.7
1759998219.828659,44.4
1759998219.828659,35.5
1759998219.828659,35.5
1759998219.828659,28.2
1759998219.8788006,44.4
1759998219.8788006,35.5
1759998219.8788006,35.5
1759998219.8788006,28.0
1759998219.9285264,44.3
1759998219.9285264,35.4
1759998219.9285264,35.4
1759998219.9285264,27.9
1759998219.9783607,44.4
1759998219.9783607,35.5
1759998219.9783607,35.5
1759998219.9783607,27.9
1759998219.9783607,28.9
1759998220.0284553,44.3
1759998220.0284553,35.5
1759998220.0284553,35.5
1759998220.0284553,27.8
1759998220.0783381,44.3
1759998220.0783381,35.4
1759998220.0783381,35.4
1759998220.0783381,28.0
1759998220.1286583,44.4
1759998220.1286583,35.5
1759998220.1286583,35.5
1759998220.1286583,28.0
1759998220.178657,44.4
1759998220.178657,35.4
1759998220.178657,35.4
1759998220.178657,27.7
1759998220.2283392,44.4
1759998220.2283392,35.6
1759998220.2283392,35.6
1759998220.2283392,27.8
1759998220.278639,44.3
1759998220.278639,35.4
1759998220.278639,35.4
1759998220.278639,27.8
1759998220.3286076,44.4
1759998220.3286076,35.5
1759998220.3286076,35.5
1759998220.3286076,28.1
1759998220.3780522,44.3
1759998220.3780522,35.4
1759998220.3780522,35.4
1759998220.3780522,27.8
1759998220.4290917,44.4
1759998220.4290917,35.4
1759998220.4290917,35.4
1759998220.4290917,27.9
1759998220.4787002,44.3
1759998220.4787002,35.4
1759998220.4787002,35.4
1759998220.4787002,28.0
1759998220.5285218,44.3
1759998220.5285218,35.4
1759998220.5285218,35.4
1759998220.5285218,27.8
1759998220.578346,44.3
1759998220.578346,35.4
1759998220.578346,35.4
1759998220.578346,27.7
1759998220.6281083,44.3
1759998220.6281083,35.5
1759998220.6281083,35.5
1759998220.6281083,28.1
1759998220.6779137,44.5
1759998220.6779137,35.5
1759998220.6779137,35.5
1759998220.6779137,28.2
1759998220.7280223,44.5
1759998220.7280223,35.6
1759998220.7280223,35.6
1759998220.7280223,27.9
1759998220.7280223,29.5
1759998220.7777267,44.4
1759998220.7777267,35.5
1759998220.7777267,35.5
1759998220.7777267,27.9
1759998220.8283427,44.5
1759998220.8283427,35.5
1759998220.8283427,35.5
1759998220.8283427,28.1
1759998220.8785355,44.4
1759998220.8785355,35.4
1759998220.8785355,35.4
1759998220.8785355,28.1
1759998220.8785355,26.7
1759998220.9281619,44.3
1759998220.9281619,35.3
1759998220.9281619,35.3
1759998220.9281619,27.9
1759998220.9778328,44.5
1759998220.9778328,35.5
1759998220.9778328,35.5
1759998220.9778328,27.8
1759998221.0282192,44.3
1759998221.0282192,35.3
1759998221.0282192,35.3
1759998221.0282192,28.0
1759998221.0790884,44.4
1759998221.0790884,35.4
1759998221.0790884,35.4
1759998221.0790884,27.9
1759998221.128205,44.4
1759998221.128205,35.4
1759998221.128205,35.4
1759998221.128205,28.0
1759998221.128205,28.4
1759998221.128205,25.1
1759998221.1785402,44.5
1759998221.1785402,35.5
1759998221.1785402,35.5
1759998221.1785402,28.0
1759998221.2281153,44.4
1759998221.2281153,35.4
1759998221.2281153,35.4
1759998221.2281153,27.9
1759998221.2781117,44.4
1759998221.2781117,35.4
1759998221.2781117,35.4
1759998221.2781117,28.0
1759998221.2781117,27.4
1759998221.3279707,44.3
1759998221.3279707,35.4
1759998221.3279707,35.4
1759998221.3279707,27.9
1759998221.3776107,44.5
1759998221.3776107,35.5
1759998221.3776107,35.5
1759998221.3776107,28.1
1759998221.4281332,44.4
1759998221.4281332,35.4
1759998221.4281332,35.4
1759998221.4281332,27.8
1759998221.4281332,28.2
1759998221.4281332,28.2
1759998221.4776096,44.4
1759998221.4776096,35.4
1759998221.4776096,35.4
1759998221.4776096,28.0
1759998221.5275114,44.3
1759998221.5275114,35.2
1759998221.5275114,35.2
1759998221.5275114,28.1
1759998221.5776548,44.4
1759998221.5776548,35.4
1759998221.5776548,35.4
1759998221.5776548,28.1
1759998221.5776548,27.8
1759998221.627799,44.2
1759998221.627799,35.3
1759998221.627799,35.3
1759998221.627799,28.0
1759998221.6781325,44.4
1759998221.6781325,35.4
1759998221.6781325,35.4
1759998221.6781325,27.9
1759998221.7294292,44.3
1759998221.7294292,35.4
1759998221.7294292,35.4
1759998221.7294292,27.9
1759998221.7786734,44.3
1759998221.7786734,35.4
1759998221.7786734,35.4
1759998221.7786734,27.9
1759998221.8285496,44.4
1759998221.8285496,35.4
1759998221.8285496,35.4
1759998221.8285496,28.2
1759998221.8790774,44.5
1759998221.8790774,35.6
1759998221.8790774,35.6
1759998221.8790774,28.1
1759998221.9284673,44.4
1759998221.9284673,35.4
1759998221.9284673,35.4
1759998221.9284673,28.1
1759998221.97841,44.3
1759998221.97841,35.4
1759998221.97841,35.4
1759998221.97841,27.8
1759998222.0283816,44.3
1759998222.0283816,35.4
1759998222.0283816,35.4
1759998222.0283816,28.0
1759998222.0787866,44.5
1759998222.0787866,35.5
1759998222.0787866,35.5
1759998222.0787866,28.0
1759998222.128362,44.5
1759998222.128362,35.6
1759998222.128362,35.6
1759998222.128362,28.1
1759998222.1791563,44.4
1759998222.1791563,35.4
1759998222.1791563,35.4
1759998222.1791563,28.0
1759998222.1791563,25.8
1759998222.2284117,44.4
1759998222.2284117,35.5
1759998222.2284117,35.5
1759998222.2284117,28.0
1759998222.2284117,29.0
1759998222.2781122,44.3
1759998222.2781122,35.3
1759998222.2781122,35.3
1759998222.2781122,27.7
1759998222.328326,44.4
1759998222.328326,35.4
1759998222.328326,35.4
1759998222.328326,28.1
1759998222.3785906,44.4
1759998222.3785906,35.3
1759998222.3785906,35.3
1759998222.3785906,28.2
1759998222.4279294,44.3
1759998222.4279294,35.3
1759998222.4279294,35.3
1759998222.4279294,27.8
1759998222.4783516,44.3
1759998222.4783516,35.3
1759998222.4783516,35.3
1759998222.4783516,28.0
1759998222.4783516,27.1
1759998222.5283375,44.4
1759998222.5283375,35.4
1759998222.5283375,35.4
1759998222.5283375,27.8
1759998222.5782058,44.4
1759998222.5782058,35.4
1759998222.5782058,35.4
1759998222.5782058,27.7
1759998222.6278806,44.4
1759998222.6278806,35.5
1759998222.6278806,35.5
1759998222.6278806,27.7
1759998222.6776993,44.4
1759998222.6776993,35.5
1759998222.6776993,35.5
1759998222.6776993,28.1
1759998222.7277944,44.2
1759998222.7277944,35.4
1759998222.7277944,35.4
1759998222.7277944,28.0
1759998222.7776709,44.3
1759998222.7776709,35.3
1759998222.7776709,35.3
1759998222.7776709,27.8
1759998222.8293653,44.4
1759998222.8293653,35.5
1759998222.8293653,35.5
1759998222.8293653,28.3
1759998222.8788407,44.4
1759998222.8788407,35.5
1759998222.8788407,35.5
1759998222.8788407,27.8
1759998222.9285173,44.4
1759998222.9285173,35.4
1759998222.9285173,35.4
1759998222.9285173,27.9
1759998222.9783995,44.5
1759998222.9783995,35.5
1759998222.9783995,35.5
1759998222.9783995,28.0
1759998222.9783995,26.3
1759998223.027962,44.2
1759998223.027962,35.3
1759998223.027962,35.3
1759998223.027962,27.6
1759998223.0776455,44.4
1759998223.0776455,35.4
1759998223.0776455,35.4
1759998223.0776455,28.1
1759998223.128362,44.4
1759998223.128362,35.6
1759998223.128362,35.6
1759998223.128362,27.8
1759998223.178493,44.4
1759998223.178493,35.4
1759998223.178493,35.4
1759998223.178493,28.3
1759998223.2283454,44.5
1759998223.2283454,35.5
1759998223.2283454,35.5
1759998223.2283454,28.1
1759998223.2783513,44.3
1759998223.2783513,35.4
1759998223.2783513,35.4
1759998223.2783513,27.6
1759998223.3284159,44.4
1759998223.3284159,35.5
1759998223.3284159,35.5
1759998223.3284159,28.4
1759998223.377965,44.4
1759998223.377965,35.5
1759998223.377965,35.5
1759998223.377965,27.7
1759998223.4281054,44.3
1759998223.4281054,35.4
1759998223.4281054,35.4
1759998223.4281054,27.4
1759998223.478075,44.5
1759998223.478075,35.5
1759998223.478075,35.5
1759998223.478075,27.8
1759998223.5278835,44.3
1759998223.5278835,35.3
1759998223.5278835,35.3
1759998223.5278835,27.9
1759998223.5278835,27.5
1759998223.5778084,44.5
1759998223.5778084,35.5
1759998223.5778084,35.5
1759998223.5778084,28.1
1759998223.6275582,44.4
1759998223.6275582,35.6
1759998223.6275582,35.6
1759998223.6275582,28.0
1759998223.6778512,44.5
1759998223.6778512,35.4
1759998223.6778512,35.4
1759998223.6778512,27.7
1759998223.7274451,44.5
1759998223.7274451,35.6
1759998223.7274451,35.6
1759998223.7274451,28.0
1759998223.7781086,44.4
1759998223.7781086,35.4
1759998223.7781086,35.4
1759998223.7781086,28.0
1759998223.8280041,44.5
1759998223.8280041,35.5
1759998223.8280041,35.5
1759998223.8280041,27.8
1759998223.8779593,44.5
1759998223.8779593,35.6
1759998223.8779593,35.6
1759998223.8779593,28.2
1759998223.9280555,44.4
1759998223.9280555,35.4
1759998223.9280555,35.4
1759998223.9280555,28.2
1759998223.9778297,44.5
1759998223.9778297,35.6
1759998223.9778297,35.6
1759998223.9778297,28.2
1759998223.9778297,28.7
1759998224.0275881,44.4
1759998224.0275881,35.6
1759998224.0275881,35.6
1759998224.0275881,28.0
1759998224.0776496,44.3
1759998224.0776496,35.3
1759998224.0776496,35.3
1759998224.0776496,27.5
1759998224.1294775,44.4
1759998224.1294775,35.6
1759998224.1294775,35.6
1759998224.1294775,28.2
1759998224.1796093,44.4
1759998224.1796093,35.4
1759998224.1796093,35.4
1759998224.1796093,28.0
1759998224.2291782,44.3
1759998224.2291782,35.4
1759998224.2291782,35.4
1759998224.2291782,27.9
1759998224.2784965,44.2
1759998224.2784965,35.2
1759998224.2784965,35.2
1759998224.2784965,28.0
1759998224.3283153,44.4
1759998224.3283153,35.4
1759998224.3283153,35.4
1759998224.3283153,28.1
1759998224.378137,44.4
1759998224.378137,35.4
1759998224.378137,35.4
1759998224.378137,27.9
1759998224.378137,29.9
1759998224.4285898,44.5
1759998224.4285898,35.4
1759998224.4285898,35.4
1759998224.4285898,27.9
1759998224.4780908,44.4
1759998224.4780908,35.4
1759998224.4780908,35.4
1759998224.4780908,28.0
1759998224.5284355,44.4
1759998224.5284355,35.4
1759998224.5284355,35.4
1759998224.5284355,28.0
1759998224.5284355,29.8
1759998224.5284355,30.8
1759998224.578316,44.5
1759998224.578316,35.6
1759998224.578316,35.6
1759998224.578316,28.1
1759998224.6283107,44.5
1759998224.6283107,35.5
1759998224.6283107,35.5
1759998224.6283107,28.2
1759998224.678382,44.4
1759998224.678382,35.4
1759998224.678382,35.4
1759998224.678382,27.9
1759998224.72848,44.6
1759998224.72848,35.5
1759998224.72848,35.5
1759998224.72848,28.0
1759998224.7779982,44.5
1759998224.7779982,35.4
1759998224.7779982,35.4
1759998224.7779982,27.8
1759998224.828029,44.5
1759998224.828029,35.4
1759998224.828029,35.4
1759998224.828029,27.7
1759998224.8783522,44.5
1759998224.8783522,35.5
1759998224.8783522,35.5
1759998224.8783522,28.0
1759998224.8783522,25.1
1759998224.9279048,44.5
1759998224.9279048,35.4
1759998224.9279048,35.4
1759998224.9279048,28.3
1759998224.9779558,44.5
1759998224.9779558,35.4
1759998224.9779558,35.4
1759998224.9779558,27.9
1759998224.9779558,32.8
1759998225.0275857,44.6
1759998225.0275857,35.5
1759998225.0275857,35.5
1759998225.0275857,28.2
1759998225.0275857,34.5
1759998225.0785592,44.5
1759998225.0785592,35.4
1759998225.0785592,35.4
1759998225.0785592,28.3
1759998225.1287868,44.5
1759998225.1287868,35.4
1759998225.1287868,35.4
1759998225.1287868,28.2
1759998225.1787536,44.5
1759998225.1787536,35.2
1759998225.1787536,35.2
1759998225.1787536,27.9
1759998225.1787536,29.7
1759998225.228544,44.5
1759998225.228544,35.4
1759998225.228544,35.4
1759998225.228544,27.9
1759998225.2787054,44.5
1759998225.2787054,35.3
1759998225.2787054,35.3
1759998225.2787054,27.9
1759998225.3279645,44.4
1759998225.3279645,35.4
1759998225.3279645,35.4
1759998225.3279645,28.0
1759998225.3785448,44.4
1759998225.3785448,35.4
1759998225.3785448,35.4
1759998225.3785448,27.6
1759998225.4284375,44.5
1759998225.4284375,35.4
1759998225.4284375,35.4
1759998225.4284375,27.7
1759998225.4284375,33.4
1759998225.4786904,44.4
1759998225.4786904,35.3
1759998225.4786904,35.3
1759998225.4786904,27.9
1759998225.5285308,44.4
1759998225.5285308,35.4
1759998225.5285308,35.4
1759998225.5285308,27.9
1759998225.578493,44.5
1759998225.578493,35.5
1759998225.578493,35.5
1759998225.578493,28.0
1759998225.578493,32.6
1759998225.628571,44.5
1759998225.628571,35.5
1759998225.628571,35.5
1759998225.628571,27.7
1759998225.628571,30.1
1759998225.628571,30.4
1759998225.6783519,44.4
1759998225.6783519,35.4
1759998225.6783519,35.4
1759998225.6783519,28.1
1759998225.727997,44.3
1759998225.727997,35.4
1759998225.727997,35.4
1759998225.727997,27.8
1759998225.7778473,44.3
1759998225.7778473,35.4
1759998225.7778473,35.4
1759998225.7778473,27.7
1759998225.8280432,44.5
1759998225.8280432,35.7
1759998225.8280432,35.7
1759998225.8280432,28.1
1759998225.878469,44.3
1759998225.878469,35.3
1759998225.878469,35.3
1759998225.878469,27.9
1759998225.928148,44.4
1759998225.928148,35.5
1759998225.928148,35.5
1759998225.928148,28.0
1759998225.9785025,44.5
1759998225.9785025,35.5
1759998225.9785025,35.5
1759998225.9785025,28.0
1759998226.0285,44.3
1759998226.0285,35.3
1759998226.0285,35.3
1759998226.0285,27.9
1759998226.0784457,44.3
1759998226.0784457,35.5
1759998226.0784457,35.5
1759998226.0784457,27.9
1759998226.1281419,44.5
1759998226.1281419,35.5
1759998226.1281419,35.5
1759998226.1281419,27.9
1759998226.1788943,44.4
1759998226.1788943,35.3
1759998226.1788943,35.3
1759998226.1788943,27.7
1759998226.228767,44.3
1759998226.228767,35.4
1759998226.228767,35.4
1759998226.228767,28.0
1759998226.2784555,44.4
1759998226.2784555,35.3
1759998226.2784555,35.3
1759998226.2784555,27.8
1759998226.3284576,44.3
1759998226.3284576,35.2
1759998226.3284576,35.2
1759998226.3284576,27.8
1759998226.378534,44.4
1759998226.378534,35.4
1759998226.378534,35.4
1759998226.378534,28.0
1759998226.378534,31.0
1759998226.4287527,44.4
1759998226.4287527,35.4
1759998226.4287527,35.4
1759998226.4287527,28.0
1759998226.4784706,44.5
1759998226.4784706,35.4
1759998226.4784706,35.4
1759998226.4784706,27.7
1759998226.5286825,44.7
1759998226.5286825,35.6
1759998226.5286825,35.6
1759998226.5286825,27.7
1759998226.5785813,44.2
1759998226.5785813,35.4
1759998226.5785813,35.4
1759998226.5785813,28.1
1759998226.6286142,44.3
1759998226.6286142,35.4
1759998226.6286142,35.4
1759998226.6286142,28.1
1759998226.6286142,32.0
1759998226.678512,44.3
1759998226.678512,35.5
1759998226.678512,35.5
1759998226.678512,28.0
1759998226.7287169,44.2
1759998226.7287169,35.3
1759998226.7287169,35.3
1759998226.7287169,27.7
1759998226.778813,44.3
1759998226.778813,35.4
1759998226.778813,35.4
1759998226.778813,27.7
1759998226.8285034,44.3
1759998226.8285034,35.3
1759998226.8285034,35.3
1759998226.8285034,28.0
1759998226.8785033,44.5
1759998226.8785033,35.6
1759998226.8785033,35.6
1759998226.8785033,28.1
1759998226.9285014,44.4
1759998226.9285014,35.3
1759998226.9285014,35.3
1759998226.9285014,27.8
1759998226.9285014,31.9
1759998226.9784718,44.4
1759998226.9784718,35.4
1759998226.9784718,35.4
1759998226.9784718,28.2
1759998226.9784718,34.5
1759998226.9784718,33.6
1759998227.028525,44.4
1759998227.028525,35.5
1759998227.028525,35.5
1759998227.028525,28.0
1759998227.028525,34.6
1759998227.0780635,44.4
1759998227.0780635,35.5
1759998227.0780635,35.5
1759998227.0780635,27.9
1759998227.1281996,44.3
1759998227.1281996,35.4
1759998227.1281996,35.4
1759998227.1281996,28.0
1759998227.1785543,44.4
1759998227.1785543,35.5
1759998227.1785543,35.5
1759998227.1785543,28.2
1759998227.228268,44.5
1759998227.228268,35.5
1759998227.228268,35.5
1759998227.228268,28.2
1759998227.228268,34.7
1759998227.228268,35.0
1759998227.228268,35.0
1759998227.2782614,44.4
1759998227.2782614,35.4
1759998227.2782614,35.4
1759998227.2782614,27.8
1759998227.2782614,33.4
1759998227.3281527,44.4
1759998227.3281527,35.5
1759998227.3281527,35.5
1759998227.3281527,28.0
1759998227.3281527,32.4
1759998227.3783782,44.5
1759998227.3783782,35.4
1759998227.3783782,35.4
1759998227.3783782,28.4
1759998227.4284556,44.5
1759998227.4284556,35.5
1759998227.4284556,35.5
1759998227.4284556,27.7
1759998227.478461,44.5
1759998227.478461,35.5
1759998227.478461,35.5
1759998227.478461,28.3
1759998227.5283165,44.5
1759998227.5283165,35.4
1759998227.5283165,35.4
1759998227.5283165,28.0
1759998227.5283165,33.0
1759998227.57836,44.6
1759998227.57836,35.6
1759998227.57836,35.6
1759998227.57836,28.3
1759998227.6279192,44.3
1759998227.6279192,35.4
1759998227.6279192,35.4
1759998227.6279192,28.1
1759998227.6279192,35.0
1759998227.6795406,44.4
1759998227.6795406,35.2
1759998227.6795406,35.2
1759998227.6795406,28.4
1759998227.6795406,33.4
1759998227.729253,44.4
1759998227.729253,35.3
1759998227.729253,35.3
1759998227.729253,28.0
1759998227.729253,34.5
1759998227.7789583,44.5
1759998227.7789583,35.7
1759998227.7789583,35.7
1759998227.7789583,28.6
1759998227.8285618,44.4
1759998227.8285618,35.5
1759998227.8285618,35.5
1759998227.8285618,28.2
1759998227.8785665,44.5
1759998227.8785665,35.5
1759998227.8785665,35.5
1759998227.8785665,28.3
1759998227.9286664,44.4
1759998227.9286664,35.4
1759998227.9286664,35.4
1759998227.9286664,27.8
1759998227.978268,44.5
1759998227.978268,35.5
1759998227.978268,35.5
1759998227.978268,27.6
1759998228.028585,44.4
1759998228.028585,35.4
1759998228.028585,35.4
1759998228.028585,28.1
1759998228.028585,34.4
1759998228.0784426,44.4
1759998228.0784426,35.4
1759998228.0784426,35.4
1759998228.0784426,28.6
1759998228.1282938,44.3
1759998228.1282938,35.4
1759998228.1282938,35.4
1759998228.1282938,28.5
1759998228.178852,44.4
1759998228.178852,35.4
1759998228.178852,35.4
1759998228.178852,28.3
1759998228.178852,33.9
1759998228.2286112,44.4
1759998228.2286112,35.5
1759998228.2286112,35.5
1759998228.2286112,28.1
1759998228.2787044,44.4
1759998228.2787044,35.5
1759998228.2787044,35.5
1759998228.2787044,27.5
1759998228.2787044,36.0
1759998228.3285298,44.4
1759998228.3285298,35.4
1759998228.3285298,35.4
1759998228.3285298,28.4
1759998228.3787632,44.3
1759998228.3787632,35.2
1759998228.3787632,35.2
1759998228.3787632,27.6
1759998228.3787632,32.0
1759998228.4285014,44.4
1759998228.4285014,35.6
1759998228.4285014,35.6
1759998228.4285014,28.1
1759998228.4785259,44.6
1759998228.4785259,35.7
1759998228.4785259,35.7
1759998228.4785259,29.9
1759998228.4785259,28.0
1759998228.5284555,44.5
1759998228.5284555,35.6
1759998228.5284555,35.6
1759998228.5284555,28.0
1759998228.5780544,44.4
1759998228.5780544,35.6
1759998228.5780544,35.6
1759998228.5780544,28.2
1759998228.6280084,44.5
1759998228.6280084,35.6
1759998228.6280084,35.6
1759998228.6280084,27.7
1759998228.67822,44.5
1759998228.67822,35.4
1759998228.67822,35.4
1759998228.67822,27.5
1759998228.728554,44.4
1759998228.728554,35.5
1759998228.728554,35.5
1759998228.728554,28.4
1759998228.7785053,44.6
1759998228.7785053,35.6
1759998228.7785053,35.6
1759998228.7785053,31.7
1759998228.7785053,27.9
1759998228.8287013,44.5
1759998228.8287013,35.8
1759998228.8287013,35.8
1759998228.8287013,30.2
1759998228.8287013,27.3
1759998228.8787792,44.5
1759998228.8787792,35.6
1759998228.8787792,35.6
1759998228.8787792,28.5
1759998228.928856,44.4
1759998228.928856,35.5
1759998228.928856,35.5
1759998228.928856,28.0
1759998228.9787345,44.5
1759998228.9787345,35.4
1759998228.9787345,35.4
1759998228.9787345,27.8
1759998229.0289428,44.4
1759998229.0289428,35.3
1759998229.0289428,35.3
1759998229.0289428,27.6
1759998229.0794063,44.5
1759998229.0794063,35.4
1759998229.0794063,35.4
1759998229.0794063,27.7
1759998229.128713,44.5
1759998229.128713,35.4
1759998229.128713,35.4
1759998229.128713,28.4
1759998229.1783662,44.5
1759998229.1783662,35.3
1759998229.1783662,35.3
1759998229.1783662,29.1
1759998229.2286007,44.5
1759998229.2286007,35.6
1759998229.2286007,35.6
1759998229.2286007,27.8
1759998229.2783165,44.4
1759998229.2783165,36.2
1759998229.2783165,35.3
1759998229.2783165,35.3
1759998229.2783165,28.9
1759998229.328751,44.4
1759998229.328751,35.3
1759998229.328751,35.3
1759998229.328751,33.7
1759998229.328751,28.6
1759998229.328751,40.3
1759998229.3787723,44.3
1759998229.3787723,36.1
1759998229.3787723,35.2
1759998229.3787723,35.2
1759998229.3787723,30.6
1759998229.3787723,26.9
1759998229.3787723,36.2
1759998229.3787723,36.2
1759998229.4288943,44.3
1759998229.4288943,35.5
1759998229.4288943,35.5
1759998229.4288943,28.9
1759998229.4288943,37.2
1759998229.4784439,44.3
1759998229.4784439,35.2
1759998229.4784439,35.2
1759998229.4784439,34.3
1759998229.4784439,29.2
1759998229.5288305,44.4
1759998229.5288305,35.4
1759998229.5288305,35.4
1759998229.5288305,29.1
1759998229.5288305,37.1
1759998229.5787709,44.3
1759998229.5787709,35.4
1759998229.5787709,35.4
1759998229.5787709,28.3
1759998229.6288545,44.4
1759998229.6288545,35.6
1759998229.6288545,35.6
1759998229.6288545,28.2
1759998229.6785362,44.5
1759998229.6785362,35.6
1759998229.6785362,35.6
1759998229.6785362,27.3
1759998229.728802,44.4
1759998229.728802,35.4
1759998229.728802,35.4
1759998229.728802,27.2
1759998229.7787309,44.2
1759998229.7787309,35.4
1759998229.7787309,35.4
1759998229.7787309,29.0
1759998229.7787309,27.6
1759998229.828575,44.2
1759998229.828575,35.2
1759998229.828575,35.2
1759998229.828575,27.9
1759998229.8781428,44.3
1759998229.8781428,35.3
1759998229.8781428,35.3
1759998229.8781428,31.1
1759998229.8781428,29.0
1759998229.928287,44.2
1759998229.928287,35.3
1759998229.928287,35.3
1759998229.928287,32.2
1759998229.928287,28.8
1759998229.928287,39.2
1759998229.928287,39.2
1759998229.978128,44.4
1759998229.978128,35.4
1759998229.978128,35.4
1759998229.978128,26.9
1759998230.0283597,44.4
1759998230.0283597,35.4
1759998230.0283597,35.4
1759998230.0283597,28.4
1759998230.0283597,41.2
1759998230.078538,44.4
1759998230.078538,35.4
1759998230.078538,35.4
1759998230.078538,28.4
1759998230.128773,44.5
1759998230.128773,35.6
1759998230.128773,35.6
1759998230.128773,29.0
1759998230.1786864,44.4
1759998230.1786864,35.5
1759998230.1786864,35.5
1759998230.1786864,28.5
1759998230.1786864,39.7
1759998230.228163,44.5
1759998230.228163,35.4
1759998230.228163,35.4
1759998230.228163,28.5
1759998230.2785199,44.6
1759998230.2785199,35.6
1759998230.2785199,35.6
1759998230.2785199,28.5
1759998230.3283064,44.4
1759998230.3283064,35.3
1759998230.3283064,35.3
1759998230.3283064,29.8
1759998230.3780975,44.3
1759998230.3780975,35.3
1759998230.3780975,35.3
1759998230.3780975,30.0
1759998230.4280155,44.4
1759998230.4280155,35.4
1759998230.4280155,35.4
1759998230.4280155,33.2
1759998230.4280155,30.3
1759998230.4280155,42.6
1759998230.4789608,44.4
1759998230.4789608,35.5
1759998230.4789608,35.5
1759998230.4789608,33.8
1759998230.4789608,29.4
1759998230.4789608,39.6
1759998230.5288088,44.4
1759998230.5288088,35.5
1759998230.5288088,35.5
1759998230.5288088,34.4
1759998230.5288088,27.8
1759998230.5288088,40.5
1759998230.5785844,44.6
1759998230.5785844,35.4
1759998230.5785844,35.4
1759998230.5785844,28.0
1759998230.6285665,44.4
1759998230.6285665,35.6
1759998230.6285665,35.6
1759998230.6285665,27.1
1759998230.678088,44.2
1759998230.678088,35.4
1759998230.678088,35.4
1759998230.678088,26.8
1759998230.7284195,44.3
1759998230.7284195,35.6
1759998230.7284195,35.6
1759998230.7284195,31.2
1759998230.7788398,44.4
1759998230.7788398,35.3
1759998230.7788398,35.3
1759998230.7788398,27.3
1759998230.8288379,44.5
1759998230.8288379,35.4
1759998230.8288379,35.4
1759998230.878605,44.4
1759998230.878605,35.3
1759998230.878605,35.3
1759998230.878605,32.1
1759998230.878605,26.4
1759998230.928573,44.4
1759998230.928573,35.3
1759998230.928573,35.3
1759998230.9783778,44.4
1759998230.9783778,35.0
1759998230.9783778,35.0
1759998230.9783778,27.2
1759998230.9783778,43.1
1759998230.9783778,39.9
1759998231.0286796,44.3
1759998231.0286796,34.9
1759998231.0286796,34.9
1759998231.0286796,28.4
1759998231.0782554,44.4
1759998231.0782554,35.4
1759998231.0782554,35.4
1759998231.0782554,28.2
1759998231.1297271,44.4
1759998231.1297271,35.7
1759998231.1297271,35.7
1759998231.1297271,33.7
1759998231.1297271,40.3
1759998231.1790311,44.5
1759998231.1790311,35.6
1759998231.1790311,35.6
1759998231.1790311,27.7
1759998231.2287345,44.5
1759998231.2287345,35.2
1759998231.2287345,35.2
1759998231.2287345,30.3
1759998231.2786734,44.5
1759998231.2786734,35.9
1759998231.2786734,35.9
1759998231.2786734,29.5
1759998231.328554,44.5
1759998231.328554,35.3
1759998231.328554,35.3
1759998231.328554,26.9
1759998231.3779542,44.4
1759998231.3779542,35.5
1759998231.3779542,35.5
1759998231.3779542,28.7
1759998231.4284134,44.5
1759998231.4284134,35.3
1759998231.4284134,35.3
1759998231.4284134,28.5
1759998231.4795635,44.4
1759998231.4795635,35.5
1759998231.4795635,35.5
1759998231.4795635,29.6
1759998231.529421,44.1
1759998231.529421,35.2
1759998231.529421,35.2
1759998231.529421,29.1
1759998231.579087,44.3
1759998231.579087,35.7
1759998231.579087,35.7
1759998231.579087,28.8
1759998231.6287696,44.3
1759998231.6287696,35.6
1759998231.6287696,35.6
1759998231.6287696,29.7
1759998231.6786404,44.7
1759998231.6786404,35.3
1759998231.6786404,35.3
1759998231.6786404,29.9
1759998231.728301,44.4
1759998231.728301,35.8
1759998231.728301,35.8
1759998231.728301,30.0
1759998231.7783518,44.5
1759998231.7783518,35.6
1759998231.7783518,35.6
1759998231.7783518,30.5
1759998231.8280818,44.4
1759998231.8280818,35.7
1759998231.8280818,35.7
1759998231.8280818,30.6
1759998231.8777063,44.3
1759998231.8777063,35.7
1759998231.8777063,35.7
1759998231.8777063,30.2
1759998231.9280264,44.5
1759998231.9280264,36.6
1759998231.9280264,35.6
1759998231.9280264,35.6
1759998231.9280264,29.8
1759998231.9776955,44.5
1759998231.9776955,35.3
1759998231.9776955,35.3
1759998231.9776955,29.7
1759998232.02852,44.5
1759998232.02852,35.7
1759998232.02852,35.7
1759998232.02852,29.1
1759998232.0781598,44.4
1759998232.0781598,36.8
1759998232.0781598,35.3
1759998232.0781598,35.3
1759998232.0781598,29.7
1759998232.128819,44.5
1759998232.128819,36.0
1759998232.128819,35.5
1759998232.128819,35.5
1759998232.128819,29.5
1759998232.1787376,44.5
1759998232.1787376,35.6
1759998232.1787376,35.6
1759998232.1787376,28.6
1759998232.1787376,42.8
1759998232.2288308,44.5
1759998232.2288308,36.7
1759998232.2288308,36.7
1759998232.2288308,28.7
1759998232.2788956,44.5
1759998232.2788956,35.9
1759998232.2788956,35.9
1759998232.2788956,30.5
1759998232.2788956,28.0
1759998232.3285456,44.6
1759998232.3285456,35.6
1759998232.3285456,35.6
1759998232.3285456,26.9
1759998232.378457,44.6
1759998232.378457,37.0
1759998232.378457,35.8
1759998232.378457,35.8
1759998232.428553,44.5
1759998232.428553,35.9
1759998232.428553,35.9
1759998232.428553,31.8
1759998232.428553,30.5
1759998232.428553,26.7
1759998232.4787931,44.6
1759998232.4787931,35.9
1759998232.4787931,35.9
1759998232.4787931,32.8
1759998232.4787931,31.9
1759998232.4787931,30.3
1759998232.5281675,44.4
1759998232.5281675,35.7
1759998232.5281675,35.7
1759998232.5281675,33.1
1759998232.5281675,31.2
1759998232.5781226,44.4
1759998232.5781226,35.3
1759998232.5781226,35.3
1759998232.5781226,32.1
1759998232.5781226,27.3
1759998232.6280756,44.1
1759998232.6280756,35.6
1759998232.6280756,35.6
1759998232.6280756,27.5
1759998232.6787927,44.5
1759998232.6787927,27.6
1759998232.7288072,44.6
1759998232.7288072,34.5
1759998232.7288072,32.4
1759998232.7288072,27.4
1759998232.7787871,44.4
1759998232.7787871,27.6
1759998232.8287082,44.6
1759998232.8287082,35.6
1759998232.8287082,27.6
1759998232.877793,44.3
1759998232.877793,35.4
1759998232.877793,26.9
1759998232.928851,44.6
1759998232.928851,34.7
1759998232.928851,32.2
1759998232.928851,27.8
1759998232.9785454,44.2
1759998232.9785454,30.1
1759998232.9785454,26.4
1759998233.0281723,44.2
1759998233.0281723,35.2
1759998233.0281723,28.6
1759998233.0782096,44.6
1759998233.0782096,32.9
1759998233.0782096,29.4
1759998233.128744,44.5
1759998233.128744,35.2
1759998233.128744,33.4
1759998233.128744,27.3
1759998233.1789858,43.7
1759998233.1789858,33.2
1759998233.1789858,25.2
1759998233.2292702,44.8
1759998233.2292702,33.4
1759998233.2292702,29.1
1759998233.2795663,45.8
1759998233.2795663,27.3
1759998233.3289137,44.1
1759998233.3289137,34.5
1759998233.3289137,34.5
1759998233.3787768,45.9
1759998233.3787768,25.1
1759998233.428322,44.8
1759998233.428322,34.4
1759998233.428322,27.6
1759998233.4779646,45.3
1759998233.5279071,44.3
1759998233.5279071,34.9
1759998233.5279071,26.5
1759998233.5779593,45.5
1759998233.5779593,35.7
1759998233.5779593,35.7
1759998233.5779593,26.1
1759998233.627946,44.8
1759998233.627946,36.1
1759998233.677694,43.6
1759998233.677694,35.7
1759998233.7274027,44.7
1759998233.777624,44.6
1759998233.828902,43.7
1759998233.828902,27.1
1759998233.8783062,43.9
1759998233.8783062,36.1
1759998233.8783062,36.1
1759998233.8783062,26.8
1759998233.8783062,45.3
1759998233.9279153,43.8
1759998233.9279153,35.9
1759998233.9279153,35.9
1759998233.9777944,43.8
1759998233.9777944,35.4
1759998233.9777944,25.0
1759998234.027781,46.3
1759998234.027781,35.1
1759998234.027781,44.8
1759998234.027781,44.8
1759998234.1279323,45.4
1759998234.177597,42.4
1759998234.2771194,44.5
1759998234.627271,37.3
1759998234.7772117,46.1
1759998234.8276157,30.8
1759998234.8276157,26.1
1759998234.8773844,31.0
1759998234.8773844,44.7
1759998234.9273431,36.0
1759998234.9273431,25.2
1759998234.9777231,27.7
1759998235.0292385,44.0
1759998235.0292385,45.2
1759998235.080109,26.1
1759998235.1297767,36.1
1759998235.1297767,46.8
1759998235.1796224,36.4
1759998235.1796224,46.0
1759998235.1796224,46.0
1759998235.2293715,36.0
1759998235.2293715,34.7
1759998235.2293715,34.7
1759998235.2293715,28.1
1759998235.2790754,38.1
1759998235.2790754,38.1
1759998235.2790754,26.9
1759998235.3293138,35.9
1759998235.3293138,34.4
1759998235.3293138,34.4
1759998235.3293138,27.4
1759998235.3784807,26.8
1759998235.3784807,38.4
1759998235.3784807,44.1
1759998235.4284995,27.0
1759998235.4284995,37.2
1759998235.4284995,43.9
1759998235.4787557,43.6
1759998235.4787557,27.5
1759998235.5287423,43.9
1759998235.5287423,34.4
1759998235.5287423,34.4
1759998235.5287423,27.3
1759998235.578492,44.2
1759998235.578492,34.6
1759998235.578492,34.6
1759998235.578492,27.2
1759998235.62872,44.1
1759998235.62872,34.6
1759998235.62872,34.6
1759998235.62872,27.5
1759998235.6786025,44.0
1759998235.6786025,34.3
1759998235.6786025,34.3
1759998235.6786025,27.5
1759998235.7286046,44.1
1759998235.7286046,34.3
1759998235.7286046,34.3
1759998235.7286046,27.4
1759998235.7286046,39.3
1759998235.7286046,39.3
1759998235.7783935,43.9
1759998235.7783935,34.4
1759998235.7783935,34.4
1759998235.7783935,27.4
1759998235.8286185,43.9
1759998235.8286185,34.4
1759998235.8286185,34.4
1759998235.8286185,27.8
1759998235.878668,44.1
1759998235.878668,34.8
1759998235.878668,34.8
1759998235.878668,27.4
1759998235.878668,39.0
1759998235.878668,39.0
1759998235.9285562,44.2
1759998235.9285562,34.8
1759998235.9285562,34.8
1759998235.9285562,27.8
1759998235.9788382,44.0
1759998235.9788382,34.9
1759998235.9788382,34.9
1759998235.9788382,27.6
1759998236.0281546,44.2
1759998236.0281546,34.9
1759998236.0281546,34.9
1759998236.0281546,27.5
1759998236.078315,44.2
1759998236.078315,34.9
1759998236.078315,34.9
1759998236.078315,27.6
1759998236.1286056,44.3
1759998236.1286056,35.0
1759998236.1286056,35.0
1759998236.1286056,27.4
1759998236.1795852,44.3
1759998236.1795852,35.4
1759998236.1795852,35.4
1759998236.1795852,27.8
1759998236.2288418,44.3
1759998236.2288418,35.2
1759998236.2288418,35.2
1759998236.2288418,27.9
1759998236.2784328,44.3
1759998236.2784328,35.2
1759998236.2784328,35.2
1759998236.2784328,27.8
1759998236.3282216,44.5
1759998236.3282216,35.1
1759998236.3282216,35.1
1759998236.3282216,27.9
1759998236.3781202,44.4
1759998236.3781202,35.1
1759998236.3781202,35.1
1759998236.3781202,27.9
1759998236.4278743,44.4
1759998236.4278743,35.0
1759998236.4278743,35.0
1759998236.4278743,27.7
1759998236.4780395,44.3
1759998236.4780395,35.1
1759998236.4780395,35.1
1759998236.4780395,27.9
1759998236.5284224,44.3
1759998236.5284224,35.2
1759998236.5284224,35.2
1759998236.5284224,28.0
1759998236.57813,44.3
1759998236.57813,35.1
1759998236.57813,35.1
1759998236.57813,28.0
1759998236.6283076,44.2
1759998236.6283076,35.2
1759998236.6283076,35.2
1759998236.6283076,28.0
1759998236.6782103,44.3
1759998236.6782103,35.5
1759998236.6782103,35.5
1759998236.6782103,28.0
1759998236.7281528,44.5
1759998236.7281528,35.5
1759998236.7281528,35.5
1759998236.7281528,28.0
1759998236.7783892,44.2
1759998236.7783892,35.5
1759998236.7783892,35.5
1759998236.7783892,27.8
1759998236.8283184,44.3
1759998236.8283184,35.4
1759998236.8283184,35.4
1759998236.8283184,28.0
1759998236.8782368,44.1
1759998236.8782368,35.5
1759998236.8782368,35.5
1759998236.8782368,27.9
1759998236.928147,44.3
1759998236.928147,35.2
1759998236.928147,35.2
1759998236.928147,27.9
1759998236.9782062,44.1
1759998236.9782062,35.1
1759998236.9782062,35.1
1759998236.9782062,27.7
1759998237.0281942,44.2
1759998237.0281942,35.2
1759998237.0281942,35.2
1759998237.0281942,28.1
1759998237.0780265,43.9
1759998237.0780265,35.1
1759998237.0780265,35.1
1759998237.0780265,27.8
1759998237.12822,44.2
1759998237.12822,35.2
1759998237.12822,35.2
1759998237.12822,27.9
1759998237.178507,44.4
1759998237.178507,35.5
1759998237.178507,35.5
1759998237.178507,27.7
1759998237.2281442,44.4
1759998237.2281442,35.5
1759998237.2281442,35.5
1759998237.2281442,27.6
1759998237.2781823,44.3
1759998237.2781823,35.4
1759998237.2781823,35.4
1759998237.2781823,27.8
1759998237.328071,44.3
1759998237.328071,35.5
1759998237.328071,35.5
1759998237.328071,27.7
1759998237.3784108,44.1
1759998237.3784108,35.4
1759998237.3784108,35.4
1759998237.3784108,27.7
1759998237.4279869,44.2
1759998237.4279869,35.5
1759998237.4279869,35.5
1759998237.4279869,27.6
1759998237.4779947,44.0
1759998237.4779947,35.3
1759998237.4779947,35.3
1759998237.4779947,27.6
1759998237.5278738,44.1
1759998237.5278738,35.2
1759998237.5278738,35.2
1759998237.5278738,27.7
1759998237.578651,44.1
1759998237.578651,35.4
1759998237.578651,35.4
1759998237.578651,28.0
1759998237.6296163,44.1
1759998237.6296163,35.4
1759998237.6296163,35.4
1759998237.6296163,27.8
1759998237.6792183,44.2
1759998237.6792183,35.4
1759998237.6792183,35.4
1759998237.6792183,27.9
1759998237.729312,44.2
1759998237.729312,35.4
1759998237.729312,35.4
1759998237.729312,27.7
1759998237.7794375,44.1
1759998237.7794375,35.2
1759998237.7794375,35.2
1759998237.7794375,27.7
1759998237.8291924,44.2
1759998237.8291924,35.4
1759998237.8291924,35.4
1759998237.8291924,27.9
1759998237.879689,44.3
1759998237.879689,35.3
1759998237.879689,35.3
1759998237.879689,27.9
1759998237.9293926,44.3
1759998237.9293926,35.2
1759998237.9293926,35.2
1759998237.9293926,27.9
1759998237.979168,44.1
1759998237.979168,35.0
1759998237.979168,35.0
1759998237.979168,27.8
1759998238.0293388,44.4
1759998238.0293388,35.3
1759998238.0293388,35.3
1759998238.0293388,27.9
1759998238.0789437,44.3
1759998238.0789437,35.3
1759998238.0789437,35.3
1759998238.0789437,27.9
1759998238.12917,44.3
1759998238.12917,35.2
1759998238.12917,35.2
1759998238.12917,27.9
1759998238.1793842,44.2
1759998238.1793842,35.3
1759998238.1793842,35.3
1759998238.1793842,27.8
1759998238.2293396,44.3
1759998238.2293396,35.3
1759998238.2293396,35.3
1759998238.2293396,27.7
1759998238.2799778,44.4
1759998238.2799778,35.5
1759998238.2799778,35.5
1759998238.2799778,27.7
1759998238.329908,44.2
1759998238.329908,35.5
1759998238.329908,35.5
1759998238.329908,27.8
1759998238.379315,44.2
1759998238.379315,35.6
1759998238.379315,35.6
1759998238.379315,27.9
1759998238.4299195,44.2
1759998238.4299195,35.4
1759998238.4299195,35.4
1759998238.4299195,27.8
1759998238.4803596,44.2
1759998238.4803596,35.4
1759998238.4803596,35.4
1759998238.4803596,27.7
1759998238.530719,44.3
1759998238.530719,35.6
1759998238.530719,35.6
1759998238.530719,28.0
1759998238.5800276,44.3
1759998238.5800276,35.5
1759998238.5800276,35.5
1759998238.5800276,27.8
1759998238.6296673,44.3
1759998238.6296673,35.4
1759998238.6296673,35.4
1759998238.6296673,28.0
1759998238.679053,44.3
1759998238.679053,35.3
1759998238.679053,35.3
1759998238.679053,27.9
1759998238.728925,44.2
1759998238.728925,35.2
1759998238.728925,35.2
1759998238.728925,27.5
1759998238.7790422,44.4
1759998238.7790422,35.3
1759998238.7790422,35.3
1759998238.7790422,27.9
1759998238.829192,44.3
1759998238.829192,35.3
1759998238.829192,35.3
1759998238.829192,27.7
1759998238.8793051,44.3
1759998238.8793051,35.5
1759998238.8793051,35.5
1759998238.8793051,27.7
1759998238.929462,44.2
1759998238.929462,35.5
1759998238.929462,35.5
1759998238.929462,27.7
1759998238.9794188,44.3
1759998238.9794188,35.7
1759998238.9794188,35.7
1759998238.9794188,27.6
1759998239.029312,44.2
1759998239.029312,35.6
1759998239.029312,35.6
1759998239.029312,27.7
1759998239.079432,44.2
1759998239.079432,35.7
1759998239.079432,35.7
1759998239.079432,27.7
1759998239.1300309,44.1
1759998239.1300309,35.2
1759998239.1300309,35.2
1759998239.1300309,27.7
1759998239.1798875,44.2
1759998239.1798875,35.4
1759998239.1798875,35.4
1759998239.1798875,27.9
1759998239.2290573,44.3
1759998239.2290573,35.4
1759998239.2290573,35.4
1759998239.2290573,27.8
1759998239.2791097,44.3
1759998239.2791097,35.3
1759998239.2791097,35.3
1759998239.2791097,27.8
1759998239.3292189,44.3
1759998239.3292189,35.3
1759998239.3292189,35.3
1759998239.3292189,27.6
1759998239.3789194,44.2
1759998239.3789194,35.4
1759998239.3789194,35.4
1759998239.3789194,27.9
1759998239.4293277,44.2
1759998239.4293277,35.6
1759998239.4293277,35.6
1759998239.4293277,28.0
1759998239.4792647,44.4
1759998239.4792647,35.5
1759998239.4792647,35.5
1759998239.4792647,27.6
1759998239.5297601,44.2
1759998239.5297601,35.5
1759998239.5297601,35.5
1759998239.5297601,27.7
1759998239.5795271,44.2
1759998239.5795271,35.5
1759998239.5795271,35.5
1759998239.5795271,27.6
1759998239.6289256,44.2
1759998239.6289256,35.4
1759998239.6289256,35.4
1759998239.6289256,27.7
1759998239.6791553,44.3
1759998239.6791553,35.3
1759998239.6791553,35.3
1759998239.6791553,27.9
1759998239.7293959,44.2
1759998239.7293959,35.3
1759998239.7293959,35.3
1759998239.7293959,27.7
1759998239.7789516,44.1
1759998239.7789516,35.5
1759998239.7789516,35.5
1759998239.7789516,27.6
1759998239.829139,44.2
1759998239.829139,35.6
1759998239.829139,35.6
1759998239.829139,27.5
1759998239.8788424,44.1
1759998239.8788424,35.5
1759998239.8788424,35.5
1759998239.8788424,27.7
1759998239.9293275,44.3
1759998239.9293275,35.4
1759998239.9293275,35.4
1759998239.9293275,27.7
1759998239.9789872,44.2
1759998239.9789872,35.4
1759998239.9789872,35.4
1759998239.9789872,27.6
1759998240.029069,44.2
1759998240.029069,35.6
1759998240.029069,35.6
1759998240.029069,27.7
1759998240.07978,44.2
1759998240.07978,35.5
1759998240.07978,35.5
1759998240.07978,27.6
1759998240.1304874,44.2
1759998240.1304874,35.4
1759998240.1304874,35.4
1759998240.1304874,27.7
1759998240.1812253,44.2
1759998240.1812253,35.5
1759998240.1812253,35.5
1759998240.1812253,27.6
1759998240.2315598,44.3
1759998240.2315598,35.4
1759998240.2315598,35.4
1759998240.2315598,27.5
1759998240.2808871,44.3
1759998240.2808871,35.6
1759998240.2808871,35.6
1759998240.2808871,27.7
1759998240.3297758,44.3
1759998240.3297758,35.6
1759998240.3297758,35.6
1759998240.3297758,27.6
1759998240.3791187,44.3
1759998240.3791187,35.2
1759998240.3791187,35.2
1759998240.3791187,27.5
1759998240.4287837,44.3
1759998240.4287837,35.5
1759998240.4287837,35.5
1759998240.4287837,27.6
1759998240.4792202,44.3
1759998240.4792202,35.5
1759998240.4792202,35.5
1759998240.4792202,27.7
1759998240.5298817,44.3
1759998240.5298817,35.4
1759998240.5298817,35.4
1759998240.5298817,27.6
1759998240.5800054,44.3
1759998240.5800054,35.4
1759998240.5800054,35.4
1759998240.5800054,27.9
1759998240.6303186,44.3
1759998240.6303186,35.3
1759998240.6303186,35.3
1759998240.6303186,27.5
1759998240.6804101,44.4
1759998240.6804101,35.7
1759998240.6804101,35.7
1759998240.6804101,27.8
1759998240.729733,44.2
1759998240.729733,35.4
1759998240.729733,35.4
1759998240.729733,27.5
1759998240.7792134,44.4
1759998240.7792134,35.7
1759998240.7792134,35.7
1759998240.7792134,28.0
1759998240.8292987,44.4
1759998240.8292987,35.6
1759998240.8292987,35.6
1759998240.8292987,27.8
1759998240.8794305,44.5
1759998240.8794305,35.6
1759998240.8794305,35.6
1759998240.8794305,28.0
1759998240.9293964,44.4
1759998240.9293964,35.5
1759998240.9293964,35.5
1759998240.9293964,28.0
1759998240.979481,44.4
1759998240.979481,35.7
1759998240.979481,35.7
1759998240.979481,27.9
1759998241.0294144,44.4
1759998241.0294144,35.7
1759998241.0294144,35.7
1759998241.0294144,27.7
1759998241.0793142,44.3
1759998241.0793142,35.8
1759998241.0793142,35.8
1759998241.0793142,28.0
1759998241.1297379,44.3
1759998241.1297379,35.7
1759998241.1297379,35.7
1759998241.1297379,27.7
1759998241.1798356,44.3
1759998241.1798356,35.7
1759998241.1798356,35.7
1759998241.1798356,28.0
1759998241.229128,44.3
1759998241.229128,35.8
1759998241.229128,35.8
1759998241.229128,27.6
1759998241.279044,44.4
1759998241.279044,36.1
1759998241.279044,36.1
1759998241.279044,28.0
1759998241.328877,44.3
1759998241.328877,35.8
1759998241.328877,35.8
1759998241.328877,27.3
1759998241.379717,44.3
1759998241.379717,35.9
1759998241.379717,35.9
1759998241.379717,27.9
