timestamp,x
1759998185.7297435,5.776
1759998185.7297435,9.628
1759998185.7297435,9.601
1759998185.7297435,16.595
1759998185.7792048,5.776
1759998185.7792048,9.625
1759998185.7792048,9.598
1759998185.7792048,16.594
1759998185.8290763,5.776
1759998185.8290763,9.627
1759998185.8290763,9.599
1759998185.8290763,16.593
1759998185.8788366,5.777
1759998185.8788366,9.625
1759998185.8788366,9.596
1759998185.8788366,16.595
1759998185.9289305,5.776
1759998185.9289305,9.624
1759998185.9289305,9.596
1759998185.9289305,16.596
1759998185.979141,5.775
1759998185.979141,9.626
1759998185.979141,9.599
1759998185.979141,16.593
1759998186.028737,5.774
1759998186.028737,9.626
1759998186.028737,9.597
1759998186.028737,16.594
1759998186.0785487,5.774
1759998186.0785487,9.625
1759998186.0785487,9.597
1759998186.0785487,16.594
1759998186.1293123,5.774
1759998186.1293123,9.626
1759998186.1293123,9.597
1759998186.1293123,16.594
1759998186.1808596,5.774
1759998186.1808596,9.626
1759998186.1808596,9.596
1759998186.1808596,16.595
1759998186.2303498,5.773
1759998186.2303498,9.625
1759998186.2303498,9.596
1759998186.2303498,16.593
1759998186.2797477,5.774
1759998186.2797477,9.626
1759998186.2797477,9.598
1759998186.2797477,16.595
1759998186.3291543,5.774
1759998186.3291543,9.624
1759998186.3291543,9.596
1759998186.3291543,16.594
1759998186.37923,5.773
1759998186.37923,9.624
1759998186.37923,9.596
1759998186.37923,16.595
1759998186.4291632,5.775
1759998186.4291632,9.625
1759998186.4291632,9.596
1759998186.4291632,16.594
1759998186.4790812,5.774
1759998186.4790812,9.626
1759998186.4790812,9.598
1759998186.4790812,16.595
1759998186.5288105,5.775
1759998186.5288105,9.625
1759998186.5288105,9.597
1759998186.5288105,16.593
1759998186.5788996,5.774
1759998186.5788996,9.624
1759998186.5788996,9.596
1759998186.5788996,16.594
1759998186.6290197,5.774
1759998186.6290197,9.625
1759998186.6290197,9.597
1759998186.6290197,16.594
1759998186.678913,5.773
1759998186.678913,9.626
1759998186.678913,9.597
1759998186.678913,16.593
1759998186.7290483,5.774
1759998186.7290483,9.626
1759998186.7290483,9.597
1759998186.7290483,16.593
1759998186.7796886,5.774
1759998186.7796886,9.625
1759998186.7796886,9.597
1759998186.7796886,16.594
1759998186.8291857,5.775
1759998186.8291857,9.625
1759998186.8291857,9.597
1759998186.8291857,16.595
1759998186.8789558,5.774
1759998186.8789558,9.624
1759998186.8789558,9.595
1759998186.8789558,16.594
1759998186.929142,5.774
1759998186.929142,9.627
1759998186.929142,9.598
1759998186.929142,16.594
1759998186.9790294,5.772
1759998186.9790294,9.626
1759998186.9790294,9.598
1759998186.9790294,16.595
1759998187.0287237,5.774
1759998187.0287237,9.627
1759998187.0287237,9.598
1759998187.0287237,16.594
1759998187.0785418,5.775
1759998187.0785418,9.625
1759998187.0785418,9.597
1759998187.0785418,16.594
1759998187.1290362,5.776
1759998187.1290362,9.626
1759998187.1290362,9.598
1759998187.1290362,16.595
1759998187.1799052,5.776
1759998187.1799052,9.626
1759998187.1799052,9.598
1759998187.1799052,16.594
1759998187.2298062,5.775
1759998187.2298062,9.627
1759998187.2298062,9.6
1759998187.2298062,16.593
1759998187.279257,5.773
1759998187.279257,9.626
1759998187.279257,9.599
1759998187.279257,16.593
1759998187.3289316,5.777
1759998187.3289316,9.627
1759998187.3289316,9.599
1759998187.3289316,16.594
1759998187.378724,5.774
1759998187.378724,9.627
1759998187.378724,9.599
1759998187.378724,16.593
1759998187.4290283,5.775
1759998187.4290283,9.626
1759998187.4290283,9.598
1759998187.4290283,16.594
1759998187.4790254,5.776
1759998187.4790254,9.626
1759998187.4790254,9.598
1759998187.4790254,16.595
1759998187.5289621,5.777
1759998187.5289621,9.625
1759998187.5289621,9.597
1759998187.5289621,16.595
1759998187.5794067,5.774
1759998187.5794067,9.626
1759998187.5794067,9.597
1759998187.5794067,16.592
1759998187.6293807,5.774
1759998187.6293807,9.626
1759998187.6293807,9.597
1759998187.6293807,16.594
1759998187.6794305,5.774
1759998187.6794305,9.624
1759998187.6794305,9.597
1759998187.6794305,16.593
1759998187.7292407,5.775
1759998187.7292407,9.626
1759998187.7292407,9.598
1759998187.7292407,16.593
1759998187.779467,5.775
1759998187.779467,9.625
1759998187.779467,9.597
1759998187.779467,16.596
1759998187.8301802,5.774
1759998187.8301802,9.627
1759998187.8301802,9.598
1759998187.8301802,16.595
1759998187.8800147,5.774
1759998187.8800147,9.627
1759998187.8800147,9.599
1759998187.8800147,16.594
1759998187.9298823,5.774
1759998187.9298823,9.626
1759998187.9298823,9.598
1759998187.9298823,16.593
1759998187.9795437,5.774
1759998187.9795437,9.627
1759998187.9795437,9.598
1759998187.9795437,16.593
1759998188.0290937,5.774
1759998188.0290937,9.625
1759998188.0290937,9.596
1759998188.0290937,16.593
1759998188.0784385,5.774
1759998188.0784385,9.626
1759998188.0784385,9.598
1759998188.0784385,16.593
1759998188.1287723,5.774
1759998188.1287723,9.627
1759998188.1287723,9.599
1759998188.1287723,16.594
1759998188.178867,5.776
1759998188.178867,9.626
1759998188.178867,9.599
1759998188.178867,16.593
1759998188.2287323,5.775
1759998188.2287323,9.628
1759998188.2287323,9.6
1759998188.2287323,16.593
1759998188.2794354,5.776
1759998188.2794354,9.627
1759998188.2794354,9.599
1759998188.2794354,16.596
1759998188.3298771,5.775
1759998188.3298771,9.627
1759998188.3298771,9.599
1759998188.3298771,16.594
1759998188.3793464,5.775
1759998188.3793464,9.627
1759998188.3793464,9.599
1759998188.3793464,16.594
1759998188.4289827,5.776
1759998188.4289827,9.627
1759998188.4289827,9.599
1759998188.4289827,16.595
1759998188.4789717,5.775
1759998188.4789717,9.627
1759998188.4789717,9.599
1759998188.4789717,16.594
1759998188.5287766,5.776
1759998188.5287766,9.627
1759998188.5287766,9.599
1759998188.5287766,16.593
1759998188.5789068,5.775
1759998188.5789068,9.626
1759998188.5789068,9.597
1759998188.5789068,16.594
1759998188.6287153,5.774
1759998188.6287153,9.627
1759998188.6287153,9.599
1759998188.6287153,16.595
1759998188.6787472,5.774
1759998188.6787472,9.627
1759998188.6787472,9.599
1759998188.6787472,16.594
1759998188.7288647,5.774
1759998188.7288647,9.627
1759998188.7288647,9.598
1759998188.7288647,16.595
1759998188.7789307,5.774
1759998188.7789307,9.626
1759998188.7789307,9.597
1759998188.7789307,16.593
1759998188.8288815,5.774
1759998188.8288815,9.628
1759998188.8288815,9.599
1759998188.8288815,16.593
1759998188.878436,5.774
1759998188.878436,9.628
1759998188.878436,9.599
1759998188.878436,16.594
1759998188.9283435,5.775
1759998188.9283435,9.627
1759998188.9283435,9.599
1759998188.9283435,16.594
1759998188.978492,5.774
1759998188.978492,9.626
1759998188.978492,9.598
1759998188.978492,16.594
1759998189.0290456,5.774
1759998189.0290456,9.627
1759998189.0290456,9.598
1759998189.0290456,16.593
1759998189.079094,5.775
1759998189.079094,9.627
1759998189.079094,9.599
1759998189.079094,16.593
1759998189.1293476,5.775
1759998189.1293476,9.628
1759998189.1293476,9.599
1759998189.1293476,16.594
1759998189.180336,5.774
1759998189.180336,9.628
1759998189.180336,9.6
1759998189.180336,16.594
1759998189.229234,5.775
1759998189.229234,9.628
1759998189.229234,9.601
1759998189.229234,16.594
1759998189.2789538,5.774
1759998189.2789538,9.627
1759998189.2789538,9.599
1759998189.2789538,16.594
1759998189.3290427,5.774
1759998189.3290427,9.627
1759998189.3290427,9.599
1759998189.3290427,16.594
1759998189.3790162,5.774
1759998189.3790162,9.628
1759998189.3790162,9.6
1759998189.3790162,16.594
1759998189.4295185,5.774
1759998189.4295185,9.628
1759998189.4295185,9.6
1759998189.4295185,16.594
1759998189.4795613,5.774
1759998189.4795613,9.628
1759998189.4795613,9.601
1759998189.4795613,16.594
1759998189.5291734,5.774
1759998189.5291734,9.628
1759998189.5291734,9.599
1759998189.5291734,16.594
1759998189.5788147,5.774
1759998189.5788147,9.629
1759998189.5788147,9.6
1759998189.5788147,16.594
1759998189.6285086,5.774
1759998189.6285086,9.627
1759998189.6285086,9.599
1759998189.6285086,16.593
1759998189.6788228,5.774
1759998189.6788228,9.628
1759998189.6788228,9.599
1759998189.6788228,16.593
1759998189.7290313,5.774
1759998189.7290313,9.628
1759998189.7290313,9.6
1759998189.7290313,16.594
1759998189.7788236,5.774
1759998189.7788236,9.629
1759998189.7788236,9.601
1759998189.7788236,16.594
1759998189.8289862,5.774
1759998189.8289862,9.628
1759998189.8289862,9.6
1759998189.8289862,16.594
1759998189.879564,5.774
1759998189.879564,9.627
1759998189.879564,9.598
1759998189.879564,16.594
1759998189.9302378,5.775
1759998189.9302378,9.628
1759998189.9302378,9.599
1759998189.9302378,16.594
1759998189.979908,5.775
1759998189.979908,9.626
1759998189.979908,9.597
1759998189.979908,16.593
1759998190.0291128,5.775
1759998190.0291128,9.625
1759998190.0291128,9.596
1759998190.0291128,16.595
1759998190.0788412,5.775
1759998190.0788412,9.625
1759998190.0788412,9.597
1759998190.0788412,16.594
1759998190.129475,5.774
1759998190.129475,9.627
1759998190.129475,9.598
1759998190.129475,16.594
1759998190.1796072,5.774
1759998190.1796072,9.625
1759998190.1796072,9.597
1759998190.1796072,16.593
1759998190.229132,5.774
1759998190.229132,9.626
1759998190.229132,9.598
1759998190.229132,16.593
1759998190.2789643,5.774
1759998190.2789643,9.626
1759998190.2789643,9.597
1759998190.2789643,16.594
1759998191.279538,5.774
1759998191.279538,9.626
1759998191.279538,9.597
1759998191.279538,16.594
1759998191.3292048,5.775
1759998191.3292048,9.625
1759998191.3292048,9.596
1759998191.3292048,16.593
1759998191.3792925,5.774
1759998191.3792925,9.627
1759998191.3792925,9.599
1759998191.3792925,16.593
1759998191.4285553,5.774
1759998191.4285553,9.628
1759998191.4285553,9.601
1759998191.4285553,16.592
1759998191.478546,5.774
1759998191.478546,9.628
1759998191.478546,9.599
1759998191.478546,16.594
1759998191.5288932,5.774
1759998191.5288932,9.628
1759998191.5288932,9.6
1759998191.5288932,16.595
1759998191.5789728,5.775
1759998191.5789728,9.628
1759998191.5789728,9.6
1759998191.5789728,16.593
1759998191.6289182,5.775
1759998191.6289182,9.627
1759998191.6289182,9.598
1759998191.6289182,16.593
1759998191.6787672,5.775
1759998191.6787672,9.626
1759998191.6787672,9.598
1759998191.6787672,16.593
1759998191.72841,5.776
1759998191.72841,9.629
1759998191.72841,9.6
1759998191.72841,16.594
1759998191.7783208,5.775
1759998191.7783208,9.626
1759998191.7783208,9.597
1759998191.7783208,16.595
1759998191.8292994,5.775
1759998191.8292994,9.629
1759998191.8292994,9.601
1759998191.8292994,16.594
1759998191.8796184,5.775
1759998191.8796184,9.627
1759998191.8796184,9.599
1759998191.8796184,16.595
1759998191.92936,5.774
1759998191.92936,9.627
1759998191.92936,9.598
1759998191.92936,16.597
1759998191.9794528,5.775
1759998191.9794528,9.628
1759998191.9794528,9.599
1759998191.9794528,16.593
1759998192.0291698,5.776
1759998192.0291698,9.626
1759998192.0291698,9.598
1759998192.0291698,16.594
1759998192.0793302,5.775
1759998192.0793302,9.627
1759998192.0793302,9.599
1759998192.0793302,16.595
1759998192.1304784,5.775
1759998192.1304784,9.627
1759998192.1304784,9.598
1759998192.1304784,16.594
1759998192.180035,5.775
1759998192.180035,9.628
1759998192.180035,9.599
1759998192.180035,16.593
1759998192.2301776,5.775
1759998192.2301776,9.627
1759998192.2301776,9.599
1759998192.2301776,16.594
1759998192.2805004,5.774
1759998192.2805004,9.627
1759998192.2805004,9.599
1759998192.2805004,16.595
1759998192.3302116,5.775
1759998192.3302116,9.626
1759998192.3302116,9.598
1759998192.3302116,16.594
1759998192.3792043,5.775
1759998192.3792043,9.626
1759998192.3792043,9.597
1759998192.3792043,16.593
1759998192.4295685,5.775
1759998192.4295685,9.626
1759998192.4295685,9.597
1759998192.4295685,16.594
1759998192.479185,5.775
1759998192.479185,9.625
1759998192.479185,9.597
1759998192.479185,16.594
1759998192.5291421,5.775
1759998192.5291421,9.627
1759998192.5291421,9.598
1759998192.5291421,16.595
1759998192.5791097,5.775
1759998192.5791097,9.626
1759998192.5791097,9.598
1759998192.5791097,16.593
1759998192.6290464,5.775
1759998192.6290464,9.627
1759998192.6290464,9.598
1759998192.6290464,16.593
1759998192.6788886,5.775
1759998192.6788886,9.626
1759998192.6788886,9.597
1759998192.6788886,16.595
1759998192.7290046,5.775
1759998192.7290046,9.626
1759998192.7290046,9.597
1759998192.7290046,16.594
1759998192.7794485,5.775
1759998192.7794485,9.625
1759998192.7794485,9.596
1759998192.7794485,16.595
1759998192.8295047,5.775
1759998192.8295047,9.626
1759998192.8295047,9.598
1759998192.8295047,16.594
1759998192.8792663,5.775
1759998192.8792663,9.626
1759998192.8792663,9.597
1759998192.8792663,16.595
1759998192.928988,5.775
1759998192.928988,9.626
1759998192.928988,9.598
1759998192.928988,16.594
1759998192.9785638,5.775
1759998192.9785638,9.624
1759998192.9785638,9.596
1759998192.9785638,16.594
1759998193.0287588,5.776
1759998193.0287588,9.625
1759998193.0287588,9.597
1759998193.0287588,16.596
1759998193.0790827,5.775
1759998193.0790827,9.627
1759998193.0790827,9.598
1759998193.0790827,16.594
1759998193.12918,5.775
1759998193.12918,9.627
1759998193.12918,9.598
1759998193.12918,16.593
1759998193.1790316,5.776
1759998193.1790316,9.626
1759998193.1790316,9.597
1759998193.1790316,16.594
1759998193.2287197,5.776
1759998193.2287197,9.626
1759998193.2287197,9.598
1759998193.2287197,16.594
1759998193.2788782,5.775
1759998193.2788782,9.627
1759998193.2788782,9.598
1759998193.2788782,16.593
1759998193.3294742,5.775
1759998193.3294742,9.627
1759998193.3294742,9.598
1759998193.3294742,16.593
1759998193.383774,5.775
1759998193.383774,9.626
1759998193.383774,9.598
1759998193.383774,16.593
1759998193.4289017,5.775
1759998193.4289017,9.626
1759998193.4289017,9.598
1759998193.4289017,16.593
1759998193.4788854,5.774
1759998193.4788854,9.628
1759998193.4788854,9.599
1759998193.4788854,16.593
1759998193.529215,5.775
1759998193.529215,9.629
1759998193.529215,9.599
1759998193.529215,16.595
1759998193.5792496,5.775
1759998193.5792496,9.63
1759998193.5792496,9.601
1759998193.5792496,16.595
1759998193.6285203,5.775
1759998193.6285203,9.629
1759998193.6285203,9.599
1759998193.6285203,16.594
1759998193.678942,5.775
1759998193.678942,9.629
1759998193.678942,9.6
1759998193.678942,16.594
1759998193.7282991,5.775
1759998193.7282991,9.628
1759998193.7282991,9.599
1759998193.7282991,16.595
1759998193.7790585,5.775
1759998193.7790585,9.628
1759998193.7790585,9.6
1759998193.7790585,16.593
1759998193.8290427,5.775
1759998193.8290427,9.628
1759998193.8290427,9.6
1759998193.8290427,16.591
1759998193.8794868,5.776
1759998193.8794868,9.627
1759998193.8794868,9.599
1759998193.8794868,16.594
1759998193.9298482,5.775
1759998193.9298482,9.629
1759998193.9298482,9.6
1759998193.9298482,16.594
1759998193.9795887,5.775
1759998193.9795887,9.626
1759998193.9795887,9.598
1759998193.9795887,16.596
1759998194.0293293,5.775
1759998194.0293293,9.628
1759998194.0293293,9.599
1759998194.0293293,16.594
1759998194.0793228,5.775
1759998194.0793228,9.626
1759998194.0793228,9.597
1759998194.0793228,16.595
1759998194.129692,5.775
1759998194.129692,9.629
1759998194.129692,9.6
1759998194.129692,16.596
1759998194.1793618,5.775
1759998194.1793618,9.631
1759998194.1793618,9.602
1759998194.1793618,16.594
1759998194.2290752,5.775
1759998194.2290752,9.628
1759998194.2290752,9.599
1759998194.2290752,16.593
1759998194.2793257,5.774
1759998194.2793257,9.629
1759998194.2793257,9.6
1759998194.2793257,16.595
1759998194.3288476,5.775
1759998194.3288476,9.628
1759998194.3288476,9.599
1759998194.3288476,16.593
1759998194.3785357,5.775
1759998194.3785357,9.627
1759998194.3785357,9.599
1759998194.3785357,16.593
1759998194.4292228,5.775
1759998194.4292228,9.626
1759998194.4292228,9.598
1759998194.4292228,16.594
1759998194.4794576,5.775
1759998194.4794576,9.627
1759998194.4794576,9.599
1759998194.4794576,16.593
1759998194.529035,5.775
1759998194.529035,9.629
1759998194.529035,9.601
1759998194.529035,16.593
1759998194.5786254,5.775
1759998194.5786254,9.628
1759998194.5786254,9.6
1759998194.5786254,16.595
1759998194.6285043,5.775
1759998194.6285043,9.629
1759998194.6285043,9.6
1759998194.6285043,16.594
1759998194.6785553,5.775
1759998194.6785553,9.629
1759998194.6785553,9.599
1759998194.6785553,16.594
1759998194.7288606,5.774
1759998194.7288606,9.626
1759998194.7288606,9.597
1759998194.7288606,16.594
1759998194.7788427,5.774
1759998194.7788427,9.628
1759998194.7788427,9.601
1759998194.7788427,16.594
1759998194.8303225,5.775
1759998194.8303225,9.631
1759998194.8303225,9.603
1759998194.8303225,16.595
1759998194.879792,5.774
1759998194.879792,9.629
1759998194.879792,9.602
1759998194.879792,16.594
1759998194.9289634,5.774
1759998194.9289634,9.625
1759998194.9289634,16.594
1759998194.979188,5.775
1759998194.979188,9.63
1759998194.979188,9.603
1759998194.979188,16.595
1759998195.028891,5.774
1759998195.028891,9.624
1759998195.028891,9.596
1759998195.028891,16.596
1759998195.0791981,5.775
1759998195.0791981,9.63
1759998195.0791981,9.6
1759998195.0791981,16.594
1759998195.1296728,5.775
1759998195.1296728,9.625
1759998195.1296728,9.596
1759998195.1296728,16.593
1759998195.1798055,5.775
1759998195.1798055,9.627
1759998195.1798055,9.599
1759998195.1798055,16.594
1759998195.2299838,5.775
1759998195.2299838,9.626
1759998195.2299838,9.598
1759998195.2299838,16.594
1759998195.2796082,5.775
1759998195.2796082,9.628
1759998195.2796082,9.601
1759998195.2796082,16.594
1759998195.3293083,5.775
1759998195.3293083,9.626
1759998195.3293083,9.599
1759998195.3293083,16.595
1759998195.3788836,5.775
1759998195.3788836,9.628
1759998195.3788836,9.6
1759998195.3788836,16.594
1759998195.4291673,5.774
1759998195.4291673,9.628
1759998195.4291673,9.6
1759998195.4291673,16.592
1759998195.479222,5.775
1759998195.479222,9.629
1759998195.479222,9.601
1759998195.479222,16.593
1759998195.5294816,5.775
1759998195.5294816,9.626
1759998195.5294816,9.598
1759998195.5294816,16.595
1759998195.5795417,5.774
1759998195.5795417,9.628
1759998195.5795417,9.6
1759998195.5795417,16.594
1759998195.6295362,5.775
1759998195.6295362,9.627
1759998195.6295362,9.599
1759998195.6295362,16.593
1759998195.679688,5.775
1759998195.679688,9.625
1759998195.679688,9.598
1759998195.679688,16.596
1759998195.729606,5.776
1759998195.729606,9.627
1759998195.729606,9.6
1759998195.729606,16.593
1759998195.7791846,5.774
1759998195.7791846,9.628
1759998195.7791846,9.601
1759998195.7791846,16.594
1759998195.828957,5.774
1759998195.828957,9.627
1759998195.828957,9.6
1759998195.828957,16.594
1759998195.8788743,5.774
1759998195.8788743,9.627
1759998195.8788743,9.599
1759998195.8788743,16.593
1759998195.9289746,5.775
1759998195.9289746,9.628
1759998195.9289746,9.601
1759998195.9289746,16.594
1759998195.9792361,5.775
1759998195.9792361,9.628
1759998195.9792361,9.6
1759998195.9792361,16.594
1759998196.0293531,5.775
1759998196.0293531,9.628
1759998196.0293531,9.6
1759998196.0293531,16.593
1759998196.0793185,5.775
1759998196.0793185,9.627
1759998196.0793185,9.599
1759998196.0793185,16.595
1759998196.1292157,5.774
1759998196.1292157,9.628
1759998196.1292157,9.599
1759998196.1292157,16.595
1759998196.1804159,5.775
1759998196.1804159,9.627
1759998196.1804159,9.598
1759998196.1804159,16.596
1759998196.2291327,5.774
1759998196.2291327,9.629
1759998196.2291327,9.601
1759998196.2291327,16.594
1759998196.279199,5.774
1759998196.279199,9.629
1759998196.279199,9.6
1759998196.279199,16.593
1759998196.328617,5.775
1759998196.328617,9.628
1759998196.328617,9.6
1759998196.328617,16.594
1759998196.3781695,5.774
1759998196.3781695,9.628
1759998196.3781695,9.601
1759998196.3781695,16.594
1759998196.4285014,5.774
1759998196.4285014,9.628
1759998196.4285014,9.601
1759998196.4285014,16.594
1759998196.4780629,5.775
1759998196.4780629,9.626
1759998196.4780629,9.598
1759998196.4780629,16.593
1759998196.5279698,5.774
1759998196.5279698,9.628
1759998196.5279698,9.6
1759998196.5279698,16.593
1759998196.5780969,5.773
1759998196.5780969,9.626
1759998196.5780969,9.598
1759998196.5780969,16.594
1759998196.6282887,5.774
1759998196.6282887,9.626
1759998196.6282887,9.598
1759998196.6282887,16.594
1759998196.6781414,5.774
1759998196.6781414,9.625
1759998196.6781414,9.598
1759998196.6781414,16.593
1759998196.7281508,5.774
1759998196.7281508,9.626
1759998196.7281508,9.599
1759998196.7281508,16.593
1759998196.778931,5.775
1759998196.778931,9.626
1759998196.778931,9.598
1759998196.778931,16.592
1759998196.8296301,5.774
1759998196.8296301,9.626
1759998196.8296301,9.598
1759998196.8296301,16.593
1759998196.8792028,5.775
1759998196.8792028,9.625
1759998196.8792028,9.597
1759998196.8792028,16.593
1759998196.9295378,5.775
1759998196.9295378,9.624
1759998196.9295378,9.596
1759998196.9295378,16.592
1759998196.9799707,5.774
1759998196.9799707,9.625
1759998196.9799707,9.596
1759998196.9799707,16.593
1759998197.0296242,5.774
1759998197.0296242,9.625
1759998197.0296242,9.597
1759998197.0296242,16.594
1759998197.0791745,5.774
1759998197.0791745,9.626
1759998197.0791745,9.598
1759998197.0791745,16.594
1759998197.1294086,5.774
1759998197.1294086,9.626
1759998197.1294086,9.599
1759998197.1294086,16.594
1759998197.1791062,5.775
1759998197.1791062,9.625
1759998197.1791062,9.596
1759998197.1791062,16.594
1759998197.2289917,5.775
1759998197.2289917,9.625
1759998197.2289917,9.597
1759998197.2289917,16.595
1759998197.278512,5.777
1759998197.278512,9.627
1759998197.278512,9.599
1759998197.278512,16.595
1759998197.328562,5.779
1759998197.328562,9.627
1759998197.328562,9.6
1759998197.328562,16.592
1759998197.3784854,5.78
1759998197.3784854,9.628
1759998197.3784854,9.6
1759998197.3784854,16.593
1759998197.4281309,5.781
1759998197.4281309,9.627
1759998197.4281309,9.599
1759998197.4281309,16.594
1759998197.4800062,5.779
1759998197.4800062,9.627
1759998197.4800062,9.599
1759998197.4800062,16.595
1759998197.5283782,5.777
1759998197.5283782,9.628
1759998197.5283782,9.601
1759998197.5283782,16.594
1759998197.5780478,5.774
1759998197.5780478,9.629
1759998197.5780478,9.602
1759998197.5780478,16.594
1759998197.6281307,5.773
1759998197.6281307,9.628
1759998197.6281307,9.602
1759998197.6281307,16.594
1759998197.6780372,5.772
1759998197.6780372,9.626
1759998197.6780372,9.6
1759998197.6780372,16.593
1759998197.7278907,5.77
1759998197.7278907,9.628
1759998197.7278907,9.601
1759998197.7278907,16.595
1759998197.778172,5.769
1759998197.778172,9.627
1759998197.778172,9.602
1759998197.778172,16.595
1759998197.8280227,5.769
1759998197.8280227,9.626
1759998197.8280227,9.601
1759998197.8280227,16.595
1759998197.8779416,5.767
1759998197.8779416,9.627
1759998197.8779416,9.601
1759998197.8779416,16.593
1759998197.9281685,5.768
1759998197.9281685,9.624
1759998197.9281685,9.599
1759998197.9281685,16.594
1759998197.9781327,5.774
1759998197.9781327,9.624
1759998197.9781327,9.598
1759998197.9781327,16.593
1759998198.0280006,5.776
1759998198.0280006,9.625
1759998198.0280006,9.598
1759998198.0280006,16.591
1759998198.0780594,5.778
1759998198.0780594,9.623
1759998198.0780594,9.596
1759998198.0780594,16.594
1759998198.128304,5.779
1759998198.128304,9.626
1759998198.128304,9.599
1759998198.128304,16.594
1759998198.1783047,5.778
1759998198.1783047,9.625
1759998198.1783047,9.597
1759998198.1783047,16.594
1759998198.2283213,5.781
1759998198.2283213,9.624
1759998198.2283213,9.595
1759998198.2283213,16.593
1759998198.2783835,5.778
1759998198.2783835,9.63
1759998198.2783835,9.601
1759998198.2783835,16.593
1759998198.2783835,0.861
1759998198.3282092,5.775
1759998198.3282092,9.62
1759998198.3282092,9.593
1759998198.3282092,16.593
1759998198.3781705,16.594
1759998198.4281633,5.771
1759998198.4281633,16.591
1759998198.4780638,5.736
1759998198.4780638,9.642
1759998198.4780638,9.61
1759998198.4780638,16.596
1759998198.4780638,0.921
1759998198.5275035,16.559
1759998198.5275035,1.028
1759998198.5275035,0.967
1759998198.5275035,9.654
1759998198.5275035,9.617
1759998198.5780766,16.651
1759998198.5780766,0.997
1759998198.627553,8.463
1759998198.627553,1.136
1759998198.6771696,1.169
1759998198.7774498,1.206
1759998198.7774498,1.234
1759998198.7774498,1.241
1759998198.8764615,1.486
1759998198.8764615,1.293
1759998198.8764615,1.296
1759998198.9762537,1.477
1759998199.0766544,1.626
1759998199.0766544,1.562
1759998199.1268532,1.699
1759998199.1767316,1.622
1759998199.2762127,1.742
1759998199.2762127,1.741
1759998199.426487,1.945
1759998199.5273192,1.961
1759998199.6771154,2.171
1759998199.7271626,5.783
1759998199.7271626,2.159
1759998199.7271626,2.149
1759998199.776704,5.786
1759998199.776704,2.266
1759998199.8267474,2.353
1759998199.977017,2.491
1759998199.977017,2.487
1759998200.177352,2.698
1759998200.177352,2.697
1759998200.2267082,2.798
1759998200.3276896,22.048
1759998200.3276896,2.92
1759998200.4769738,3.066
1759998200.6280465,5.761
1759998200.6280465,3.243
1759998200.6280465,3.243
1759998200.6776617,11.677
1759998200.7280478,5.761
1759998200.7773614,9.66
1759998200.8272166,5.769
1759998200.876933,9.642
1759998200.9273355,5.766
1759998200.9273355,9.618
1759998200.977459,5.757
1759998200.977459,9.6
1759998200.977459,9.574
1759998201.0270035,5.766
1759998201.0270035,9.618
1759998201.0772142,5.778
1759998201.0772142,9.627
1759998201.0772142,9.597
1759998201.0772142,22.622
1759998201.0772142,3.791
1759998201.127374,8.444
1759998201.127374,9.628
1759998201.127374,9.598
1759998201.177813,5.773
1759998201.177813,9.617
1759998201.177813,9.59
1759998201.177813,22.077
1759998201.177813,3.907
1759998201.227725,5.765
1759998201.227725,9.613
1759998201.227725,3.984
1759998201.2772353,5.806
1759998201.2772353,9.612
1759998201.2772353,9.588
1759998201.2772353,3.995
1759998201.3274837,5.761
1759998201.3274837,9.622
1759998201.3274837,9.592
1759998201.3774235,5.798
1759998201.3774235,9.636
1759998201.3774235,9.608
1759998201.3774235,20.976
1759998201.4273722,5.748
1759998201.4273722,9.639
1759998201.4273722,9.61
1759998201.4776242,5.76
1759998201.4776242,9.629
1759998201.4776242,9.601
1759998201.4776242,13.842
1759998201.4776242,4.226
1759998201.5273607,5.78
1759998201.5273607,9.625
1759998201.5273607,9.595
1759998201.5273607,20.961
1759998201.5273607,4.333
1759998201.5774608,5.787
1759998201.5774608,8.428
1759998201.5774608,9.619
1759998201.5774608,9.591
1759998201.5774608,4.369
1759998201.6275065,5.782
1759998201.6275065,9.621
1759998201.6275065,9.592
1759998201.6275065,20.974
1759998201.6772838,5.779
1759998201.6772838,9.619
1759998201.6772838,9.591
1759998201.6772838,4.464
1759998201.727377,5.772
1759998201.727377,8.434
1759998201.727377,9.622
1759998201.727377,9.594
1759998201.727377,4.56
1759998201.7776494,5.774
1759998201.7776494,9.63
1759998201.7776494,9.601
1759998201.7776494,4.588
1759998201.8276327,5.785
1759998201.8276327,9.635
1759998201.8276327,9.606
1759998201.8276327,20.939
1759998201.8276327,21.971
1759998201.8276327,4.658
1759998201.8776326,5.779
1759998201.8776326,4.7
1759998201.928217,5.783
1759998201.928217,9.615
1759998201.928217,9.588
1759998201.977781,5.771
1759998201.977781,9.628
1759998201.977781,4.787
1759998202.0277295,5.765
1759998202.0277295,9.623
1759998202.0277295,9.593
1759998202.0277295,13.781
1759998202.0777385,5.77
1759998202.0777385,9.626
1759998202.0777385,9.601
1759998202.1281266,5.77
1759998202.1281266,9.626
1759998202.1281266,9.598
1759998202.178139,5.774
1759998202.178139,9.619
1759998202.178139,9.591
1759998202.228143,5.772
1759998202.228143,9.631
1759998202.228143,9.602
1759998202.2778563,5.771
1759998202.2778563,9.635
1759998202.2778563,9.606
1759998202.3278694,5.771
1759998202.3278694,9.633
1759998202.3278694,9.605
1759998202.3278694,16.588
1759998202.3278694,5.283
1759998202.3779845,5.77
1759998202.3779845,9.626
1759998202.3779845,9.598
1759998202.3779845,16.591
1759998202.4280326,5.77
1759998202.4280326,9.625
1759998202.4280326,16.581
1759998202.4280326,5.412
1759998202.4777617,5.767
1759998202.4777617,8.427
1759998202.4777617,9.627
1759998202.4777617,9.599
1759998202.4777617,16.586
1759998202.5277555,5.769
1759998202.5277555,9.625
1759998202.5277555,9.599
1759998202.5277555,16.596
1759998202.578016,5.769
1759998202.578016,9.622
1759998202.578016,9.596
1759998202.578016,16.591
1759998202.578016,5.608
1759998202.6291487,5.77
1759998202.6291487,8.432
1759998202.6291487,9.625
1759998202.6291487,9.597
1759998202.6291487,16.595
1759998202.6795945,5.769
1759998202.6795945,9.623
1759998202.6795945,9.596
1759998202.6795945,16.595
1759998202.6795945,21.869
1759998202.728733,5.771
1759998202.728733,8.462
1759998202.728733,9.622
1759998202.728733,9.595
1759998202.728733,16.598
1759998202.728733,21.888
1759998202.7787035,5.772
1759998202.7787035,8.441
1759998202.7787035,9.624
1759998202.7787035,9.597
1759998202.7787035,16.597
1759998202.8282309,5.766
1759998202.8282309,9.627
1759998202.8282309,9.6
1759998202.8282309,16.588
1759998202.8282309,22.569
1759998202.8778105,5.771
1759998202.8778105,9.625
1759998202.8778105,9.599
1759998202.8778105,16.585
1759998202.9277363,5.77
1759998202.9277363,9.625
1759998202.9277363,9.598
1759998202.9277363,13.847
1759998202.9277363,16.581
1759998202.978051,5.769
1759998202.978051,9.629
1759998202.978051,9.601
1759998202.978051,16.592
1759998203.0279434,5.772
1759998203.0279434,9.626
1759998203.0279434,9.6
1759998203.0279434,16.587
1759998203.0779364,5.771
1759998203.0779364,9.626
1759998203.0779364,9.598
1759998203.0779364,16.599
1759998203.1281362,5.772
1759998203.1281362,9.624
1759998203.1281362,9.596
1759998203.1281362,16.599
1759998203.1784475,5.772
1759998203.1784475,9.623
1759998203.1784475,9.595
1759998203.1784475,16.596
1759998203.2284071,5.772
1759998203.2284071,9.623
1759998203.2284071,9.596
1759998203.2284071,16.596
1759998203.2780702,5.771
1759998203.2780702,9.623
1759998203.2780702,9.596
1759998203.2780702,16.592
1759998203.3280482,5.771
1759998203.3280482,9.623
1759998203.3280482,9.597
1759998203.3280482,16.588
1759998203.3280482,6.501
1759998203.3780005,5.77
1759998203.3780005,9.628
1759998203.3780005,9.601
1759998203.3780005,16.59
1759998203.3780005,6.53
1759998203.4277556,5.771
1759998203.4277556,9.622
1759998203.4277556,9.595
1759998203.4277556,16.594
1759998203.4277556,6.6
1759998203.4775581,5.771
1759998203.4775581,9.624
1759998203.4775581,9.597
1759998203.4775581,16.593
1759998203.4775581,6.634
1759998203.527534,5.772
1759998203.527534,9.626
1759998203.527534,9.598
1759998203.527534,16.589
1759998203.5775185,5.773
1759998203.5775185,9.625
1759998203.5775185,9.597
1759998203.5775185,16.59
1759998203.6277518,5.773
1759998203.6277518,9.625
1759998203.6277518,9.597
1759998203.6277518,16.589
1759998203.6277518,6.827
1759998203.6787117,5.774
1759998203.6787117,9.626
1759998203.6787117,9.599
1759998203.6787117,16.582
1759998203.6787117,6.911
1759998203.7289739,5.774
1759998203.7289739,9.627
1759998203.7289739,9.599
1759998203.7289739,16.587
1759998203.778738,5.774
1759998203.778738,9.627
1759998203.778738,9.6
1759998203.778738,16.561
1759998203.778738,7.047
1759998203.8284204,5.773
1759998203.8284204,9.625
1759998203.8284204,9.599
1759998203.8284204,16.583
1759998203.8284204,7.067
1759998203.8780499,5.772
1759998203.8780499,9.627
1759998203.8780499,9.6
1759998203.8780499,16.58
1759998203.8780499,7.147
1759998203.9288757,5.771
1759998203.9288757,9.627
1759998203.9288757,9.6
1759998203.9288757,16.592
1759998203.9288757,7.2
1759998203.978598,5.77
1759998203.978598,9.626
1759998203.978598,9.599
1759998203.978598,16.593
1759998203.978598,7.263
1759998204.0283985,5.77
1759998204.0283985,9.626
1759998204.0283985,9.599
1759998204.0283985,16.596
1759998204.0784764,5.77
1759998204.0784764,9.625
1759998204.0784764,9.598
1759998204.0784764,16.594
1759998204.128442,5.77
1759998204.128442,9.626
1759998204.128442,9.599
1759998204.128442,16.591
1759998204.1788492,5.769
1759998204.1788492,8.454
1759998204.1788492,9.626
1759998204.1788492,9.599
1759998204.1788492,16.598
1759998204.1788492,25.069
1759998204.2285821,5.77
1759998204.2285821,9.626
1759998204.2285821,9.599
1759998204.2285821,16.597
1759998204.2783155,5.77
1759998204.2783155,9.629
1759998204.2783155,9.603
1759998204.2783155,16.595
1759998204.2783155,7.605
1759998204.3283448,5.771
1759998204.3283448,9.628
1759998204.3283448,9.601
1759998204.3283448,16.597
1759998204.378369,5.771
1759998204.378369,9.627
1759998204.378369,9.6
1759998204.378369,16.59
1759998204.4285,5.771
1759998204.4285,9.628
1759998204.4285,9.601
1759998204.4285,16.598
1759998204.4285,7.815
1759998204.4785025,5.772
1759998204.4785025,9.627
1759998204.4785025,9.6
1759998204.4785025,16.596
1759998204.4785025,7.917
1759998204.5283277,5.773
1759998204.5283277,9.628
1759998204.5283277,9.601
1759998204.5283277,16.595
1759998204.5283277,7.983
1759998204.5780315,5.773
1759998204.5780315,9.627
1759998204.5780315,9.599
1759998204.5780315,16.593
1759998204.5780315,7.995
1759998204.6284657,5.773
1759998204.6284657,9.627
1759998204.6284657,9.599
1759998204.6284657,16.596
1759998204.6284657,8.041
1759998204.678225,5.773
1759998204.678225,9.624
1759998204.678225,9.596
1759998204.678225,16.593
1759998204.728383,5.773
1759998204.728383,9.627
1759998204.728383,9.599
1759998204.728383,16.596
1759998204.728383,8.156
1759998204.7784755,5.772
1759998204.7784755,9.625
1759998204.7784755,9.598
1759998204.7784755,16.592
1759998204.8284214,5.772
1759998204.8284214,9.625
1759998204.8284214,9.597
1759998204.8284214,16.597
1759998204.878322,5.772
1759998204.878322,9.625
1759998204.878322,9.597
1759998204.878322,16.6
1759998204.878322,8.335
1759998204.9282916,5.772
1759998204.9282916,9.625
1759998204.9282916,9.597
1759998204.9282916,16.595
1759998204.978222,5.772
1759998204.978222,9.625
1759998204.978222,9.598
1759998204.978222,16.598
1759998204.978222,8.485
1759998205.0280304,5.772
1759998205.0280304,9.624
1759998205.0280304,9.597
1759998205.0280304,16.596
1759998205.0280304,8.546
1759998205.0778708,5.772
1759998205.0778708,9.627
1759998205.0778708,9.599
1759998205.0778708,16.596
1759998205.1284268,5.773
1759998205.1284268,9.624
1759998205.1284268,9.596
1759998205.1284268,16.592
1759998205.179813,5.773
1759998205.179813,9.625
1759998205.179813,9.597
1759998205.179813,16.594
1759998205.2288916,5.773
1759998205.2288916,9.625
1759998205.2288916,9.597
1759998205.2288916,16.596
1759998205.2288916,8.774
1759998205.2786906,5.773
1759998205.2786906,9.626
1759998205.2786906,9.598
1759998205.2786906,16.593
1759998205.2786906,8.862
1759998205.3284822,5.772
1759998205.3284822,9.628
1759998205.3284822,9.601
1759998205.3284822,16.595
1759998205.3284822,8.902
1759998205.3783855,5.772
1759998205.3783855,9.627
1759998205.3783855,9.6
1759998205.3783855,16.593
1759998205.3783855,8.992
1759998205.4282093,5.771
1759998205.4282093,9.625
1759998205.4282093,9.598
1759998205.4282093,16.595
1759998205.4782913,5.772
1759998205.4782913,9.626
1759998205.4782913,9.6
1759998205.4782913,16.592
1759998205.52847,5.771
1759998205.52847,9.623
1759998205.52847,9.597
1759998205.52847,16.596
1759998205.5783045,5.771
1759998205.5783045,9.627
1759998205.5783045,9.599
1759998205.5783045,16.594
1759998205.5783045,9.214
1759998205.6284013,5.771
1759998205.6284013,9.626
1759998205.6284013,9.599
1759998205.6284013,16.596
1759998205.6784546,5.771
1759998205.6784546,9.624
1759998205.6784546,9.597
1759998205.6784546,16.594
1759998205.6784546,9.492
1759998205.6784546,9.4
1759998205.728596,5.771
1759998205.728596,9.629
1759998205.728596,9.602
1759998205.728596,16.595
1759998205.7784889,5.772
1759998205.7784889,9.628
1759998205.7784889,9.601
1759998205.7784889,16.594
1759998205.7784889,9.386
1759998205.8282485,5.772
1759998205.8282485,9.626
1759998205.8282485,9.599
1759998205.8282485,16.598
1759998205.8282485,9.544
1759998205.8783207,5.772
1759998205.8783207,9.627
1759998205.8783207,9.6
1759998205.8783207,16.593
1759998205.8783207,13.833
1759998205.9286337,5.772
1759998205.9286337,9.631
1759998205.9286337,9.603
1759998205.9286337,13.808
1759998205.9286337,16.596
1759998205.9286337,9.904
1759998205.9783251,5.773
1759998205.9783251,9.625
1759998205.9783251,9.598
1759998205.9783251,16.594
1759998206.0283792,5.773
1759998206.0283792,9.627
1759998206.0283792,9.599
1759998206.0283792,16.594
1759998206.0790513,5.773
1759998206.0790513,9.626
1759998206.0790513,9.599
1759998206.0790513,16.593
1759998206.0790513,9.906
1759998206.1279147,5.773
1759998206.1279147,9.626
1759998206.1279147,9.599
1759998206.1279147,16.596
1759998206.178628,5.773
1759998206.178628,9.626
1759998206.178628,9.598
1759998206.178628,13.838
1759998206.178628,16.594
1759998206.178628,9.974
1759998206.178628,10.064
1759998206.178628,9.923
1759998206.178628,9.974
1759998206.2283504,5.773
1759998206.2283504,9.625
1759998206.2283504,9.598
1759998206.2283504,16.591
1759998206.2783165,5.773
1759998206.2783165,9.626
1759998206.2783165,9.598
1759998206.2783165,13.719
1759998206.2783165,16.587
1759998206.2783165,10.104
1759998206.3283215,5.773
1759998206.3283215,9.626
1759998206.3283215,9.598
1759998206.3283215,16.596
1759998206.3781064,5.774
1759998206.3781064,9.625
1759998206.3781064,9.598
1759998206.3781064,16.592
1759998206.3781064,10.226
1759998206.428017,5.774
1759998206.428017,9.626
1759998206.428017,9.598
1759998206.428017,16.593
1759998206.4778569,5.774
1759998206.4778569,9.626
1759998206.4778569,9.598
1759998206.4778569,16.596
1759998206.527786,5.774
1759998206.527786,9.627
1759998206.527786,9.599
1759998206.527786,16.595
1759998206.5779896,5.774
1759998206.5779896,9.626
1759998206.5779896,9.598
1759998206.5779896,16.597
1759998206.628029,5.774
1759998206.628029,9.627
1759998206.628029,9.599
1759998206.628029,16.593
1759998206.678347,5.774
1759998206.678347,9.627
1759998206.678347,9.6
1759998206.678347,16.594
1759998206.7277277,5.773
1759998206.7277277,9.627
1759998206.7277277,9.6
1759998206.7277277,16.593
1759998206.777684,5.773
1759998206.777684,9.626
1759998206.777684,9.599
1759998206.777684,10.742
1759998206.777684,10.726
1759998206.777684,16.592
1759998206.8273566,5.772
1759998206.8273566,9.626
1759998206.8273566,9.599
1759998206.8273566,16.596
1759998206.8273566,10.83
1759998206.8782704,5.772
1759998206.8782704,9.626
1759998206.8782704,9.599
1759998206.8782704,16.593
1759998206.9282517,5.771
1759998206.9282517,9.628
1759998206.9282517,9.601
1759998206.9282517,16.595
1759998206.97835,5.771
1759998206.97835,9.627
1759998206.97835,9.6
1759998206.97835,16.597
1759998207.028376,5.771
1759998207.028376,9.627
1759998207.028376,9.6
1759998207.028376,16.593
1759998207.0785143,5.771
1759998207.0785143,9.627
1759998207.0785143,9.6
1759998207.0785143,16.594
1759998207.0785143,22.097
1759998207.1286247,5.771
1759998207.1286247,9.627
1759998207.1286247,9.601
1759998207.1286247,16.595
1759998207.1286247,11.158
1759998207.1785874,5.771
1759998207.1785874,9.627
1759998207.1785874,9.6
1759998207.1785874,16.593
1759998207.22842,5.771
1759998207.22842,9.625
1759998207.22842,9.599
1759998207.22842,16.593
1759998207.22842,11.353
1759998207.2781572,5.772
1759998207.2781572,9.627
1759998207.2781572,9.6
1759998207.2781572,16.593
1759998207.2781572,11.203
1759998207.3277555,5.772
1759998207.3277555,9.627
1759998207.3277555,9.599
1759998207.3277555,16.594
1759998207.3277555,11.433
1759998207.3779082,5.772
1759998207.3779082,9.627
1759998207.3779082,9.6
1759998207.3779082,16.593
1759998207.4286435,5.773
1759998207.4286435,9.627
1759998207.4286435,9.6
1759998207.4286435,16.594
1759998207.4286435,11.541
1759998207.4286435,11.608
1759998207.4784675,5.773
1759998207.4784675,9.627
1759998207.4784675,9.599
1759998207.4784675,16.595
1759998207.52824,5.773
1759998207.52824,9.626
1759998207.52824,9.599
1759998207.52824,16.595
1759998207.5782394,5.773
1759998207.5782394,9.626
1759998207.5782394,9.598
1759998207.5782394,16.593
1759998207.5782394,11.684
1759998207.5782394,11.645
1759998207.627779,5.774
1759998207.627779,9.626
1759998207.627779,9.599
1759998207.627779,16.594
1759998207.6783118,5.774
1759998207.6783118,9.624
1759998207.6783118,9.597
1759998207.6783118,16.594
1759998207.7284496,5.774
1759998207.7284496,9.626
1759998207.7284496,9.598
1759998207.7284496,16.593
1759998207.778297,5.773
1759998207.778297,9.626
1759998207.778297,9.598
1759998207.778297,16.596
1759998207.778297,22.094
1759998207.8284488,5.774
1759998207.8284488,9.628
1759998207.8284488,9.6
1759998207.8284488,16.594
1759998207.8783245,5.774
1759998207.8783245,9.626
1759998207.8783245,9.599
1759998207.8783245,16.593
1759998207.9284039,5.774
1759998207.9284039,9.627
1759998207.9284039,9.599
1759998207.9284039,16.594
1759998207.9284039,12.048
1759998207.9284039,12.121
1759998207.978318,5.774
1759998207.978318,9.627
1759998207.978318,9.599
1759998207.978318,16.592
1759998207.978318,12.368
1759998208.0281644,5.774
1759998208.0281644,9.626
1759998208.0281644,9.599
1759998208.0281644,16.596
1759998208.0784342,5.774
1759998208.0784342,9.626
1759998208.0784342,9.599
1759998208.0784342,16.595
1759998208.128514,5.773
1759998208.128514,9.626
1759998208.128514,9.599
1759998208.128514,16.594
1759998208.1785972,5.773
1759998208.1785972,9.627
1759998208.1785972,9.6
1759998208.1785972,16.594
1759998208.1785972,12.355
1759998208.2283416,5.773
1759998208.2283416,9.627
1759998208.2283416,9.6
1759998208.2283416,16.594
1759998208.2782571,5.773
1759998208.2782571,9.628
1759998208.2782571,9.601
1759998208.2782571,16.594
1759998208.2782571,22.078
1759998208.2782571,12.531
1759998208.328678,5.773
1759998208.328678,9.627
1759998208.328678,9.6
1759998208.328678,16.593
1759998208.3787036,5.772
1759998208.3787036,9.626
1759998208.3787036,9.599
1759998208.3787036,16.595
1759998208.4279184,5.772
1759998208.4279184,9.627
1759998208.4279184,9.6
1759998208.4279184,16.596
1759998208.477778,5.772
1759998208.477778,9.628
1759998208.477778,9.601
1759998208.477778,16.594
1759998208.5283523,5.772
1759998208.5283523,9.628
1759998208.5283523,9.601
1759998208.5283523,16.593
1759998208.5283523,12.838
1759998208.5283523,12.867
1759998208.578302,5.772
1759998208.578302,9.627
1759998208.578302,9.6
1759998208.578302,16.593
1759998208.6281328,5.772
1759998208.6281328,9.626
1759998208.6281328,9.599
1759998208.6281328,16.596
1759998208.677917,5.772
1759998208.677917,9.628
1759998208.677917,9.601
1759998208.677917,16.593
1759998208.7281356,5.772
1759998208.7281356,9.628
1759998208.7281356,9.601
1759998208.7281356,16.596
1759998208.7782454,5.772
1759998208.7782454,9.627
1759998208.7782454,9.6
1759998208.7782454,16.594
1759998208.8283546,5.773
1759998208.8283546,9.628
1759998208.8283546,9.601
1759998208.8283546,16.594
1759998208.8783772,5.773
1759998208.8783772,9.627
1759998208.8783772,9.6
1759998208.8783772,16.595
1759998208.9282176,5.773
1759998208.9282176,9.628
1759998208.9282176,9.6
1759998208.9282176,16.594
1759998208.9783256,5.773
1759998208.9783256,9.626
1759998208.9783256,9.599
1759998208.9783256,16.594
1759998209.0281081,5.773
1759998209.0281081,9.627
1759998209.0281081,9.599
1759998209.0281081,16.593
1759998209.0781739,5.773
1759998209.0781739,9.627
1759998209.0781739,9.6
1759998209.0781739,16.593
1759998209.1284251,5.774
1759998209.1284251,9.627
1759998209.1284251,9.599
1759998209.1284251,16.595
1759998209.1284251,13.601
1759998209.178342,5.773
1759998209.178342,9.626
1759998209.178342,9.599
1759998209.178342,16.593
1759998209.2278593,5.773
1759998209.2278593,9.626
1759998209.2278593,9.598
1759998209.2278593,16.594
1759998209.278113,5.774
1759998209.278113,9.625
1759998209.278113,9.597
1759998209.278113,16.594
1759998209.278113,13.769
1759998209.3281693,5.774
1759998209.3281693,9.627
1759998209.3281693,9.599
1759998209.3281693,16.594
1759998209.3782403,5.774
1759998209.3782403,9.627
1759998209.3782403,9.6
1759998209.3782403,16.595
1759998209.428204,5.774
1759998209.428204,9.627
1759998209.428204,9.6
1759998209.428204,16.594
1759998209.4782982,5.774
1759998209.4782982,9.628
1759998209.4782982,9.6
1759998209.4782982,16.595
1759998209.5280168,5.774
1759998209.5280168,9.626
1759998209.5280168,9.599
1759998209.5280168,16.595
1759998209.5280168,14.086
1759998209.578219,5.773
1759998209.578219,9.626
1759998209.578219,9.599
1759998209.578219,16.595
1759998209.6277192,5.773
1759998209.6277192,9.627
1759998209.6277192,9.6
1759998209.6277192,16.594
1759998209.6277192,14.192
1759998209.6784413,5.772
1759998209.6784413,9.628
1759998209.6784413,9.601
1759998209.6784413,16.593
1759998209.7282388,5.772
1759998209.7282388,9.627
1759998209.7282388,9.6
1759998209.7282388,16.594
1759998209.7778697,5.772
1759998209.7778697,9.627
1759998209.7778697,9.6
1759998209.7778697,16.594
1759998209.8274448,5.772
1759998209.8274448,9.626
1759998209.8274448,9.599
1759998209.8274448,16.592
1759998209.8774838,5.772
1759998209.8774838,9.627
1759998209.8774838,9.6
1759998209.8774838,16.595
1759998209.9276042,5.772
1759998209.9276042,9.627
1759998209.9276042,9.6
1759998209.9276042,16.595
1759998209.9776213,5.772
1759998209.9776213,9.627
1759998209.9776213,9.6
1759998209.9776213,16.593
1759998210.0285385,5.772
1759998210.0285385,9.628
1759998210.0285385,9.601
1759998210.0285385,16.593
1759998210.0285385,14.816
1759998210.0784488,5.773
1759998210.0784488,9.627
1759998210.0784488,9.6
1759998210.0784488,16.593
1759998210.1286922,5.773
1759998210.1286922,9.627
1759998210.1286922,9.6
1759998210.1286922,16.594
1759998210.1786318,5.773
1759998210.1786318,9.628
1759998210.1786318,9.601
1759998210.1786318,16.593
1759998210.228504,5.773
1759998210.228504,9.627
1759998210.228504,9.6
1759998210.228504,16.593
1759998210.279319,5.774
1759998210.279319,9.628
1759998210.279319,9.601
1759998210.279319,16.594
1759998210.3283439,5.774
1759998210.3283439,9.628
1759998210.3283439,9.6
1759998210.3283439,16.593
1759998210.3773267,5.774
1759998210.3773267,9.627
1759998210.3773267,9.6
1759998210.3773267,16.594
1759998210.4284823,5.773
1759998210.4284823,9.626
1759998210.4284823,9.599
1759998210.4284823,16.593
1759998210.4788282,5.773
1759998210.4788282,9.627
1759998210.4788282,9.6
1759998210.4788282,16.593
1759998210.5284967,5.774
1759998210.5284967,9.628
1759998210.5284967,9.6
1759998210.5284967,16.593
1759998210.5284967,15.483
1759998210.5787897,5.773
1759998210.5787897,9.628
1759998210.5787897,9.6
1759998210.5787897,16.593
1759998210.6283417,5.774
1759998210.6283417,9.627
1759998210.6283417,9.599
1759998210.6283417,16.595
1759998210.6779742,5.774
1759998210.6779742,9.627
1759998210.6779742,9.6
1759998210.6779742,16.594
1759998210.72919,5.774
1759998210.72919,9.626
1759998210.72919,9.599
1759998210.72919,16.593
1759998210.7782383,5.774
1759998210.7782383,9.627
1759998210.7782383,9.601
1759998210.7782383,16.594
1759998210.828265,5.773
1759998210.828265,9.626
1759998210.828265,9.599
1759998210.828265,16.593
1759998210.8782094,5.773
1759998210.8782094,9.628
1759998210.8782094,9.6
1759998210.8782094,16.594
1759998210.9275541,5.773
1759998210.9275541,9.626
1759998210.9275541,9.599
1759998210.9275541,16.594
1759998210.9784968,5.773
1759998210.9784968,9.626
1759998210.9784968,9.599
1759998210.9784968,16.595
1759998211.0277038,5.773
1759998211.0277038,9.626
1759998211.0277038,9.599
1759998211.0277038,16.596
1759998211.0777006,5.772
1759998211.0777006,9.626
1759998211.0777006,9.599
1759998211.0777006,16.592
1759998211.128471,5.773
1759998211.128471,9.628
1759998211.128471,9.601
1759998211.128471,16.596
1759998211.1784697,5.772
1759998211.1784697,9.628
1759998211.1784697,9.601
1759998211.1784697,16.591
1759998211.2283533,5.772
1759998211.2283533,9.626
1759998211.2283533,9.6
1759998211.2283533,16.593
1759998211.278258,5.773
1759998211.278258,9.627
1759998211.278258,9.6
1759998211.278258,16.594
1759998211.327955,5.772
1759998211.327955,9.628
1759998211.327955,9.601
1759998211.327955,16.594
1759998211.3781059,5.772
1759998211.3781059,9.628
1759998211.3781059,9.601
1759998211.3781059,16.592
1759998211.4282393,5.772
1759998211.4282393,9.627
1759998211.4282393,9.6
1759998211.4282393,16.594
1759998211.4777236,5.772
1759998211.4777236,9.627
1759998211.4777236,9.6
1759998211.4777236,16.595
1759998211.5278254,5.773
1759998211.5278254,9.628
1759998211.5278254,9.601
1759998211.5278254,16.594
1759998211.5778315,5.773
1759998211.5778315,9.627
1759998211.5778315,9.6
1759998211.5778315,16.593
1759998211.6278203,5.773
1759998211.6278203,9.626
1759998211.6278203,9.599
1759998211.6278203,16.594
1759998211.6776552,5.773
1759998211.6776552,9.627
1759998211.6776552,9.599
1759998211.6776552,16.595
1759998211.72815,5.773
1759998211.72815,9.626
1759998211.72815,9.598
1759998211.72815,16.598
1759998211.72815,16.812
1759998211.7782104,5.774
1759998211.7782104,9.627
1759998211.7782104,9.599
1759998211.7782104,16.594
1759998211.8279734,5.774
1759998211.8279734,9.625
1759998211.8279734,9.598
1759998211.8279734,16.592
1759998211.8279734,16.75
1759998211.8778675,5.773
1759998211.8778675,9.628
1759998211.8778675,9.6
1759998211.8778675,16.595
1759998211.9275765,5.774
1759998211.9275765,9.627
1759998211.9275765,9.6
1759998211.9275765,16.591
1759998211.9779482,5.774
1759998211.9779482,9.627
1759998211.9779482,9.6
1759998211.9779482,16.593
1759998212.0273771,5.774
1759998212.0273771,9.627
1759998212.0273771,9.6
1759998212.0273771,16.591
1759998212.0775378,5.774
1759998212.0775378,9.627
1759998212.0775378,9.599
1759998212.0775378,16.593
1759998212.1275187,5.774
1759998212.1275187,9.629
1759998212.1275187,9.601
1759998212.1275187,16.594
1759998212.1275187,17.177
1759998212.178347,5.775
1759998212.178347,9.628
1759998212.178347,9.6
1759998212.178347,16.594
1759998212.2277732,5.775
1759998212.2277732,9.626
1759998212.2277732,9.599
1759998212.2277732,16.594
1759998212.278206,5.774
1759998212.278206,9.627
1759998212.278206,9.599
1759998212.278206,16.595
1759998212.327578,5.774
1759998212.327578,9.627
1759998212.327578,9.6
1759998212.327578,16.594
1759998212.3779042,5.774
1759998212.3779042,9.628
1759998212.3779042,9.601
1759998212.3779042,16.594
1759998212.4278476,5.774
1759998212.4278476,9.628
1759998212.4278476,9.601
1759998212.4278476,16.594
1759998212.47763,5.773
1759998212.47763,9.627
1759998212.47763,9.6
1759998212.47763,16.594
1759998212.5280879,5.774
1759998212.5280879,9.627
1759998212.5280879,9.6
1759998212.5280879,16.594
1759998212.5779672,5.773
1759998212.5779672,9.626
1759998212.5779672,9.6
1759998212.5779672,16.595
1759998212.627807,5.774
1759998212.627807,9.627
1759998212.627807,9.6
1759998212.627807,16.595
1759998212.6778789,5.774
1759998212.6778789,9.625
1759998212.6778789,9.599
1759998212.6778789,16.595
1759998212.7279804,5.773
1759998212.7279804,9.628
1759998212.7279804,9.601
1759998212.7279804,16.594
1759998212.777704,5.774
1759998212.777704,9.628
1759998212.777704,9.601
1759998212.777704,16.595
1759998212.8276715,5.774
1759998212.8276715,9.628
1759998212.8276715,9.601
1759998212.8276715,16.592
1759998212.8774323,5.774
1759998212.8774323,9.627
1759998212.8774323,9.6
1759998212.8774323,16.595
1759998212.927437,5.775
1759998212.927437,9.627
1759998212.927437,9.6
1759998212.927437,16.595
1759998212.9778745,5.774
1759998212.9778745,9.626
1759998212.9778745,9.599
1759998212.9778745,16.594
1759998213.027497,5.775
1759998213.027497,9.626
1759998213.027497,9.598
1759998213.027497,16.594
1759998213.0780444,5.774
1759998213.0780444,9.626
1759998213.0780444,9.599
1759998213.0780444,16.594
1759998213.1282432,5.775
1759998213.1282432,9.627
1759998213.1282432,9.599
1759998213.1282432,16.594
1759998213.1784184,5.774
1759998213.1784184,9.626
1759998213.1784184,9.599
1759998213.1784184,16.594
1759998213.2282953,5.775
1759998213.2282953,9.626
1759998213.2282953,9.598
1759998213.2282953,16.594
1759998213.2782214,5.775
1759998213.2782214,9.627
1759998213.2782214,9.599
1759998213.2782214,16.593
1759998213.3278549,5.774
1759998213.3278549,9.625
1759998213.3278549,9.597
1759998213.3278549,16.593
1759998213.3278549,18.674
1759998213.3783126,5.774
1759998213.3783126,9.627
1759998213.3783126,9.599
1759998213.3783126,16.593
1759998213.4283595,5.775
1759998213.4283595,9.625
1759998213.4283595,9.598
1759998213.4283595,16.594
1759998213.477965,5.774
1759998213.477965,9.625
1759998213.477965,9.597
1759998213.477965,16.592
1759998213.5281756,5.774
1759998213.5281756,9.625
1759998213.5281756,9.598
1759998213.5281756,16.593
1759998213.5782073,5.774
1759998213.5782073,9.626
1759998213.5782073,9.599
1759998213.5782073,16.595
1759998213.6282036,5.774
1759998213.6282036,9.626
1759998213.6282036,9.598
1759998213.6282036,16.596
1759998213.678397,5.774
1759998213.678397,9.627
1759998213.678397,9.6
1759998213.678397,16.594
1759998213.7282612,5.773
1759998213.7282612,9.627
1759998213.7282612,9.599
1759998213.7282612,16.594
1759998213.7779539,5.774
1759998213.7779539,9.626
1759998213.7779539,9.598
1759998213.7779539,16.593
1759998213.8279698,5.773
1759998213.8279698,9.626
1759998213.8279698,9.598
1759998213.8279698,16.595
1759998213.8279698,19.064
1759998213.8783228,5.773
1759998213.8783228,9.627
1759998213.8783228,9.6
1759998213.8783228,16.594
1759998213.9281802,5.773
1759998213.9281802,9.626
1759998213.9281802,9.599
1759998213.9281802,16.595
1759998213.9782393,5.773
1759998213.9782393,9.627
1759998213.9782393,9.599
1759998213.9782393,16.594
1759998214.0284674,5.773
1759998214.0284674,9.626
1759998214.0284674,9.599
1759998214.0284674,16.594
1759998214.0784562,5.773
1759998214.0784562,9.627
1759998214.0784562,9.599
1759998214.0784562,16.593
1759998214.1284409,5.773
1759998214.1284409,9.626
1759998214.1284409,9.599
1759998214.1284409,16.594
1759998214.1785607,5.774
1759998214.1785607,9.626
1759998214.1785607,9.599
1759998214.1785607,16.594
1759998214.2285545,5.774
1759998214.2285545,9.626
1759998214.2285545,9.599
1759998214.2285545,16.594
1759998214.2285545,19.61
1759998214.2285545,19.627
1759998214.2285545,19.441
1759998214.2285545,19.422
1759998214.2777228,5.774
1759998214.2777228,9.627
1759998214.2777228,9.599
1759998214.2777228,16.595
1759998214.329213,5.774
1759998214.329213,9.627
1759998214.329213,9.599
1759998214.329213,16.595
1759998214.3793843,5.774
1759998214.3793843,9.626
1759998214.3793843,9.599
1759998214.3793843,16.594
1759998214.4293976,5.775
1759998214.4293976,9.626
1759998214.4293976,9.598
1759998214.4293976,16.593
1759998214.4792032,5.774
1759998214.4792032,9.627
1759998214.4792032,9.599
1759998214.4792032,16.595
1759998214.5295374,5.775
1759998214.5295374,9.626
1759998214.5295374,9.599
1759998214.5295374,16.593
1759998214.5790873,5.775
1759998214.5790873,9.626
1759998214.5790873,9.598
1759998214.5790873,16.593
1759998214.6287131,5.774
1759998214.6287131,9.626
1759998214.6287131,9.598
1759998214.6287131,16.594
1759998214.6785023,5.774
1759998214.6785023,9.625
1759998214.6785023,9.598
1759998214.6785023,16.594
1759998214.7282665,5.774
1759998214.7282665,9.626
1759998214.7282665,9.598
1759998214.7282665,16.593
1759998214.778221,5.774
1759998214.778221,9.625
1759998214.778221,9.598
1759998214.778221,16.594
1759998214.8277028,5.775
1759998214.8277028,9.626
1759998214.8277028,9.598
1759998214.8277028,16.594
1759998214.878268,5.774
1759998214.878268,9.624
1759998214.878268,9.597
1759998214.878268,16.595
1759998214.9282641,5.774
1759998214.9282641,9.626
1759998214.9282641,9.599
1759998214.9282641,16.594
1759998214.9782352,5.774
1759998214.9782352,9.626
1759998214.9782352,9.599
1759998214.9782352,16.595
1759998215.0279338,5.774
1759998215.0279338,9.627
1759998215.0279338,9.599
1759998215.0279338,16.594
1759998215.0783021,5.774
1759998215.0783021,9.628
1759998215.0783021,9.6
1759998215.0783021,16.594
1759998215.1284049,5.774
1759998215.1284049,9.626
1759998215.1284049,9.599
1759998215.1284049,16.592
1759998215.1784792,5.774
1759998215.1784792,9.626
1759998215.1784792,9.598
1759998215.1784792,16.594
1759998215.2285137,5.773
1759998215.2285137,9.626
1759998215.2285137,9.598
1759998215.2285137,16.594
1759998215.2784116,5.774
1759998215.2784116,9.626
1759998215.2784116,9.599
1759998215.2784116,16.594
1759998215.3283942,5.773
1759998215.3283942,9.626
1759998215.3283942,9.598
1759998215.3283942,16.595
1759998215.3783407,5.773
1759998215.3783407,9.626
1759998215.3783407,9.599
1759998215.3783407,16.594
1759998215.428083,5.773
1759998215.428083,9.626
1759998215.428083,9.599
1759998215.428083,16.594
1759998215.4785285,5.773
1759998215.4785285,9.626
1759998215.4785285,9.599
1759998215.4785285,16.595
1759998215.5280735,5.774
1759998215.5280735,9.626
1759998215.5280735,9.598
1759998215.5280735,16.593
1759998215.577982,5.774
1759998215.577982,9.625
1759998215.577982,9.598
1759998215.577982,16.593
1759998215.6279874,5.774
1759998215.6279874,9.627
1759998215.6279874,9.599
1759998215.6279874,16.595
1759998215.6783578,5.774
1759998215.6783578,9.627
1759998215.6783578,9.599
1759998215.6783578,16.593
1759998215.7280028,5.774
1759998215.7280028,9.626
1759998215.7280028,9.598
1759998215.7280028,16.594
1759998215.777966,5.774
1759998215.777966,9.626
1759998215.777966,9.598
1759998215.777966,16.595
1759998215.8285291,5.774
1759998215.8285291,9.627
1759998215.8285291,9.599
1759998215.8285291,16.594
1759998215.8786843,5.774
1759998215.8786843,9.626
1759998215.8786843,9.599
1759998215.8786843,16.594
1759998215.9279754,5.774
1759998215.9279754,9.626
1759998215.9279754,9.598
1759998215.9279754,16.594
1759998215.978478,5.774
1759998215.978478,9.626
1759998215.978478,9.599
1759998215.978478,16.594
1759998216.028836,5.774
1759998216.028836,9.626
1759998216.028836,9.598
1759998216.028836,16.595
1759998216.0784934,5.774
1759998216.0784934,9.627
1759998216.0784934,9.6
1759998216.0784934,16.595
1759998216.1283152,5.774
1759998216.1283152,9.627
1759998216.1283152,9.599
1759998216.1283152,16.593
1759998216.1788719,5.774
1759998216.1788719,9.626
1759998216.1788719,9.598
1759998216.1788719,16.594
1759998216.2283006,5.774
1759998216.2283006,9.626
1759998216.2283006,9.598
1759998216.2283006,16.593
1759998216.2783046,5.774
1759998216.2783046,9.626
1759998216.2783046,9.598
1759998216.2783046,16.594
1759998216.3284202,5.774
1759998216.3284202,9.626
1759998216.3284202,9.598
1759998216.3284202,16.593
1759998216.3783479,5.774
1759998216.3783479,9.627
1759998216.3783479,9.599
1759998216.3783479,16.593
1759998216.4285517,5.774
1759998216.4285517,9.627
1759998216.4285517,9.599
1759998216.4285517,16.595
1759998216.4790373,5.774
1759998216.4790373,9.626
1759998216.4790373,9.598
1759998216.4790373,16.594
1759998216.5279827,5.774
1759998216.5279827,9.627
1759998216.5279827,9.6
1759998216.5279827,16.594
1759998216.5783186,5.773
1759998216.5783186,9.626
1759998216.5783186,9.599
1759998216.5783186,16.594
1759998216.628319,5.773
1759998216.628319,9.626
1759998216.628319,9.599
1759998216.628319,16.594
1759998216.6784601,5.773
1759998216.6784601,9.627
1759998216.6784601,9.6
1759998216.6784601,16.593
1759998216.7281113,5.773
1759998216.7281113,9.627
1759998216.7281113,9.599
1759998216.7281113,16.594
1759998216.778423,5.773
1759998216.778423,9.626
1759998216.778423,9.599
1759998216.778423,16.594
1759998216.828463,5.773
1759998216.828463,9.627
1759998216.828463,9.598
1759998216.828463,16.594
1759998216.8784401,5.773
1759998216.8784401,9.627
1759998216.8784401,9.6
1759998216.8784401,16.592
1759998216.9283426,5.774
1759998216.9283426,9.626
1759998216.9283426,9.599
1759998216.9283426,16.592
1759998216.9784606,5.773
1759998216.9784606,9.628
1759998216.9784606,9.6
1759998216.9784606,16.596
1759998216.9784606,22.438
1759998216.9784606,22.4
1759998217.0283537,5.773
1759998217.0283537,9.627
1759998217.0283537,9.599
1759998217.0283537,16.596
1759998217.0793297,5.774
1759998217.0793297,9.627
1759998217.0793297,9.6
1759998217.0793297,16.594
1759998217.128428,5.774
1759998217.128428,9.627
1759998217.128428,9.599
1759998217.128428,16.594
1759998217.178821,5.774
1759998217.178821,9.627
1759998217.178821,9.599
1759998217.178821,16.594
1759998217.2286513,5.773
1759998217.2286513,9.626
1759998217.2286513,9.599
1759998217.2286513,16.594
1759998217.2784853,5.774
1759998217.2784853,9.627
1759998217.2784853,9.599
1759998217.2784853,16.592
1759998217.3283176,5.774
1759998217.3283176,9.626
1759998217.3283176,9.598
1759998217.3283176,16.593
1759998217.378017,5.773
1759998217.378017,9.625
1759998217.378017,9.598
1759998217.378017,16.594
1759998217.4283266,5.774
1759998217.4283266,9.626
1759998217.4283266,9.599
1759998217.4283266,16.593
1759998217.478128,5.774
1759998217.478128,9.627
1759998217.478128,9.599
1759998217.478128,16.593
1759998217.5284464,5.774
1759998217.5284464,9.626
1759998217.5284464,9.599
1759998217.5284464,16.593
1759998217.578539,5.774
1759998217.578539,9.627
1759998217.578539,9.599
1759998217.578539,16.595
1759998217.6284149,5.774
1759998217.6284149,9.627
1759998217.6284149,9.6
1759998217.6284149,16.593
1759998217.6783845,5.774
1759998217.6783845,9.626
1759998217.6783845,9.599
1759998217.6783845,16.594
1759998217.7283823,5.774
1759998217.7283823,9.625
1759998217.7283823,9.598
1759998217.7283823,16.594
1759998217.7783864,5.774
1759998217.7783864,9.627
1759998217.7783864,9.599
1759998217.7783864,16.595
1759998217.8284328,5.774
1759998217.8284328,9.626
1759998217.8284328,9.598
1759998217.8284328,16.594
1759998217.8284328,22.379
1759998217.8783393,5.774
1759998217.8783393,9.628
1759998217.8783393,9.601
1759998217.8783393,16.594
1759998217.9283738,5.774
1759998217.9283738,9.627
1759998217.9283738,9.6
1759998217.9283738,16.594
1759998217.9784837,5.773
1759998217.9784837,9.628
1759998217.9784837,9.601
1759998217.9784837,16.595
1759998218.0283291,5.774
1759998218.0283291,9.627
1759998218.0283291,9.6
1759998218.0283291,16.594
1759998218.0781124,5.774
1759998218.0781124,9.627
1759998218.0781124,9.6
1759998218.0781124,16.594
1759998218.1281707,5.774
1759998218.1281707,9.627
1759998218.1281707,9.6
1759998218.1281707,16.594
1759998218.1788368,5.774
1759998218.1788368,9.628
1759998218.1788368,9.6
1759998218.1788368,16.595
1759998218.2285407,5.774
1759998218.2285407,9.627
1759998218.2285407,9.599
1759998218.2285407,16.594
1759998218.2285407,22.321
1759998218.2784534,5.774
1759998218.2784534,9.627
1759998218.2784534,9.6
1759998218.2784534,16.593
1759998218.3284235,5.774
1759998218.3284235,9.627
1759998218.3284235,9.599
1759998218.3284235,16.594
1759998218.3783984,5.774
1759998218.3783984,9.627
1759998218.3783984,9.599
1759998218.3783984,16.593
1759998218.4283233,5.774
1759998218.4283233,9.627
1759998218.4283233,9.599
1759998218.4283233,16.594
1759998218.478291,5.774
1759998218.478291,9.626
1759998218.478291,9.598
1759998218.478291,16.595
1759998218.528256,5.774
1759998218.528256,9.627
1759998218.528256,9.599
1759998218.528256,16.593
1759998218.5784142,5.774
1759998218.5784142,9.626
1759998218.5784142,9.599
1759998218.5784142,16.593
1759998218.6283436,5.774
1759998218.6283436,9.626
1759998218.6283436,9.599
1759998218.6283436,16.593
1759998218.6784182,5.774
1759998218.6784182,9.627
1759998218.6784182,9.599
1759998218.6784182,16.594
1759998218.7283714,5.774
1759998218.7283714,9.626
1759998218.7283714,9.598
1759998218.7283714,16.594
1759998218.7781253,5.773
1759998218.7781253,9.626
1759998218.7781253,9.598
1759998218.7781253,16.595
1759998218.8283029,5.773
1759998218.8283029,9.625
1759998218.8283029,9.597
1759998218.8283029,16.594
1759998218.8785493,5.773
1759998218.8785493,9.625
1759998218.8785493,9.597
1759998218.8785493,16.593
1759998218.9283898,5.773
1759998218.9283898,9.626
1759998218.9283898,9.598
1759998218.9283898,16.595
1759998218.9791007,5.774
1759998218.9791007,9.625
1759998218.9791007,9.598
1759998218.9791007,16.594
1759998219.0283186,5.774
1759998219.0283186,9.625
1759998219.0283186,9.598
1759998219.0283186,16.594
1759998219.078093,5.773
1759998219.078093,9.627
1759998219.078093,9.599
1759998219.078093,16.593
1759998219.128411,5.774
1759998219.128411,9.626
1759998219.128411,9.599
1759998219.128411,16.595
1759998219.1785989,5.773
1759998219.1785989,9.627
1759998219.1785989,9.599
1759998219.1785989,16.594
1759998219.2286313,5.773
1759998219.2286313,9.627
1759998219.2286313,9.6
1759998219.2286313,16.594
1759998219.2779841,5.773
1759998219.2779841,9.626
1759998219.2779841,9.599
1759998219.2779841,16.594
1759998219.328464,5.773
1759998219.328464,9.626
1759998219.328464,9.598
1759998219.328464,16.592
1759998219.378433,5.773
1759998219.378433,9.628
1759998219.378433,9.601
1759998219.378433,16.594
1759998219.428142,5.773
1759998219.428142,9.627
1759998219.428142,9.599
1759998219.428142,16.594
1759998219.428142,21.004
1759998219.428142,21.056
1759998219.4780898,5.773
1759998219.4780898,9.627
1759998219.4780898,9.6
1759998219.4780898,16.595
1759998219.5284235,5.773
1759998219.5284235,9.629
1759998219.5284235,9.602
1759998219.5284235,16.593
1759998219.5784636,5.773
1759998219.5784636,9.628
1759998219.5784636,9.601
1759998219.5784636,16.595
1759998219.5784636,20.763
1759998219.6279168,5.773
1759998219.6279168,9.628
1759998219.6279168,9.6
1759998219.6279168,16.594
1759998219.6784325,5.773
1759998219.6784325,9.627
1759998219.6784325,9.6
1759998219.6784325,16.594
1759998219.7280931,5.773
1759998219.7280931,9.626
1759998219.7280931,9.599
1759998219.7280931,16.594
1759998219.777897,5.773
1759998219.777897,9.627
1759998219.777897,9.599
1759998219.777897,16.594
1759998219.828659,5.774
1759998219.828659,9.626
1759998219.828659,9.598
1759998219.828659,16.593
1759998219.8788006,5.774
1759998219.8788006,9.626
1759998219.8788006,9.598
1759998219.8788006,16.594
1759998219.9285264,5.774
1759998219.9285264,9.626
1759998219.9285264,9.598
1759998219.9285264,16.594
1759998219.9783607,5.774
1759998219.9783607,9.626
1759998219.9783607,9.599
1759998219.9783607,16.595
1759998219.9783607,20.339
1759998220.0284553,5.774
1759998220.0284553,9.627
1759998220.0284553,9.6
1759998220.0284553,16.593
1759998220.0783381,5.774
1759998220.0783381,9.626
1759998220.0783381,9.6
1759998220.0783381,16.593
1759998220.1286583,5.774
1759998220.1286583,9.626
1759998220.1286583,9.599
1759998220.1286583,16.594
1759998220.178657,5.773
1759998220.178657,9.626
1759998220.178657,9.599
1759998220.178657,16.593
1759998220.2283392,5.774
1759998220.2283392,9.626
1759998220.2283392,9.599
1759998220.2283392,16.594
1759998220.278639,5.774
1759998220.278639,9.627
1759998220.278639,9.6
1759998220.278639,16.593
1759998220.3286076,5.774
1759998220.3286076,9.627
1759998220.3286076,9.599
1759998220.3286076,16.593
1759998220.3780522,5.774
1759998220.3780522,9.626
1759998220.3780522,9.599
1759998220.3780522,16.593
1759998220.4290917,5.774
1759998220.4290917,9.627
1759998220.4290917,9.6
1759998220.4290917,16.594
1759998220.4787002,5.774
1759998220.4787002,9.627
1759998220.4787002,9.6
1759998220.4787002,16.595
1759998220.5285218,5.774
1759998220.5285218,9.627
1759998220.5285218,9.599
1759998220.5285218,16.594
1759998220.578346,5.773
1759998220.578346,9.626
1759998220.578346,9.598
1759998220.578346,16.594
1759998220.6281083,5.773
1759998220.6281083,9.627
1759998220.6281083,9.599
1759998220.6281083,16.594
1759998220.6779137,5.774
1759998220.6779137,9.627
1759998220.6779137,9.6
1759998220.6779137,16.594
1759998220.7280223,5.773
1759998220.7280223,9.626
1759998220.7280223,9.599
1759998220.7280223,16.592
1759998220.7280223,19.394
1759998220.7777267,5.773
1759998220.7777267,9.628
1759998220.7777267,9.601
1759998220.7777267,16.594
1759998220.8283427,5.773
1759998220.8283427,9.627
1759998220.8283427,9.599
1759998220.8283427,16.594
1759998220.8785355,5.774
1759998220.8785355,9.627
1759998220.8785355,9.599
1759998220.8785355,16.594
1759998220.8785355,19.551
1759998220.9281619,5.773
1759998220.9281619,9.627
1759998220.9281619,9.599
1759998220.9281619,16.593
1759998220.9778328,5.773
1759998220.9778328,9.628
1759998220.9778328,9.601
1759998220.9778328,16.594
1759998221.0282192,5.773
1759998221.0282192,9.627
1759998221.0282192,9.6
1759998221.0282192,16.592
1759998221.0790884,5.773
1759998221.0790884,9.627
1759998221.0790884,9.599
1759998221.0790884,16.593
1759998221.128205,5.773
1759998221.128205,9.625
1759998221.128205,9.598
1759998221.128205,16.595
1759998221.128205,18.997
1759998221.128205,19.047
1759998221.1785402,5.773
1759998221.1785402,9.626
1759998221.1785402,9.599
1759998221.1785402,16.593
1759998221.2281153,5.773
1759998221.2281153,9.627
1759998221.2281153,9.599
1759998221.2281153,16.593
1759998221.2781117,5.773
1759998221.2781117,9.626
1759998221.2781117,9.599
1759998221.2781117,16.594
1759998221.2781117,18.928
1759998221.3279707,5.773
1759998221.3279707,9.627
1759998221.3279707,9.599
1759998221.3279707,16.593
1759998221.3776107,5.773
1759998221.3776107,9.627
1759998221.3776107,9.599
1759998221.3776107,16.594
1759998221.4281332,5.773
1759998221.4281332,9.627
1759998221.4281332,9.599
1759998221.4281332,16.593
1759998221.4281332,18.641
1759998221.4281332,18.682
1759998221.4776096,5.773
1759998221.4776096,9.626
1759998221.4776096,9.598
1759998221.4776096,16.593
1759998221.5275114,5.774
1759998221.5275114,9.626
1759998221.5275114,9.598
1759998221.5275114,16.593
1759998221.5776548,5.773
1759998221.5776548,9.627
1759998221.5776548,9.6
1759998221.5776548,16.594
1759998221.5776548,18.33
1759998221.627799,5.774
1759998221.627799,9.626
1759998221.627799,9.598
1759998221.627799,16.593
1759998221.6781325,5.773
1759998221.6781325,9.627
1759998221.6781325,9.599
1759998221.6781325,16.594
1759998221.7294292,5.773
1759998221.7294292,9.627
1759998221.7294292,9.599
1759998221.7294292,16.594
1759998221.7786734,5.773
1759998221.7786734,9.626
1759998221.7786734,9.598
1759998221.7786734,16.593
1759998221.8285496,5.773
1759998221.8285496,9.626
1759998221.8285496,9.598
1759998221.8285496,16.594
1759998221.8790774,5.773
1759998221.8790774,9.627
1759998221.8790774,9.599
1759998221.8790774,16.594
1759998221.9284673,5.772
1759998221.9284673,9.627
1759998221.9284673,9.599
1759998221.9284673,16.594
1759998221.97841,5.773
1759998221.97841,9.627
1759998221.97841,9.599
1759998221.97841,16.593
1759998222.0283816,5.773
1759998222.0283816,9.627
1759998222.0283816,9.6
1759998222.0283816,16.595
1759998222.0787866,5.772
1759998222.0787866,9.627
1759998222.0787866,9.6
1759998222.0787866,16.596
1759998222.128362,5.772
1759998222.128362,9.627
1759998222.128362,9.6
1759998222.128362,16.593
1759998222.1791563,5.772
1759998222.1791563,9.628
1759998222.1791563,9.6
1759998222.1791563,16.593
1759998222.1791563,17.689
1759998222.2284117,5.773
1759998222.2284117,9.627
1759998222.2284117,9.599
1759998222.2284117,16.594
1759998222.2284117,17.648
1759998222.2781122,5.772
1759998222.2781122,9.627
1759998222.2781122,9.6
1759998222.2781122,16.595
1759998222.328326,5.773
1759998222.328326,9.627
1759998222.328326,9.6
1759998222.328326,16.596
1759998222.3785906,5.772
1759998222.3785906,9.626
1759998222.3785906,9.599
1759998222.3785906,16.594
1759998222.4279294,5.772
1759998222.4279294,9.626
1759998222.4279294,9.599
1759998222.4279294,16.594
1759998222.4783516,5.772
1759998222.4783516,9.627
1759998222.4783516,9.599
1759998222.4783516,16.593
1759998222.4783516,17.557
1759998222.5283375,5.772
1759998222.5283375,9.627
1759998222.5283375,9.599
1759998222.5283375,16.593
1759998222.5782058,5.772
1759998222.5782058,9.627
1759998222.5782058,9.6
1759998222.5782058,16.594
1759998222.6278806,5.773
1759998222.6278806,9.626
1759998222.6278806,9.598
1759998222.6278806,16.595
1759998222.6776993,5.772
1759998222.6776993,9.626
1759998222.6776993,9.598
1759998222.6776993,16.592
1759998222.7277944,5.773
1759998222.7277944,9.627
1759998222.7277944,9.599
1759998222.7277944,16.594
1759998222.7776709,5.773
1759998222.7776709,9.626
1759998222.7776709,9.598
1759998222.7776709,16.593
1759998222.8293653,5.773
1759998222.8293653,9.626
1759998222.8293653,9.598
1759998222.8293653,16.594
1759998222.8788407,5.773
1759998222.8788407,9.627
1759998222.8788407,9.599
1759998222.8788407,16.594
1759998222.9285173,5.773
1759998222.9285173,9.627
1759998222.9285173,9.599
1759998222.9285173,16.594
1759998222.9783995,5.773
1759998222.9783995,9.627
1759998222.9783995,9.599
1759998222.9783995,16.595
1759998222.9783995,16.787
1759998223.027962,5.773
1759998223.027962,9.627
1759998223.027962,9.599
1759998223.027962,16.594
1759998223.0776455,5.774
1759998223.0776455,9.627
1759998223.0776455,9.6
1759998223.0776455,16.592
1759998223.128362,5.773
1759998223.128362,9.626
1759998223.128362,9.598
1759998223.128362,16.594
1759998223.178493,5.774
1759998223.178493,9.627
1759998223.178493,9.599
1759998223.178493,16.594
1759998223.2283454,5.773
1759998223.2283454,9.626
1759998223.2283454,9.599
1759998223.2283454,16.593
1759998223.2783513,5.774
1759998223.2783513,9.626
1759998223.2783513,9.598
1759998223.2783513,16.592
1759998223.3284159,5.773
1759998223.3284159,9.626
1759998223.3284159,9.598
1759998223.3284159,16.593
1759998223.377965,5.773
1759998223.377965,9.626
1759998223.377965,9.599
1759998223.377965,16.596
1759998223.4281054,5.772
1759998223.4281054,9.628
1759998223.4281054,9.6
1759998223.4281054,16.595
1759998223.478075,5.772
1759998223.478075,9.627
1759998223.478075,9.6
1759998223.478075,16.595
1759998223.5278835,5.772
1759998223.5278835,9.627
1759998223.5278835,9.6
1759998223.5278835,16.594
1759998223.5278835,15.917
1759998223.5778084,5.772
1759998223.5778084,9.626
1759998223.5778084,9.599
1759998223.5778084,16.595
1759998223.6275582,5.772
1759998223.6275582,9.626
1759998223.6275582,9.599
1759998223.6275582,16.595
1759998223.6778512,5.772
1759998223.6778512,9.628
1759998223.6778512,9.6
1759998223.6778512,16.594
1759998223.7274451,5.772
1759998223.7274451,9.627
1759998223.7274451,9.6
1759998223.7274451,16.593
1759998223.7781086,5.772
1759998223.7781086,9.627
1759998223.7781086,9.599
1759998223.7781086,16.595
1759998223.8280041,5.772
1759998223.8280041,9.624
1759998223.8280041,9.597
1759998223.8280041,16.593
1759998223.8779593,5.773
1759998223.8779593,9.626
1759998223.8779593,9.598
1759998223.8779593,16.595
1759998223.9280555,5.772
1759998223.9280555,9.626
1759998223.9280555,9.599
1759998223.9280555,16.593
1759998223.9778297,5.772
1759998223.9778297,9.626
1759998223.9778297,9.599
1759998223.9778297,16.594
1759998223.9778297,15.392
1759998224.0275881,5.772
1759998224.0275881,9.627
1759998224.0275881,9.599
1759998224.0275881,16.593
1759998224.0776496,5.772
1759998224.0776496,9.627
1759998224.0776496,9.6
1759998224.0776496,16.594
1759998224.1294775,5.772
1759998224.1294775,9.626
1759998224.1294775,9.599
1759998224.1294775,16.593
1759998224.1796093,5.772
1759998224.1796093,9.627
1759998224.1796093,9.6
1759998224.1796093,16.593
1759998224.2291782,5.772
1759998224.2291782,9.625
1759998224.2291782,9.598
1759998224.2291782,16.592
1759998224.2784965,5.772
1759998224.2784965,9.626
1759998224.2784965,9.599
1759998224.2784965,16.593
1759998224.3283153,5.772
1759998224.3283153,9.627
1759998224.3283153,9.599
1759998224.3283153,16.595
1759998224.378137,5.772
1759998224.378137,9.627
1759998224.378137,9.6
1759998224.378137,16.594
1759998224.378137,14.84
1759998224.4285898,5.771
1759998224.4285898,9.626
1759998224.4285898,9.599
1759998224.4285898,16.594
1759998224.4780908,5.772
1759998224.4780908,9.626
1759998224.4780908,9.599
1759998224.4780908,16.593
1759998224.5284355,5.771
1759998224.5284355,9.626
1759998224.5284355,9.599
1759998224.5284355,16.593
1759998224.5284355,14.647
1759998224.5284355,14.814
1759998224.578316,5.772
1759998224.578316,9.627
1759998224.578316,9.6
1759998224.578316,16.596
1759998224.6283107,5.771
1759998224.6283107,9.628
1759998224.6283107,9.601
1759998224.6283107,16.593
1759998224.678382,5.771
1759998224.678382,9.627
1759998224.678382,9.6
1759998224.678382,16.594
1759998224.72848,5.771
1759998224.72848,9.626
1759998224.72848,9.599
1759998224.72848,16.595
1759998224.7779982,5.771
1759998224.7779982,9.627
1759998224.7779982,9.6
1759998224.7779982,16.594
1759998224.828029,5.771
1759998224.828029,9.626
1759998224.828029,9.599
1759998224.828029,16.594
1759998224.8783522,5.771
1759998224.8783522,9.627
1759998224.8783522,9.6
1759998224.8783522,16.593
1759998224.8783522,25.135
1759998224.9279048,5.771
1759998224.9279048,9.627
1759998224.9279048,9.599
1759998224.9279048,16.594
1759998224.9779558,5.771
1759998224.9779558,9.626
1759998224.9779558,9.6
1759998224.9779558,16.595
1759998224.9779558,14.162
1759998225.0275857,5.771
1759998225.0275857,9.627
1759998225.0275857,9.6
1759998225.0275857,16.594
1759998225.0275857,14.049
1759998225.0785592,5.772
1759998225.0785592,9.626
1759998225.0785592,9.599
1759998225.0785592,16.594
1759998225.1287868,5.771
1759998225.1287868,9.627
1759998225.1287868,9.6
1759998225.1287868,16.594
1759998225.1787536,5.771
1759998225.1787536,9.627
1759998225.1787536,9.6
1759998225.1787536,16.592
1759998225.1787536,13.972
1759998225.228544,5.772
1759998225.228544,9.626
1759998225.228544,9.599
1759998225.228544,16.594
1759998225.2787054,5.772
1759998225.2787054,9.626
1759998225.2787054,9.598
1759998225.2787054,16.593
1759998225.3279645,5.772
1759998225.3279645,9.626
1759998225.3279645,9.599
1759998225.3279645,16.593
1759998225.3785448,5.772
1759998225.3785448,9.625
1759998225.3785448,9.598
1759998225.3785448,16.593
1759998225.4284375,5.773
1759998225.4284375,9.626
1759998225.4284375,9.599
1759998225.4284375,16.594
1759998225.4284375,13.573
1759998225.4786904,5.773
1759998225.4786904,9.627
1759998225.4786904,9.599
1759998225.4786904,16.593
1759998225.5285308,5.773
1759998225.5285308,9.625
1759998225.5285308,9.598
1759998225.5285308,16.592
1759998225.578493,5.773
1759998225.578493,9.625
1759998225.578493,9.598
1759998225.578493,16.594
1759998225.578493,13.414
1759998225.628571,5.773
1759998225.628571,9.625
1759998225.628571,9.598
1759998225.628571,16.592
1759998225.628571,13.351
1759998225.628571,13.437
1759998225.6783519,5.773
1759998225.6783519,9.627
1759998225.6783519,9.6
1759998225.6783519,16.595
1759998225.727997,5.776
1759998225.727997,9.626
1759998225.727997,9.599
1759998225.727997,16.595
1759998225.7778473,5.773
1759998225.7778473,9.627
1759998225.7778473,9.6
1759998225.7778473,16.594
1759998225.8280432,5.774
1759998225.8280432,9.625
1759998225.8280432,9.598
1759998225.8280432,16.593
1759998225.878469,5.774
1759998225.878469,9.626
1759998225.878469,9.599
1759998225.878469,16.594
1759998225.928148,5.772
1759998225.928148,9.625
1759998225.928148,9.597
1759998225.928148,16.593
1759998225.9785025,5.773
1759998225.9785025,9.626
1759998225.9785025,9.599
1759998225.9785025,16.594
1759998226.0285,5.772
1759998226.0285,9.626
1759998226.0285,9.598
1759998226.0285,16.595
1759998226.0784457,5.772
1759998226.0784457,9.627
1759998226.0784457,9.6
1759998226.0784457,16.593
1759998226.1281419,5.773
1759998226.1281419,9.625
1759998226.1281419,9.598
1759998226.1281419,16.594
1759998226.1788943,5.773
1759998226.1788943,9.626
1759998226.1788943,9.598
1759998226.1788943,16.594
1759998226.228767,5.772
1759998226.228767,9.626
1759998226.228767,9.599
1759998226.228767,16.592
1759998226.2784555,5.773
1759998226.2784555,9.625
1759998226.2784555,9.598
1759998226.2784555,16.596
1759998226.3284576,5.774
1759998226.3284576,9.624
1759998226.3284576,9.598
1759998226.3284576,16.593
1759998226.378534,5.774
1759998226.378534,9.625
1759998226.378534,9.599
1759998226.378534,16.592
1759998226.378534,12.389
1759998226.4287527,5.774
1759998226.4287527,9.625
1759998226.4287527,9.598
1759998226.4287527,16.592
1759998226.4784706,5.774
1759998226.4784706,9.626
1759998226.4784706,9.599
1759998226.4784706,16.594
1759998226.5286825,5.773
1759998226.5286825,9.624
1759998226.5286825,9.597
1759998226.5286825,16.593
1759998226.5785813,5.772
1759998226.5785813,9.627
1759998226.5785813,9.599
1759998226.5785813,16.593
1759998226.6286142,5.772
1759998226.6286142,9.625
1759998226.6286142,9.597
1759998226.6286142,16.592
1759998226.6286142,12.054
1759998226.678512,5.77
1759998226.678512,9.626
1759998226.678512,9.598
1759998226.678512,16.594
1759998226.7287169,5.772
1759998226.7287169,9.627
1759998226.7287169,9.599
1759998226.7287169,16.593
1759998226.778813,5.773
1759998226.778813,9.628
1759998226.778813,9.6
1759998226.778813,16.592
1759998226.8285034,5.774
1759998226.8285034,9.625
1759998226.8285034,9.598
1759998226.8285034,16.594
1759998226.8785033,5.774
1759998226.8785033,9.625
1759998226.8785033,9.598
1759998226.8785033,16.592
1759998226.9285014,5.774
1759998226.9285014,9.625
1759998226.9285014,9.598
1759998226.9285014,16.592
1759998226.9285014,11.768
1759998226.9784718,5.774
1759998226.9784718,9.626
1759998226.9784718,9.599
1759998226.9784718,16.595
1759998226.9784718,11.806
1759998226.9784718,11.604
1759998227.028525,5.773
1759998227.028525,9.625
1759998227.028525,9.597
1759998227.028525,16.593
1759998227.028525,11.675
1759998227.0780635,5.773
1759998227.0780635,9.626
1759998227.0780635,9.599
1759998227.0780635,16.593
1759998227.1281996,5.774
1759998227.1281996,9.626
1759998227.1281996,9.599
1759998227.1281996,16.593
1759998227.1785543,5.774
1759998227.1785543,9.626
1759998227.1785543,9.598
1759998227.1785543,16.592
1759998227.228268,5.774
1759998227.228268,9.626
1759998227.228268,9.599
1759998227.228268,16.594
1759998227.228268,11.313
1759998227.228268,11.313
1759998227.228268,11.377
1759998227.2782614,5.774
1759998227.2782614,9.626
1759998227.2782614,9.599
1759998227.2782614,16.593
1759998227.2782614,11.254
1759998227.3281527,5.774
1759998227.3281527,9.628
1759998227.3281527,9.6
1759998227.3281527,16.594
1759998227.3281527,11.26
1759998227.3783782,5.774
1759998227.3783782,9.627
1759998227.3783782,9.6
1759998227.3783782,16.595
1759998227.4284556,5.773
1759998227.4284556,9.626
1759998227.4284556,9.598
1759998227.4284556,16.593
1759998227.478461,5.774
1759998227.478461,9.626
1759998227.478461,9.599
1759998227.478461,16.593
1759998227.5283165,5.774
1759998227.5283165,9.626
1759998227.5283165,9.599
1759998227.5283165,16.592
1759998227.5283165,10.927
1759998227.57836,5.774
1759998227.57836,9.625
1759998227.57836,9.598
1759998227.57836,16.593
1759998227.6279192,5.773
1759998227.6279192,9.626
1759998227.6279192,9.599
1759998227.6279192,16.594
1759998227.6279192,10.8
1759998227.6795406,5.774
1759998227.6795406,9.627
1759998227.6795406,9.6
1759998227.6795406,16.593
1759998227.6795406,10.816
1759998227.729253,5.774
1759998227.729253,9.626
1759998227.729253,9.599
1759998227.729253,16.593
1759998227.729253,10.737
1759998227.7789583,5.773
1759998227.7789583,9.627
1759998227.7789583,9.6
1759998227.7789583,16.596
1759998227.8285618,5.774
1759998227.8285618,9.627
1759998227.8285618,9.6
1759998227.8285618,16.594
1759998227.8785665,5.774
1759998227.8785665,9.626
1759998227.8785665,9.599
1759998227.8785665,16.593
1759998227.9286664,5.775
1759998227.9286664,9.625
1759998227.9286664,9.598
1759998227.9286664,16.593
1759998227.978268,5.775
1759998227.978268,9.627
1759998227.978268,9.599
1759998227.978268,16.589
1759998228.028585,5.773
1759998228.028585,9.626
1759998228.028585,9.599
1759998228.028585,16.593
1759998228.028585,10.43
1759998228.0784426,5.772
1759998228.0784426,9.625
1759998228.0784426,9.597
1759998228.0784426,16.595
1759998228.1282938,5.773
1759998228.1282938,9.629
1759998228.1282938,9.602
1759998228.1282938,16.594
1759998228.178852,5.775
1759998228.178852,9.63
1759998228.178852,9.603
1759998228.178852,16.594
1759998228.178852,10.112
1759998228.2286112,5.773
1759998228.2286112,9.627
1759998228.2286112,9.6
1759998228.2286112,16.593
1759998228.2787044,5.775
1759998228.2787044,9.624
1759998228.2787044,9.597
1759998228.2787044,16.592
1759998228.2787044,9.958
1759998228.3285298,5.774
1759998228.3285298,9.625
1759998228.3285298,9.597
1759998228.3285298,16.595
1759998228.3787632,5.773
1759998228.3787632,9.627
1759998228.3787632,9.6
1759998228.3787632,16.591
1759998228.3787632,13.803
1759998228.4285014,5.771
1759998228.4285014,9.628
1759998228.4285014,9.601
1759998228.4285014,16.593
1759998228.4785259,5.772
1759998228.4785259,9.628
1759998228.4785259,9.601
1759998228.4785259,13.877
1759998228.4785259,16.595
1759998228.5284555,5.773
1759998228.5284555,9.627
1759998228.5284555,9.6
1759998228.5284555,16.594
1759998228.5780544,5.772
1759998228.5780544,9.626
1759998228.5780544,9.599
1759998228.5780544,16.594
1759998228.6280084,5.772
1759998228.6280084,9.627
1759998228.6280084,9.599
1759998228.6280084,16.595
1759998228.67822,5.773
1759998228.67822,9.628
1759998228.67822,9.6
1759998228.67822,16.594
1759998228.728554,5.772
1759998228.728554,9.627
1759998228.728554,9.6
1759998228.728554,16.591
1759998228.7785053,5.771
1759998228.7785053,9.625
1759998228.7785053,9.598
1759998228.7785053,13.816
1759998228.7785053,16.585
1759998228.8287013,5.77
1759998228.8287013,9.624
1759998228.8287013,9.598
1759998228.8287013,13.738
1759998228.8287013,16.593
1759998228.8787792,5.77
1759998228.8787792,9.628
1759998228.8787792,9.6
1759998228.8787792,16.593
1759998228.928856,5.77
1759998228.928856,9.626
1759998228.928856,9.599
1759998228.928856,16.595
1759998228.9787345,5.77
1759998228.9787345,9.626
1759998228.9787345,9.599
1759998228.9787345,16.589
1759998229.0289428,5.77
1759998229.0289428,9.625
1759998229.0289428,9.598
1759998229.0289428,16.588
1759998229.0794063,5.769
1759998229.0794063,9.625
1759998229.0794063,9.598
1759998229.0794063,16.591
1759998229.128713,5.769
1759998229.128713,9.625
1759998229.128713,9.598
1759998229.128713,16.597
1759998229.1783662,5.769
1759998229.1783662,9.627
1759998229.1783662,9.6
1759998229.1783662,16.595
1759998229.2286007,5.77
1759998229.2286007,9.626
1759998229.2286007,9.599
1759998229.2286007,16.593
1759998229.2783165,5.769
1759998229.2783165,8.45
1759998229.2783165,9.627
1759998229.2783165,9.6
1759998229.2783165,16.595
1759998229.328751,5.769
1759998229.328751,9.626
1759998229.328751,9.599
1759998229.328751,13.826
1759998229.328751,16.587
1759998229.328751,8.644
1759998229.3787723,5.77
1759998229.3787723,8.433
1759998229.3787723,9.627
1759998229.3787723,9.6
1759998229.3787723,13.81
1759998229.3787723,16.588
1759998229.3787723,8.445
1759998229.3787723,8.56
1759998229.4288943,5.769
1759998229.4288943,9.624
1759998229.4288943,9.597
1759998229.4288943,16.598
1759998229.4288943,8.497
1759998229.4784439,5.769
1759998229.4784439,9.627
1759998229.4784439,9.599
1759998229.4784439,13.803
1759998229.4784439,16.595
1759998229.5288305,5.769
1759998229.5288305,9.628
1759998229.5288305,9.601
1759998229.5288305,16.597
1759998229.5288305,8.445
1759998229.5787709,5.769
1759998229.5787709,9.628
1759998229.5787709,9.6
1759998229.5787709,16.596
1759998229.6288545,5.769
1759998229.6288545,9.626
1759998229.6288545,9.599
1759998229.6288545,16.593
1759998229.6785362,5.769
1759998229.6785362,9.626
1759998229.6785362,9.599
1759998229.6785362,16.579
1759998229.728802,5.768
1759998229.728802,9.625
1759998229.728802,9.599
1759998229.728802,16.588
1759998229.7787309,5.768
1759998229.7787309,9.625
1759998229.7787309,9.599
1759998229.7787309,16.59
1759998229.7787309,21.879
1759998229.828575,5.77
1759998229.828575,9.627
1759998229.828575,9.6
1759998229.828575,16.593
1759998229.8781428,5.769
1759998229.8781428,9.627
1759998229.8781428,9.6
1759998229.8781428,13.798
1759998229.8781428,16.597
1759998229.928287,5.768
1759998229.928287,9.626
1759998229.928287,9.599
1759998229.928287,13.746
1759998229.928287,16.598
1759998229.928287,7.849
1759998229.928287,7.89
1759998229.978128,5.769
1759998229.978128,9.627
1759998229.978128,9.6
1759998229.978128,16.583
1759998230.0283597,5.769
1759998230.0283597,9.626
1759998230.0283597,9.599
1759998230.0283597,16.581
1759998230.0283597,7.788
1759998230.078538,5.769
1759998230.078538,9.627
1759998230.078538,9.6
1759998230.078538,16.582
1759998230.128773,5.768
1759998230.128773,9.628
1759998230.128773,9.601
1759998230.128773,16.584
1759998230.1786864,5.769
1759998230.1786864,9.626
1759998230.1786864,9.598
1759998230.1786864,16.581
1759998230.1786864,7.627
1759998230.228163,5.769
1759998230.228163,9.626
1759998230.228163,9.599
1759998230.228163,16.571
1759998230.2785199,5.768
1759998230.2785199,9.625
1759998230.2785199,9.598
1759998230.2785199,16.573
1759998230.3283064,5.768
1759998230.3283064,9.627
1759998230.3283064,9.6
1759998230.3283064,16.589
1759998230.3780975,5.768
1759998230.3780975,9.626
1759998230.3780975,9.599
1759998230.3780975,16.595
1759998230.4280155,5.768
1759998230.4280155,9.625
1759998230.4280155,9.599
1759998230.4280155,13.826
1759998230.4280155,16.591
1759998230.4280155,7.222
1759998230.4789608,5.769
1759998230.4789608,9.629
1759998230.4789608,9.602
1759998230.4789608,13.74
1759998230.4789608,16.587
1759998230.4789608,7.174
1759998230.5288088,5.769
1759998230.5288088,9.627
1759998230.5288088,9.6
1759998230.5288088,13.809
1759998230.5288088,16.589
1759998230.5288088,7.157
1759998230.5785844,5.769
1759998230.5785844,9.626
1759998230.5785844,9.598
1759998230.5785844,16.59
1759998230.6285665,5.768
1759998230.6285665,9.628
1759998230.6285665,9.601
1759998230.6285665,16.588
1759998230.678088,5.768
1759998230.678088,9.627
1759998230.678088,9.6
1759998230.678088,16.591
1759998230.7284195,5.768
1759998230.7284195,9.627
1759998230.7284195,9.6
1759998230.7284195,13.8
1759998230.7788398,5.768
1759998230.7788398,9.629
1759998230.7788398,9.601
1759998230.7788398,16.569
1759998230.8288379,5.768
1759998230.8288379,9.628
1759998230.8288379,9.6
1759998230.878605,5.769
1759998230.878605,9.627
1759998230.878605,9.599
1759998230.878605,13.821
1759998230.878605,16.582
1759998230.928573,5.768
1759998230.928573,9.627
1759998230.928573,9.599
1759998230.9783778,5.768
1759998230.9783778,9.63
1759998230.9783778,9.603
1759998230.9783778,16.589
1759998230.9783778,6.592
1759998230.9783778,6.507
1759998231.0286796,5.768
1759998231.0286796,9.63
1759998231.0286796,9.602
1759998231.0286796,16.579
1759998231.0782554,5.768
1759998231.0782554,9.629
1759998231.0782554,9.601
1759998231.0782554,16.578
1759998231.1297271,5.767
1759998231.1297271,9.625
1759998231.1297271,9.598
1759998231.1297271,13.812
1759998231.1297271,6.459
1759998231.1790311,5.769
1759998231.1790311,9.627
1759998231.1790311,9.6
1759998231.1790311,16.573
1759998231.2287345,5.77
1759998231.2287345,9.623
1759998231.2287345,9.596
1759998231.2287345,16.594
1759998231.2786734,5.768
1759998231.2786734,9.629
1759998231.2786734,9.602
1759998231.2786734,16.595
1759998231.328554,5.768
1759998231.328554,9.626
1759998231.328554,9.598
1759998231.328554,16.578
1759998231.3779542,5.769
1759998231.3779542,9.628
1759998231.3779542,9.601
1759998231.3779542,16.598
1759998231.4284134,5.769
1759998231.4284134,9.622
1759998231.4284134,9.595
1759998231.4284134,16.601
1759998231.4795635,5.771
1759998231.4795635,9.63
1759998231.4795635,9.603
1759998231.4795635,16.6
1759998231.529421,5.766
1759998231.529421,9.627
1759998231.529421,9.599
1759998231.529421,16.597
1759998231.579087,5.767
1759998231.579087,9.624
1759998231.579087,9.597
1759998231.579087,16.605
1759998231.6287696,5.771
1759998231.6287696,9.622
1759998231.6287696,9.595
1759998231.6287696,16.603
1759998231.6786404,5.782
1759998231.6786404,9.628
1759998231.6786404,9.601
1759998231.6786404,16.602
1759998231.728301,5.773
1759998231.728301,9.632
1759998231.728301,9.605
1759998231.728301,16.603
1759998231.7783518,5.768
1759998231.7783518,9.628
1759998231.7783518,9.602
1759998231.7783518,16.61
1759998231.8280818,5.769
1759998231.8280818,9.629
1759998231.8280818,9.602
1759998231.8280818,16.608
1759998231.8777063,5.769
1759998231.8777063,9.626
1759998231.8777063,9.6
1759998231.8777063,16.607
1759998231.9280264,5.769
1759998231.9280264,8.438
1759998231.9280264,9.625
1759998231.9280264,9.598
1759998231.9280264,16.604
1759998231.9776955,5.769
1759998231.9776955,9.627
1759998231.9776955,9.599
1759998231.9776955,16.606
1759998232.02852,5.767
1759998232.02852,9.62
1759998232.02852,9.594
1759998232.02852,16.61
1759998232.0781598,5.768
1759998232.0781598,8.47
1759998232.0781598,9.627
1759998232.0781598,9.599
1759998232.0781598,16.607
1759998232.128819,5.768
1759998232.128819,8.443
1759998232.128819,9.63
1759998232.128819,9.602
1759998232.128819,16.606
1759998232.1787376,5.766
1759998232.1787376,9.627
1759998232.1787376,9.6
1759998232.1787376,16.601
1759998232.1787376,5.19
1759998232.2288308,5.768
1759998232.2288308,9.625
1759998232.2288308,9.599
1759998232.2288308,16.601
1759998232.2788956,5.771
1759998232.2788956,9.627
1759998232.2788956,9.601
1759998232.2788956,12.561
1759998232.2788956,16.594
1759998232.3285456,5.77
1759998232.3285456,9.63
1759998232.3285456,9.602
1759998232.3285456,16.587
1759998232.378457,5.77
1759998232.378457,8.46
1759998232.378457,9.626
1759998232.378457,9.6
1759998232.428553,5.766
1759998232.428553,9.625
1759998232.428553,9.6
1759998232.428553,11.671
1759998232.428553,12.594
1759998232.428553,16.592
1759998232.4787931,5.771
1759998232.4787931,9.622
1759998232.4787931,9.597
1759998232.4787931,11.698
1759998232.4787931,12.56
1759998232.4787931,16.602
1759998232.5281675,5.773
1759998232.5281675,9.615
1759998232.5281675,9.591
1759998232.5281675,11.749
1759998232.5281675,16.594
1759998232.5781226,5.769
1759998232.5781226,9.626
1759998232.5781226,9.6
1759998232.5781226,11.763
1759998232.5781226,16.586
1759998232.6280756,5.767
1759998232.6280756,9.617
1759998232.6280756,9.591
1759998232.6280756,16.59
1759998232.6787927,5.771
1759998232.6787927,16.591
1759998232.7288072,5.768
1759998232.7288072,9.631
1759998232.7288072,11.812
1759998232.7288072,16.588
1759998232.7787871,5.775
1759998232.7787871,16.589
1759998232.8287082,5.777
1759998232.8287082,9.653
1759998232.8287082,16.59
1759998232.877793,5.764
1759998232.877793,9.641
1759998232.877793,16.584
1759998232.928851,5.76
1759998232.928851,9.639
1759998232.928851,11.753
1759998232.928851,16.59
1759998232.9785454,5.766
1759998232.9785454,16.592
1759998232.9785454,21.908
1759998233.0281723,5.766
1759998233.0281723,9.635
1759998233.0281723,16.588
1759998233.0782096,5.763
1759998233.0782096,11.735
1759998233.0782096,16.596
1759998233.128744,5.77
1759998233.128744,9.646
1759998233.128744,11.714
1759998233.128744,16.589
1759998233.1789858,5.767
1759998233.1789858,11.694
1759998233.1789858,23.666
1759998233.2292702,5.761
1759998233.2292702,11.72
1759998233.2292702,16.584
1759998233.2795663,5.759
1759998233.2795663,16.581
1759998233.3289137,5.752
1759998233.3289137,9.629
1759998233.3289137,9.603
1759998233.3787768,5.755
1759998233.3787768,23.724
1759998233.428322,5.776
1759998233.428322,9.642
1759998233.428322,21.017
1759998233.4779646,5.758
1759998233.5279071,5.773
1759998233.5279071,9.617
1759998233.5279071,21.052
1759998233.5779593,5.769
1759998233.5779593,9.64
1759998233.5779593,9.612
1759998233.5779593,21.993
1759998233.627946,5.773
1759998233.627946,9.631
1759998233.677694,5.77
1759998233.677694,9.633
1759998233.7274027,5.771
1759998233.777624,5.77
1759998233.828902,5.765
1759998233.828902,20.984
1759998233.8783062,5.767
1759998233.8783062,9.612
1759998233.8783062,9.588
1759998233.8783062,20.985
1759998233.8783062,3.248
1759998233.9279153,5.765
1759998233.9279153,9.618
1759998233.9279153,9.59
1759998233.9777944,5.778
1759998233.9777944,9.656
1759998233.9777944,20.964
1759998234.027781,5.758
1759998234.027781,9.65
1759998234.027781,3.167
1759998234.027781,3.158
1759998234.1279323,5.736
1759998234.177597,5.728
1759998234.2771194,2.811
1759998234.627271,8.448
1759998234.7772117,2.265
1759998234.8276157,12.514
1759998234.8276157,21.997
1759998234.8773844,13.8
1759998234.8773844,2.082
1759998234.9273431,8.446
1759998234.9273431,22.763
1759998234.9777231,22.439
1759998235.0292385,1.815
1759998235.0292385,2.128
1759998235.080109,20.963
1759998235.1297767,8.435
1759998235.1297767,1.823
1759998235.1796224,8.427
1759998235.1796224,1.768
1759998235.1796224,1.798
1759998235.2293715,8.42
1759998235.2293715,9.561
1759998235.2293715,9.554
1759998235.2293715,16.601
1759998235.2790754,9.556
1759998235.2790754,9.549
1759998235.2790754,16.601
1759998235.3293138,8.442
1759998235.3293138,9.593
1759998235.3293138,9.574
1759998235.3293138,16.6
1759998235.3784807,16.593
1759998235.3784807,9.589
1759998235.3784807,1.606
1759998235.4284995,16.594
1759998235.4284995,9.643
1759998235.4284995,1.54
1759998235.4787557,5.772
1759998235.4787557,16.592
1759998235.5287423,5.772
1759998235.5287423,9.621
1759998235.5287423,9.589
1759998235.5287423,16.594
1759998235.578492,5.769
1759998235.578492,9.617
1759998235.578492,9.588
1759998235.578492,16.595
1759998235.62872,5.769
1759998235.62872,9.617
1759998235.62872,9.588
1759998235.62872,16.594
1759998235.6786025,5.771
1759998235.6786025,9.618
1759998235.6786025,9.589
1759998235.6786025,16.594
1759998235.7286046,5.77
1759998235.7286046,9.613
1759998235.7286046,9.583
1759998235.7286046,16.594
1759998235.7286046,1.133
1759998235.7286046,1.203
1759998235.7783935,5.772
1759998235.7783935,9.618
1759998235.7783935,9.589
1759998235.7783935,16.594
1759998235.8286185,5.774
1759998235.8286185,9.618
1759998235.8286185,9.588
1759998235.8286185,16.594
1759998235.878668,5.771
1759998235.878668,9.62
1759998235.878668,9.589
1759998235.878668,16.594
1759998235.878668,1.102
1759998235.878668,1.139
1759998235.9285562,5.774
1759998235.9285562,9.621
1759998235.9285562,9.592
1759998235.9285562,16.594
1759998235.9788382,5.774
1759998235.9788382,9.624
1759998235.9788382,9.596
1759998235.9788382,16.594
1759998236.0281546,5.775
1759998236.0281546,9.623
1759998236.0281546,9.595
1759998236.0281546,16.594
1759998236.078315,5.771
1759998236.078315,9.626
1759998236.078315,9.598
1759998236.078315,16.594
1759998236.1286056,5.772
1759998236.1286056,9.628
1759998236.1286056,9.6
1759998236.1286056,16.594
1759998236.1795852,5.773
1759998236.1795852,9.63
1759998236.1795852,9.602
1759998236.1795852,16.593
1759998236.2288418,5.773
1759998236.2288418,9.629
1759998236.2288418,9.601
1759998236.2288418,16.595
1759998236.2784328,5.773
1759998236.2784328,9.628
1759998236.2784328,9.601
1759998236.2784328,16.594
1759998236.3282216,5.771
1759998236.3282216,9.629
1759998236.3282216,9.601
1759998236.3282216,16.596
1759998236.3781202,5.77
1759998236.3781202,9.627
1759998236.3781202,9.6
1759998236.3781202,16.596
1759998236.4278743,5.772
1759998236.4278743,9.626
1759998236.4278743,9.599
1759998236.4278743,16.594
1759998236.4780395,5.774
1759998236.4780395,9.626
1759998236.4780395,9.599
1759998236.4780395,16.595
1759998236.5284224,5.774
1759998236.5284224,9.626
1759998236.5284224,9.599
1759998236.5284224,16.594
1759998236.57813,5.774
1759998236.57813,9.627
1759998236.57813,9.599
1759998236.57813,16.594
1759998236.6283076,5.778
1759998236.6283076,9.626
1759998236.6283076,9.598
1759998236.6283076,16.595
1759998236.6782103,5.775
1759998236.6782103,9.625
1759998236.6782103,9.597
1759998236.6782103,16.596
1759998236.7281528,5.775
1759998236.7281528,9.626
1759998236.7281528,9.598
1759998236.7281528,16.594
1759998236.7783892,5.776
1759998236.7783892,9.63
1759998236.7783892,9.601
1759998236.7783892,16.593
1759998236.8283184,5.776
1759998236.8283184,9.629
1759998236.8283184,9.6
1759998236.8283184,16.593
1759998236.8782368,5.775
1759998236.8782368,9.626
1759998236.8782368,9.598
1759998236.8782368,16.595
1759998236.928147,5.773
1759998236.928147,9.626
1759998236.928147,9.597
1759998236.928147,16.594
1759998236.9782062,5.776
1759998236.9782062,9.626
1759998236.9782062,9.597
1759998236.9782062,16.593
1759998237.0281942,5.776
1759998237.0281942,9.626
1759998237.0281942,9.596
1759998237.0281942,16.594
1759998237.0780265,5.774
1759998237.0780265,9.627
1759998237.0780265,9.597
1759998237.0780265,16.594
1759998237.12822,5.77
1759998237.12822,9.626
1759998237.12822,9.596
1759998237.12822,16.594
1759998237.178507,5.77
1759998237.178507,9.623
1759998237.178507,9.594
1759998237.178507,16.594
1759998237.2281442,5.772
1759998237.2281442,9.624
1759998237.2281442,9.595
1759998237.2281442,16.594
1759998237.2781823,5.772
1759998237.2781823,9.624
1759998237.2781823,9.594
1759998237.2781823,16.594
1759998237.328071,5.772
1759998237.328071,9.626
1759998237.328071,9.596
1759998237.328071,16.593
1759998237.3784108,5.771
1759998237.3784108,9.625
1759998237.3784108,9.595
1759998237.3784108,16.594
1759998237.4279869,5.77
1759998237.4279869,9.625
1759998237.4279869,9.595
1759998237.4279869,16.593
1759998237.4779947,5.771
1759998237.4779947,9.626
1759998237.4779947,9.596
1759998237.4779947,16.593
1759998237.5278738,5.771
1759998237.5278738,9.626
1759998237.5278738,9.597
1759998237.5278738,16.594
1759998237.578651,5.773
1759998237.578651,9.626
1759998237.578651,9.596
1759998237.578651,16.594
1759998237.6296163,5.77
1759998237.6296163,9.627
1759998237.6296163,9.598
1759998237.6296163,16.594
1759998237.6792183,5.772
1759998237.6792183,9.626
1759998237.6792183,9.597
1759998237.6792183,16.594
1759998237.729312,5.771
1759998237.729312,9.625
1759998237.729312,9.598
1759998237.729312,16.595
1759998237.7794375,5.769
1759998237.7794375,9.629
1759998237.7794375,9.6
1759998237.7794375,16.594
1759998237.8291924,5.771
1759998237.8291924,9.626
1759998237.8291924,9.598
1759998237.8291924,16.595
1759998237.879689,5.769
1759998237.879689,9.625
1759998237.879689,9.599
1759998237.879689,16.593
1759998237.9293926,5.769
1759998237.9293926,9.626
1759998237.9293926,9.598
1759998237.9293926,16.595
1759998237.979168,5.768
1759998237.979168,9.625
1759998237.979168,9.599
1759998237.979168,16.594
1759998238.0293388,5.771
1759998238.0293388,9.627
1759998238.0293388,9.599
1759998238.0293388,16.594
1759998238.0789437,5.77
1759998238.0789437,9.625
1759998238.0789437,9.599
1759998238.0789437,16.595
1759998238.12917,5.769
1759998238.12917,9.626
1759998238.12917,9.599
1759998238.12917,16.594
1759998238.1793842,5.769
1759998238.1793842,9.625
1759998238.1793842,9.598
1759998238.1793842,16.593
1759998238.2293396,5.769
1759998238.2293396,9.626
1759998238.2293396,9.597
1759998238.2293396,16.595
1759998238.2799778,5.771
1759998238.2799778,9.627
1759998238.2799778,9.599
1759998238.2799778,16.593
1759998238.329908,5.771
1759998238.329908,9.629
1759998238.329908,9.601
1759998238.329908,16.593
1759998238.379315,5.77
1759998238.379315,9.629
1759998238.379315,9.601
1759998238.379315,16.595
1759998238.4299195,5.77
1759998238.4299195,9.627
1759998238.4299195,9.598
1759998238.4299195,16.593
1759998238.4803596,5.772
1759998238.4803596,9.627
1759998238.4803596,9.599
1759998238.4803596,16.594
1759998238.530719,5.77
1759998238.530719,9.627
1759998238.530719,9.598
1759998238.530719,16.593
1759998238.5800276,5.768
1759998238.5800276,9.624
1759998238.5800276,9.596
1759998238.5800276,16.595
1759998238.6296673,5.768
1759998238.6296673,9.625
1759998238.6296673,9.597
1759998238.6296673,16.594
1759998238.679053,5.77
1759998238.679053,9.625
1759998238.679053,9.596
1759998238.679053,16.595
1759998238.728925,5.769
1759998238.728925,9.624
1759998238.728925,9.595
1759998238.728925,16.593
1759998238.7790422,5.77
1759998238.7790422,9.625
1759998238.7790422,9.597
1759998238.7790422,16.595
1759998238.829192,5.77
1759998238.829192,9.625
1759998238.829192,9.596
1759998238.829192,16.593
1759998238.8793051,5.77
1759998238.8793051,9.625
1759998238.8793051,9.596
1759998238.8793051,16.592
1759998238.929462,5.772
1759998238.929462,9.625
1759998238.929462,9.598
1759998238.929462,16.593
1759998238.9794188,5.773
1759998238.9794188,9.625
1759998238.9794188,9.598
1759998238.9794188,16.594
1759998239.029312,5.772
1759998239.029312,9.626
1759998239.029312,9.598
1759998239.029312,16.592
1759998239.079432,5.773
1759998239.079432,9.627
1759998239.079432,9.6
1759998239.079432,16.593
1759998239.1300309,5.773
1759998239.1300309,9.631
1759998239.1300309,9.603
1759998239.1300309,16.593
1759998239.1798875,5.771
1759998239.1798875,9.629
1759998239.1798875,9.601
1759998239.1798875,16.596
1759998239.2290573,5.77
1759998239.2290573,9.627
1759998239.2290573,9.599
1759998239.2290573,16.593
1759998239.2791097,5.769
1759998239.2791097,9.628
1759998239.2791097,9.6
1759998239.2791097,16.594
1759998239.3292189,5.77
1759998239.3292189,9.628
1759998239.3292189,9.6
1759998239.3292189,16.594
1759998239.3789194,5.769
1759998239.3789194,9.628
1759998239.3789194,9.6
1759998239.3789194,16.595
1759998239.4293277,5.769
1759998239.4293277,9.628
1759998239.4293277,9.599
1759998239.4293277,16.596
1759998239.4792647,5.77
1759998239.4792647,9.627
1759998239.4792647,9.599
1759998239.4792647,16.596
1759998239.5297601,5.77
1759998239.5297601,9.627
1759998239.5297601,9.599
1759998239.5297601,16.594
1759998239.5795271,5.77
1759998239.5795271,9.629
1759998239.5795271,9.602
1759998239.5795271,16.594
1759998239.6289256,5.77
1759998239.6289256,9.628
1759998239.6289256,9.6
1759998239.6289256,16.594
1759998239.6791553,5.771
1759998239.6791553,9.629
1759998239.6791553,9.6
1759998239.6791553,16.595
1759998239.7293959,5.771
1759998239.7293959,9.63
1759998239.7293959,9.601
1759998239.7293959,16.595
1759998239.7789516,5.77
1759998239.7789516,9.627
1759998239.7789516,9.598
1759998239.7789516,16.593
1759998239.829139,5.772
1759998239.829139,9.627
1759998239.829139,9.599
1759998239.829139,16.595
1759998239.8788424,5.774
1759998239.8788424,9.626
1759998239.8788424,9.597
1759998239.8788424,16.592
1759998239.9293275,5.772
1759998239.9293275,9.628
1759998239.9293275,9.599
1759998239.9293275,16.592
1759998239.9789872,5.772
1759998239.9789872,9.626
1759998239.9789872,9.596
1759998239.9789872,16.593
1759998240.029069,5.772
1759998240.029069,9.626
1759998240.029069,9.597
1759998240.029069,16.594
1759998240.07978,5.77
1759998240.07978,9.627
1759998240.07978,9.598
1759998240.07978,16.593
1759998240.1304874,5.771
1759998240.1304874,9.627
1759998240.1304874,9.598
1759998240.1304874,16.593
1759998240.1812253,5.771
1759998240.1812253,9.626
1759998240.1812253,9.596
1759998240.1812253,16.594
1759998240.2315598,5.77
1759998240.2315598,9.625
1759998240.2315598,9.596
1759998240.2315598,16.594
1759998240.2808871,5.771
1759998240.2808871,9.625
1759998240.2808871,9.595
1759998240.2808871,16.592
1759998240.3297758,5.773
1759998240.3297758,9.624
1759998240.3297758,9.594
1759998240.3297758,16.595
1759998240.3791187,5.771
1759998240.3791187,9.624
1759998240.3791187,9.595
1759998240.3791187,16.594
1759998240.4287837,5.771
1759998240.4287837,9.626
1759998240.4287837,9.597
1759998240.4287837,16.593
1759998240.4792202,5.772
1759998240.4792202,9.627
1759998240.4792202,9.598
1759998240.4792202,16.595
1759998240.5298817,5.771
1759998240.5298817,9.624
1759998240.5298817,9.595
1759998240.5298817,16.594
1759998240.5800054,5.771
1759998240.5800054,9.627
1759998240.5800054,9.598
1759998240.5800054,16.593
1759998240.6303186,5.771
1759998240.6303186,9.627
1759998240.6303186,9.598
1759998240.6303186,16.594
1759998240.6804101,5.771
1759998240.6804101,9.627
1759998240.6804101,9.599
1759998240.6804101,16.595
1759998240.729733,5.771
1759998240.729733,9.627
1759998240.729733,9.599
1759998240.729733,16.595
1759998240.7792134,5.77
1759998240.7792134,9.629
1759998240.7792134,9.6
1759998240.7792134,16.595
1759998240.8292987,5.77
1759998240.8292987,9.627
1759998240.8292987,9.599
1759998240.8292987,16.594
1759998240.8794305,5.771
1759998240.8794305,9.625
1759998240.8794305,9.597
1759998240.8794305,16.594
1759998240.9293964,5.77
1759998240.9293964,9.627
1759998240.9293964,9.599
1759998240.9293964,16.595
1759998240.979481,5.769
1759998240.979481,9.627
1759998240.979481,9.598
1759998240.979481,16.595
1759998241.0294144,5.77
1759998241.0294144,9.628
1759998241.0294144,9.6
1759998241.0294144,16.594
1759998241.0793142,5.771
1759998241.0793142,9.628
1759998241.0793142,9.599
1759998241.0793142,16.595
1759998241.1297379,5.77
1759998241.1297379,9.629
1759998241.1297379,9.6
1759998241.1297379,16.594
1759998241.1798356,5.769
1759998241.1798356,9.628
1759998241.1798356,9.599
1759998241.1798356,16.596
1759998241.229128,5.77
1759998241.229128,9.627
1759998241.229128,9.598
1759998241.229128,16.594
1759998241.279044,5.77
1759998241.279044,9.627
1759998241.279044,9.598
1759998241.279044,16.594
1759998241.328877,5.77
1759998241.328877,9.626
1759998241.328877,9.597
1759998241.328877,16.594
1759998241.379717,5.77
1759998241.379717,9.626
1759998241.379717,9.598
1759998241.379717,16.593
