timestamp,y
1759998185.7297435,0.369
1759998185.7297435,0.095
1759998185.7297435,-0.822
1759998185.7297435,0.24
1759998185.7792048,0.369
1759998185.7792048,0.095
1759998185.7792048,-0.822
1759998185.7792048,0.24
1759998185.8290763,0.369
1759998185.8290763,0.094
1759998185.8290763,-0.821
1759998185.8290763,0.242
1759998185.8788366,0.369
1759998185.8788366,0.094
1759998185.8788366,-0.823
1759998185.8788366,0.241
1759998185.9289305,0.368
1759998185.9289305,0.095
1759998185.9289305,-0.823
1759998185.9289305,0.243
1759998185.979141,0.369
1759998185.979141,0.095
1759998185.979141,-0.821
1759998185.979141,0.242
1759998186.028737,0.368
1759998186.028737,0.094
1759998186.028737,-0.824
1759998186.028737,0.245
1759998186.0785487,0.369
1759998186.0785487,0.094
1759998186.0785487,-0.822
1759998186.0785487,0.243
1759998186.1293123,0.369
1759998186.1293123,0.095
1759998186.1293123,-0.824
1759998186.1293123,0.238
1759998186.1808596,0.369
1759998186.1808596,0.095
1759998186.1808596,-0.824
1759998186.1808596,0.244
1759998186.2303498,0.368
1759998186.2303498,0.094
1759998186.2303498,-0.823
1759998186.2303498,0.245
1759998186.2797477,0.368
1759998186.2797477,0.094
1759998186.2797477,-0.824
1759998186.2797477,0.242
1759998186.3291543,0.368
1759998186.3291543,0.093
1759998186.3291543,-0.823
1759998186.3291543,0.241
1759998186.37923,0.368
1759998186.37923,0.094
1759998186.37923,-0.824
1759998186.37923,0.241
1759998186.4291632,0.368
1759998186.4291632,0.095
1759998186.4291632,-0.821
1759998186.4291632,0.245
1759998186.4790812,0.368
1759998186.4790812,0.095
1759998186.4790812,-0.823
1759998186.4790812,0.241
1759998186.5288105,0.369
1759998186.5288105,0.095
1759998186.5288105,-0.821
1759998186.5288105,0.244
1759998186.5788996,0.369
1759998186.5788996,0.094
1759998186.5788996,-0.823
1759998186.5788996,0.243
1759998186.6290197,0.369
1759998186.6290197,0.094
1759998186.6290197,-0.822
1759998186.6290197,0.242
1759998186.678913,0.368
1759998186.678913,0.095
1759998186.678913,-0.823
1759998186.678913,0.244
1759998186.7290483,0.369
1759998186.7290483,0.095
1759998186.7290483,-0.823
1759998186.7290483,0.244
1759998186.7796886,0.369
1759998186.7796886,0.094
1759998186.7796886,-0.822
1759998186.7796886,0.241
1759998186.8291857,0.369
1759998186.8291857,0.094
1759998186.8291857,-0.821
1759998186.8291857,0.238
1759998186.8789558,0.369
1759998186.8789558,0.095
1759998186.8789558,-0.822
1759998186.8789558,0.243
1759998186.929142,0.369
1759998186.929142,0.095
1759998186.929142,-0.823
1759998186.929142,0.24
1759998186.9790294,0.368
1759998186.9790294,0.095
1759998186.9790294,-0.823
1759998186.9790294,0.242
1759998187.0287237,0.368
1759998187.0287237,0.095
1759998187.0287237,-0.824
1759998187.0287237,0.243
1759998187.0785418,0.368
1759998187.0785418,0.094
1759998187.0785418,-0.822
1759998187.0785418,0.239
1759998187.1290362,0.369
1759998187.1290362,0.094
1759998187.1290362,-0.823
1759998187.1290362,0.24
1759998187.1799052,0.369
1759998187.1799052,0.095
1759998187.1799052,-0.822
1759998187.1799052,0.241
1759998187.2298062,0.369
1759998187.2298062,0.094
1759998187.2298062,-0.822
1759998187.2298062,0.245
1759998187.279257,0.368
1759998187.279257,0.094
1759998187.279257,-0.824
1759998187.279257,0.239
1759998187.3289316,0.369
1759998187.3289316,0.095
1759998187.3289316,-0.822
1759998187.3289316,0.246
1759998187.378724,0.369
1759998187.378724,0.095
1759998187.378724,-0.824
1759998187.378724,0.244
1759998187.4290283,0.369
1759998187.4290283,0.094
1759998187.4290283,-0.822
1759998187.4290283,0.241
1759998187.4790254,0.369
1759998187.4790254,0.096
1759998187.4790254,-0.822
1759998187.4790254,0.24
1759998187.5289621,0.369
1759998187.5289621,0.094
1759998187.5289621,-0.822
1759998187.5289621,0.239
1759998187.5794067,0.368
1759998187.5794067,0.094
1759998187.5794067,-0.823
1759998187.5794067,0.24
1759998187.6293807,0.368
1759998187.6293807,0.094
1759998187.6293807,-0.823
1759998187.6293807,0.242
1759998187.6794305,0.369
1759998187.6794305,0.095
1759998187.6794305,-0.821
1759998187.6794305,0.241
1759998187.7292407,0.368
1759998187.7292407,0.094
1759998187.7292407,-0.823
1759998187.7292407,0.244
1759998187.779467,0.369
1759998187.779467,0.094
1759998187.779467,-0.823
1759998187.779467,0.244
1759998187.8301802,0.369
1759998187.8301802,0.095
1759998187.8301802,-0.823
1759998187.8301802,0.243
1759998187.8800147,0.369
1759998187.8800147,0.095
1759998187.8800147,-0.821
1759998187.8800147,0.244
1759998187.9298823,0.369
1759998187.9298823,0.094
1759998187.9298823,-0.822
1759998187.9298823,0.245
1759998187.9795437,0.369
1759998187.9795437,0.094
1759998187.9795437,-0.822
1759998187.9795437,0.244
1759998188.0290937,0.369
1759998188.0290937,0.095
1759998188.0290937,-0.822
1759998188.0290937,0.244
1759998188.0784385,0.369
1759998188.0784385,0.095
1759998188.0784385,-0.823
1759998188.0784385,0.242
1759998188.1287723,0.369
1759998188.1287723,0.095
1759998188.1287723,-0.823
1759998188.1287723,0.242
1759998188.178867,0.369
1759998188.178867,0.095
1759998188.178867,-0.823
1759998188.178867,0.244
1759998188.2287323,0.369
1759998188.2287323,0.095
1759998188.2287323,-0.822
1759998188.2287323,0.244
1759998188.2794354,0.369
1759998188.2794354,0.095
1759998188.2794354,-0.822
1759998188.2794354,0.241
1759998188.3298771,0.369
1759998188.3298771,0.095
1759998188.3298771,-0.822
1759998188.3298771,0.246
1759998188.3793464,0.369
1759998188.3793464,0.096
1759998188.3793464,-0.821
1759998188.3793464,0.24
1759998188.4289827,0.369
1759998188.4289827,0.096
1759998188.4289827,-0.822
1759998188.4289827,0.242
1759998188.4789717,0.369
1759998188.4789717,0.095
1759998188.4789717,-0.823
1759998188.4789717,0.241
1759998188.5287766,0.369
1759998188.5287766,0.095
1759998188.5287766,-0.823
1759998188.5287766,0.243
1759998188.5789068,0.369
1759998188.5789068,0.094
1759998188.5789068,-0.821
1759998188.5789068,0.242
1759998188.6287153,0.369
1759998188.6287153,0.095
1759998188.6287153,-0.822
1759998188.6287153,0.243
1759998188.6787472,0.369
1759998188.6787472,0.094
1759998188.6787472,-0.822
1759998188.6787472,0.24
1759998188.7288647,0.369
1759998188.7288647,0.094
1759998188.7288647,-0.822
1759998188.7288647,0.24
1759998188.7789307,0.369
1759998188.7789307,0.095
1759998188.7789307,-0.822
1759998188.7789307,0.244
1759998188.8288815,0.369
1759998188.8288815,0.095
1759998188.8288815,-0.821
1759998188.8288815,0.242
1759998188.878436,0.369
1759998188.878436,0.094
1759998188.878436,-0.823
1759998188.878436,0.244
1759998188.9283435,0.369
1759998188.9283435,0.094
1759998188.9283435,-0.823
1759998188.9283435,0.244
1759998188.978492,0.369
1759998188.978492,0.095
1759998188.978492,-0.822
1759998188.978492,0.239
1759998189.0290456,0.369
1759998189.0290456,0.094
1759998189.0290456,-0.822
1759998189.0290456,0.241
1759998189.079094,0.369
1759998189.079094,0.095
1759998189.079094,-0.824
1759998189.079094,0.243
1759998189.1293476,0.369
1759998189.1293476,0.095
1759998189.1293476,-0.822
1759998189.1293476,0.242
1759998189.180336,0.369
1759998189.180336,0.095
1759998189.180336,-0.822
1759998189.180336,0.243
1759998189.229234,0.369
1759998189.229234,0.096
1759998189.229234,-0.822
1759998189.229234,0.241
1759998189.2789538,0.369
1759998189.2789538,0.094
1759998189.2789538,-0.823
1759998189.2789538,0.243
1759998189.3290427,0.369
1759998189.3290427,0.095
1759998189.3290427,-0.823
1759998189.3290427,0.243
1759998189.3790162,0.369
1759998189.3790162,0.095
1759998189.3790162,-0.822
1759998189.3790162,0.241
1759998189.4295185,0.369
1759998189.4295185,0.095
1759998189.4295185,-0.822
1759998189.4295185,0.244
1759998189.4795613,0.369
1759998189.4795613,0.095
1759998189.4795613,-0.822
1759998189.4795613,0.241
1759998189.5291734,0.369
1759998189.5291734,0.094
1759998189.5291734,-0.823
1759998189.5291734,0.242
1759998189.5788147,0.369
1759998189.5788147,0.094
1759998189.5788147,-0.823
1759998189.5788147,0.242
1759998189.6285086,0.369
1759998189.6285086,0.094
1759998189.6285086,-0.823
1759998189.6285086,0.244
1759998189.6788228,0.369
1759998189.6788228,0.095
1759998189.6788228,-0.824
1759998189.6788228,0.242
1759998189.7290313,0.369
1759998189.7290313,0.095
1759998189.7290313,-0.824
1759998189.7290313,0.244
1759998189.7788236,0.369
1759998189.7788236,0.095
1759998189.7788236,-0.824
1759998189.7788236,0.242
1759998189.8289862,0.369
1759998189.8289862,0.095
1759998189.8289862,-0.822
1759998189.8289862,0.243
1759998189.879564,0.369
1759998189.879564,0.095
1759998189.879564,-0.824
1759998189.879564,0.24
1759998189.9302378,0.369
1759998189.9302378,0.095
1759998189.9302378,-0.823
1759998189.9302378,0.239
1759998189.979908,0.369
1759998189.979908,0.094
1759998189.979908,-0.823
1759998189.979908,0.241
1759998190.0291128,0.369
1759998190.0291128,0.094
1759998190.0291128,-0.823
1759998190.0291128,0.245
1759998190.0788412,0.369
1759998190.0788412,0.094
1759998190.0788412,-0.822
1759998190.0788412,0.243
1759998190.129475,0.369
1759998190.129475,0.093
1759998190.129475,-0.822
1759998190.129475,0.243
1759998190.1796072,0.369
1759998190.1796072,0.094
1759998190.1796072,-0.823
1759998190.1796072,0.247
1759998190.229132,0.369
1759998190.229132,0.094
1759998190.229132,-0.823
1759998190.229132,0.242
1759998190.2789643,0.369
1759998190.2789643,0.093
1759998190.2789643,-0.823
1759998190.2789643,0.242
1759998191.279538,0.369
1759998191.279538,0.095
1759998191.279538,-0.823
1759998191.279538,0.24
1759998191.3292048,0.369
1759998191.3292048,0.095
1759998191.3292048,-0.822
1759998191.3292048,0.244
1759998191.3792925,0.369
1759998191.3792925,0.094
1759998191.3792925,-0.823
1759998191.3792925,0.248
1759998191.4285553,0.369
1759998191.4285553,0.094
1759998191.4285553,-0.822
1759998191.4285553,0.241
1759998191.478546,0.369
1759998191.478546,0.094
1759998191.478546,-0.823
1759998191.478546,0.241
1759998191.5288932,0.369
1759998191.5288932,0.095
1759998191.5288932,-0.823
1759998191.5288932,0.239
1759998191.5789728,0.369
1759998191.5789728,0.096
1759998191.5789728,-0.823
1759998191.5789728,0.241
1759998191.6289182,0.369
1759998191.6289182,0.095
1759998191.6289182,-0.824
1759998191.6289182,0.239
1759998191.6787672,0.369
1759998191.6787672,0.095
1759998191.6787672,-0.822
1759998191.6787672,0.243
1759998191.72841,0.369
1759998191.72841,0.094
1759998191.72841,-0.823
1759998191.72841,0.246
1759998191.7783208,0.369
1759998191.7783208,0.095
1759998191.7783208,-0.821
1759998191.7783208,0.241
1759998191.8292994,0.369
1759998191.8292994,0.095
1759998191.8292994,-0.823
1759998191.8292994,0.242
1759998191.8796184,0.369
1759998191.8796184,0.096
1759998191.8796184,-0.823
1759998191.8796184,0.238
1759998191.92936,0.369
1759998191.92936,0.094
1759998191.92936,-0.823
1759998191.92936,0.242
1759998191.9794528,0.369
1759998191.9794528,0.095
1759998191.9794528,-0.823
1759998191.9794528,0.24
1759998192.0291698,0.369
1759998192.0291698,0.094
1759998192.0291698,-0.822
1759998192.0291698,0.242
1759998192.0793302,0.369
1759998192.0793302,0.094
1759998192.0793302,-0.823
1759998192.0793302,0.244
1759998192.1304784,0.369
1759998192.1304784,0.095
1759998192.1304784,-0.822
1759998192.1304784,0.245
1759998192.180035,0.369
1759998192.180035,0.095
1759998192.180035,-0.822
1759998192.180035,0.243
1759998192.2301776,0.369
1759998192.2301776,0.095
1759998192.2301776,-0.821
1759998192.2301776,0.242
1759998192.2805004,0.369
1759998192.2805004,0.095
1759998192.2805004,-0.823
1759998192.2805004,0.246
1759998192.3302116,0.369
1759998192.3302116,0.094
1759998192.3302116,-0.823
1759998192.3302116,0.248
1759998192.3792043,0.369
1759998192.3792043,0.095
1759998192.3792043,-0.824
1759998192.3792043,0.245
1759998192.4295685,0.369
1759998192.4295685,0.094
1759998192.4295685,-0.823
1759998192.4295685,0.24
1759998192.479185,0.369
1759998192.479185,0.095
1759998192.479185,-0.823
1759998192.479185,0.242
1759998192.5291421,0.369
1759998192.5291421,0.095
1759998192.5291421,-0.822
1759998192.5291421,0.239
1759998192.5791097,0.369
1759998192.5791097,0.095
1759998192.5791097,-0.823
1759998192.5791097,0.238
1759998192.6290464,0.369
1759998192.6290464,0.095
1759998192.6290464,-0.822
1759998192.6290464,0.243
1759998192.6788886,0.369
1759998192.6788886,0.095
1759998192.6788886,-0.824
1759998192.6788886,0.241
1759998192.7290046,0.369
1759998192.7290046,0.094
1759998192.7290046,-0.823
1759998192.7290046,0.244
1759998192.7794485,0.369
1759998192.7794485,0.095
1759998192.7794485,-0.823
1759998192.7794485,0.246
1759998192.8295047,0.369
1759998192.8295047,0.095
1759998192.8295047,-0.823
1759998192.8295047,0.241
1759998192.8792663,0.369
1759998192.8792663,0.096
1759998192.8792663,-0.823
1759998192.8792663,0.245
1759998192.928988,0.369
1759998192.928988,0.095
1759998192.928988,-0.822
1759998192.928988,0.244
1759998192.9785638,0.369
1759998192.9785638,0.095
1759998192.9785638,-0.822
1759998192.9785638,0.242
1759998193.0287588,0.369
1759998193.0287588,0.095
1759998193.0287588,-0.823
1759998193.0287588,0.242
1759998193.0790827,0.369
1759998193.0790827,0.096
1759998193.0790827,-0.823
1759998193.0790827,0.242
1759998193.12918,0.369
1759998193.12918,0.094
1759998193.12918,-0.822
1759998193.12918,0.243
1759998193.1790316,0.369
1759998193.1790316,0.095
1759998193.1790316,-0.822
1759998193.1790316,0.246
1759998193.2287197,0.369
1759998193.2287197,0.095
1759998193.2287197,-0.822
1759998193.2287197,0.243
1759998193.2788782,0.369
1759998193.2788782,0.096
1759998193.2788782,-0.823
1759998193.2788782,0.241
1759998193.3294742,0.369
1759998193.3294742,0.095
1759998193.3294742,-0.822
1759998193.3294742,0.242
1759998193.383774,0.369
1759998193.383774,0.096
1759998193.383774,-0.823
1759998193.383774,0.244
1759998193.4289017,0.369
1759998193.4289017,0.094
1759998193.4289017,-0.823
1759998193.4289017,0.243
1759998193.4788854,0.369
1759998193.4788854,0.095
1759998193.4788854,-0.821
1759998193.4788854,0.244
1759998193.529215,0.369
1759998193.529215,0.096
1759998193.529215,-0.822
1759998193.529215,0.247
1759998193.5792496,0.369
1759998193.5792496,0.096
1759998193.5792496,-0.822
1759998193.5792496,0.245
1759998193.6285203,0.369
1759998193.6285203,0.097
1759998193.6285203,-0.824
1759998193.6285203,0.241
1759998193.678942,0.369
1759998193.678942,0.095
1759998193.678942,-0.823
1759998193.678942,0.249
1759998193.7282991,0.369
1759998193.7282991,0.095
1759998193.7282991,-0.822
1759998193.7282991,0.245
1759998193.7790585,0.369
1759998193.7790585,0.096
1759998193.7790585,-0.824
1759998193.7790585,0.241
1759998193.8290427,0.369
1759998193.8290427,0.095
1759998193.8290427,-0.823
1759998193.8290427,0.241
1759998193.8794868,0.369
1759998193.8794868,0.095
1759998193.8794868,-0.823
1759998193.8794868,0.243
1759998193.9298482,0.369
1759998193.9298482,0.097
1759998193.9298482,-0.823
1759998193.9298482,0.245
1759998193.9795887,0.369
1759998193.9795887,0.097
1759998193.9795887,-0.821
1759998193.9795887,0.244
1759998194.0293293,0.369
1759998194.0293293,0.095
1759998194.0293293,-0.823
1759998194.0293293,0.243
1759998194.0793228,0.369
1759998194.0793228,0.095
1759998194.0793228,-0.821
1759998194.0793228,0.244
1759998194.129692,0.369
1759998194.129692,0.096
1759998194.129692,-0.823
1759998194.129692,0.245
1759998194.1793618,0.369
1759998194.1793618,0.095
1759998194.1793618,-0.822
1759998194.1793618,0.243
1759998194.2290752,0.369
1759998194.2290752,0.094
1759998194.2290752,-0.822
1759998194.2290752,0.242
1759998194.2793257,0.369
1759998194.2793257,0.095
1759998194.2793257,-0.823
1759998194.2793257,0.245
1759998194.3288476,0.369
1759998194.3288476,0.095
1759998194.3288476,-0.823
1759998194.3288476,0.246
1759998194.3785357,0.369
1759998194.3785357,0.096
1759998194.3785357,-0.823
1759998194.3785357,0.244
1759998194.4292228,0.369
1759998194.4292228,0.095
1759998194.4292228,-0.822
1759998194.4292228,0.242
1759998194.4794576,0.369
1759998194.4794576,0.094
1759998194.4794576,-0.824
1759998194.4794576,0.243
1759998194.529035,0.369
1759998194.529035,0.095
1759998194.529035,-0.822
1759998194.529035,0.243
1759998194.5786254,0.369
1759998194.5786254,0.095
1759998194.5786254,-0.823
1759998194.5786254,0.244
1759998194.6285043,0.369
1759998194.6285043,0.095
1759998194.6285043,-0.821
1759998194.6285043,0.242
1759998194.6785553,0.369
1759998194.6785553,0.095
1759998194.6785553,-0.823
1759998194.6785553,0.241
1759998194.7288606,0.369
1759998194.7288606,0.094
1759998194.7288606,-0.822
1759998194.7288606,0.244
1759998194.7788427,0.369
1759998194.7788427,0.092
1759998194.7788427,-0.824
1759998194.7788427,0.245
1759998194.8303225,0.369
1759998194.8303225,0.094
1759998194.8303225,-0.821
1759998194.8303225,0.244
1759998194.879792,0.369
1759998194.879792,0.096
1759998194.879792,-0.822
1759998194.879792,0.244
1759998194.9289634,0.369
1759998194.9289634,0.094
1759998194.9289634,0.243
1759998194.979188,0.369
1759998194.979188,0.095
1759998194.979188,-0.824
1759998194.979188,0.246
1759998195.028891,0.369
1759998195.028891,0.093
1759998195.028891,-0.825
1759998195.028891,0.241
1759998195.0791981,0.369
1759998195.0791981,0.095
1759998195.0791981,-0.825
1759998195.0791981,0.242
1759998195.1296728,0.369
1759998195.1296728,0.094
1759998195.1296728,-0.823
1759998195.1296728,0.243
1759998195.1798055,0.369
1759998195.1798055,0.094
1759998195.1798055,-0.824
1759998195.1798055,0.242
1759998195.2299838,0.369
1759998195.2299838,0.094
1759998195.2299838,-0.822
1759998195.2299838,0.247
1759998195.2796082,0.369
1759998195.2796082,0.094
1759998195.2796082,-0.823
1759998195.2796082,0.242
1759998195.3293083,0.369
1759998195.3293083,0.093
1759998195.3293083,-0.823
1759998195.3293083,0.239
1759998195.3788836,0.369
1759998195.3788836,0.094
1759998195.3788836,-0.823
1759998195.3788836,0.241
1759998195.4291673,0.369
1759998195.4291673,0.094
1759998195.4291673,-0.823
1759998195.4291673,0.241
1759998195.479222,0.369
1759998195.479222,0.095
1759998195.479222,-0.821
1759998195.479222,0.244
1759998195.5294816,0.369
1759998195.5294816,0.095
1759998195.5294816,-0.824
1759998195.5294816,0.241
1759998195.5795417,0.369
1759998195.5795417,0.094
1759998195.5795417,-0.824
1759998195.5795417,0.243
1759998195.6295362,0.369
1759998195.6295362,0.095
1759998195.6295362,-0.824
1759998195.6295362,0.24
1759998195.679688,0.369
1759998195.679688,0.094
1759998195.679688,-0.823
1759998195.679688,0.242
1759998195.729606,0.369
1759998195.729606,0.095
1759998195.729606,-0.824
1759998195.729606,0.237
1759998195.7791846,0.369
1759998195.7791846,0.094
1759998195.7791846,-0.824
1759998195.7791846,0.241
1759998195.828957,0.369
1759998195.828957,0.092
1759998195.828957,-0.823
1759998195.828957,0.243
1759998195.8788743,0.369
1759998195.8788743,0.093
1759998195.8788743,-0.823
1759998195.8788743,0.241
1759998195.9289746,0.369
1759998195.9289746,0.094
1759998195.9289746,-0.823
1759998195.9289746,0.243
1759998195.9792361,0.369
1759998195.9792361,0.094
1759998195.9792361,-0.823
1759998195.9792361,0.241
1759998196.0293531,0.369
1759998196.0293531,0.094
1759998196.0293531,-0.822
1759998196.0293531,0.245
1759998196.0793185,0.369
1759998196.0793185,0.093
1759998196.0793185,-0.824
1759998196.0793185,0.245
1759998196.1292157,0.369
1759998196.1292157,0.093
1759998196.1292157,-0.823
1759998196.1292157,0.243
1759998196.1804159,0.369
1759998196.1804159,0.094
1759998196.1804159,-0.823
1759998196.1804159,0.242
1759998196.2291327,0.37
1759998196.2291327,0.093
1759998196.2291327,-0.824
1759998196.2291327,0.242
1759998196.279199,0.369
1759998196.279199,0.093
1759998196.279199,-0.823
1759998196.279199,0.243
1759998196.328617,0.369
1759998196.328617,0.093
1759998196.328617,-0.823
1759998196.328617,0.242
1759998196.3781695,0.369
1759998196.3781695,0.093
1759998196.3781695,-0.823
1759998196.3781695,0.245
1759998196.4285014,0.369
1759998196.4285014,0.093
1759998196.4285014,-0.822
1759998196.4285014,0.241
1759998196.4780629,0.369
1759998196.4780629,0.093
1759998196.4780629,-0.822
1759998196.4780629,0.245
1759998196.5279698,0.369
1759998196.5279698,0.093
1759998196.5279698,-0.823
1759998196.5279698,0.243
1759998196.5780969,0.369
1759998196.5780969,0.093
1759998196.5780969,-0.822
1759998196.5780969,0.244
1759998196.6282887,0.369
1759998196.6282887,0.093
1759998196.6282887,-0.82
1759998196.6282887,0.243
1759998196.6781414,0.369
1759998196.6781414,0.094
1759998196.6781414,-0.821
1759998196.6781414,0.242
1759998196.7281508,0.369
1759998196.7281508,0.093
1759998196.7281508,-0.822
1759998196.7281508,0.241
1759998196.778931,0.369
1759998196.778931,0.093
1759998196.778931,-0.821
1759998196.778931,0.244
1759998196.8296301,0.369
1759998196.8296301,0.094
1759998196.8296301,-0.821
1759998196.8296301,0.242
1759998196.8792028,0.369
1759998196.8792028,0.094
1759998196.8792028,-0.822
1759998196.8792028,0.243
1759998196.9295378,0.369
1759998196.9295378,0.093
1759998196.9295378,-0.821
1759998196.9295378,0.241
1759998196.9799707,0.369
1759998196.9799707,0.092
1759998196.9799707,-0.822
1759998196.9799707,0.246
1759998197.0296242,0.369
1759998197.0296242,0.092
1759998197.0296242,-0.821
1759998197.0296242,0.241
1759998197.0791745,0.369
1759998197.0791745,0.093
1759998197.0791745,-0.821
1759998197.0791745,0.24
1759998197.1294086,0.369
1759998197.1294086,0.093
1759998197.1294086,-0.821
1759998197.1294086,0.244
1759998197.1791062,0.369
1759998197.1791062,0.093
1759998197.1791062,-0.82
1759998197.1791062,0.242
1759998197.2289917,0.37
1759998197.2289917,0.094
1759998197.2289917,-0.821
1759998197.2289917,0.243
1759998197.278512,0.369
1759998197.278512,0.093
1759998197.278512,-0.82
1759998197.278512,0.244
1759998197.328562,0.37
1759998197.328562,0.094
1759998197.328562,-0.821
1759998197.328562,0.246
1759998197.3784854,0.37
1759998197.3784854,0.094
1759998197.3784854,-0.822
1759998197.3784854,0.245
1759998197.4281309,0.37
1759998197.4281309,0.093
1759998197.4281309,-0.822
1759998197.4281309,0.245
1759998197.4800062,0.37
1759998197.4800062,0.095
1759998197.4800062,-0.822
1759998197.4800062,0.245
1759998197.5283782,0.371
1759998197.5283782,0.096
1759998197.5283782,-0.822
1759998197.5283782,0.243
1759998197.5780478,0.37
1759998197.5780478,0.094
1759998197.5780478,-0.823
1759998197.5780478,0.243
1759998197.6281307,0.37
1759998197.6281307,0.094
1759998197.6281307,-0.822
1759998197.6281307,0.244
1759998197.6780372,0.37
1759998197.6780372,0.094
1759998197.6780372,-0.821
1759998197.6780372,0.244
1759998197.7278907,0.37
1759998197.7278907,0.094
1759998197.7278907,-0.822
1759998197.7278907,0.242
1759998197.778172,0.368
1759998197.778172,0.093
1759998197.778172,-0.823
1759998197.778172,0.244
1759998197.8280227,0.369
1759998197.8280227,0.093
1759998197.8280227,-0.822
1759998197.8280227,0.242
1759998197.8779416,0.369
1759998197.8779416,0.091
1759998197.8779416,-0.823
1759998197.8779416,0.244
1759998197.9281685,0.369
1759998197.9281685,0.092
1759998197.9281685,-0.822
1759998197.9281685,0.245
1759998197.9781327,0.37
1759998197.9781327,0.093
1759998197.9781327,-0.823
1759998197.9781327,0.244
1759998198.0280006,0.37
1759998198.0280006,0.092
1759998198.0280006,-0.824
1759998198.0280006,0.245
1759998198.0780594,0.37
1759998198.0780594,0.093
1759998198.0780594,-0.824
1759998198.0780594,0.241
1759998198.128304,0.37
1759998198.128304,0.092
1759998198.128304,-0.824
1759998198.128304,0.244
1759998198.1783047,0.37
1759998198.1783047,0.095
1759998198.1783047,-0.822
1759998198.1783047,0.241
1759998198.2283213,0.371
1759998198.2283213,0.092
1759998198.2283213,-0.821
1759998198.2283213,0.24
1759998198.2783835,0.372
1759998198.2783835,0.09
1759998198.2783835,-0.826
1759998198.2783835,0.242
1759998198.2783835,0.394
1759998198.3282092,0.366
1759998198.3282092,0.101
1759998198.3282092,-0.819
1759998198.3282092,0.241
1759998198.3781705,0.253
1759998198.4281633,0.383
1759998198.4281633,0.229
1759998198.4780638,0.418
1759998198.4780638,0.115
1759998198.4780638,-0.816
1759998198.4780638,0.273
1759998198.4780638,0.241
1759998198.5275035,0.271
1759998198.5275035,0.263
1759998198.5275035,0.173
1759998198.5275035,0.127
1759998198.5275035,-0.85
1759998198.5780766,0.186
1759998198.5780766,0.13
1759998198.627553,-1.123
1759998198.627553,0.277
1759998198.6771696,0.26
1759998198.7774498,0.097
1759998198.7774498,0.173
1759998198.7774498,0.098
1759998198.8764615,0.298
1759998198.8764615,0.128
1759998198.8764615,0.003
1759998198.9762537,0.09
1759998199.0766544,0.225
1759998199.0766544,-0.036
1759998199.1268532,0.213
1759998199.1767316,0.038
1759998199.2762127,0.016
1759998199.2762127,-0.078
1759998199.426487,0.001
1759998199.5273192,-0.003
1759998199.6771154,-0.036
1759998199.7271626,0.359
1759998199.7271626,-0.011
1759998199.7271626,-0.169
1759998199.776704,0.364
1759998199.776704,-0.045
1759998199.8267474,-0.096
1759998199.977017,-0.0
1759998199.977017,-0.16
1759998200.177352,0.159
1759998200.177352,-0.011
1759998200.2267082,-0.055
1759998200.3276896,1.064
1759998200.3276896,-0.016
1759998200.4769738,-0.001
1759998200.6280465,0.353
1759998200.6280465,0.092
1759998200.6280465,-0.1
1759998200.6776617,-1.11
1759998200.7280478,0.354
1759998200.7773614,-0.817
1759998200.8272166,0.369
1759998200.876933,0.068
1759998200.9273355,0.376
1759998200.9273355,0.063
1759998200.977459,0.384
1759998200.977459,0.077
1759998200.977459,-0.807
1759998201.0270035,0.386
1759998201.0270035,0.094
1759998201.0772142,0.369
1759998201.0772142,0.098
1759998201.0772142,-0.845
1759998201.0772142,1.098
1759998201.0772142,-0.092
1759998201.127374,-1.114
1759998201.127374,0.098
1759998201.127374,-0.849
1759998201.177813,0.366
1759998201.177813,0.079
1759998201.177813,-0.842
1759998201.177813,1.243
1759998201.177813,-0.098
1759998201.227725,0.37
1759998201.227725,0.059
1759998201.227725,-0.142
1759998201.2772353,0.372
1759998201.2772353,0.053
1759998201.2772353,-0.818
1759998201.2772353,-0.11
1759998201.3274837,0.374
1759998201.3274837,0.05
1759998201.3274837,-0.828
1759998201.3774235,0.366
1759998201.3774235,0.071
1759998201.3774235,-0.837
1759998201.3774235,1.118
1759998201.4273722,0.366
1759998201.4273722,0.075
1759998201.4273722,-0.824
1759998201.4776242,0.373
1759998201.4776242,0.098
1759998201.4776242,-0.824
1759998201.4776242,-1.168
1759998201.4776242,-0.164
1759998201.5273607,0.373
1759998201.5273607,0.076
1759998201.5273607,-0.821
1759998201.5273607,1.12
1759998201.5273607,-0.093
1759998201.5774608,0.37
1759998201.5774608,-1.108
1759998201.5774608,0.074
1759998201.5774608,-0.827
1759998201.5774608,-0.133
1759998201.6275065,0.377
1759998201.6275065,0.064
1759998201.6275065,-0.828
1759998201.6275065,1.041
1759998201.6772838,0.372
1759998201.6772838,0.078
1759998201.6772838,-0.825
1759998201.6772838,-0.077
1759998201.727377,0.372
1759998201.727377,-1.097
1759998201.727377,0.069
1759998201.727377,-0.823
1759998201.727377,-0.051
1759998201.7776494,0.366
1759998201.7776494,0.084
1759998201.7776494,-0.822
1759998201.7776494,-0.097
1759998201.8276327,0.369
1759998201.8276327,0.105
1759998201.8276327,-0.817
1759998201.8276327,1.166
1759998201.8276327,1.183
1759998201.8276327,-0.154
1759998201.8776326,0.368
1759998201.8776326,-0.025
1759998201.928217,0.37
1759998201.928217,0.092
1759998201.928217,-0.815
1759998201.977781,0.369
1759998201.977781,0.084
1759998201.977781,-0.137
1759998202.0277295,0.371
1759998202.0277295,0.104
1759998202.0277295,-0.827
1759998202.0277295,-0.883
1759998202.0777385,0.37
1759998202.0777385,0.101
1759998202.0777385,-0.82
1759998202.1281266,0.37
1759998202.1281266,0.081
1759998202.1281266,-0.819
1759998202.178139,0.369
1759998202.178139,0.093
1759998202.178139,-0.829
1759998202.228143,0.37
1759998202.228143,0.091
1759998202.228143,-0.824
1759998202.2778563,0.369
1759998202.2778563,0.104
1759998202.2778563,-0.824
1759998202.3278694,0.369
1759998202.3278694,0.103
1759998202.3278694,-0.823
1759998202.3278694,0.269
1759998202.3278694,-0.143
1759998202.3779845,0.37
1759998202.3779845,0.1
1759998202.3779845,-0.823
1759998202.3779845,0.197
1759998202.4280326,0.369
1759998202.4280326,0.087
1759998202.4280326,0.182
1759998202.4280326,-0.149
1759998202.4777617,0.369
1759998202.4777617,-1.11
1759998202.4777617,0.093
1759998202.4777617,-0.827
1759998202.4777617,0.225
1759998202.5277555,0.369
1759998202.5277555,0.089
1759998202.5277555,-0.818
1759998202.5277555,0.23
1759998202.578016,0.369
1759998202.578016,0.094
1759998202.578016,-0.822
1759998202.578016,0.219
1759998202.578016,-0.17
1759998202.6291487,0.369
1759998202.6291487,-1.107
1759998202.6291487,0.103
1759998202.6291487,-0.827
1759998202.6291487,0.237
1759998202.6795945,0.369
1759998202.6795945,0.094
1759998202.6795945,-0.824
1759998202.6795945,0.264
1759998202.6795945,1.086
1759998202.728733,0.369
1759998202.728733,-1.113
1759998202.728733,0.093
1759998202.728733,-0.822
1759998202.728733,0.275
1759998202.728733,1.101
1759998202.7787035,0.369
1759998202.7787035,-1.107
1759998202.7787035,0.093
1759998202.7787035,-0.825
1759998202.7787035,0.254
1759998202.8282309,0.369
1759998202.8282309,0.096
1759998202.8282309,-0.824
1759998202.8282309,0.254
1759998202.8282309,-1.101
1759998202.8778105,0.369
1759998202.8778105,0.083
1759998202.8778105,-0.819
1759998202.8778105,0.249
1759998202.9277363,0.369
1759998202.9277363,0.1
1759998202.9277363,-0.825
1759998202.9277363,-0.837
1759998202.9277363,0.25
1759998202.978051,0.369
1759998202.978051,0.089
1759998202.978051,-0.824
1759998202.978051,0.233
1759998203.0279434,0.369
1759998203.0279434,0.092
1759998203.0279434,-0.822
1759998203.0279434,0.26
1759998203.0779364,0.369
1759998203.0779364,0.094
1759998203.0779364,-0.824
1759998203.0779364,0.19
1759998203.1281362,0.369
1759998203.1281362,0.093
1759998203.1281362,-0.823
1759998203.1281362,0.212
1759998203.1784475,0.369
1759998203.1784475,0.095
1759998203.1784475,-0.823
1759998203.1784475,0.229
1759998203.2284071,0.369
1759998203.2284071,0.098
1759998203.2284071,-0.825
1759998203.2284071,0.22
1759998203.2780702,0.369
1759998203.2780702,0.099
1759998203.2780702,-0.826
1759998203.2780702,0.258
1759998203.3280482,0.369
1759998203.3280482,0.091
1759998203.3280482,-0.822
1759998203.3280482,0.267
1759998203.3280482,-0.25
1759998203.3780005,0.369
1759998203.3780005,0.094
1759998203.3780005,-0.824
1759998203.3780005,0.271
1759998203.3780005,-0.255
1759998203.4277556,0.369
1759998203.4277556,0.096
1759998203.4277556,-0.823
1759998203.4277556,0.279
1759998203.4277556,-0.257
1759998203.4775581,0.369
1759998203.4775581,0.097
1759998203.4775581,-0.822
1759998203.4775581,0.294
1759998203.4775581,-0.297
1759998203.527534,0.369
1759998203.527534,0.097
1759998203.527534,-0.823
1759998203.527534,0.263
1759998203.5775185,0.369
1759998203.5775185,0.097
1759998203.5775185,-0.823
1759998203.5775185,0.229
1759998203.6277518,0.369
1759998203.6277518,0.093
1759998203.6277518,-0.823
1759998203.6277518,0.235
1759998203.6277518,-0.319
1759998203.6787117,0.369
1759998203.6787117,0.093
1759998203.6787117,-0.822
1759998203.6787117,0.228
1759998203.6787117,-0.063
1759998203.7289739,0.369
1759998203.7289739,0.093
1759998203.7289739,-0.823
1759998203.7289739,0.195
1759998203.778738,0.369
1759998203.778738,0.093
1759998203.778738,-0.822
1759998203.778738,0.203
1759998203.778738,-0.131
1759998203.8284204,0.369
1759998203.8284204,0.092
1759998203.8284204,-0.822
1759998203.8284204,0.182
1759998203.8284204,-0.301
1759998203.8780499,0.369
1759998203.8780499,0.091
1759998203.8780499,-0.825
1759998203.8780499,0.182
1759998203.8780499,-0.28
1759998203.9288757,0.369
1759998203.9288757,0.089
1759998203.9288757,-0.824
1759998203.9288757,0.213
1759998203.9288757,-0.325
1759998203.978598,0.369
1759998203.978598,0.092
1759998203.978598,-0.822
1759998203.978598,0.252
1759998203.978598,-0.433
1759998204.0283985,0.369
1759998204.0283985,0.092
1759998204.0283985,-0.824
1759998204.0283985,0.236
1759998204.0784764,0.369
1759998204.0784764,0.093
1759998204.0784764,-0.824
1759998204.0784764,0.224
1759998204.128442,0.369
1759998204.128442,0.093
1759998204.128442,-0.823
1759998204.128442,0.243
1759998204.1788492,0.369
1759998204.1788492,-1.109
1759998204.1788492,0.094
1759998204.1788492,-0.824
1759998204.1788492,0.244
1759998204.1788492,1.349
1759998204.2285821,0.369
1759998204.2285821,0.094
1759998204.2285821,-0.825
1759998204.2285821,0.216
1759998204.2783155,0.369
1759998204.2783155,0.093
1759998204.2783155,-0.824
1759998204.2783155,0.23
1759998204.2783155,-0.454
1759998204.3283448,0.369
1759998204.3283448,0.093
1759998204.3283448,-0.824
1759998204.3283448,0.243
1759998204.378369,0.369
1759998204.378369,0.092
1759998204.378369,-0.823
1759998204.378369,0.246
1759998204.4285,0.369
1759998204.4285,0.092
1759998204.4285,-0.823
1759998204.4285,0.242
1759998204.4285,-0.487
1759998204.4785025,0.369
1759998204.4785025,0.092
1759998204.4785025,-0.825
1759998204.4785025,0.226
1759998204.4785025,-0.421
1759998204.5283277,0.369
1759998204.5283277,0.094
1759998204.5283277,-0.825
1759998204.5283277,0.233
1759998204.5283277,-0.438
1759998204.5780315,0.369
1759998204.5780315,0.093
1759998204.5780315,-0.824
1759998204.5780315,0.232
1759998204.5780315,-0.493
1759998204.6284657,0.369
1759998204.6284657,0.093
1759998204.6284657,-0.823
1759998204.6284657,0.256
1759998204.6284657,-0.478
1759998204.678225,0.369
1759998204.678225,0.094
1759998204.678225,-0.824
1759998204.678225,0.24
1759998204.728383,0.369
1759998204.728383,0.094
1759998204.728383,-0.824
1759998204.728383,0.248
1759998204.728383,-0.472
1759998204.7784755,0.369
1759998204.7784755,0.095
1759998204.7784755,-0.824
1759998204.7784755,0.245
1759998204.8284214,0.369
1759998204.8284214,0.094
1759998204.8284214,-0.824
1759998204.8284214,0.244
1759998204.878322,0.369
1759998204.878322,0.094
1759998204.878322,-0.824
1759998204.878322,0.245
1759998204.878322,-0.576
1759998204.9282916,0.369
1759998204.9282916,0.095
1759998204.9282916,-0.822
1759998204.9282916,0.255
1759998204.978222,0.369
1759998204.978222,0.094
1759998204.978222,-0.823
1759998204.978222,0.25
1759998204.978222,-0.535
1759998205.0280304,0.369
1759998205.0280304,0.094
1759998205.0280304,-0.823
1759998205.0280304,0.239
1759998205.0280304,-0.509
1759998205.0778708,0.369
1759998205.0778708,0.095
1759998205.0778708,-0.826
1759998205.0778708,0.246
1759998205.1284268,0.369
1759998205.1284268,0.093
1759998205.1284268,-0.825
1759998205.1284268,0.24
1759998205.179813,0.369
1759998205.179813,0.093
1759998205.179813,-0.822
1759998205.179813,0.23
1759998205.2288916,0.369
1759998205.2288916,0.093
1759998205.2288916,-0.824
1759998205.2288916,0.243
1759998205.2288916,-0.46
1759998205.2786906,0.369
1759998205.2786906,0.092
1759998205.2786906,-0.826
1759998205.2786906,0.236
1759998205.2786906,-0.523
1759998205.3284822,0.369
1759998205.3284822,0.092
1759998205.3284822,-0.825
1759998205.3284822,0.244
1759998205.3284822,-0.528
1759998205.3783855,0.369
1759998205.3783855,0.093
1759998205.3783855,-0.824
1759998205.3783855,0.244
1759998205.3783855,-0.488
1759998205.4282093,0.369
1759998205.4282093,0.092
1759998205.4282093,-0.824
1759998205.4282093,0.246
1759998205.4782913,0.369
1759998205.4782913,0.093
1759998205.4782913,-0.825
1759998205.4782913,0.228
1759998205.52847,0.369
1759998205.52847,0.092
1759998205.52847,-0.824
1759998205.52847,0.234
1759998205.5783045,0.369
1759998205.5783045,0.092
1759998205.5783045,-0.827
1759998205.5783045,0.232
1759998205.5783045,-0.528
1759998205.6284013,0.369
1759998205.6284013,0.091
1759998205.6284013,-0.824
1759998205.6284013,0.236
1759998205.6784546,0.369
1759998205.6784546,0.093
1759998205.6784546,-0.827
1759998205.6784546,0.235
1759998205.6784546,-0.205
1759998205.6784546,-0.451
1759998205.728596,0.369
1759998205.728596,0.09
1759998205.728596,-0.822
1759998205.728596,0.24
1759998205.7784889,0.369
1759998205.7784889,0.092
1759998205.7784889,-0.822
1759998205.7784889,0.234
1759998205.7784889,-0.592
1759998205.8282485,0.369
1759998205.8282485,0.091
1759998205.8282485,-0.822
1759998205.8282485,0.232
1759998205.8282485,-0.463
1759998205.8783207,0.369
1759998205.8783207,0.093
1759998205.8783207,-0.82
1759998205.8783207,0.236
1759998205.8783207,-0.568
1759998205.9286337,0.369
1759998205.9286337,0.091
1759998205.9286337,-0.828
1759998205.9286337,-1.001
1759998205.9286337,0.24
1759998205.9286337,-0.384
1759998205.9783251,0.369
1759998205.9783251,0.093
1759998205.9783251,-0.821
1759998205.9783251,0.242
1759998206.0283792,0.369
1759998206.0283792,0.093
1759998206.0283792,-0.824
1759998206.0283792,0.253
1759998206.0790513,0.369
1759998206.0790513,0.093
1759998206.0790513,-0.823
1759998206.0790513,0.233
1759998206.0790513,-0.499
1759998206.1279147,0.369
1759998206.1279147,0.094
1759998206.1279147,-0.823
1759998206.1279147,0.238
1759998206.178628,0.369
1759998206.178628,0.093
1759998206.178628,-0.824
1759998206.178628,-1.067
1759998206.178628,0.248
1759998206.178628,1.139
1759998206.178628,-0.192
1759998206.178628,0.928
1759998206.178628,-0.424
1759998206.2283504,0.37
1759998206.2283504,0.094
1759998206.2283504,-0.823
1759998206.2283504,0.238
1759998206.2783165,0.369
1759998206.2783165,0.094
1759998206.2783165,-0.824
1759998206.2783165,-0.878
1759998206.2783165,0.241
1759998206.2783165,-0.289
1759998206.3283215,0.369
1759998206.3283215,0.093
1759998206.3283215,-0.824
1759998206.3283215,0.249
1759998206.3781064,0.369
1759998206.3781064,0.093
1759998206.3781064,-0.823
1759998206.3781064,0.238
1759998206.3781064,-0.245
1759998206.428017,0.369
1759998206.428017,0.093
1759998206.428017,-0.823
1759998206.428017,0.248
1759998206.4778569,0.369
1759998206.4778569,0.094
1759998206.4778569,-0.823
1759998206.4778569,0.244
1759998206.527786,0.369
1759998206.527786,0.093
1759998206.527786,-0.823
1759998206.527786,0.24
1759998206.5779896,0.369
1759998206.5779896,0.093
1759998206.5779896,-0.823
1759998206.5779896,0.245
1759998206.628029,0.369
1759998206.628029,0.092
1759998206.628029,-0.822
1759998206.628029,0.242
1759998206.678347,0.369
1759998206.678347,0.092
1759998206.678347,-0.823
1759998206.678347,0.248
1759998206.7277277,0.369
1759998206.7277277,0.092
1759998206.7277277,-0.824
1759998206.7277277,0.242
1759998206.777684,0.369
1759998206.777684,0.092
1759998206.777684,-0.822
1759998206.777684,0.483
1759998206.777684,-0.511
1759998206.777684,0.243
1759998206.8273566,0.369
1759998206.8273566,0.092
1759998206.8273566,-0.824
1759998206.8273566,0.234
1759998206.8273566,-0.446
1759998206.8782704,0.369
1759998206.8782704,0.093
1759998206.8782704,-0.824
1759998206.8782704,0.24
1759998206.9282517,0.369
1759998206.9282517,0.092
1759998206.9282517,-0.824
1759998206.9282517,0.237
1759998206.97835,0.369
1759998206.97835,0.091
1759998206.97835,-0.824
1759998206.97835,0.242
1759998207.028376,0.369
1759998207.028376,0.091
1759998207.028376,-0.824
1759998207.028376,0.245
1759998207.0785143,0.369
1759998207.0785143,0.092
1759998207.0785143,-0.825
1759998207.0785143,0.231
1759998207.0785143,1.178
1759998207.1286247,0.369
1759998207.1286247,0.091
1759998207.1286247,-0.825
1759998207.1286247,0.251
1759998207.1286247,-0.388
1759998207.1785874,0.369
1759998207.1785874,0.091
1759998207.1785874,-0.824
1759998207.1785874,0.242
1759998207.22842,0.369
1759998207.22842,0.092
1759998207.22842,-0.824
1759998207.22842,0.221
1759998207.22842,-0.201
1759998207.2781572,0.369
1759998207.2781572,0.091
1759998207.2781572,-0.823
1759998207.2781572,0.241
1759998207.2781572,-0.344
1759998207.3277555,0.369
1759998207.3277555,0.092
1759998207.3277555,-0.825
1759998207.3277555,0.251
1759998207.3277555,-0.316
1759998207.3779082,0.369
1759998207.3779082,0.092
1759998207.3779082,-0.825
1759998207.3779082,0.244
1759998207.4286435,0.369
1759998207.4286435,0.093
1759998207.4286435,-0.823
1759998207.4286435,0.244
1759998207.4286435,1.207
1759998207.4286435,-0.307
1759998207.4784675,0.369
1759998207.4784675,0.092
1759998207.4784675,-0.824
1759998207.4784675,0.243
1759998207.52824,0.369
1759998207.52824,0.093
1759998207.52824,-0.824
1759998207.52824,0.242
1759998207.5782394,0.369
1759998207.5782394,0.093
1759998207.5782394,-0.824
1759998207.5782394,0.25
1759998207.5782394,1.262
1759998207.5782394,1.192
1759998207.627779,0.369
1759998207.627779,0.093
1759998207.627779,-0.823
1759998207.627779,0.244
1759998207.6783118,0.369
1759998207.6783118,0.093
1759998207.6783118,-0.824
1759998207.6783118,0.248
1759998207.7284496,0.369
1759998207.7284496,0.093
1759998207.7284496,-0.824
1759998207.7284496,0.238
1759998207.778297,0.369
1759998207.778297,0.093
1759998207.778297,-0.824
1759998207.778297,0.249
1759998207.778297,-1.081
1759998207.8284488,0.369
1759998207.8284488,0.093
1759998207.8284488,-0.824
1759998207.8284488,0.247
1759998207.8783245,0.369
1759998207.8783245,0.093
1759998207.8783245,-0.825
1759998207.8783245,0.25
1759998207.9284039,0.369
1759998207.9284039,0.093
1759998207.9284039,-0.824
1759998207.9284039,0.249
1759998207.9284039,1.303
1759998207.9284039,-0.299
1759998207.978318,0.369
1759998207.978318,0.092
1759998207.978318,-0.824
1759998207.978318,0.246
1759998207.978318,-0.374
1759998208.0281644,0.369
1759998208.0281644,0.092
1759998208.0281644,-0.822
1759998208.0281644,0.239
1759998208.0784342,0.369
1759998208.0784342,0.092
1759998208.0784342,-0.824
1759998208.0784342,0.24
1759998208.128514,0.369
1759998208.128514,0.092
1759998208.128514,-0.824
1759998208.128514,0.245
1759998208.1785972,0.369
1759998208.1785972,0.092
1759998208.1785972,-0.825
1759998208.1785972,0.243
1759998208.1785972,-0.588
1759998208.2283416,0.369
1759998208.2283416,0.092
1759998208.2283416,-0.825
1759998208.2283416,0.237
1759998208.2782571,0.369
1759998208.2782571,0.09
1759998208.2782571,-0.825
1759998208.2782571,0.24
1759998208.2782571,-0.856
1759998208.2782571,-0.535
1759998208.328678,0.369
1759998208.328678,0.091
1759998208.328678,-0.824
1759998208.328678,0.236
1759998208.3787036,0.369
1759998208.3787036,0.091
1759998208.3787036,-0.825
1759998208.3787036,0.235
1759998208.4279184,0.369
1759998208.4279184,0.091
1759998208.4279184,-0.824
1759998208.4279184,0.238
1759998208.477778,0.369
1759998208.477778,0.091
1759998208.477778,-0.825
1759998208.477778,0.244
1759998208.5283523,0.369
1759998208.5283523,0.092
1759998208.5283523,-0.825
1759998208.5283523,0.24
1759998208.5283523,-0.331
1759998208.5283523,-0.436
1759998208.578302,0.369
1759998208.578302,0.091
1759998208.578302,-0.823
1759998208.578302,0.231
1759998208.6281328,0.369
1759998208.6281328,0.092
1759998208.6281328,-0.824
1759998208.6281328,0.242
1759998208.677917,0.369
1759998208.677917,0.092
1759998208.677917,-0.824
1759998208.677917,0.245
1759998208.7281356,0.369
1759998208.7281356,0.092
1759998208.7281356,-0.824
1759998208.7281356,0.24
1759998208.7782454,0.369
1759998208.7782454,0.091
1759998208.7782454,-0.824
1759998208.7782454,0.241
1759998208.8283546,0.369
1759998208.8283546,0.092
1759998208.8283546,-0.823
1759998208.8283546,0.241
1759998208.8783772,0.369
1759998208.8783772,0.093
1759998208.8783772,-0.822
1759998208.8783772,0.242
1759998208.9282176,0.369
1759998208.9282176,0.093
1759998208.9282176,-0.824
1759998208.9282176,0.247
1759998208.9783256,0.369
1759998208.9783256,0.094
1759998208.9783256,-0.824
1759998208.9783256,0.252
1759998209.0281081,0.369
1759998209.0281081,0.092
1759998209.0281081,-0.824
1759998209.0281081,0.243
1759998209.0781739,0.369
1759998209.0781739,0.093
1759998209.0781739,-0.823
1759998209.0781739,0.251
1759998209.1284251,0.369
1759998209.1284251,0.093
1759998209.1284251,-0.824
1759998209.1284251,0.245
1759998209.1284251,-0.634
1759998209.178342,0.369
1759998209.178342,0.093
1759998209.178342,-0.823
1759998209.178342,0.249
1759998209.2278593,0.369
1759998209.2278593,0.091
1759998209.2278593,-0.824
1759998209.2278593,0.246
1759998209.278113,0.369
1759998209.278113,0.093
1759998209.278113,-0.824
1759998209.278113,0.242
1759998209.278113,-0.282
1759998209.3281693,0.369
1759998209.3281693,0.092
1759998209.3281693,-0.824
1759998209.3281693,0.242
1759998209.3782403,0.369
1759998209.3782403,0.092
1759998209.3782403,-0.823
1759998209.3782403,0.245
1759998209.428204,0.369
1759998209.428204,0.093
1759998209.428204,-0.823
1759998209.428204,0.246
1759998209.4782982,0.369
1759998209.4782982,0.092
1759998209.4782982,-0.824
1759998209.4782982,0.243
1759998209.5280168,0.369
1759998209.5280168,0.093
1759998209.5280168,-0.824
1759998209.5280168,0.241
1759998209.5280168,-0.345
1759998209.578219,0.369
1759998209.578219,0.092
1759998209.578219,-0.823
1759998209.578219,0.241
1759998209.6277192,0.369
1759998209.6277192,0.092
1759998209.6277192,-0.824
1759998209.6277192,0.243
1759998209.6277192,-0.362
1759998209.6784413,0.369
1759998209.6784413,0.092
1759998209.6784413,-0.824
1759998209.6784413,0.242
1759998209.7282388,0.369
1759998209.7282388,0.091
1759998209.7282388,-0.825
1759998209.7282388,0.24
1759998209.7778697,0.369
1759998209.7778697,0.092
1759998209.7778697,-0.824
1759998209.7778697,0.24
1759998209.8274448,0.369
1759998209.8274448,0.091
1759998209.8274448,-0.823
1759998209.8274448,0.242
1759998209.8774838,0.369
1759998209.8774838,0.092
1759998209.8774838,-0.824
1759998209.8774838,0.245
1759998209.9276042,0.369
1759998209.9276042,0.092
1759998209.9276042,-0.824
1759998209.9276042,0.236
1759998209.9776213,0.369
1759998209.9776213,0.092
1759998209.9776213,-0.824
1759998209.9776213,0.241
1759998210.0285385,0.369
1759998210.0285385,0.092
1759998210.0285385,-0.822
1759998210.0285385,0.243
1759998210.0285385,-0.055
1759998210.0784488,0.369
1759998210.0784488,0.092
1759998210.0784488,-0.824
1759998210.0784488,0.24
1759998210.1286922,0.369
1759998210.1286922,0.092
1759998210.1286922,-0.823
1759998210.1286922,0.24
1759998210.1786318,0.369
1759998210.1786318,0.092
1759998210.1786318,-0.823
1759998210.1786318,0.242
1759998210.228504,0.369
1759998210.228504,0.091
1759998210.228504,-0.823
1759998210.228504,0.245
1759998210.279319,0.369
1759998210.279319,0.092
1759998210.279319,-0.825
1759998210.279319,0.244
1759998210.3283439,0.369
1759998210.3283439,0.092
1759998210.3283439,-0.824
1759998210.3283439,0.245
1759998210.3773267,0.369
1759998210.3773267,0.093
1759998210.3773267,-0.823
1759998210.3773267,0.248
1759998210.4284823,0.369
1759998210.4284823,0.093
1759998210.4284823,-0.824
1759998210.4284823,0.241
1759998210.4788282,0.369
1759998210.4788282,0.094
1759998210.4788282,-0.824
1759998210.4788282,0.247
1759998210.5284967,0.369
1759998210.5284967,0.094
1759998210.5284967,-0.825
1759998210.5284967,0.244
1759998210.5284967,-0.197
1759998210.5787897,0.369
1759998210.5787897,0.092
1759998210.5787897,-0.825
1759998210.5787897,0.248
1759998210.6283417,0.369
1759998210.6283417,0.093
1759998210.6283417,-0.823
1759998210.6283417,0.243
1759998210.6779742,0.369
1759998210.6779742,0.092
1759998210.6779742,-0.824
1759998210.6779742,0.242
1759998210.72919,0.369
1759998210.72919,0.091
1759998210.72919,-0.823
1759998210.72919,0.251
1759998210.7782383,0.369
1759998210.7782383,0.092
1759998210.7782383,-0.823
1759998210.7782383,0.244
1759998210.828265,0.369
1759998210.828265,0.092
1759998210.828265,-0.823
1759998210.828265,0.247
1759998210.8782094,0.369
1759998210.8782094,0.091
1759998210.8782094,-0.824
1759998210.8782094,0.245
1759998210.9275541,0.369
1759998210.9275541,0.091
1759998210.9275541,-0.824
1759998210.9275541,0.243
1759998210.9784968,0.369
1759998210.9784968,0.091
1759998210.9784968,-0.824
1759998210.9784968,0.237
1759998211.0277038,0.369
1759998211.0277038,0.092
1759998211.0277038,-0.823
1759998211.0277038,0.241
1759998211.0777006,0.369
1759998211.0777006,0.092
1759998211.0777006,-0.824
1759998211.0777006,0.236
1759998211.128471,0.369
1759998211.128471,0.091
1759998211.128471,-0.824
1759998211.128471,0.24
1759998211.1784697,0.369
1759998211.1784697,0.09
1759998211.1784697,-0.825
1759998211.1784697,0.239
1759998211.2283533,0.369
1759998211.2283533,0.09
1759998211.2283533,-0.824
1759998211.2283533,0.248
1759998211.278258,0.369
1759998211.278258,0.091
1759998211.278258,-0.824
1759998211.278258,0.23
1759998211.327955,0.369
1759998211.327955,0.091
1759998211.327955,-0.824
1759998211.327955,0.233
1759998211.3781059,0.369
1759998211.3781059,0.092
1759998211.3781059,-0.823
1759998211.3781059,0.241
1759998211.4282393,0.369
1759998211.4282393,0.092
1759998211.4282393,-0.824
1759998211.4282393,0.234
1759998211.4777236,0.369
1759998211.4777236,0.092
1759998211.4777236,-0.825
1759998211.4777236,0.239
1759998211.5278254,0.369
1759998211.5278254,0.092
1759998211.5278254,-0.825
1759998211.5278254,0.239
1759998211.5778315,0.369
1759998211.5778315,0.092
1759998211.5778315,-0.824
1759998211.5778315,0.238
1759998211.6278203,0.369
1759998211.6278203,0.092
1759998211.6278203,-0.823
1759998211.6278203,0.237
1759998211.6776552,0.369
1759998211.6776552,0.092
1759998211.6776552,-0.823
1759998211.6776552,0.247
1759998211.72815,0.369
1759998211.72815,0.092
1759998211.72815,-0.824
1759998211.72815,0.24
1759998211.72815,0.297
1759998211.7782104,0.369
1759998211.7782104,0.092
1759998211.7782104,-0.823
1759998211.7782104,0.24
1759998211.8279734,0.369
1759998211.8279734,0.091
1759998211.8279734,-0.822
1759998211.8279734,0.243
1759998211.8279734,-0.356
1759998211.8778675,0.369
1759998211.8778675,0.092
1759998211.8778675,-0.823
1759998211.8778675,0.241
1759998211.9275765,0.369
1759998211.9275765,0.092
1759998211.9275765,-0.822
1759998211.9275765,0.242
1759998211.9779482,0.369
1759998211.9779482,0.093
1759998211.9779482,-0.824
1759998211.9779482,0.241
1759998212.0273771,0.369
1759998212.0273771,0.092
1759998212.0273771,-0.823
1759998212.0273771,0.24
1759998212.0775378,0.369
1759998212.0775378,0.093
1759998212.0775378,-0.823
1759998212.0775378,0.243
1759998212.1275187,0.369
1759998212.1275187,0.092
1759998212.1275187,-0.823
1759998212.1275187,0.242
1759998212.1275187,-0.421
1759998212.178347,0.369
1759998212.178347,0.092
1759998212.178347,-0.825
1759998212.178347,0.242
1759998212.2277732,0.369
1759998212.2277732,0.091
1759998212.2277732,-0.823
1759998212.2277732,0.238
1759998212.278206,0.369
1759998212.278206,0.091
1759998212.278206,-0.823
1759998212.278206,0.236
1759998212.327578,0.369
1759998212.327578,0.093
1759998212.327578,-0.824
1759998212.327578,0.242
1759998212.3779042,0.369
1759998212.3779042,0.09
1759998212.3779042,-0.824
1759998212.3779042,0.237
1759998212.4278476,0.369
1759998212.4278476,0.092
1759998212.4278476,-0.824
1759998212.4278476,0.237
1759998212.47763,0.369
1759998212.47763,0.092
1759998212.47763,-0.823
1759998212.47763,0.238
1759998212.5280879,0.369
1759998212.5280879,0.09
1759998212.5280879,-0.823
1759998212.5280879,0.237
1759998212.5779672,0.369
1759998212.5779672,0.092
1759998212.5779672,-0.823
1759998212.5779672,0.237
1759998212.627807,0.369
1759998212.627807,0.091
1759998212.627807,-0.823
1759998212.627807,0.24
1759998212.6778789,0.369
1759998212.6778789,0.091
1759998212.6778789,-0.823
1759998212.6778789,0.242
1759998212.7279804,0.369
1759998212.7279804,0.092
1759998212.7279804,-0.824
1759998212.7279804,0.238
1759998212.777704,0.369
1759998212.777704,0.092
1759998212.777704,-0.824
1759998212.777704,0.239
1759998212.8276715,0.369
1759998212.8276715,0.091
1759998212.8276715,-0.824
1759998212.8276715,0.235
1759998212.8774323,0.369
1759998212.8774323,0.092
1759998212.8774323,-0.823
1759998212.8774323,0.238
1759998212.927437,0.369
1759998212.927437,0.091
1759998212.927437,-0.824
1759998212.927437,0.236
1759998212.9778745,0.369
1759998212.9778745,0.091
1759998212.9778745,-0.824
1759998212.9778745,0.236
1759998213.027497,0.369
1759998213.027497,0.092
1759998213.027497,-0.824
1759998213.027497,0.237
1759998213.0780444,0.369
1759998213.0780444,0.092
1759998213.0780444,-0.824
1759998213.0780444,0.241
1759998213.1282432,0.369
1759998213.1282432,0.092
1759998213.1282432,-0.823
1759998213.1282432,0.241
1759998213.1784184,0.369
1759998213.1784184,0.092
1759998213.1784184,-0.824
1759998213.1784184,0.245
1759998213.2282953,0.369
1759998213.2282953,0.092
1759998213.2282953,-0.823
1759998213.2282953,0.245
1759998213.2782214,0.369
1759998213.2782214,0.092
1759998213.2782214,-0.824
1759998213.2782214,0.241
1759998213.3278549,0.369
1759998213.3278549,0.092
1759998213.3278549,-0.824
1759998213.3278549,0.247
1759998213.3278549,0.126
1759998213.3783126,0.369
1759998213.3783126,0.093
1759998213.3783126,-0.823
1759998213.3783126,0.243
1759998213.4283595,0.369
1759998213.4283595,0.091
1759998213.4283595,-0.823
1759998213.4283595,0.242
1759998213.477965,0.369
1759998213.477965,0.092
1759998213.477965,-0.822
1759998213.477965,0.237
1759998213.5281756,0.369
1759998213.5281756,0.093
1759998213.5281756,-0.824
1759998213.5281756,0.239
1759998213.5782073,0.369
1759998213.5782073,0.092
1759998213.5782073,-0.824
1759998213.5782073,0.242
1759998213.6282036,0.369
1759998213.6282036,0.092
1759998213.6282036,-0.823
1759998213.6282036,0.237
1759998213.678397,0.369
1759998213.678397,0.092
1759998213.678397,-0.823
1759998213.678397,0.237
1759998213.7282612,0.369
1759998213.7282612,0.091
1759998213.7282612,-0.825
1759998213.7282612,0.234
1759998213.7779539,0.369
1759998213.7779539,0.091
1759998213.7779539,-0.825
1759998213.7779539,0.239
1759998213.8279698,0.369
1759998213.8279698,0.092
1759998213.8279698,-0.824
1759998213.8279698,0.241
1759998213.8279698,-1.187
1759998213.8783228,0.369
1759998213.8783228,0.091
1759998213.8783228,-0.823
1759998213.8783228,0.235
1759998213.9281802,0.369
1759998213.9281802,0.092
1759998213.9281802,-0.823
1759998213.9281802,0.235
1759998213.9782393,0.369
1759998213.9782393,0.092
1759998213.9782393,-0.824
1759998213.9782393,0.238
1759998214.0284674,0.369
1759998214.0284674,0.091
1759998214.0284674,-0.824
1759998214.0284674,0.235
1759998214.0784562,0.369
1759998214.0784562,0.091
1759998214.0784562,-0.824
1759998214.0784562,0.235
1759998214.1284409,0.369
1759998214.1284409,0.092
1759998214.1284409,-0.824
1759998214.1284409,0.237
1759998214.1785607,0.369
1759998214.1785607,0.091
1759998214.1785607,-0.824
1759998214.1785607,0.24
1759998214.2285545,0.369
1759998214.2285545,0.092
1759998214.2285545,-0.824
1759998214.2285545,0.235
1759998214.2285545,1.052
1759998214.2285545,0.007
1759998214.2285545,-0.374
1759998214.2285545,-1.24
1759998214.2777228,0.369
1759998214.2777228,0.092
1759998214.2777228,-0.824
1759998214.2777228,0.24
1759998214.329213,0.369
1759998214.329213,0.091
1759998214.329213,-0.824
1759998214.329213,0.239
1759998214.3793843,0.369
1759998214.3793843,0.092
1759998214.3793843,-0.824
1759998214.3793843,0.24
1759998214.4293976,0.369
1759998214.4293976,0.092
1759998214.4293976,-0.824
1759998214.4293976,0.243
1759998214.4792032,0.369
1759998214.4792032,0.092
1759998214.4792032,-0.824
1759998214.4792032,0.241
1759998214.5295374,0.369
1759998214.5295374,0.092
1759998214.5295374,-0.824
1759998214.5295374,0.24
1759998214.5790873,0.369
1759998214.5790873,0.092
1759998214.5790873,-0.823
1759998214.5790873,0.243
1759998214.6287131,0.369
1759998214.6287131,0.092
1759998214.6287131,-0.823
1759998214.6287131,0.241
1759998214.6785023,0.369
1759998214.6785023,0.093
1759998214.6785023,-0.823
1759998214.6785023,0.24
1759998214.7282665,0.369
1759998214.7282665,0.093
1759998214.7282665,-0.824
1759998214.7282665,0.243
1759998214.778221,0.369
1759998214.778221,0.093
1759998214.778221,-0.824
1759998214.778221,0.241
1759998214.8277028,0.369
1759998214.8277028,0.093
1759998214.8277028,-0.824
1759998214.8277028,0.243
1759998214.878268,0.369
1759998214.878268,0.093
1759998214.878268,-0.824
1759998214.878268,0.239
1759998214.9282641,0.369
1759998214.9282641,0.092
1759998214.9282641,-0.824
1759998214.9282641,0.241
1759998214.9782352,0.369
1759998214.9782352,0.092
1759998214.9782352,-0.824
1759998214.9782352,0.242
1759998215.0279338,0.369
1759998215.0279338,0.093
1759998215.0279338,-0.824
1759998215.0279338,0.24
1759998215.0783021,0.369
1759998215.0783021,0.092
1759998215.0783021,-0.825
1759998215.0783021,0.241
1759998215.1284049,0.369
1759998215.1284049,0.093
1759998215.1284049,-0.823
1759998215.1284049,0.237
1759998215.1784792,0.369
1759998215.1784792,0.091
1759998215.1784792,-0.824
1759998215.1784792,0.239
1759998215.2285137,0.369
1759998215.2285137,0.092
1759998215.2285137,-0.824
1759998215.2285137,0.24
1759998215.2784116,0.369
1759998215.2784116,0.092
1759998215.2784116,-0.824
1759998215.2784116,0.239
1759998215.3283942,0.369
1759998215.3283942,0.092
1759998215.3283942,-0.825
1759998215.3283942,0.238
1759998215.3783407,0.369
1759998215.3783407,0.092
1759998215.3783407,-0.825
1759998215.3783407,0.239
1759998215.428083,0.369
1759998215.428083,0.092
1759998215.428083,-0.823
1759998215.428083,0.242
1759998215.4785285,0.369
1759998215.4785285,0.092
1759998215.4785285,-0.824
1759998215.4785285,0.235
1759998215.5280735,0.369
1759998215.5280735,0.092
1759998215.5280735,-0.824
1759998215.5280735,0.238
1759998215.577982,0.369
1759998215.577982,0.093
1759998215.577982,-0.823
1759998215.577982,0.243
1759998215.6279874,0.369
1759998215.6279874,0.093
1759998215.6279874,-0.825
1759998215.6279874,0.238
1759998215.6783578,0.369
1759998215.6783578,0.092
1759998215.6783578,-0.823
1759998215.6783578,0.238
1759998215.7280028,0.369
1759998215.7280028,0.092
1759998215.7280028,-0.823
1759998215.7280028,0.238
1759998215.777966,0.369
1759998215.777966,0.092
1759998215.777966,-0.823
1759998215.777966,0.24
1759998215.8285291,0.369
1759998215.8285291,0.092
1759998215.8285291,-0.823
1759998215.8285291,0.241
1759998215.8786843,0.369
1759998215.8786843,0.092
1759998215.8786843,-0.823
1759998215.8786843,0.241
1759998215.9279754,0.369
1759998215.9279754,0.093
1759998215.9279754,-0.823
1759998215.9279754,0.239
1759998215.978478,0.369
1759998215.978478,0.092
1759998215.978478,-0.823
1759998215.978478,0.241
1759998216.028836,0.369
1759998216.028836,0.093
1759998216.028836,-0.824
1759998216.028836,0.24
1759998216.0784934,0.369
1759998216.0784934,0.092
1759998216.0784934,-0.823
1759998216.0784934,0.242
1759998216.1283152,0.369
1759998216.1283152,0.093
1759998216.1283152,-0.823
1759998216.1283152,0.237
1759998216.1788719,0.369
1759998216.1788719,0.092
1759998216.1788719,-0.824
1759998216.1788719,0.242
1759998216.2283006,0.369
1759998216.2283006,0.093
1759998216.2283006,-0.824
1759998216.2283006,0.244
1759998216.2783046,0.369
1759998216.2783046,0.091
1759998216.2783046,-0.824
1759998216.2783046,0.236
1759998216.3284202,0.369
1759998216.3284202,0.092
1759998216.3284202,-0.825
1759998216.3284202,0.244
1759998216.3783479,0.369
1759998216.3783479,0.093
1759998216.3783479,-0.825
1759998216.3783479,0.24
1759998216.4285517,0.369
1759998216.4285517,0.092
1759998216.4285517,-0.824
1759998216.4285517,0.24
1759998216.4790373,0.369
1759998216.4790373,0.091
1759998216.4790373,-0.824
1759998216.4790373,0.238
1759998216.5279827,0.369
1759998216.5279827,0.091
1759998216.5279827,-0.824
1759998216.5279827,0.24
1759998216.5783186,0.369
1759998216.5783186,0.092
1759998216.5783186,-0.823
1759998216.5783186,0.24
1759998216.628319,0.369
1759998216.628319,0.091
1759998216.628319,-0.823
1759998216.628319,0.242
1759998216.6784601,0.369
1759998216.6784601,0.092
1759998216.6784601,-0.823
1759998216.6784601,0.239
1759998216.7281113,0.369
1759998216.7281113,0.091
1759998216.7281113,-0.823
1759998216.7281113,0.238
1759998216.778423,0.369
1759998216.778423,0.091
1759998216.778423,-0.824
1759998216.778423,0.239
1759998216.828463,0.369
1759998216.828463,0.092
1759998216.828463,-0.824
1759998216.828463,0.234
1759998216.8784401,0.369
1759998216.8784401,0.091
1759998216.8784401,-0.822
1759998216.8784401,0.239
1759998216.9283426,0.369
1759998216.9283426,0.092
1759998216.9283426,-0.822
1759998216.9283426,0.243
1759998216.9784606,0.369
1759998216.9784606,0.091
1759998216.9784606,-0.823
1759998216.9784606,0.242
1759998216.9784606,-0.508
1759998216.9784606,-1.494
1759998217.0283537,0.369
1759998217.0283537,0.092
1759998217.0283537,-0.823
1759998217.0283537,0.236
1759998217.0793297,0.369
1759998217.0793297,0.092
1759998217.0793297,-0.824
1759998217.0793297,0.242
1759998217.128428,0.369
1759998217.128428,0.092
1759998217.128428,-0.824
1759998217.128428,0.242
1759998217.178821,0.369
1759998217.178821,0.092
1759998217.178821,-0.824
1759998217.178821,0.243
1759998217.2286513,0.369
1759998217.2286513,0.092
1759998217.2286513,-0.823
1759998217.2286513,0.246
1759998217.2784853,0.369
1759998217.2784853,0.092
1759998217.2784853,-0.823
1759998217.2784853,0.24
1759998217.3283176,0.369
1759998217.3283176,0.092
1759998217.3283176,-0.823
1759998217.3283176,0.238
1759998217.378017,0.369
1759998217.378017,0.092
1759998217.378017,-0.824
1759998217.378017,0.24
1759998217.4283266,0.369
1759998217.4283266,0.092
1759998217.4283266,-0.822
1759998217.4283266,0.24
1759998217.478128,0.369
1759998217.478128,0.092
1759998217.478128,-0.822
1759998217.478128,0.237
1759998217.5284464,0.369
1759998217.5284464,0.092
1759998217.5284464,-0.823
1759998217.5284464,0.243
1759998217.578539,0.369
1759998217.578539,0.092
1759998217.578539,-0.824
1759998217.578539,0.241
1759998217.6284149,0.369
1759998217.6284149,0.091
1759998217.6284149,-0.823
1759998217.6284149,0.241
1759998217.6783845,0.369
1759998217.6783845,0.092
1759998217.6783845,-0.823
1759998217.6783845,0.241
1759998217.7283823,0.369
1759998217.7283823,0.091
1759998217.7283823,-0.823
1759998217.7283823,0.239
1759998217.7783864,0.369
1759998217.7783864,0.092
1759998217.7783864,-0.822
1759998217.7783864,0.24
1759998217.8284328,0.369
1759998217.8284328,0.092
1759998217.8284328,-0.824
1759998217.8284328,0.244
1759998217.8284328,1.027
1759998217.8783393,0.369
1759998217.8783393,0.092
1759998217.8783393,-0.824
1759998217.8783393,0.239
1759998217.9283738,0.369
1759998217.9283738,0.092
1759998217.9283738,-0.822
1759998217.9283738,0.242
1759998217.9784837,0.369
1759998217.9784837,0.092
1759998217.9784837,-0.824
1759998217.9784837,0.239
1759998218.0283291,0.369
1759998218.0283291,0.09
1759998218.0283291,-0.822
1759998218.0283291,0.239
1759998218.0781124,0.369
1759998218.0781124,0.092
1759998218.0781124,-0.823
1759998218.0781124,0.241
1759998218.1281707,0.369
1759998218.1281707,0.091
1759998218.1281707,-0.823
1759998218.1281707,0.239
1759998218.1788368,0.369
1759998218.1788368,0.091
1759998218.1788368,-0.823
1759998218.1788368,0.236
1759998218.2285407,0.369
1759998218.2285407,0.092
1759998218.2285407,-0.824
1759998218.2285407,0.235
1759998218.2285407,-0.302
1759998218.2784534,0.369
1759998218.2784534,0.091
1759998218.2784534,-0.823
1759998218.2784534,0.239
1759998218.3284235,0.369
1759998218.3284235,0.091
1759998218.3284235,-0.823
1759998218.3284235,0.241
1759998218.3783984,0.369
1759998218.3783984,0.092
1759998218.3783984,-0.822
1759998218.3783984,0.242
1759998218.4283233,0.369
1759998218.4283233,0.093
1759998218.4283233,-0.823
1759998218.4283233,0.242
1759998218.478291,0.369
1759998218.478291,0.092
1759998218.478291,-0.823
1759998218.478291,0.243
1759998218.528256,0.369
1759998218.528256,0.091
1759998218.528256,-0.823
1759998218.528256,0.24
1759998218.5784142,0.369
1759998218.5784142,0.092
1759998218.5784142,-0.823
1759998218.5784142,0.242
1759998218.6283436,0.369
1759998218.6283436,0.092
1759998218.6283436,-0.822
1759998218.6283436,0.242
1759998218.6784182,0.369
1759998218.6784182,0.093
1759998218.6784182,-0.823
1759998218.6784182,0.241
1759998218.7283714,0.369
1759998218.7283714,0.092
1759998218.7283714,-0.823
1759998218.7283714,0.242
1759998218.7781253,0.369
1759998218.7781253,0.092
1759998218.7781253,-0.823
1759998218.7781253,0.24
1759998218.8283029,0.369
1759998218.8283029,0.092
1759998218.8283029,-0.822
1759998218.8283029,0.243
1759998218.8785493,0.369
1759998218.8785493,0.092
1759998218.8785493,-0.822
1759998218.8785493,0.238
1759998218.9283898,0.369
1759998218.9283898,0.092
1759998218.9283898,-0.823
1759998218.9283898,0.238
1759998218.9791007,0.369
1759998218.9791007,0.091
1759998218.9791007,-0.824
1759998218.9791007,0.242
1759998219.0283186,0.369
1759998219.0283186,0.092
1759998219.0283186,-0.824
1759998219.0283186,0.243
1759998219.078093,0.369
1759998219.078093,0.092
1759998219.078093,-0.824
1759998219.078093,0.241
1759998219.128411,0.369
1759998219.128411,0.092
1759998219.128411,-0.824
1759998219.128411,0.244
1759998219.1785989,0.369
1759998219.1785989,0.092
1759998219.1785989,-0.823
1759998219.1785989,0.238
1759998219.2286313,0.369
1759998219.2286313,0.092
1759998219.2286313,-0.823
1759998219.2286313,0.239
1759998219.2779841,0.369
1759998219.2779841,0.092
1759998219.2779841,-0.823
1759998219.2779841,0.241
1759998219.328464,0.369
1759998219.328464,0.092
1759998219.328464,-0.822
1759998219.328464,0.239
1759998219.378433,0.369
1759998219.378433,0.091
1759998219.378433,-0.823
1759998219.378433,0.24
1759998219.428142,0.369
1759998219.428142,0.091
1759998219.428142,-0.823
1759998219.428142,0.238
1759998219.428142,1.14
1759998219.428142,-0.259
1759998219.4780898,0.369
1759998219.4780898,0.091
1759998219.4780898,-0.824
1759998219.4780898,0.244
1759998219.5284235,0.369
1759998219.5284235,0.091
1759998219.5284235,-0.824
1759998219.5284235,0.243
1759998219.5784636,0.369
1759998219.5784636,0.091
1759998219.5784636,-0.824
1759998219.5784636,0.239
1759998219.5784636,-1.324
1759998219.6279168,0.369
1759998219.6279168,0.091
1759998219.6279168,-0.822
1759998219.6279168,0.239
1759998219.6784325,0.369
1759998219.6784325,0.092
1759998219.6784325,-0.823
1759998219.6784325,0.237
1759998219.7280931,0.369
1759998219.7280931,0.092
1759998219.7280931,-0.823
1759998219.7280931,0.239
1759998219.777897,0.369
1759998219.777897,0.091
1759998219.777897,-0.823
1759998219.777897,0.24
1759998219.828659,0.369
1759998219.828659,0.091
1759998219.828659,-0.822
1759998219.828659,0.237
1759998219.8788006,0.369
1759998219.8788006,0.091
1759998219.8788006,-0.823
1759998219.8788006,0.237
1759998219.9285264,0.369
1759998219.9285264,0.092
1759998219.9285264,-0.823
1759998219.9285264,0.243
1759998219.9783607,0.369
1759998219.9783607,0.091
1759998219.9783607,-0.822
1759998219.9783607,0.242
1759998219.9783607,-0.379
1759998220.0284553,0.369
1759998220.0284553,0.092
1759998220.0284553,-0.822
1759998220.0284553,0.242
1759998220.0783381,0.369
1759998220.0783381,0.093
1759998220.0783381,-0.823
1759998220.0783381,0.239
1759998220.1286583,0.369
1759998220.1286583,0.092
1759998220.1286583,-0.823
1759998220.1286583,0.241
1759998220.178657,0.369
1759998220.178657,0.092
1759998220.178657,-0.823
1759998220.178657,0.241
1759998220.2283392,0.369
1759998220.2283392,0.092
1759998220.2283392,-0.824
1759998220.2283392,0.238
1759998220.278639,0.369
1759998220.278639,0.091
1759998220.278639,-0.823
1759998220.278639,0.24
1759998220.3286076,0.369
1759998220.3286076,0.092
1759998220.3286076,-0.824
1759998220.3286076,0.238
1759998220.3780522,0.369
1759998220.3780522,0.092
1759998220.3780522,-0.823
1759998220.3780522,0.242
1759998220.4290917,0.369
1759998220.4290917,0.092
1759998220.4290917,-0.822
1759998220.4290917,0.241
1759998220.4787002,0.369
1759998220.4787002,0.092
1759998220.4787002,-0.823
1759998220.4787002,0.242
1759998220.5285218,0.369
1759998220.5285218,0.09
1759998220.5285218,-0.822
1759998220.5285218,0.236
1759998220.578346,0.369
1759998220.578346,0.091
1759998220.578346,-0.823
1759998220.578346,0.24
1759998220.6281083,0.369
1759998220.6281083,0.092
1759998220.6281083,-0.823
1759998220.6281083,0.241
1759998220.6779137,0.369
1759998220.6779137,0.092
1759998220.6779137,-0.823
1759998220.6779137,0.241
1759998220.7280223,0.369
1759998220.7280223,0.092
1759998220.7280223,-0.823
1759998220.7280223,0.241
1759998220.7280223,-0.334
1759998220.7777267,0.369
1759998220.7777267,0.092
1759998220.7777267,-0.823
1759998220.7777267,0.236
1759998220.8283427,0.369
1759998220.8283427,0.091
1759998220.8283427,-0.823
1759998220.8283427,0.235
1759998220.8785355,0.369
1759998220.8785355,0.091
1759998220.8785355,-0.823
1759998220.8785355,0.242
1759998220.8785355,-0.149
1759998220.9281619,0.369
1759998220.9281619,0.091
1759998220.9281619,-0.825
1759998220.9281619,0.239
1759998220.9778328,0.369
1759998220.9778328,0.091
1759998220.9778328,-0.824
1759998220.9778328,0.237
1759998221.0282192,0.369
1759998221.0282192,0.09
1759998221.0282192,-0.823
1759998221.0282192,0.239
1759998221.0790884,0.369
1759998221.0790884,0.092
1759998221.0790884,-0.823
1759998221.0790884,0.24
1759998221.128205,0.369
1759998221.128205,0.09
1759998221.128205,-0.823
1759998221.128205,0.238
1759998221.128205,-0.368
1759998221.128205,-0.517
1759998221.1785402,0.369
1759998221.1785402,0.091
1759998221.1785402,-0.823
1759998221.1785402,0.24
1759998221.2281153,0.369
1759998221.2281153,0.09
1759998221.2281153,-0.824
1759998221.2281153,0.24
1759998221.2781117,0.369
1759998221.2781117,0.091
1759998221.2781117,-0.823
1759998221.2781117,0.237
1759998221.2781117,-1.479
1759998221.3279707,0.369
1759998221.3279707,0.091
1759998221.3279707,-0.823
1759998221.3279707,0.239
1759998221.3776107,0.369
1759998221.3776107,0.091
1759998221.3776107,-0.823
1759998221.3776107,0.239
1759998221.4281332,0.369
1759998221.4281332,0.09
1759998221.4281332,-0.824
1759998221.4281332,0.24
1759998221.4281332,1.018
1759998221.4281332,-0.176
1759998221.4776096,0.369
1759998221.4776096,0.091
1759998221.4776096,-0.823
1759998221.4776096,0.238
1759998221.5275114,0.369
1759998221.5275114,0.091
1759998221.5275114,-0.824
1759998221.5275114,0.245
1759998221.5776548,0.369
1759998221.5776548,0.091
1759998221.5776548,-0.823
1759998221.5776548,0.242
1759998221.5776548,-0.422
1759998221.627799,0.369
1759998221.627799,0.093
1759998221.627799,-0.824
1759998221.627799,0.242
1759998221.6781325,0.369
1759998221.6781325,0.091
1759998221.6781325,-0.824
1759998221.6781325,0.24
1759998221.7294292,0.369
1759998221.7294292,0.091
1759998221.7294292,-0.822
1759998221.7294292,0.238
1759998221.7786734,0.369
1759998221.7786734,0.092
1759998221.7786734,-0.823
1759998221.7786734,0.241
1759998221.8285496,0.369
1759998221.8285496,0.091
1759998221.8285496,-0.823
1759998221.8285496,0.24
1759998221.8790774,0.369
1759998221.8790774,0.091
1759998221.8790774,-0.823
1759998221.8790774,0.241
1759998221.9284673,0.369
1759998221.9284673,0.09
1759998221.9284673,-0.824
1759998221.9284673,0.24
1759998221.97841,0.369
1759998221.97841,0.091
1759998221.97841,-0.823
1759998221.97841,0.238
1759998222.0283816,0.369
1759998222.0283816,0.092
1759998222.0283816,-0.822
1759998222.0283816,0.238
1759998222.0787866,0.369
1759998222.0787866,0.091
1759998222.0787866,-0.824
1759998222.0787866,0.242
1759998222.128362,0.369
1759998222.128362,0.09
1759998222.128362,-0.823
1759998222.128362,0.24
1759998222.1791563,0.369
1759998222.1791563,0.091
1759998222.1791563,-0.823
1759998222.1791563,0.242
1759998222.1791563,-0.102
1759998222.2284117,0.369
1759998222.2284117,0.091
1759998222.2284117,-0.823
1759998222.2284117,0.24
1759998222.2284117,0.444
1759998222.2781122,0.369
1759998222.2781122,0.091
1759998222.2781122,-0.823
1759998222.2781122,0.243
1759998222.328326,0.369
1759998222.328326,0.09
1759998222.328326,-0.823
1759998222.328326,0.24
1759998222.3785906,0.369
1759998222.3785906,0.09
1759998222.3785906,-0.824
1759998222.3785906,0.242
1759998222.4279294,0.369
1759998222.4279294,0.091
1759998222.4279294,-0.823
1759998222.4279294,0.238
1759998222.4783516,0.369
1759998222.4783516,0.091
1759998222.4783516,-0.825
1759998222.4783516,0.241
1759998222.4783516,-0.176
1759998222.5283375,0.369
1759998222.5283375,0.091
1759998222.5283375,-0.823
1759998222.5283375,0.239
1759998222.5782058,0.369
1759998222.5782058,0.092
1759998222.5782058,-0.824
1759998222.5782058,0.241
1759998222.6278806,0.369
1759998222.6278806,0.092
1759998222.6278806,-0.823
1759998222.6278806,0.239
1759998222.6776993,0.369
1759998222.6776993,0.092
1759998222.6776993,-0.823
1759998222.6776993,0.242
1759998222.7277944,0.369
1759998222.7277944,0.091
1759998222.7277944,-0.823
1759998222.7277944,0.24
1759998222.7776709,0.369
1759998222.7776709,0.091
1759998222.7776709,-0.824
1759998222.7776709,0.242
1759998222.8293653,0.369
1759998222.8293653,0.092
1759998222.8293653,-0.823
1759998222.8293653,0.238
1759998222.8788407,0.369
1759998222.8788407,0.091
1759998222.8788407,-0.823
1759998222.8788407,0.239
1759998222.9285173,0.369
1759998222.9285173,0.092
1759998222.9285173,-0.823
1759998222.9285173,0.238
1759998222.9783995,0.369
1759998222.9783995,0.092
1759998222.9783995,-0.823
1759998222.9783995,0.24
1759998222.9783995,0.312
1759998223.027962,0.369
1759998223.027962,0.091
1759998223.027962,-0.822
1759998223.027962,0.241
1759998223.0776455,0.369
1759998223.0776455,0.092
1759998223.0776455,-0.823
1759998223.0776455,0.242
1759998223.128362,0.369
1759998223.128362,0.092
1759998223.128362,-0.823
1759998223.128362,0.24
1759998223.178493,0.369
1759998223.178493,0.091
1759998223.178493,-0.822
1759998223.178493,0.24
1759998223.2283454,0.369
1759998223.2283454,0.09
1759998223.2283454,-0.824
1759998223.2283454,0.227
1759998223.2783513,0.369
1759998223.2783513,0.092
1759998223.2783513,-0.823
1759998223.2783513,0.244
1759998223.3284159,0.369
1759998223.3284159,0.091
1759998223.3284159,-0.822
1759998223.3284159,0.233
1759998223.377965,0.369
1759998223.377965,0.091
1759998223.377965,-0.823
1759998223.377965,0.254
1759998223.4281054,0.369
1759998223.4281054,0.093
1759998223.4281054,-0.822
1759998223.4281054,0.247
1759998223.478075,0.369
1759998223.478075,0.091
1759998223.478075,-0.823
1759998223.478075,0.244
1759998223.5278835,0.369
1759998223.5278835,0.091
1759998223.5278835,-0.822
1759998223.5278835,0.244
1759998223.5278835,-0.268
1759998223.5778084,0.369
1759998223.5778084,0.092
1759998223.5778084,-0.822
1759998223.5778084,0.245
1759998223.6275582,0.369
1759998223.6275582,0.092
1759998223.6275582,-0.823
1759998223.6275582,0.243
1759998223.6778512,0.369
1759998223.6778512,0.091
1759998223.6778512,-0.824
1759998223.6778512,0.24
1759998223.7274451,0.369
1759998223.7274451,0.091
1759998223.7274451,-0.823
1759998223.7274451,0.246
1759998223.7781086,0.369
1759998223.7781086,0.091
1759998223.7781086,-0.823
1759998223.7781086,0.246
1759998223.8280041,0.369
1759998223.8280041,0.091
1759998223.8280041,-0.823
1759998223.8280041,0.241
1759998223.8779593,0.369
1759998223.8779593,0.092
1759998223.8779593,-0.822
1759998223.8779593,0.241
1759998223.9280555,0.369
1759998223.9280555,0.091
1759998223.9280555,-0.823
1759998223.9280555,0.244
1759998223.9778297,0.369
1759998223.9778297,0.092
1759998223.9778297,-0.822
1759998223.9778297,0.248
1759998223.9778297,-0.358
1759998224.0275881,0.369
1759998224.0275881,0.092
1759998224.0275881,-0.822
1759998224.0275881,0.245
1759998224.0776496,0.369
1759998224.0776496,0.091
1759998224.0776496,-0.823
1759998224.0776496,0.247
1759998224.1294775,0.369
1759998224.1294775,0.092
1759998224.1294775,-0.823
1759998224.1294775,0.25
1759998224.1796093,0.369
1759998224.1796093,0.092
1759998224.1796093,-0.823
1759998224.1796093,0.246
1759998224.2291782,0.369
1759998224.2291782,0.092
1759998224.2291782,-0.823
1759998224.2291782,0.246
1759998224.2784965,0.369
1759998224.2784965,0.092
1759998224.2784965,-0.824
1759998224.2784965,0.241
1759998224.3283153,0.369
1759998224.3283153,0.091
1759998224.3283153,-0.822
1759998224.3283153,0.242
1759998224.378137,0.369
1759998224.378137,0.091
1759998224.378137,-0.822
1759998224.378137,0.246
1759998224.378137,-0.458
1759998224.4285898,0.369
1759998224.4285898,0.092
1759998224.4285898,-0.823
1759998224.4285898,0.242
1759998224.4780908,0.369
1759998224.4780908,0.092
1759998224.4780908,-0.823
1759998224.4780908,0.237
1759998224.5284355,0.369
1759998224.5284355,0.091
1759998224.5284355,-0.823
1759998224.5284355,0.242
1759998224.5284355,-0.404
1759998224.5284355,-1.387
1759998224.578316,0.369
1759998224.578316,0.091
1759998224.578316,-0.823
1759998224.578316,0.244
1759998224.6283107,0.369
1759998224.6283107,0.091
1759998224.6283107,-0.823
1759998224.6283107,0.246
1759998224.678382,0.369
1759998224.678382,0.091
1759998224.678382,-0.823
1759998224.678382,0.247
1759998224.72848,0.369
1759998224.72848,0.092
1759998224.72848,-0.823
1759998224.72848,0.244
1759998224.7779982,0.369
1759998224.7779982,0.091
1759998224.7779982,-0.823
1759998224.7779982,0.244
1759998224.828029,0.369
1759998224.828029,0.091
1759998224.828029,-0.824
1759998224.828029,0.24
1759998224.8783522,0.369
1759998224.8783522,0.092
1759998224.8783522,-0.823
1759998224.8783522,0.237
1759998224.8783522,0.981
1759998224.9279048,0.369
1759998224.9279048,0.092
1759998224.9279048,-0.822
1759998224.9279048,0.24
1759998224.9779558,0.369
1759998224.9779558,0.092
1759998224.9779558,-0.822
1759998224.9779558,0.241
1759998224.9779558,-0.292
1759998225.0275857,0.369
1759998225.0275857,0.091
1759998225.0275857,-0.823
1759998225.0275857,0.243
1759998225.0275857,-0.448
1759998225.0785592,0.369
1759998225.0785592,0.092
1759998225.0785592,-0.823
1759998225.0785592,0.244
1759998225.1287868,0.369
1759998225.1287868,0.092
1759998225.1287868,-0.823
1759998225.1287868,0.248
1759998225.1787536,0.369
1759998225.1787536,0.091
1759998225.1787536,-0.823
1759998225.1787536,0.238
1759998225.1787536,-0.299
1759998225.228544,0.369
1759998225.228544,0.092
1759998225.228544,-0.823
1759998225.228544,0.242
1759998225.2787054,0.369
1759998225.2787054,0.091
1759998225.2787054,-0.823
1759998225.2787054,0.236
1759998225.3279645,0.369
1759998225.3279645,0.091
1759998225.3279645,-0.822
1759998225.3279645,0.247
1759998225.3785448,0.369
1759998225.3785448,0.092
1759998225.3785448,-0.823
1759998225.3785448,0.246
1759998225.4284375,0.369
1759998225.4284375,0.092
1759998225.4284375,-0.823
1759998225.4284375,0.241
1759998225.4284375,-0.43
1759998225.4786904,0.369
1759998225.4786904,0.092
1759998225.4786904,-0.822
1759998225.4786904,0.246
1759998225.5285308,0.37
1759998225.5285308,0.091
1759998225.5285308,-0.822
1759998225.5285308,0.242
1759998225.578493,0.369
1759998225.578493,0.092
1759998225.578493,-0.823
1759998225.578493,0.24
1759998225.578493,-0.348
1759998225.628571,0.369
1759998225.628571,0.092
1759998225.628571,-0.823
1759998225.628571,0.243
1759998225.628571,-0.421
1759998225.628571,-0.389
1759998225.6783519,0.369
1759998225.6783519,0.092
1759998225.6783519,-0.824
1759998225.6783519,0.241
1759998225.727997,0.369
1759998225.727997,0.092
1759998225.727997,-0.822
1759998225.727997,0.243
1759998225.7778473,0.369
1759998225.7778473,0.092
1759998225.7778473,-0.822
1759998225.7778473,0.243
1759998225.8280432,0.369
1759998225.8280432,0.092
1759998225.8280432,-0.823
1759998225.8280432,0.242
1759998225.878469,0.369
1759998225.878469,0.091
1759998225.878469,-0.823
1759998225.878469,0.242
1759998225.928148,0.369
1759998225.928148,0.091
1759998225.928148,-0.822
1759998225.928148,0.242
1759998225.9785025,0.369
1759998225.9785025,0.091
1759998225.9785025,-0.823
1759998225.9785025,0.24
1759998226.0285,0.369
1759998226.0285,0.092
1759998226.0285,-0.822
1759998226.0285,0.244
1759998226.0784457,0.369
1759998226.0784457,0.092
1759998226.0784457,-0.822
1759998226.0784457,0.242
1759998226.1281419,0.369
1759998226.1281419,0.091
1759998226.1281419,-0.823
1759998226.1281419,0.241
1759998226.1788943,0.369
1759998226.1788943,0.092
1759998226.1788943,-0.824
1759998226.1788943,0.238
1759998226.228767,0.369
1759998226.228767,0.092
1759998226.228767,-0.823
1759998226.228767,0.239
1759998226.2784555,0.369
1759998226.2784555,0.091
1759998226.2784555,-0.822
1759998226.2784555,0.248
1759998226.3284576,0.369
1759998226.3284576,0.091
1759998226.3284576,-0.822
1759998226.3284576,0.242
1759998226.378534,0.369
1759998226.378534,0.092
1759998226.378534,-0.824
1759998226.378534,0.246
1759998226.378534,1.278
1759998226.4287527,0.369
1759998226.4287527,0.093
1759998226.4287527,-0.822
1759998226.4287527,0.243
1759998226.4784706,0.369
1759998226.4784706,0.092
1759998226.4784706,-0.823
1759998226.4784706,0.243
1759998226.5286825,0.369
1759998226.5286825,0.091
1759998226.5286825,-0.822
1759998226.5286825,0.239
1759998226.5785813,0.369
1759998226.5785813,0.09
1759998226.5785813,-0.824
1759998226.5785813,0.233
1759998226.6286142,0.369
1759998226.6286142,0.093
1759998226.6286142,-0.824
1759998226.6286142,0.248
1759998226.6286142,-0.292
1759998226.678512,0.369
1759998226.678512,0.091
1759998226.678512,-0.823
1759998226.678512,0.234
1759998226.7287169,0.369
1759998226.7287169,0.093
1759998226.7287169,-0.823
1759998226.7287169,0.243
1759998226.778813,0.369
1759998226.778813,0.092
1759998226.778813,-0.823
1759998226.778813,0.242
1759998226.8285034,0.369
1759998226.8285034,0.091
1759998226.8285034,-0.823
1759998226.8285034,0.241
1759998226.8785033,0.369
1759998226.8785033,0.092
1759998226.8785033,-0.824
1759998226.8785033,0.247
1759998226.9285014,0.369
1759998226.9285014,0.092
1759998226.9285014,-0.823
1759998226.9285014,0.242
1759998226.9285014,-0.328
1759998226.9784718,0.369
1759998226.9784718,0.092
1759998226.9784718,-0.823
1759998226.9784718,0.235
1759998226.9784718,-0.447
1759998226.9784718,-0.346
1759998227.028525,0.369
1759998227.028525,0.093
1759998227.028525,-0.823
1759998227.028525,0.252
1759998227.028525,-0.386
1759998227.0780635,0.369
1759998227.0780635,0.092
1759998227.0780635,-0.822
1759998227.0780635,0.257
1759998227.1281996,0.369
1759998227.1281996,0.091
1759998227.1281996,-0.824
1759998227.1281996,0.252
1759998227.1785543,0.369
1759998227.1785543,0.092
1759998227.1785543,-0.823
1759998227.1785543,0.252
1759998227.228268,0.369
1759998227.228268,0.092
1759998227.228268,-0.823
1759998227.228268,0.247
1759998227.228268,-0.338
1759998227.228268,1.188
1759998227.228268,-0.262
1759998227.2782614,0.369
1759998227.2782614,0.091
1759998227.2782614,-0.822
1759998227.2782614,0.251
1759998227.2782614,-0.482
1759998227.3281527,0.369
1759998227.3281527,0.092
1759998227.3281527,-0.823
1759998227.3281527,0.249
1759998227.3281527,-0.514
1759998227.3783782,0.369
1759998227.3783782,0.091
1759998227.3783782,-0.823
1759998227.3783782,0.25
1759998227.4284556,0.369
1759998227.4284556,0.092
1759998227.4284556,-0.824
1759998227.4284556,0.244
1759998227.478461,0.369
1759998227.478461,0.092
1759998227.478461,-0.822
1759998227.478461,0.245
1759998227.5283165,0.369
1759998227.5283165,0.093
1759998227.5283165,-0.823
1759998227.5283165,0.237
1759998227.5283165,-0.389
1759998227.57836,0.369
1759998227.57836,0.092
1759998227.57836,-0.822
1759998227.57836,0.238
1759998227.6279192,0.369
1759998227.6279192,0.091
1759998227.6279192,-0.823
1759998227.6279192,0.247
1759998227.6279192,-0.374
1759998227.6795406,0.369
1759998227.6795406,0.092
1759998227.6795406,-0.822
1759998227.6795406,0.242
1759998227.6795406,-0.569
1759998227.729253,0.369
1759998227.729253,0.092
1759998227.729253,-0.822
1759998227.729253,0.24
1759998227.729253,-0.252
1759998227.7789583,0.369
1759998227.7789583,0.093
1759998227.7789583,-0.822
1759998227.7789583,0.243
1759998227.8285618,0.369
1759998227.8285618,0.091
1759998227.8285618,-0.822
1759998227.8285618,0.235
1759998227.8785665,0.369
1759998227.8785665,0.093
1759998227.8785665,-0.822
1759998227.8785665,0.242
1759998227.9286664,0.369
1759998227.9286664,0.091
1759998227.9286664,-0.822
1759998227.9286664,0.25
1759998227.978268,0.369
1759998227.978268,0.092
1759998227.978268,-0.822
1759998227.978268,0.238
1759998228.028585,0.369
1759998228.028585,0.093
1759998228.028585,-0.822
1759998228.028585,0.236
1759998228.028585,-0.578
1759998228.0784426,0.369
1759998228.0784426,0.09
1759998228.0784426,-0.821
1759998228.0784426,0.242
1759998228.1282938,0.369
1759998228.1282938,0.093
1759998228.1282938,-0.824
1759998228.1282938,0.241
1759998228.178852,0.369
1759998228.178852,0.091
1759998228.178852,-0.824
1759998228.178852,0.233
1759998228.178852,-0.37
1759998228.2286112,0.369
1759998228.2286112,0.092
1759998228.2286112,-0.822
1759998228.2286112,0.235
1759998228.2787044,0.369
1759998228.2787044,0.092
1759998228.2787044,-0.821
1759998228.2787044,0.249
1759998228.2787044,-0.299
1759998228.3285298,0.369
1759998228.3285298,0.093
1759998228.3285298,-0.822
1759998228.3285298,0.236
1759998228.3787632,0.369
1759998228.3787632,0.094
1759998228.3787632,-0.822
1759998228.3787632,0.242
1759998228.3787632,-1.004
1759998228.4285014,0.369
1759998228.4285014,0.093
1759998228.4285014,-0.821
1759998228.4285014,0.247
1759998228.4785259,0.369
1759998228.4785259,0.091
1759998228.4785259,-0.822
1759998228.4785259,-1.006
1759998228.4785259,0.248
1759998228.5284555,0.369
1759998228.5284555,0.091
1759998228.5284555,-0.822
1759998228.5284555,0.238
1759998228.5780544,0.369
1759998228.5780544,0.091
1759998228.5780544,-0.823
1759998228.5780544,0.231
1759998228.6280084,0.369
1759998228.6280084,0.092
1759998228.6280084,-0.822
1759998228.6280084,0.26
1759998228.67822,0.369
1759998228.67822,0.093
1759998228.67822,-0.823
1759998228.67822,0.227
1759998228.728554,0.369
1759998228.728554,0.095
1759998228.728554,-0.824
1759998228.728554,0.246
1759998228.7785053,0.369
1759998228.7785053,0.092
1759998228.7785053,-0.821
1759998228.7785053,-1.027
1759998228.7785053,0.241
1759998228.8287013,0.369
1759998228.8287013,0.093
1759998228.8287013,-0.821
1759998228.8287013,-1.101
1759998228.8287013,0.238
1759998228.8787792,0.369
1759998228.8787792,0.093
1759998228.8787792,-0.822
1759998228.8787792,0.251
1759998228.928856,0.369
1759998228.928856,0.092
1759998228.928856,-0.822
1759998228.928856,0.228
1759998228.9787345,0.369
1759998228.9787345,0.094
1759998228.9787345,-0.822
1759998228.9787345,0.23
1759998229.0289428,0.369
1759998229.0289428,0.095
1759998229.0289428,-0.821
1759998229.0289428,0.238
1759998229.0794063,0.369
1759998229.0794063,0.094
1759998229.0794063,-0.821
1759998229.0794063,0.228
1759998229.128713,0.369
1759998229.128713,0.092
1759998229.128713,-0.822
1759998229.128713,0.219
1759998229.1783662,0.369
1759998229.1783662,0.093
1759998229.1783662,-0.821
1759998229.1783662,0.214
1759998229.2286007,0.369
1759998229.2286007,0.091
1759998229.2286007,-0.821
1759998229.2286007,0.24
1759998229.2783165,0.369
1759998229.2783165,-1.11
1759998229.2783165,0.092
1759998229.2783165,-0.821
1759998229.2783165,0.25
1759998229.328751,0.369
1759998229.328751,0.094
1759998229.328751,-0.821
1759998229.328751,-1.078
1759998229.328751,0.22
1759998229.328751,-0.227
1759998229.3787723,0.369
1759998229.3787723,-1.107
1759998229.3787723,0.093
1759998229.3787723,-0.822
1759998229.3787723,-0.963
1759998229.3787723,0.244
1759998229.3787723,0.975
1759998229.3787723,-0.239
1759998229.4288943,0.369
1759998229.4288943,0.091
1759998229.4288943,-0.821
1759998229.4288943,0.235
1759998229.4288943,-1.122
1759998229.4784439,0.369
1759998229.4784439,0.092
1759998229.4784439,-0.822
1759998229.4784439,-1.019
1759998229.4784439,0.238
1759998229.5288305,0.369
1759998229.5288305,0.094
1759998229.5288305,-0.823
1759998229.5288305,0.234
1759998229.5288305,-0.257
1759998229.5787709,0.369
1759998229.5787709,0.094
1759998229.5787709,-0.823
1759998229.5787709,0.247
1759998229.6288545,0.369
1759998229.6288545,0.093
1759998229.6288545,-0.822
1759998229.6288545,0.255
1759998229.6785362,0.369
1759998229.6785362,0.093
1759998229.6785362,-0.822
1759998229.6785362,0.208
1759998229.728802,0.369
1759998229.728802,0.092
1759998229.728802,-0.821
1759998229.728802,0.252
1759998229.7787309,0.369
1759998229.7787309,0.093
1759998229.7787309,-0.821
1759998229.7787309,0.24
1759998229.7787309,0.863
1759998229.828575,0.369
1759998229.828575,0.092
1759998229.828575,-0.822
1759998229.828575,0.21
1759998229.8781428,0.369
1759998229.8781428,0.093
1759998229.8781428,-0.821
1759998229.8781428,-1.128
1759998229.8781428,0.249
1759998229.928287,0.369
1759998229.928287,0.093
1759998229.928287,-0.822
1759998229.928287,-1.102
1759998229.928287,0.258
1759998229.928287,0.931
1759998229.928287,-0.13
1759998229.978128,0.369
1759998229.978128,0.092
1759998229.978128,-0.821
1759998229.978128,0.236
1759998230.0283597,0.369
1759998230.0283597,0.092
1759998230.0283597,-0.822
1759998230.0283597,0.225
1759998230.0283597,-0.111
1759998230.078538,0.369
1759998230.078538,0.094
1759998230.078538,-0.821
1759998230.078538,0.229
1759998230.128773,0.369
1759998230.128773,0.093
1759998230.128773,-0.823
1759998230.128773,0.23
1759998230.1786864,0.369
1759998230.1786864,0.092
1759998230.1786864,-0.821
1759998230.1786864,0.223
1759998230.1786864,-0.063
1759998230.228163,0.369
1759998230.228163,0.093
1759998230.228163,-0.822
1759998230.228163,0.213
1759998230.2785199,0.369
1759998230.2785199,0.093
1759998230.2785199,-0.823
1759998230.2785199,0.203
1759998230.3283064,0.369
1759998230.3283064,0.093
1759998230.3283064,-0.821
1759998230.3283064,0.195
1759998230.3780975,0.369
1759998230.3780975,0.093
1759998230.3780975,-0.822
1759998230.3780975,0.196
1759998230.4280155,0.369
1759998230.4280155,0.093
1759998230.4280155,-0.821
1759998230.4280155,-1.054
1759998230.4280155,0.182
1759998230.4280155,-0.068
1759998230.4789608,0.369
1759998230.4789608,0.092
1759998230.4789608,-0.822
1759998230.4789608,-0.713
1759998230.4789608,0.171
1759998230.4789608,-0.191
1759998230.5288088,0.369
1759998230.5288088,0.092
1759998230.5288088,-0.822
1759998230.5288088,-0.778
1759998230.5288088,0.221
1759998230.5288088,-0.161
1759998230.5785844,0.369
1759998230.5785844,0.091
1759998230.5785844,-0.823
1759998230.5785844,0.25
1759998230.6285665,0.369
1759998230.6285665,0.092
1759998230.6285665,-0.823
1759998230.6285665,0.28
1759998230.678088,0.369
1759998230.678088,0.089
1759998230.678088,-0.822
1759998230.678088,0.294
1759998230.7284195,0.369
1759998230.7284195,0.094
1759998230.7284195,-0.821
1759998230.7284195,-1.291
1759998230.7788398,0.369
1759998230.7788398,0.093
1759998230.7788398,-0.821
1759998230.7788398,0.358
1759998230.8288379,0.369
1759998230.8288379,0.09
1759998230.8288379,-0.822
1759998230.878605,0.369
1759998230.878605,0.093
1759998230.878605,-0.822
1759998230.878605,-1.227
1759998230.878605,0.186
1759998230.928573,0.369
1759998230.928573,0.093
1759998230.928573,-0.822
1759998230.9783778,0.369
1759998230.9783778,0.097
1759998230.9783778,-0.821
1759998230.9783778,0.243
1759998230.9783778,-0.104
1759998230.9783778,-0.049
1759998231.0286796,0.369
1759998231.0286796,0.097
1759998231.0286796,-0.821
1759998231.0286796,0.288
1759998231.0782554,0.369
1759998231.0782554,0.091
1759998231.0782554,-0.82
1759998231.0782554,0.293
1759998231.1297271,0.369
1759998231.1297271,0.084
1759998231.1297271,-0.82
1759998231.1297271,-0.984
1759998231.1297271,-0.289
1759998231.1790311,0.369
1759998231.1790311,0.091
1759998231.1790311,-0.824
1759998231.1790311,0.338
1759998231.2287345,0.369
1759998231.2287345,0.098
1759998231.2287345,-0.818
1759998231.2287345,0.286
1759998231.2786734,0.369
1759998231.2786734,0.086
1759998231.2786734,-0.82
1759998231.2786734,0.247
1759998231.328554,0.369
1759998231.328554,0.095
1759998231.328554,-0.823
1759998231.328554,0.172
1759998231.3779542,0.369
1759998231.3779542,0.095
1759998231.3779542,-0.821
1759998231.3779542,0.262
1759998231.4284134,0.369
1759998231.4284134,0.088
1759998231.4284134,-0.821
1759998231.4284134,0.218
1759998231.4795635,0.369
1759998231.4795635,0.098
1759998231.4795635,-0.822
1759998231.4795635,0.254
1759998231.529421,0.369
1759998231.529421,0.091
1759998231.529421,-0.822
1759998231.529421,0.234
1759998231.579087,0.369
1759998231.579087,0.09
1759998231.579087,-0.821
1759998231.579087,0.226
1759998231.6287696,0.369
1759998231.6287696,0.092
1759998231.6287696,-0.822
1759998231.6287696,0.232
1759998231.6786404,0.37
1759998231.6786404,0.095
1759998231.6786404,-0.826
1759998231.6786404,0.24
1759998231.728301,0.369
1759998231.728301,0.09
1759998231.728301,-0.819
1759998231.728301,0.193
1759998231.7783518,0.369
1759998231.7783518,0.091
1759998231.7783518,-0.821
1759998231.7783518,0.205
1759998231.8280818,0.369
1759998231.8280818,0.088
1759998231.8280818,-0.823
1759998231.8280818,0.209
1759998231.8777063,0.369
1759998231.8777063,0.087
1759998231.8777063,-0.824
1759998231.8777063,0.193
1759998231.9280264,0.369
1759998231.9280264,-1.102
1759998231.9280264,0.089
1759998231.9280264,-0.817
1759998231.9280264,0.188
1759998231.9776955,0.369
1759998231.9776955,0.091
1759998231.9776955,-0.826
1759998231.9776955,0.183
1759998232.02852,0.369
1759998232.02852,0.086
1759998232.02852,-0.818
1759998232.02852,0.19
1759998232.0781598,0.369
1759998232.0781598,-1.127
1759998232.0781598,0.103
1759998232.0781598,-0.822
1759998232.0781598,0.198
1759998232.128819,0.369
1759998232.128819,-1.127
1759998232.128819,0.094
1759998232.128819,-0.817
1759998232.128819,0.237
1759998232.1787376,0.37
1759998232.1787376,0.093
1759998232.1787376,-0.815
1759998232.1787376,0.216
1759998232.1787376,-0.339
1759998232.2288308,0.37
1759998232.2288308,0.079
1759998232.2288308,-0.824
1759998232.2288308,0.215
1759998232.2788956,0.37
1759998232.2788956,0.098
1759998232.2788956,-0.82
1759998232.2788956,-1.221
1759998232.2788956,0.254
1759998232.3285456,0.37
1759998232.3285456,0.099
1759998232.3285456,-0.82
1759998232.3285456,0.254
1759998232.378457,0.369
1759998232.378457,-1.103
1759998232.378457,0.092
1759998232.378457,-0.815
1759998232.428553,0.369
1759998232.428553,0.089
1759998232.428553,-0.817
1759998232.428553,-1.12
1759998232.428553,-1.197
1759998232.428553,0.236
1759998232.4787931,0.37
1759998232.4787931,0.087
1759998232.4787931,-0.82
1759998232.4787931,-1.122
1759998232.4787931,-1.217
1759998232.4787931,0.196
1759998232.5281675,0.369
1759998232.5281675,0.087
1759998232.5281675,-0.809
1759998232.5281675,-1.123
1759998232.5281675,0.225
1759998232.5781226,0.369
1759998232.5781226,0.094
1759998232.5781226,-0.815
1759998232.5781226,-1.115
1759998232.5781226,0.301
1759998232.6280756,0.369
1759998232.6280756,0.094
1759998232.6280756,-0.817
1759998232.6280756,0.239
1759998232.6787927,0.37
1759998232.6787927,0.224
1759998232.7288072,0.369
1759998232.7288072,0.087
1759998232.7288072,-0.292
1759998232.7288072,0.184
1759998232.7787871,0.37
1759998232.7787871,0.215
1759998232.8287082,0.371
1759998232.8287082,0.083
1759998232.8287082,0.252
1759998232.877793,0.369
1759998232.877793,0.085
1759998232.877793,0.262
1759998232.928851,0.368
1759998232.928851,0.095
1759998232.928851,-1.15
1759998232.928851,0.279
1759998232.9785454,0.37
1759998232.9785454,0.251
1759998232.9785454,0.621
1759998233.0281723,0.371
1759998233.0281723,0.091
1759998233.0281723,0.248
1759998233.0782096,0.374
1759998233.0782096,-1.094
1759998233.0782096,0.245
1759998233.128744,0.367
1759998233.128744,0.091
1759998233.128744,-1.073
1759998233.128744,0.286
1759998233.1789858,0.366
1759998233.1789858,-1.073
1759998233.1789858,0.836
1759998233.2292702,0.372
1759998233.2292702,-1.083
1759998233.2292702,0.272
1759998233.2795663,0.373
1759998233.2795663,0.279
1759998233.3289137,0.375
1759998233.3289137,0.104
1759998233.3289137,-0.818
1759998233.3787768,0.375
1759998233.3787768,0.819
1759998233.428322,0.366
1759998233.428322,-0.339
1759998233.428322,1.179
1759998233.4779646,0.37
1759998233.5279071,0.373
1759998233.5279071,-0.822
1759998233.5279071,1.2
1759998233.5779593,0.368
1759998233.5779593,0.099
1759998233.5779593,-0.821
1759998233.5779593,-0.422
1759998233.627946,0.367
1759998233.627946,0.084
1759998233.677694,0.371
1759998233.677694,0.079
1759998233.7274027,0.37
1759998233.777624,0.373
1759998233.828902,0.359
1759998233.828902,1.129
1759998233.8783062,0.377
1759998233.8783062,0.09
1759998233.8783062,-0.847
1759998233.8783062,1.108
1759998233.8783062,-0.109
1759998233.9279153,0.375
1759998233.9279153,0.063
1759998233.9279153,-0.848
1759998233.9777944,0.367
1759998233.9777944,0.036
1759998233.9777944,1.095
1759998234.027781,0.364
1759998234.027781,0.012
1759998234.027781,0.093
1759998234.027781,-0.177
1759998234.1279323,0.364
1759998234.177597,0.389
1759998234.2771194,0.022
1759998234.627271,-1.107
1759998234.7772117,-0.093
1759998234.8276157,-1.12
1759998234.8276157,-0.804
1759998234.8773844,-1.052
1759998234.8773844,-0.064
1759998234.9273431,-1.126
1759998234.9273431,-1.191
1759998234.9777231,-0.997
1759998235.0292385,0.175
1759998235.0292385,0.404
1759998235.080109,-0.335
1759998235.1297767,-1.119
1759998235.1297767,0.248
1759998235.1796224,-1.119
1759998235.1796224,0.433
1759998235.1796224,0.273
1759998235.2293715,-1.123
1759998235.2293715,0.13
1759998235.2293715,-0.817
1759998235.2293715,0.227
1759998235.2790754,0.116
1759998235.2790754,-0.846
1759998235.2790754,0.245
1759998235.3293138,-1.123
1759998235.3293138,0.09
1759998235.3293138,-0.825
1759998235.3293138,0.259
1759998235.3784807,0.227
1759998235.3784807,0.1
1759998235.3784807,0.381
1759998235.4284995,0.205
1759998235.4284995,0.176
1759998235.4284995,0.391
1759998235.4787557,0.365
1759998235.4787557,0.234
1759998235.5287423,0.365
1759998235.5287423,0.09
1759998235.5287423,-0.824
1759998235.5287423,0.231
1759998235.578492,0.365
1759998235.578492,0.09
1759998235.578492,-0.825
1759998235.578492,0.231
1759998235.62872,0.364
1759998235.62872,0.091
1759998235.62872,-0.826
1759998235.62872,0.233
1759998235.6786025,0.365
1759998235.6786025,0.091
1759998235.6786025,-0.828
1759998235.6786025,0.231
1759998235.7286046,0.365
1759998235.7286046,0.091
1759998235.7286046,-0.828
1759998235.7286046,0.233
1759998235.7286046,0.632
1759998235.7286046,0.477
1759998235.7783935,0.366
1759998235.7783935,0.091
1759998235.7783935,-0.826
1759998235.7783935,0.233
1759998235.8286185,0.366
1759998235.8286185,0.091
1759998235.8286185,-0.827
1759998235.8286185,0.229
1759998235.878668,0.366
1759998235.878668,0.092
1759998235.878668,-0.828
1759998235.878668,0.233
1759998235.878668,0.645
1759998235.878668,0.575
1759998235.9285562,0.366
1759998235.9285562,0.091
1759998235.9285562,-0.829
1759998235.9285562,0.228
1759998235.9788382,0.366
1759998235.9788382,0.091
1759998235.9788382,-0.829
1759998235.9788382,0.229
1759998236.0281546,0.366
1759998236.0281546,0.09
1759998236.0281546,-0.831
1759998236.0281546,0.226
1759998236.078315,0.365
1759998236.078315,0.087
1759998236.078315,-0.829
1759998236.078315,0.231
1759998236.1286056,0.365
1759998236.1286056,0.088
1759998236.1286056,-0.828
1759998236.1286056,0.223
1759998236.1795852,0.365
1759998236.1795852,0.087
1759998236.1795852,-0.829
1759998236.1795852,0.22
1759998236.2288418,0.364
1759998236.2288418,0.086
1759998236.2288418,-0.829
1759998236.2288418,0.22
1759998236.2784328,0.365
1759998236.2784328,0.087
1759998236.2784328,-0.829
1759998236.2784328,0.219
1759998236.3282216,0.365
1759998236.3282216,0.086
1759998236.3282216,-0.829
1759998236.3282216,0.216
1759998236.3781202,0.365
1759998236.3781202,0.086
1759998236.3781202,-0.829
1759998236.3781202,0.211
1759998236.4278743,0.366
1759998236.4278743,0.086
1759998236.4278743,-0.83
1759998236.4278743,0.208
1759998236.4780395,0.366
1759998236.4780395,0.087
1759998236.4780395,-0.83
1759998236.4780395,0.211
1759998236.5284224,0.366
1759998236.5284224,0.087
1759998236.5284224,-0.83
1759998236.5284224,0.212
1759998236.57813,0.365
1759998236.57813,0.088
1759998236.57813,-0.83
1759998236.57813,0.208
1759998236.6283076,0.364
1759998236.6283076,0.087
1759998236.6283076,-0.83
1759998236.6283076,0.214
1759998236.6782103,0.364
1759998236.6782103,0.088
1759998236.6782103,-0.829
1759998236.6782103,0.214
1759998236.7281528,0.364
1759998236.7281528,0.087
1759998236.7281528,-0.83
1759998236.7281528,0.213
1759998236.7783892,0.364
1759998236.7783892,0.085
1759998236.7783892,-0.83
1759998236.7783892,0.217
1759998236.8283184,0.364
1759998236.8283184,0.085
1759998236.8283184,-0.828
1759998236.8283184,0.216
1759998236.8782368,0.365
1759998236.8782368,0.086
1759998236.8782368,-0.828
1759998236.8782368,0.219
1759998236.928147,0.365
1759998236.928147,0.086
1759998236.928147,-0.828
1759998236.928147,0.22
1759998236.9782062,0.365
1759998236.9782062,0.086
1759998236.9782062,-0.829
1759998236.9782062,0.222
1759998237.0281942,0.366
1759998237.0281942,0.088
1759998237.0281942,-0.83
1759998237.0281942,0.22
1759998237.0780265,0.365
1759998237.0780265,0.089
1759998237.0780265,-0.828
1759998237.0780265,0.226
1759998237.12822,0.364
1759998237.12822,0.09
1759998237.12822,-0.829
1759998237.12822,0.227
1759998237.178507,0.364
1759998237.178507,0.09
1759998237.178507,-0.828
1759998237.178507,0.228
1759998237.2281442,0.364
1759998237.2281442,0.09
1759998237.2281442,-0.828
1759998237.2281442,0.234
1759998237.2781823,0.364
1759998237.2781823,0.09
1759998237.2781823,-0.829
1759998237.2781823,0.226
1759998237.328071,0.365
1759998237.328071,0.092
1759998237.328071,-0.83
1759998237.328071,0.228
1759998237.3784108,0.365
1759998237.3784108,0.09
1759998237.3784108,-0.829
1759998237.3784108,0.229
1759998237.4279869,0.364
1759998237.4279869,0.09
1759998237.4279869,-0.831
1759998237.4279869,0.227
1759998237.4779947,0.365
1759998237.4779947,0.089
1759998237.4779947,-0.829
1759998237.4779947,0.226
1759998237.5278738,0.364
1759998237.5278738,0.089
1759998237.5278738,-0.829
1759998237.5278738,0.225
1759998237.578651,0.364
1759998237.578651,0.089
1759998237.578651,-0.829
1759998237.578651,0.221
1759998237.6296163,0.364
1759998237.6296163,0.088
1759998237.6296163,-0.829
1759998237.6296163,0.219
1759998237.6792183,0.364
1759998237.6792183,0.088
1759998237.6792183,-0.829
1759998237.6792183,0.222
1759998237.729312,0.364
1759998237.729312,0.087
1759998237.729312,-0.83
1759998237.729312,0.222
1759998237.7794375,0.364
1759998237.7794375,0.087
1759998237.7794375,-0.829
1759998237.7794375,0.215
1759998237.8291924,0.364
1759998237.8291924,0.086
1759998237.8291924,-0.83
1759998237.8291924,0.217
1759998237.879689,0.364
1759998237.879689,0.088
1759998237.879689,-0.829
1759998237.879689,0.218
1759998237.9293926,0.363
1759998237.9293926,0.087
1759998237.9293926,-0.83
1759998237.9293926,0.216
1759998237.979168,0.364
1759998237.979168,0.086
1759998237.979168,-0.828
1759998237.979168,0.216
1759998238.0293388,0.364
1759998238.0293388,0.086
1759998238.0293388,-0.83
1759998238.0293388,0.217
1759998238.0789437,0.364
1759998238.0789437,0.087
1759998238.0789437,-0.829
1759998238.0789437,0.213
1759998238.12917,0.364
1759998238.12917,0.088
1759998238.12917,-0.83
1759998238.12917,0.216
1759998238.1793842,0.364
1759998238.1793842,0.087
1759998238.1793842,-0.83
1759998238.1793842,0.22
1759998238.2293396,0.364
1759998238.2293396,0.088
1759998238.2293396,-0.831
1759998238.2293396,0.219
1759998238.2799778,0.364
1759998238.2799778,0.088
1759998238.2799778,-0.832
1759998238.2799778,0.217
1759998238.329908,0.364
1759998238.329908,0.089
1759998238.329908,-0.831
1759998238.329908,0.219
1759998238.379315,0.364
1759998238.379315,0.087
1759998238.379315,-0.83
1759998238.379315,0.221
1759998238.4299195,0.364
1759998238.4299195,0.089
1759998238.4299195,-0.83
1759998238.4299195,0.224
1759998238.4803596,0.364
1759998238.4803596,0.089
1759998238.4803596,-0.829
1759998238.4803596,0.227
1759998238.530719,0.364
1759998238.530719,0.09
1759998238.530719,-0.83
1759998238.530719,0.227
1759998238.5800276,0.364
1759998238.5800276,0.088
1759998238.5800276,-0.829
1759998238.5800276,0.227
1759998238.6296673,0.364
1759998238.6296673,0.089
1759998238.6296673,-0.829
1759998238.6296673,0.227
1759998238.679053,0.364
1759998238.679053,0.089
1759998238.679053,-0.829
1759998238.679053,0.231
1759998238.728925,0.364
1759998238.728925,0.09
1759998238.728925,-0.829
1759998238.728925,0.229
1759998238.7790422,0.364
1759998238.7790422,0.092
1759998238.7790422,-0.828
1759998238.7790422,0.231
1759998238.829192,0.364
1759998238.829192,0.09
1759998238.829192,-0.829
1759998238.829192,0.224
1759998238.8793051,0.364
1759998238.8793051,0.089
1759998238.8793051,-0.829
1759998238.8793051,0.225
1759998238.929462,0.364
1759998238.929462,0.091
1759998238.929462,-0.827
1759998238.929462,0.228
1759998238.9794188,0.364
1759998238.9794188,0.09
1759998238.9794188,-0.828
1759998238.9794188,0.223
1759998239.029312,0.364
1759998239.029312,0.09
1759998239.029312,-0.829
1759998239.029312,0.227
1759998239.079432,0.364
1759998239.079432,0.089
1759998239.079432,-0.829
1759998239.079432,0.226
1759998239.1300309,0.364
1759998239.1300309,0.089
1759998239.1300309,-0.828
1759998239.1300309,0.219
1759998239.1798875,0.364
1759998239.1798875,0.09
1759998239.1798875,-0.83
1759998239.1798875,0.219
1759998239.2290573,0.364
1759998239.2290573,0.089
1759998239.2290573,-0.829
1759998239.2290573,0.219
1759998239.2791097,0.364
1759998239.2791097,0.089
1759998239.2791097,-0.829
1759998239.2791097,0.217
1759998239.3292189,0.364
1759998239.3292189,0.088
1759998239.3292189,-0.83
1759998239.3292189,0.22
1759998239.3789194,0.364
1759998239.3789194,0.088
1759998239.3789194,-0.831
1759998239.3789194,0.216
1759998239.4293277,0.364
1759998239.4293277,0.089
1759998239.4293277,-0.83
1759998239.4293277,0.212
1759998239.4792647,0.364
1759998239.4792647,0.088
1759998239.4792647,-0.83
1759998239.4792647,0.217
1759998239.5297601,0.363
1759998239.5297601,0.088
1759998239.5297601,-0.829
1759998239.5297601,0.217
1759998239.5795271,0.363
1759998239.5795271,0.087
1759998239.5795271,-0.828
1759998239.5795271,0.219
1759998239.6289256,0.363
1759998239.6289256,0.088
1759998239.6289256,-0.828
1759998239.6289256,0.221
1759998239.6791553,0.363
1759998239.6791553,0.088
1759998239.6791553,-0.83
1759998239.6791553,0.219
1759998239.7293959,0.363
1759998239.7293959,0.088
1759998239.7293959,-0.83
1759998239.7293959,0.221
1759998239.7789516,0.363
1759998239.7789516,0.088
1759998239.7789516,-0.829
1759998239.7789516,0.22
1759998239.829139,0.363
1759998239.829139,0.088
1759998239.829139,-0.829
1759998239.829139,0.221
1759998239.8788424,0.364
1759998239.8788424,0.088
1759998239.8788424,-0.829
1759998239.8788424,0.223
1759998239.9293275,0.364
1759998239.9293275,0.088
1759998239.9293275,-0.829
1759998239.9293275,0.223
1759998239.9789872,0.364
1759998239.9789872,0.09
1759998239.9789872,-0.829
1759998239.9789872,0.223
1759998240.029069,0.364
1759998240.029069,0.089
1759998240.029069,-0.829
1759998240.029069,0.229
1759998240.07978,0.364
1759998240.07978,0.089
1759998240.07978,-0.828
1759998240.07978,0.229
1759998240.1304874,0.364
1759998240.1304874,0.089
1759998240.1304874,-0.829
1759998240.1304874,0.226
1759998240.1812253,0.364
1759998240.1812253,0.09
1759998240.1812253,-0.828
1759998240.1812253,0.228
1759998240.2315598,0.364
1759998240.2315598,0.089
1759998240.2315598,-0.827
1759998240.2315598,0.23
1759998240.2808871,0.364
1759998240.2808871,0.089
1759998240.2808871,-0.827
1759998240.2808871,0.23
1759998240.3297758,0.364
1759998240.3297758,0.09
1759998240.3297758,-0.828
1759998240.3297758,0.229
1759998240.3791187,0.364
1759998240.3791187,0.088
1759998240.3791187,-0.828
1759998240.3791187,0.225
1759998240.4287837,0.364
1759998240.4287837,0.088
1759998240.4287837,-0.83
1759998240.4287837,0.225
1759998240.4792202,0.364
1759998240.4792202,0.089
1759998240.4792202,-0.829
1759998240.4792202,0.224
1759998240.5298817,0.364
1759998240.5298817,0.088
1759998240.5298817,-0.828
1759998240.5298817,0.223
1759998240.5800054,0.364
1759998240.5800054,0.088
1759998240.5800054,-0.83
1759998240.5800054,0.22
1759998240.6303186,0.364
1759998240.6303186,0.087
1759998240.6303186,-0.829
1759998240.6303186,0.222
1759998240.6804101,0.364
1759998240.6804101,0.087
1759998240.6804101,-0.828
1759998240.6804101,0.222
1759998240.729733,0.364
1759998240.729733,0.088
1759998240.729733,-0.829
1759998240.729733,0.221
1759998240.7792134,0.364
1759998240.7792134,0.087
1759998240.7792134,-0.829
1759998240.7792134,0.219
1759998240.8292987,0.364
1759998240.8292987,0.089
1759998240.8292987,-0.829
1759998240.8292987,0.217
1759998240.8794305,0.364
1759998240.8794305,0.089
1759998240.8794305,-0.828
1759998240.8794305,0.216
1759998240.9293964,0.364
1759998240.9293964,0.089
1759998240.9293964,-0.828
1759998240.9293964,0.222
1759998240.979481,0.364
1759998240.979481,0.09
1759998240.979481,-0.829
1759998240.979481,0.221
1759998241.0294144,0.364
1759998241.0294144,0.088
1759998241.0294144,-0.828
1759998241.0294144,0.22
1759998241.0793142,0.364
1759998241.0793142,0.088
1759998241.0793142,-0.829
1759998241.0793142,0.222
1759998241.1297379,0.364
1759998241.1297379,0.087
1759998241.1297379,-0.83
1759998241.1297379,0.221
1759998241.1798356,0.364
1759998241.1798356,0.088
1759998241.1798356,-0.828
1759998241.1798356,0.226
1759998241.229128,0.364
1759998241.229128,0.087
1759998241.229128,-0.83
1759998241.229128,0.227
1759998241.279044,0.364
1759998241.279044,0.087
1759998241.279044,-0.828
1759998241.279044,0.233
1759998241.328877,0.364
1759998241.328877,0.088
1759998241.328877,-0.828
1759998241.328877,0.227
1759998241.379717,0.364
1759998241.379717,0.088
1759998241.379717,-0.828
1759998241.379717,0.229
