elapsed_seconds,cpuTemp,cpuTime
0.000098,43.3,116689056.0
1.008831,43.4,117689136.0
2.017618,43.0,118688808.0
3.027321,43.2,119689656.0
4.036548,43.0,120740096.0
5.051758,43.0,121739904.0
6.059852,43.3,122739280.0
7.067879,43.6,123740240.0
8.077053,43.5,124739840.0
9.086630,43.4,125789504.0
10.100069,43.5,126790040.0
11.108972,43.2,127789232.0
12.116501,43.8,128789472.0
13.124613,43.1,129789024.0
14.134419,43.8,130839552.0
15.147896,43.7,131839624.0
16.156866,43.4,132839232.0
17.165603,43.5,133839944.0
18.173004,43.3,134838976.0
19.182606,43.4,135889824.0
20.196147,43.4,136889472.0
21.206459,43.1,137889520.0
22.214345,43.1,138889504.0
23.223394,44.0,139889504.0
24.234154,43.5,140938656.0
25.246674,43.3,141938672.0
26.256295,43.3,142938240.0
27.264232,43.8,143938928.0
28.271678,43.4,144938464.0
29.281856,43.5,145988752.0
30.294428,43.2,146988432.0
31.303188,43.2,147988624.0
32.310153,43.7,148988608.0
33.316949,43.7,149989008.0
34.323610,43.5,150988944.0
35.334201,43.9,152039008.0
36.348982,43.9,153039152.0
37.357620,43.3,154039104.0
38.366203,43.3,155039072.0
39.374618,44.0,156039584.0
40.385706,43.3,157088384.0
41.400671,43.4,158088736.0
42.409427,43.4,159088496.0
43.418302,43.4,160088512.0
44.433464,43.1,161138432.0
45.447896,43.5,162138400.0
46.456601,43.7,163138432.0
47.464594,43.7,164138528.0
48.472417,43.9,165138464.0
49.482722,43.3,166188688.0
50.496606,43.5,167188032.0
51.506519,43.3,168189024.0
52.515370,43.2,169189136.0
53.523589,43.5,170188992.0
54.534011,43.5,171239216.0
55.548973,43.8,172239088.0
56.557504,43.6,173238976.0
57.565726,43.3,174238864.0
58.574640,43.8,175238816.0
59.584627,43.8,176289024.0
60.598853,43.8,177288912.0
61.607841,43.3,178288416.0
62.617085,43.7,179287984.0
63.625328,43.8,180288544.0
64.634950,43.9,181339280.0
65.649662,44.0,182338272.0
66.658070,43.9,183338112.0
67.665699,44.3,184338480.0
68.674524,43.8,185338576.0
69.684654,44.2,186388912.0
70.698881,43.7,187388816.0
71.708315,44.0,188388384.0
72.718283,43.5,189388592.0
73.728074,43.6,190388208.0
74.737214,43.8,191438512.0
75.749951,43.7,192438848.0
76.757922,44.0,193438624.0
77.765732,44.2,194438224.0
78.772621,44.0,195438064.0
79.782915,43.8,196487856.0
80.795615,44.0,197487712.0
81.805516,43.8,198488592.0
82.812976,44.2,199488480.0
83.820626,44.3,200488832.0
84.832000,43.9,201538736.0
85.844608,43.5,202539024.0
86.853598,43.8,203538864.0
87.859617,43.4,204539232.0
88.869771,44.1,205538480.0
89.880678,44.3,206539024.0
90.894706,43.5,207588272.0
91.902591,44.2,208588768.0
92.909599,43.8,209588688.0
93.916983,43.8,210588656.0
94.926915,44.1,211588208.0
95.935613,43.7,212638608.0
96.950104,44.3,213638720.0
97.958147,43.8,214638544.0
98.966288,44.0,215638720.0
99.975441,44.5,216638720.0
100.984607,44.0,217689248.0
101.998598,44.0,218688224.0
103.007450,44.0,219688992.0
104.016402,44.1,220688704.0
105.024326,44.1,221688752.0
106.034816,44.3,222738688.0
107.048645,44.0,223738624.0
108.057306,44.0,224738896.0
109.065607,44.3,225738240.0
110.074207,44.0,226738608.0
111.084621,43.8,227788544.0
112.099784,43.9,228788512.0
113.108614,44.3,229788400.0
114.116664,43.5,230788672.0
115.126492,44.5,231788544.0
116.136381,44.3,232838656.0
117.150222,44.0,233839008.0
118.159013,44.3,234838448.0
119.167245,43.9,235838464.0
120.176097,44.3,236838432.0
121.186413,44.2,237888400.0
122.201490,44.0,238888896.0
123.210317,43.8,239888400.0
124.219234,44.5,240888992.0
125.228999,44.0,241888752.0
126.238693,44.2,242939072.0
127.251825,44.3,243939136.0
128.260137,44.5,244938448.0
129.268908,44.3,245938128.0
130.280020,44.4,246938416.0
131.289462,44.2,247987888.0
132.299879,44.7,248988512.0
133.308525,44.6,249988160.0
134.316636,44.3,250988576.0
135.324844,44.3,251987840.0
136.335538,44.5,253038384.0
137.349951,44.3,254038272.0
138.358535,44.5,255038496.0
139.366874,43.8,256038832.0
140.375771,44.3,257038112.0
141.385432,44.3,258088016.0
142.399250,43.8,259088176.0
143.408806,44.6,260088256.0
144.417082,44.2,261087824.0
145.426710,44.3,262088608.0
146.437475,44.6,263137856.0
147.451197,44.3,264137872.0
148.459631,44.5,265138080.0
149.467767,44.6,266137904.0
150.477084,44.5,267137744.0
151.486934,44.5,268188144.0
152.501147,44.3,269188256.0
153.509553,44.6,270187808.0
154.517142,44.6,271188000.0
155.524606,44.6,272187840.0
156.533625,44.3,273238400.0
157.545878,44.4,274237984.0
158.555381,44.2,275238176.0
159.562761,44.7,276238080.0
160.570957,44.5,277238048.0
161.580617,44.7,278237696.0
162.589558,44.2,279288512.0
163.601697,44.6,280288128.0
164.609601,44.4,281287840.0
165.617606,44.6,282288352.0
166.625824,44.5,283287840.0
167.635438,44.3,284338560.0
168.650282,44.8,285338176.0
169.658432,44.5,286338272.0
170.666383,44.3,287338432.0
171.674990,44.6,288338432.0
172.685164,44.5,289388448.0
173.699931,44.7,290388064.0
174.709146,44.7,291388192.0
175.717121,44.0,292387904.0
176.725327,44.9,293387808.0
177.735100,44.6,294437888.0
178.749207,44.9,295438176.0
179.758058,44.6,296438016.0
180.766249,44.5,297437696.0
181.775637,44.6,298438240.0
182.786174,44.5,299487840.0
183.799610,44.7,300488384.0
184.808389,45.0,301487680.0
185.816317,44.7,302488192.0
186.824589,44.9,303487680.0
187.834174,44.3,304538176.0
188.848512,44.8,305537856.0
189.857321,44.8,306538432.0
190.865797,45.1,307538144.0
191.874343,44.7,308537824.0
192.885712,44.9,309587872.0
193.900877,44.7,310587840.0
194.909661,44.7,311588064.0
195.918365,44.7,312587712.0
196.927428,45.1,313587872.0
197.936476,44.8,314637824.0
198.951484,45.0,315637696.0
199.959404,44.3,316637856.0
200.967402,44.6,317637856.0
201.977501,44.8,318637792.0
202.987553,44.8,319688000.0
204.002109,44.5,320687776.0
205.010331,44.1,321687808.0
206.019224,44.6,322687808.0
207.029305,44.7,323687616.0
208.039683,44.7,324737632.0
209.051379,44.8,325738144.0
210.060553,44.9,326737984.0
211.067635,45.0,327737888.0
212.075938,44.7,328738560.0
213.086049,44.9,329787392.0
214.100784,44.9,330787232.0
215.109559,44.7,331787168.0
216.116635,45.3,332788256.0
217.125227,44.9,333788384.0
218.135862,44.9,334837600.0
219.151029,44.7,335837536.0
220.159370,45.0,336837536.0
221.167490,45.2,337837408.0
222.176282,44.9,338837728.0
223.185386,45.0,339887488.0
224.199128,44.9,340887840.0
225.208693,44.5,341887584.0
226.215638,45.0,342887520.0
227.222603,45.1,343887488.0
228.232470,44.5,344937760.0
229.245565,44.9,345937760.0
230.254611,45.0,346937152.0
231.262743,44.7,347936960.0
232.270616,44.9,348937536.0
233.279122,44.7,349937376.0
234.287417,44.9,350987616.0
235.300632,44.8,351986112.0
236.309426,44.8,352987136.0
237.316641,44.8,353987392.0
238.323962,45.0,354987168.0
239.333597,45.1,356037728.0
240.346678,45.0,357037664.0
241.356341,45.2,358037472.0
242.363456,44.9,359037024.0
243.370658,44.7,360037120.0
244.380610,45.0,361036896.0
245.389605,44.8,362087456.0
246.401613,44.8,363086976.0
247.410005,44.9,364087648.0
248.417612,44.9,365087520.0
249.426538,45.0,366087456.0
250.436423,45.1,367137152.0
251.449629,45.2,368137888.0
252.457598,45.0,369137024.0
253.464602,45.0,370136608.0
254.472011,45.0,371136832.0
255.482084,45.1,372186624.0
256.494802,44.9,373186240.0
257.504097,45.2,374187264.0
258.511452,45.2,375186848.0
259.518965,45.1,376186400.0
260.526943,44.9,377186240.0
261.535713,44.7,378236992.0
262.548610,45.0,379236416.0
263.556616,45.3,380236480.0
264.563978,44.7,381236832.0
265.571415,44.9,382236768.0
266.580524,45.0,383236704.0
267.589896,45.1,384286656.0
268.599639,45.0,385286272.0
269.609141,45.0,386286432.0
270.616233,45.2,387286464.0
271.623918,44.9,388286624.0
272.634329,45.0,389336608.0
273.648203,45.2,390336512.0
274.657923,45.0,391336992.0
275.665951,45.0,392336544.0
276.674075,44.9,393336864.0
277.683637,44.9,394386496.0
278.696234,45.2,395386144.0
279.706360,45.2,396386464.0
280.714725,45.1,397386592.0
281.721396,44.9,398385504.0
282.730308,44.9,399386592.0
283.738618,45.0,400436256.0
284.748632,45.2,401436704.0
285.757291,45.1,402436512.0
286.765172,45.2,403435904.0
287.772868,45.1,404436608.0
288.783144,45.1,405486656.0
289.796964,45.2,406485984.0
290.806692,45.3,407486560.0
291.814253,45.0,408486976.0
292.822434,45.2,409486144.0
293.831727,45.3,410536576.0
294.845650,45.2,411535936.0
295.855678,45.2,412536512.0
296.863445,45.2,413536256.0
297.871521,45.0,414536640.0
298.881237,45.3,415536064.0
299.890886,45.0,416586400.0
300.900767,45.3,417585984.0
301.910256,45.4,418586240.0
302.918945,45.2,419586176.0
303.927467,45.4,420586112.0
304.936602,45.1,421636448.0
305.949043,45.1,422636384.0
306.957548,45.3,423636192.0
307.965264,45.1,424635840.0
308.972556,45.2,425635904.0
309.983004,45.0,426686496.0
310.995749,45.4,427686432.0
312.005635,45.3,428686784.0
313.013328,45.4,429685856.0
314.021221,45.3,430685920.0
315.030627,45.3,431686208.0
316.044814,45.4,432735872.0
317.054590,45.4,433736608.0
318.061531,45.2,434735840.0
319.069114,45.0,435735936.0
320.076141,45.2,436736480.0
321.086028,45.3,437785952.0
322.099130,45.4,438785920.0
323.109235,45.1,439785664.0
324.117317,45.1,440786208.0
325.124949,45.3,441785856.0
326.134222,45.3,442836128.0
327.147844,45.2,443835936.0
328.156267,45.3,444835840.0
329.164764,45.1,445836512.0
330.171608,45.6,446835808.0
331.180640,45.3,447836128.0
332.190298,45.6,448885568.0
333.200636,45.3,449885536.0
334.210104,45.4,450886016.0
335.218623,45.5,451886208.0
336.225628,45.2,452885632.0
337.234421,45.3,453936032.0
338.247425,45.2,454935936.0
339.256863,45.3,455936032.0
340.265179,45.4,456935872.0
341.273188,45.4,457935840.0
342.283453,45.5,458985856.0
343.295666,45.3,459985568.0
344.305354,45.5,460985664.0
345.313169,45.4,461985632.0
346.321450,45.3,462985536.0
347.330682,45.3,463985696.0
348.340089,45.4,465036000.0
349.350866,45.2,466035904.0
350.359620,45.5,467035744.0
351.367108,45.5,468036448.0
352.374219,45.4,469035776.0
353.384306,45.4,470085888.0
354.398636,45.4,471085952.0
355.408592,45.3,472085120.0
356.415600,45.7,473085728.0
357.422979,45.3,474085600.0
358.433518,45.4,475135776.0
359.447929,45.7,476135392.0
360.457414,45.6,477135616.0
361.465664,45.5,478135488.0
362.472987,45.5,479135520.0
363.483224,45.7,480185696.0
364.496630,45.6,481186048.0
365.506293,45.3,482185600.0
366.513612,45.1,483185664.0
367.524469,45.6,484185280.0
368.535052,45.3,485235616.0
369.548509,45.7,486235520.0
370.558491,45.5,487235136.0
371.567120,45.8,488235520.0
372.575713,45.5,489235168.0
373.585167,45.7,490285824.0
374.598163,45.6,491285280.0
375.609526,45.7,492285600.0
376.618054,45.6,493285536.0
377.625841,45.5,494285376.0
378.636154,45.6,495335520.0
379.649751,45.7,496335744.0
380.658456,45.3,497335648.0
381.665969,45.3,498335168.0
382.673297,45.7,499335776.0
383.682629,45.5,500385952.0
384.696224,45.3,501385280.0
385.706018,45.7,502385216.0
386.713719,45.7,503385408.0
387.721249,45.5,504385536.0
388.730418,45.5,505384832.0
389.739605,46.0,506435488.0
390.750777,45.6,507434912.0
391.759855,45.6,508435488.0
392.768158,45.7,509435552.0
393.776210,45.8,510435648.0
394.786299,45.7,511485728.0
395.800266,45.8,512485472.0
396.809517,45.7,513485504.0
397.817524,45.6,514485664.0
398.824813,46.2,515485536.0
399.834948,46.0,516535392.0
400.847622,45.6,517535136.0
401.856836,45.5,518535520.0
402.864195,46.1,519535264.0
403.871363,45.9,520535424.0
404.880210,45.8,521535424.0
405.890371,45.4,522584128.0
406.900974,46.1,523584928.0
407.910082,46.0,524584992.0
408.917899,45.9,525585024.0
409.925242,45.6,526585728.0
410.935918,45.9,527636000.0
411.949771,46.1,528635456.0
412.957607,45.8,529635264.0
413.967710,45.7,530635264.0
414.974621,45.6,531635520.0
415.985059,45.7,532685568.0
416.998514,45.9,533684928.0
418.007943,45.6,534685056.0
419.015032,45.5,535685280.0
420.022294,45.6,536685248.0
421.031179,46.0,537684864.0
422.044203,45.6,538735232.0
423.054626,45.6,539735424.0
424.062600,45.5,540735488.0
425.070693,45.8,541734848.0
426.079508,45.5,542735168.0
427.088823,45.7,543785152.0
428.101788,45.3,544784832.0
429.110557,45.7,545784960.0
430.118382,45.8,546784832.0
431.126675,46.3,547784960.0
432.136465,45.7,548834880.0
433.149615,46.1,549834816.0
434.158494,46.1,550834688.0
435.166613,45.6,551835008.0
436.174175,45.7,552834688.0
437.184095,45.9,553884736.0
438.196880,45.9,554885056.0
439.206237,45.6,555884992.0
440.214350,45.8,556884480.0
441.221785,46.0,557884544.0
442.229607,46.0,558884864.0
443.237611,45.8,559934528.0
444.249588,46.1,560935040.0
445.258027,45.6,561934720.0
446.265895,45.7,562934592.0
447.272587,46.0,563935488.0
448.281235,45.7,564935168.0
449.288621,45.8,565984768.0
450.302689,45.8,566984768.0
451.311534,45.8,567984576.0
452.319228,46.0,568985152.0
453.326877,46.1,569984448.0
454.335593,46.1,571034752.0
455.347639,45.7,572034752.0
456.357635,45.9,573034624.0
457.365606,45.7,574034432.0
458.372705,46.0,575034816.0
459.382367,45.6,576084800.0
460.396165,45.9,577084800.0
461.406119,45.8,578084160.0
462.413769,45.9,579084736.0
463.422276,46.1,580084672.0
464.431680,46.0,581084800.0
465.445634,45.9,582134784.0
466.454628,45.9,583134528.0
467.462559,46.0,584133952.0
468.470629,46.1,585134784.0
469.478064,45.9,586134720.0
470.487647,45.6,587184000.0
471.500033,45.7,588184768.0
472.508904,46.2,589184704.0
473.516414,45.8,590184768.0
474.523645,46.1,591184768.0
475.532603,45.6,592184704.0
476.544593,46.0,593234752.0
477.554356,45.9,594235008.0
478.561598,46.1,595234496.0
479.568875,45.9,596234112.0
480.576611,46.0,597234688.0
481.586692,45.9,598284800.0
482.601200,46.1,599284544.0
483.611040,46.0,600285888.0
484.617622,45.8,601285248.0
485.623962,46.1,602284736.0
486.633620,46.2,603334720.0
487.646638,46.0,604334464.0
488.656213,46.3,605334400.0
489.664213,45.9,606334528.0
490.671985,46.2,607334528.0
491.681706,45.7,608334400.0
492.695033,45.8,609384192.0
493.704294,46.2,610384000.0
494.712615,46.0,611385088.0
495.720647,46.3,612384064.0
496.730150,46.0,613384128.0
497.739444,46.0,614434560.0
498.750622,46.3,615434368.0
499.759651,46.2,616434496.0
500.768424,46.3,617434176.0
501.774593,46.2,618434048.0
502.783599,46.2,619484544.0
503.795601,46.1,621934464.0
506.261586,46.3,622933760.0
507.268632,46.1,623933632.0
508.275596,46.0,624934016.0
509.284452,46.2,625984448.0
510.296613,46.2,626984192.0
511.306519,46.3,627984256.0
512.315518,46.1,629934848.0
514.288595,46.6,630984128.0
515.300980,46.1,631984512.0
516.311050,46.2,632984128.0
517.319645,46.0,633983936.0
518.326894,46.2,634984448.0
519.335906,46.2,636033792.0
520.350022,46.4,637034112.0
521.358883,46.2,638034176.0
522.366542,46.0,639033664.0
523.374511,46.1,640984576.0
525.321504,46.3,641984000.0
526.331551,46.3,642984192.0
527.341623,46.1,644033920.0
528.351830,46.2,646034560.0
530.350768,46.3,647034368.0
531.358875,46.3,648034112.0
532.367224,46.4,649033728.0
533.374620,46.2,651034432.0
535.366612,46.2,652033600.0
536.373616,46.3,653034048.0
537.383833,46.3,654084032.0
538.396609,46.3,655084224.0
539.405760,46.0,656083840.0
540.413728,46.2,657083840.0
541.421637,46.2,658084032.0
542.430554,46.4,659084544.0
543.438624,46.0,660133952.0
544.450981,46.3,661134208.0
545.458652,46.3,662134464.0
546.466488,46.2,663133952.0
547.475026,46.3,664133952.0
548.485446,,
554.491400,,
560.498620,46.4,679233984.0
563.596209,46.2,680283840.0
564.605226,46.2,681283648.0
565.613835,46.3,682283456.0
566.621424,46.4,683283456.0
567.630558,46.5,684283584.0
568.639600,46.2,685333440.0
569.650929,46.1,686333312.0
570.659554,46.5,687333632.0
571.667204,46.5,688333824.0
572.675776,46.5,689333120.0
573.685754,46.7,690383424.0
574.699090,46.6,691383616.0
575.708918,46.1,692383424.0
576.717488,46.3,693383744.0
577.725117,46.5,694383488.0
578.735462,46.4,695433536.0
579.749190,46.7,696433728.0
580.757609,46.6,697433344.0
581.765589,46.6,698433152.0
582.771629,46.4,699433344.0
583.779602,46.5,700433216.0
584.787612,46.4,701483328.0
585.800778,46.5,702483456.0
586.809413,46.1,703483456.0
587.817090,46.5,704483136.0
588.824790,46.4,705933696.0
590.260594,46.3,706933376.0
591.266592,46.6,707933760.0
592.272596,46.4,708933376.0
593.281619,46.2,709933312.0
594.289586,46.5,710983616.0
595.301902,46.5,711983936.0
596.310331,46.4,712984256.0
597.317358,46.6,713983552.0
598.324262,46.8,714983040.0
599.332612,46.5,715983552.0
600.344602,46.3,717033344.0
601.352627,46.7,718033472.0
602.360728,46.5,719033856.0
603.368964,46.6,720033344.0
604.376491,46.4,721033408.0
605.386303,46.3,722083392.0
606.400347,46.7,723083328.0
607.409660,46.6,724083072.0
608.417609,46.5,725083200.0
609.425662,46.7,726083072.0
610.435909,46.5,727133120.0
611.450222,46.4,728133696.0
612.459515,46.5,729133312.0
613.466673,46.5,730133120.0
614.473605,46.5,731133632.0
615.481590,46.4,732133376.0
616.488726,46.6,733182784.0
617.520595,46.6,734183104.0
618.534619,46.4,735233728.0
619.547607,46.6,737183232.0
621.521615,46.5,739233408.0
623.558995,46.8,740233216.0
624.566588,46.8,741233856.0
625.572596,46.5,742233792.0
626.581214,46.4,743233152.0
627.590102,46.7,744283456.0
628.601182,46.6,745283904.0
629.609594,46.5,747183296.0
631.521598,46.7,748183040.0
632.534063,46.5,749233728.0
633.547176,46.6,750233344.0
634.556228,46.9,751233792.0
635.563529,46.5,752233472.0
636.570941,46.9,753233472.0
637.581096,46.4,754233408.0
638.590335,46.6,755283392.0
639.602045,46.8,756283264.0
640.610355,46.6,757283584.0
641.618397,46.5,758283648.0
642.625600,46.6,759283072.0
643.634667,46.8,760333440.0
644.647968,46.8,761332928.0
645.657853,46.6,762333248.0
646.665217,46.6,763333248.0
647.673169,46.6,764333120.0
648.681616,46.7,766182464.0
650.520632,46.6,769233216.0
653.573547,46.7,770233024.0
654.582802,46.5,771233536.0
655.596397,46.7,772283136.0
656.605602,,
662.613897,46.3,783382528.0
667.718240,46.7,784382656.0
668.725899,46.7,785382656.0
669.735801,47.0,786433216.0
670.748625,46.7,787432128.0
671.758704,47.0,788432576.0
672.766984,46.7,789432832.0
673.775437,46.4,790432768.0
674.785598,47.0,791482496.0
675.797757,46.6,792482496.0
676.807976,46.9,793482496.0
677.816341,46.8,794482496.0
678.823412,46.8,795482432.0
679.833543,46.7,796533120.0
680.847359,46.7,797532800.0
681.857443,46.6,798532800.0
682.865444,46.8,799532352.0
683.872904,46.7,800532544.0
684.881599,47.1,801532672.0
685.889599,46.7,802582464.0
686.902048,46.8,803582592.0
687.911087,46.8,804582912.0
688.918374,46.9,805582528.0
689.925607,46.6,806582720.0
690.935702,46.7,807632768.0
691.948754,47.1,808632512.0
692.957631,46.7,809632832.0
693.964602,46.7,810632576.0
694.971855,47.0,811632704.0
695.980174,46.7,812632704.0
696.988386,46.8,813682752.0
698.001444,46.7,814682368.0
699.009923,46.4,815682560.0
700.018504,46.8,816682240.0
701.026620,46.7,817682176.0
702.036280,46.9,818732672.0
703.049381,46.6,819732416.0
704.058602,46.8,820732544.0
705.064886,46.7,821732928.0
706.072632,46.8,822732416.0
707.082549,46.9,823732672.0
708.091032,47.0,824782464.0
709.102976,46.7,825782272.0
710.112319,46.6,826782656.0
711.120481,46.8,827782080.0
712.128670,46.9,828782848.0
713.137612,46.9,829833280.0
714.150378,47.1,830832512.0
715.159681,46.7,831832384.0
716.168187,46.8,832832512.0
717.176882,47.0,833832512.0
718.186940,46.8,834932736.0
719.261606,46.9,835932544.0
720.268603,46.7,836932224.0
721.275746,46.9,837932608.0
722.285469,46.9,838982208.0
723.298970,46.8,839982080.0
724.309510,47.0,840982016.0
725.317592,46.9,841982400.0
726.325659,47.0,842981824.0
727.335416,46.6,844032000.0
728.348507,46.8,845032256.0
729.359662,46.7,846032448.0
730.368447,47.0,847032832.0
731.376626,47.0,848032192.0
732.387358,46.8,849082496.0
733.401051,47.0,850082432.0
734.410929,46.6,851082176.0
735.419048,46.8,852082176.0
736.427287,46.9,853082240.0
737.437916,47.1,854132416.0
738.452024,47.0,855132032.0
739.461246,47.2,856132416.0
740.469018,46.7,857132736.0
741.475627,47.3,858132224.0
742.484603,47.1,859132544.0
743.497232,47.1,860182208.0
744.505721,46.8,861182208.0
745.513596,47.1,862182400.0
746.523839,47.1,863182464.0
747.533307,46.9,864182208.0
748.541706,47.0,865232576.0
749.554905,46.8,866232384.0
750.562605,47.1,867232704.0
751.570064,47.1,868232768.0
752.577917,46.9,869232640.0
753.586940,46.9,870932032.0
755.261657,46.8,871932032.0
756.268866,47.0,872932480.0
757.276609,47.1,873931584.0
758.287271,46.7,874982592.0
759.300545,47.1,875982464.0
760.310431,47.1,876982208.0
761.319312,46.8,877982656.0
762.327514,47.0,878982848.0
763.338679,47.2,880032576.0
764.351631,47.0,881032960.0
765.360952,47.1,882031744.0
766.368629,47.0,883032064.0
767.376682,47.0,884032064.0
768.386420,47.1,885081664.0
769.399272,47.3,886081792.0
770.409849,47.3,887181696.0
771.518604,47.0,888182208.0
772.531593,47.1,889181632.0
773.539055,46.9,890232512.0
774.552414,46.9,891232512.0
775.564611,47.0,892232768.0
776.572805,46.9,893232576.0
777.580587,46.9,894232512.0
778.589017,47.2,896181888.0
780.518755,47.0,897181504.0
781.525612,47.2,898182400.0
782.534787,47.2,899182400.0
783.542647,47.1,900232384.0
784.553612,47.1,901232192.0
785.562151,47.4,902931200.0
787.261756,47.1,903931520.0
788.268617,47.1,904931840.0
789.274594,47.5,905931712.0
790.281598,46.9,906931200.0
791.289609,46.9,907982400.0
792.301935,47.0,908982400.0
793.310610,47.0,909982208.0
794.319328,47.1,910981696.0
795.326628,47.1,911982464.0
796.335955,47.2,912981760.0
797.349031,46.9,914031488.0
798.357599,47.2,915032256.0
799.364591,47.2,916032512.0
800.373630,47.2,917031616.0
801.381184,47.4,918031744.0
802.389502,47.4,919082240.0
803.401594,47.3,920082624.0
804.409594,47.2,921081984.0
805.417487,47.1,922081408.0
806.424881,47.2,923081216.0
807.434617,47.0,924081536.0
808.443351,47.3,925131776.0
809.455142,47.2,926131648.0
810.463472,47.3,927131200.0
811.469624,47.2,928131392.0
812.477727,47.1,929131840.0
813.487233,47.1,930181888.0
814.499655,47.2,931181568.0
815.508876,47.1,932181376.0
816.517906,47.3,933181632.0
817.528612,47.2,934181440.0
818.538625,47.2,935232768.0
819.551210,47.2,936231744.0
820.561629,47.1,937231744.0
821.569678,47.1,938232384.0
822.577601,47.3,939231936.0
823.587507,47.4,940281728.0
824.600634,47.1,941281792.0
825.610435,46.8,942281728.0
826.620035,47.1,943281600.0
827.626504,47.2,944282112.0
828.635609,47.3,945281472.0
829.645005,47.3,946331840.0
830.654825,47.1,947331968.0
831.663790,47.1,948331584.0
832.671938,47.2,949331072.0
833.679743,47.2,950332544.0
834.689754,47.2,951380992.0
835.702848,47.4,952381952.0
836.712341,47.2,953381248.0
837.720418,47.3,954381696.0
838.728236,47.5,955380992.0
839.739160,47.3,956431936.0
840.753383,47.3,957431424.0
841.762811,47.7,958431296.0
842.769529,47.2,959431104.0
843.776461,47.3,960431424.0
844.785609,47.1,961431168.0
845.794595,47.0,962480448.0
846.804385,47.3,963480448.0
847.812613,47.5,964480512.0
848.820993,47.3,965481280.0
849.828602,47.4,966481408.0
850.839019,47.4,967531456.0
851.853063,47.5,968530944.0
852.862593,47.4,969530560.0
853.869607,47.2,970530432.0
854.877638,46.9,971531200.0
855.887093,47.2,972580608.0
856.900258,47.5,973580928.0
857.909831,47.4,974580544.0
858.918466,47.2,975580800.0
859.925610,47.7,976580928.0
860.933376,47.6,977581440.0
861.942388,47.4,978630976.0
862.954950,47.3,979631104.0
863.963686,47.3,980630720.0
864.970667,47.4,981631104.0
865.977598,,
871.986305,,
877.994527,47.3,997730880.0
882.056933,47.3,998731008.0
883.065486,47.4,999731072.0
884.072638,47.5,1000731072.0
885.080413,47.5,1001731136.0
886.090719,47.4,1002780480.0
887.104183,47.3,1003780992.0
888.113438,47.3,1004780480.0
889.122110,47.6,1005780672.0
890.130645,47.7,1006781120.0
891.140622,47.6,1007830976.0
892.154305,47.3,1008830784.0
893.163717,47.4,1009830912.0
894.172210,47.3,1010830784.0
895.180397,47.5,1011830592.0
896.190847,47.7,1012880576.0
897.204904,47.7,1013880256.0
898.213973,47.3,1014880896.0
899.222778,47.3,1015880384.0
900.231188,47.4,1016881408.0
901.241386,47.4,1017930240.0
902.255643,47.4,1018930816.0
903.264679,47.4,1019931008.0
904.273079,47.4,1020930688.0
905.280430,47.5,1021930368.0
906.290432,47.4,1022980224.0
907.303332,47.3,1023980736.0
908.312632,47.3,1024980800.0
909.321757,47.5,1025980544.0
910.329935,47.6,1026980608.0
911.340259,47.4,1028031040.0
912.353078,47.4,1029030656.0
913.362458,47.4,1030030848.0
914.370243,47.3,1031030016.0
915.377521,47.5,1032030400.0
916.387510,47.6,1033030464.0
917.401189,47.4,1034080448.0
918.410603,47.3,1035080640.0
919.417710,47.4,1036080640.0
920.425620,47.5,1037080064.0
921.434045,47.3,1038080384.0
922.443325,47.5,1039130432.0
923.456335,47.4,1040130496.0
924.464606,47.4,1041130560.0
925.471607,47.5,1042130688.0
926.478612,47.5,1043130240.0
927.487400,47.8,1044131200.0
928.496612,47.6,1045180864.0
929.506696,47.5,1046180416.0
930.514927,47.4,1047180608.0
931.522982,47.6,1048181248.0
932.531198,47.3,1049180288.0
933.541205,47.3,1050230080.0
934.554671,47.4,1051230464.0
935.564208,47.6,1052230080.0
936.572027,47.5,1053230656.0
937.579760,47.7,1054230144.0
938.589831,47.4,1055280576.0
939.603059,47.6,1056280832.0
940.612621,47.5,1057281216.0
941.621645,47.4,1058280192.0
942.628594,47.4,1059280256.0
943.637549,47.6,1060280768.0
944.646090,47.7,1061331136.0
945.657926,47.8,1062330112.0
946.666957,47.6,1063330624.0
947.675833,47.5,1064330496.0
948.684605,47.6,1065330560.0
949.694165,47.6,1066380160.0
950.707617,47.7,1067380544.0
951.715444,47.9,1068380544.0
952.724219,47.7,1069380672.0
953.731909,47.6,1070380928.0
954.741655,47.7,1071430592.0
955.754642,47.7,1072430848.0
956.764491,47.6,1073430272.0
957.773087,47.9,1074430720.0
958.780522,47.6,1075430528.0
959.790821,47.4,1076480640.0
960.804711,47.6,1077480192.0
961.814552,47.6,1078480256.0
962.822483,47.4,1079480448.0
963.830552,47.4,1080480640.0
964.840654,47.8,1081530368.0
965.853776,47.7,1082530432.0
966.862830,47.7,1083530240.0
967.871051,,
973.880641,,
979.888827,47.7,1099680256.0
984.012413,47.8,1100680192.0
985.020105,47.8,1101680256.0
986.027871,47.5,1102680192.0
987.037876,47.6,1103680512.0
988.047256,47.7,1104729984.0
989.058151,47.5,1105730176.0
990.066606,47.6,1106730368.0
991.074565,47.8,1107730176.0
992.081904,47.8,1108730752.0
993.091719,47.9,1109779968.0
994.103610,47.5,1110779904.0
995.113024,47.6,1111779712.0
996.120940,47.8,1112779648.0
997.128048,47.9,1113779968.0
998.138404,47.6,1114779648.0
999.148111,48.0,1115830016.0
1000.158956,47.6,1116830464.0
1001.167512,47.8,1117830016.0
1002.175890,48.3,1118830080.0
1003.183602,47.6,1119830656.0
1004.193060,47.7,1120881024.0
1005.206789,47.7,1121880064.0
1006.215630,47.7,1122880512.0
1007.224294,47.9,1123880448.0
1008.232250,47.8,1124880128.0
1009.240623,47.7,1125930368.0
1010.253825,47.9,1126930048.0
1011.264021,47.9,1127929984.0
1012.272713,48.0,1128929792.0
1013.280317,47.7,1129930240.0
1014.291498,47.5,1130980096.0
1015.304952,47.3,1131980032.0
1016.314910,47.9,1132980224.0
1017.324020,47.8,1133979136.0
1018.332769,47.9,1134978816.0
1019.341963,47.7,1136029184.0
1020.354693,47.7,1137029120.0
1021.364795,47.9,1138029568.0
1022.373436,47.8,1139029888.0
1023.381404,47.7,1140029696.0
1024.392297,47.9,1141079936.0
1025.406321,47.5,1142080000.0
1026.415805,47.8,1143079936.0
1027.424482,47.9,1144079360.0
1028.432960,47.9,1145079808.0
1029.442196,47.8,1146129280.0
1030.454602,47.7,1147129984.0
1031.464136,47.7,1148129920.0
1032.470595,47.7,1149129600.0
1033.477610,47.8,1150129664.0
1034.485599,47.8,1151129600.0
1035.493625,47.8,1152179968.0
1036.506546,47.8,1153179776.0
1037.515830,47.6,1154180352.0
1038.524980,47.9,1155180032.0
1039.532139,47.7,1156180224.0
1040.542641,47.8,1157229824.0
1041.556114,48.0,1158229376.0
1042.565704,47.6,1159230080.0
1043.574638,48.0,1160229376.0
1044.582630,48.1,1161229440.0
1045.591691,47.9,1162279808.0
1046.604354,47.6,1163280000.0
1047.613600,48.0,1164279808.0
1048.621724,47.9,1165279488.0
1049.629355,47.6,1166278656.0
1050.639343,47.5,1167280000.0
1051.648665,47.7,1168329216.0
1052.659136,47.9,1169329920.0
1053.667875,47.9,1170329472.0
1054.676848,47.9,1171329024.0
1055.685783,48.0,1172329856.0
1056.694811,47.7,1173379456.0
1057.708349,47.7,1174379136.0
1058.717261,47.9,1175378816.0
1059.725319,48.0,1176379008.0
1060.732955,47.8,1177378944.0
1061.743121,47.8,1178429184.0
1062.756546,47.9,1179429504.0
1063.765604,47.8,1180429824.0
1064.772973,48.2,1181429632.0
1065.780615,48.0,1182428928.0
1066.790859,47.9,1183479296.0
1067.804048,48.2,1184478464.0
1068.813676,47.7,1185479040.0
1069.821219,47.8,1186479104.0
1070.829332,47.9,1187479296.0
1071.838941,47.9,1188479488.0
1072.848262,48.0,1189529216.0
1073.859438,47.8,1190529024.0
1074.867531,47.7,1191528832.0
1075.875349,47.8,1192529408.0
1076.883668,48.0,1193529088.0
1077.893229,47.7,1194579584.0
1078.906754,48.0,1195579264.0
1079.916417,47.8,1196579456.0
1080.925208,47.8,1197579008.0
1081.932477,48.2,1198578816.0
1082.942617,48.0,1199629696.0
1083.954608,47.8,1200628992.0
1084.962596,47.6,1201629056.0
1085.969509,47.9,1202628736.0
1086.976636,48.0,1203628544.0
1087.984525,,
1093.995091,,
1099.998559,47.8,1219728512.0
1104.069842,48.0,1220728960.0
1105.078512,47.9,1221729280.0
1106.087343,48.1,1222729472.0
1107.096487,47.8,1223779072.0
1108.109050,48.1,1224779648.0
1109.118308,47.9,1225778688.0
1110.127248,48.0,1226778752.0
1111.135085,47.9,1227779200.0
1112.144549,47.8,1228828288.0
1113.158206,48.4,1229828864.0
1114.167633,48.0,1230829056.0
1115.176394,47.9,1231828736.0
1116.183931,48.1,1232828160.0
1117.194542,47.8,1233878656.0
1118.209409,48.1,1234878464.0
1119.217843,47.9,1235878528.0
1120.225705,47.8,1236878720.0
1121.233658,48.0,1237879552.0
1122.243272,48.2,1238928256.0
1123.256193,48.0,1239928192.0
1124.266085,47.9,1240928512.0
1125.275034,48.2,1241928832.0
1126.283253,47.9,1242928512.0
1127.293676,48.3,1243978624.0
1128.307090,48.4,1244978688.0
1129.316989,47.9,1245978624.0
1130.326026,48.1,1246978048.0
1131.333560,48.0,1247978368.0
1132.344143,47.8,1249028864.0
1133.357565,47.9,1250028672.0
1134.366688,48.1,1251029120.0
1135.374986,48.2,1252028672.0
1136.382717,48.2,1253028736.0
1137.393478,47.8,1254078720.0
1138.407703,48.0,1255079040.0
1139.416627,48.2,1256078592.0
1140.425735,48.1,1257078912.0
1141.433201,48.2,1258078848.0
1142.443768,48.1,1259128576.0
1143.458150,48.1,1260128128.0
1144.467128,48.2,1261128960.0
1145.474752,48.3,1262128512.0
1146.482216,48.2,1263128832.0
1147.490867,48.1,1264128256.0
1148.499433,48.0,1265177984.0
1149.509417,48.2,1266178048.0
1150.518866,48.1,1267178880.0
1151.527392,48.1,1268178432.0
1152.534335,48.0,1269178240.0
1153.544113,48.2,1270228736.0
1154.557626,48.3,1271228288.0
1155.567540,48.0,1272228224.0
1156.575896,48.1,1273228544.0
1157.583556,48.3,1274228736.0
1158.594284,48.1,1275278208.0
1159.607488,48.2,1276277888.0
1160.616994,48.2,1277277952.0
1161.626375,47.9,1278279040.0
1162.633650,48.1,1279278080.0
1163.643629,48.0,1280328704.0
1164.656633,48.2,1281328896.0
1165.665932,48.0,1282328064.0
1166.674615,48.3,1283328128.0
1167.682424,48.3,1284328448.0
1168.692069,48.4,1285378560.0
1169.705861,48.3,1286378368.0
1170.715677,48.4,1287378560.0
1171.723537,48.1,1288379008.0
1172.731937,48.1,1289378816.0
1173.742626,48.2,1290428160.0
1174.755635,48.3,1291427968.0
1175.765078,48.2,1292428288.0
1176.772687,48.1,1293428096.0
1177.780135,48.1,1294428032.0
1178.788769,48.4,1295428224.0
1179.798771,48.1,1296478080.0
1180.810822,48.3,1297478144.0
1181.819244,47.9,1298477952.0
1182.827281,48.0,1299478656.0
1183.834658,48.2,1300478080.0
1184.844324,48.4,1301528064.0
1185.858007,48.1,1302528128.0
1186.867017,48.3,1303527808.0
1187.875147,47.9,1304528000.0
1188.882401,48.3,1305528576.0
1189.893659,48.2,1306578304.0
1190.907529,48.1,1307578240.0
1191.917078,48.2,1308578176.0
1192.925513,48.1,1309578112.0
1193.933130,48.3,1310578560.0
1194.943168,48.2,1311628928.0
1195.956770,48.2,1312627840.0
1196.966511,47.9,1313627904.0
1197.973178,48.4,1314627968.0
1198.980791,48.4,1315627648.0
1199.990362,48.2,1316627968.0
1200.998784,48.2,1317677824.0
1202.010760,48.1,1318677888.0
1203.019481,48.0,1319678464.0
1204.028150,48.2,1320677888.0
1205.035536,48.3,1321677952.0
1206.044983,48.2,1322727680.0
1207.058311,48.1,1323727872.0
1208.067448,,
1214.076918,,
1220.085169,48.1,1339827840.0
1224.199291,48.2,1340877824.0
1225.211334,48.4,1341877504.0
1226.220118,48.3,1342877952.0
1227.228075,48.4,1343877632.0
1228.235645,48.4,1344877440.0
1229.245536,48.3,1345928192.0
1230.259689,48.5,1346927872.0
1231.268387,48.4,1347927936.0
1232.277462,48.3,1348927744.0
1233.285338,48.2,1349927680.0
1234.295044,48.3,1350977792.0
1235.308930,48.2,1351978112.0
1236.318271,48.0,1352977408.0
1237.326313,48.1,1353977728.0
1238.334071,48.6,1354977664.0
1239.344402,48.3,1356027776.0
1240.357316,48.4,1357027712.0
1241.367177,48.2,1358027776.0
1242.376014,48.1,1359027968.0
1243.384090,48.1,1360027648.0
1244.394124,48.3,1361077760.0
1245.407168,48.5,1362077824.0
1246.416622,48.4,1363077760.0
1247.425091,48.3,1364077824.0
1248.433735,48.4,1365077760.0
1249.444007,48.0,1366128000.0
1250.457217,48.3,1367127936.0
1251.466697,48.5,1368127872.0
1252.473616,48.0,1369127552.0
1253.480939,48.4,1370127616.0
1254.488606,48.4,1371127936.0
1255.496829,48.2,1372177920.0
1256.509980,48.3,1373177984.0
1257.518687,48.6,1374177664.0
1258.526257,48.7,1375177856.0
1259.532634,48.4,1376177280.0
1260.542104,48.3,1377177984.0
1261.556940,48.3,1378227584.0
1262.566555,48.4,1379227520.0
1263.574803,48.3,1380227584.0
1264.582705,48.5,1381227520.0
1265.593310,48.2,1382277760.0
1266.605607,48.1,1383277696.0
1267.615490,48.2,1384278144.0
1268.623875,48.3,1385277440.0
1269.632659,48.3,1386277248.0
1270.641614,48.3,1387277824.0
1271.651397,48.3,1388327552.0
1272.661775,48.4,1389327488.0
1273.671171,48.2,1390327936.0
1274.679185,48.5,1391327872.0
1275.687398,48.3,1392327680.0
1276.697349,48.3,1393378176.0
1277.711414,48.3,1394377472.0
1278.720034,48.5,1395377920.0
1279.728789,48.2,1396377472.0
1280.736383,48.2,1397377152.0
1281.746114,48.5,1398427136.0
1282.759298,48.2,1399428224.0
1283.768798,48.5,1400427904.0
1284.776553,48.4,1401427712.0
1285.783890,48.2,1402427392.0
1286.793422,48.3,1403477504.0
1287.806612,48.5,1404477056.0
1288.815670,48.3,1405477120.0
1289.822633,48.3,1406477184.0
1290.830365,48.5,1407477248.0
1291.837551,48.2,1408477440.0
1292.846984,48.2,1409527936.0
1293.861234,48.5,1410527616.0
1294.869619,48.3,1411527168.0
1295.877632,48.2,1412527616.0
1296.885521,48.5,1413527424.0
1297.896014,48.5,1414577536.0
1298.909239,48.3,1415577088.0
1299.919182,48.3,1416577152.0
1300.927438,48.4,1417577216.0
1301.934615,48.4,1418577280.0
1302.944527,48.4,1419627136.0
1303.957525,48.3,1420627584.0
1304.967267,48.5,1421626880.0
1305.974949,48.4,1422626816.0
1306.982445,48.5,1423627136.0
1307.992479,48.2,1424626944.0
1309.000621,48.7,1425677056.0
1310.012396,48.4,1426676992.0
1311.021401,48.3,1427677056.0
1312.030263,48.4,1428676736.0
1313.038356,48.3,1429677440.0
1314.047732,48.1,1430726784.0
1315.060794,48.2,1431727360.0
1316.070089,48.7,1432726784.0
1317.076596,48.5,1433726976.0
1318.085061,48.5,1434727424.0
1319.094825,48.4,1435777280.0
1320.107662,48.3,1436777344.0
1321.117045,48.4,1437776768.0
1322.125034,48.6,1438777088.0
1323.133245,48.8,1439777536.0
1324.143632,48.7,1440827008.0
1325.158378,48.6,1441826560.0
1326.167595,48.4,1442826752.0
1327.174956,48.5,1443826688.0
1328.182611,,
1334.191951,,
1340.196616,48.3,1459927040.0
1344.263616,48.5,1460926720.0
1345.275229,48.5,1461926528.0
1346.283078,48.7,1462926464.0
1347.292183,48.5,1463926400.0
1348.301716,48.4,1464977024.0
1349.313108,48.6,1465976576.0
1350.321649,48.8,1466976512.0
1351.330402,48.5,1467976320.0
1352.337911,48.8,1468976128.0
1353.347627,48.4,1470026880.0
1354.360941,48.3,1471026944.0
1355.369860,48.4,1472026624.0
1356.378915,48.6,1473026432.0
1357.386329,48.6,1474026112.0
1358.396616,48.7,1475076224.0
1359.410425,48.6,1476076288.0
1360.419692,48.6,1477076480.0
1361.427751,48.6,1478076160.0
1362.435606,48.5,1479076224.0
1363.446307,48.4,1480126208.0
1364.459425,48.8,1481126528.0
1365.468896,48.6,1482126336.0
1366.476606,48.6,1483126144.0
1367.483611,48.4,1484126592.0
1368.492584,48.7,1485126272.0
1369.500858,48.4,1486176384.0
1370.512592,48.4,1487176064.0
1371.522615,48.5,1488176512.0
1372.530784,48.5,1489175808.0
1373.538377,48.2,1490176768.0
1374.548461,48.6,1491225984.0
1375.561881,48.4,1492226048.0
1376.571144,48.4,1493226240.0
1377.579659,48.9,1494226816.0
1378.586993,48.6,1495226112.0
1379.596605,48.7,1496276480.0
1380.609887,48.5,1497276288.0
1381.620035,48.7,1498276480.0
1382.627323,48.4,1499276160.0
1383.635286,48.4,1500276480.0
1384.645193,48.7,1501326720.0
1385.659066,48.4,1502326144.0
1386.669640,48.5,1503326592.0
1387.678103,48.6,1504326656.0
1388.686105,48.5,1505326464.0
1389.695866,48.6,1506376064.0
1390.709391,48.7,1507376256.0
1391.719644,48.6,1508375680.0
1392.727609,48.6,1509376000.0
1393.735610,48.5,1510375680.0
1394.745499,48.9,1511426688.0
1395.758901,48.6,1512426368.0
1396.769038,48.7,1513426304.0
1397.777438,48.5,1514425856.0
1398.785470,48.6,1515426432.0
1399.795302,48.6,1516476416.0
1400.808180,48.7,1517475968.0
1401.817510,48.7,1518475776.0
1402.825027,48.7,1519475968.0
1403.833410,48.5,1520476160.0
1404.842564,48.6,1521475840.0
1405.851068,48.7,1522525952.0
1406.864099,48.9,1523525632.0
1407.872499,48.5,1524525952.0
1408.881405,48.8,1525526016.0
1409.888595,48.6,1526525696.0
1410.897087,48.6,1527575680.0
1411.911306,48.8,1528576128.0
1412.920526,48.4,1529575808.0
1413.928061,48.8,1530576128.0
1414.935411,48.5,1531576064.0
1415.945929,48.5,1532625920.0
1416.958402,48.7,1533626240.0
1417.966633,48.7,1534626176.0
1418.973958,48.6,1535625728.0
1419.981856,48.7,1536625152.0
1420.989326,48.6,1537626240.0
1421.998563,48.8,1538675584.0
1423.012466,48.8,1539676032.0
1424.020614,48.4,1540675840.0
1425.028098,48.7,1541675648.0
1426.035104,48.6,1542675840.0
1427.045269,48.8,1543725568.0
1428.058550,48.7,1544725632.0
1429.067645,48.6,1545726208.0
1430.075505,48.7,1546725248.0
1431.083609,48.6,1547725312.0
1432.093057,48.6,1548725632.0
1433.101501,48.9,1549775616.0
1434.113109,48.7,1550775808.0
1435.122204,48.9,1551775744.0
1436.130230,48.8,1552775424.0
1437.137620,48.5,1553775488.0
1438.147066,48.8,1554825728.0
1439.160707,48.8,1555825152.0
1440.169606,48.8,1556825472.0
1441.177185,48.6,1557825664.0
1442.185030,48.7,1558825600.0
1443.195619,48.6,1559875584.0
1444.209213,48.9,1560875264.0
1445.218862,48.9,1561875456.0
1446.225652,48.5,1562875520.0
1447.233984,48.7,1563875328.0
1448.243937,,
1454.254067,,
1460.262432,48.9,1579975808.0
1464.326119,48.9,1580975616.0
1465.334863,48.9,1581975168.0
1466.343650,48.8,1582975488.0
1467.358723,48.7,1584025728.0
1468.369266,48.8,1585024768.0
1469.377838,48.9,1586025216.0
1470.385906,48.6,1587025408.0
1471.396607,48.7,1588075648.0
1472.409608,48.9,1589074944.0
1473.418603,48.8,1590075392.0
1474.425940,48.7,1591074688.0
1475.434450,48.7,1592074880.0
1476.442992,49.0,1593075712.0
1477.453137,49.1,1594125184.0
1478.462617,48.8,1595125248.0
1479.471208,48.8,1596125184.0
1480.478993,48.8,1597125376.0
1481.486617,48.9,1598124928.0
1482.496404,48.8,1599175296.0
1483.508616,48.8,1600175488.0
1484.518396,48.9,1601175296.0
1485.525982,48.6,1602175232.0
1486.534278,49.0,1603175424.0
1487.544070,48.8,1604175488.0
1488.553975,48.5,1605225088.0
1489.563619,49.0,1606225024.0
1490.572610,48.9,1607225344.0
1491.580326,49.1,1608225024.0
1492.588197,48.8,1609225216.0
1493.597595,48.6,1610275968.0
1494.610825,48.8,1611275264.0
1495.620534,48.7,1612274688.0
1496.627976,48.8,1613274880.0
1497.636319,48.9,1614274560.0
1498.646274,49.1,1615324928.0
1499.660166,48.9,1616324992.0
1500.670281,48.8,1617325056.0
1501.679236,48.8,1618325120.0
1502.687783,48.9,1619324800.0
1503.697619,49.0,1620374784.0
1504.710339,49.1,1621374976.0
1505.719626,48.7,1622375168.0
1506.726594,48.9,1623374976.0
1507.734263,48.9,1624375424.0
1508.742209,49.0,1625375104.0
1509.750898,48.8,1626425472.0
1510.763878,49.0,1627424768.0
1511.773143,48.8,1628424960.0
1512.781067,48.9,1629425152.0
1513.788204,48.9,1630425088.0
1514.799130,48.8,1631474816.0
1515.813309,49.0,1632474496.0
1516.822223,48.8,1633474816.0
1517.829974,48.6,1634474752.0
1518.837852,48.9,1635474944.0
1519.847795,48.9,1636524800.0
1520.861700,48.7,1637524736.0
1521.871791,48.8,1638524800.0
1522.879626,49.1,1639525376.0
1523.887715,48.9,1640524928.0
1524.897658,48.8,1641574912.0
1525.910775,48.8,1642574848.0
1526.920532,48.8,1643574656.0
1527.928591,48.6,1644574720.0
1528.936637,48.9,1645574656.0
1529.945724,49.0,1646574848.0
1530.959160,48.9,1647624832.0
1531.968243,49.0,1648624640.0
1532.975533,48.9,1649625088.0
1533.983859,48.7,1650625152.0
1534.992173,48.7,1651624576.0
1536.001564,49.1,1652673792.0
1537.013607,48.8,1653674368.0
1538.022937,49.2,1654675200.0
1539.030738,49.0,1655674624.0
1540.037672,49.1,1656674816.0
1541.047636,49.1,1657725312.0
1542.060348,49.0,1658724608.0
1543.069534,49.0,1659724800.0
1544.077294,49.0,1660724352.0
1545.084383,48.9,1661724800.0
1546.093688,49.1,1662723840.0
1547.102626,49.1,1663774592.0
1548.114484,48.7,1664774656.0
1549.123099,48.9,1665774720.0
1550.130864,48.9,1666774784.0
1551.138369,48.9,1667774592.0
1552.148654,49.2,1668824832.0
1553.162253,49.0,1669824512.0
1554.171635,48.7,1670824704.0
1555.179687,48.7,1671824640.0
1556.187511,48.9,1672824192.0
1557.198355,48.9,1673874944.0
1558.211661,48.9,1674874112.0
1559.220828,49.0,1675874560.0
1560.227602,49.0,1676874624.0
1561.235376,48.9,1677874432.0
1562.244523,48.7,1678874240.0
1563.255426,48.9,1679923968.0
1564.265098,48.9,1680924288.0
1565.273501,48.6,1681924224.0
1566.281431,48.9,1682924032.0
1567.289096,49.0,1683924224.0
1568.298707,,
1574.308387,,
1580.316936,49.3,1700023936.0
1584.389255,49.0,1701024512.0
1585.398777,49.1,1702074496.0
1586.411095,49.1,1703073920.0
1587.420267,49.1,1704074112.0
1588.427736,48.8,1705074944.0
1589.434598,49.1,1706074240.0
1590.441626,48.9,1707074176.0
1591.449622,49.3,1708123904.0
1592.461602,49.1,1709123712.0
1593.469595,48.7,1710124160.0
1594.476692,49.1,1711123712.0
1595.483929,49.1,1712124160.0
1596.490936,49.1,1713123968.0
1597.499959,49.0,1714174720.0
1598.512130,49.0,1715174016.0
1599.520809,48.9,1716173824.0
1600.529101,49.0,1717174016.0
1601.537791,48.8,1718174592.0
1602.547635,49.0,1719224192.0
1603.561382,49.3,1720224128.0
1604.571343,48.9,1721223936.0
1605.579614,49.0,1722224000.0
1606.587827,48.8,1723223936.0
1607.597749,48.9,1724274688.0
1608.610652,49.1,1725273728.0
1609.620718,49.1,1726273792.0
1610.628454,48.8,1727274112.0
1611.637132,49.0,1728274176.0
1612.647722,49.1,1729324032.0
1613.661166,48.9,1730323840.0
1614.670905,48.9,1731323904.0
1615.678908,48.8,1732323712.0
1616.686666,48.7,1733324160.0
1617.696562,49.3,1734324608.0
1618.710220,49.0,1735373824.0
1619.719085,49.0,1736373888.0
1620.726695,49.2,1737373952.0
1621.734178,49.2,1738373888.0
1622.742549,49.2,1739373824.0
1623.751101,49.1,1740423936.0
1624.764837,49.1,1741424384.0
1625.773864,49.2,1742423424.0
1626.781978,49.1,1743423360.0
1627.789937,49.2,1744423680.0
1628.798601,48.8,1745474176.0
1629.811731,49.3,1746473600.0
1630.820605,49.2,1747472896.0
1631.828094,49.2,1748473984.0
1632.836392,49.0,1749473792.0
1633.846024,49.3,1750474112.0
1634.860011,49.2,1751523584.0
1635.869479,49.2,1752523776.0
1636.877829,49.0,1753523456.0
1637.885166,49.0,1754523520.0
1638.893850,49.1,1755524096.0
1639.902007,49.1,1756573824.0
1640.914590,49.1,1757573760.0
1641.922840,49.3,1758573696.0
1642.930644,49.0,1759573504.0
1643.939328,49.0,1760573696.0
1644.949643,49.0,1761623424.0
1645.962609,49.0,1762624000.0
1646.971719,49.2,1763623168.0
1647.979895,49.1,1764623872.0
1648.987399,49.2,1765923456.0
1650.265597,49.2,1766923136.0
1651.273360,49.1,1767923968.0
1652.280632,49.3,1768923264.0
1653.287590,49.3,1769923584.0
1654.295640,49.3,1770923520.0
1655.304305,49.3,1771973504.0
1656.315637,49.1,1772973696.0
1657.324611,49.2,1773973376.0
1658.332387,49.1,1774974208.0
1659.340180,49.3,1775974016.0
1660.349437,49.1,1777023744.0
1661.363311,49.4,1778023296.0
1662.372737,49.6,1779022976.0
1663.380521,48.8,1780023424.0
1664.388086,49.0,1781023360.0
1665.398631,49.0,1782073600.0
1666.411936,49.3,1783073536.0
1667.420856,49.2,1784073216.0
1668.428891,48.9,1785073536.0
1669.436637,49.2,1786073600.0
1670.446458,49.1,1787073408.0
1671.460264,49.0,1788123392.0
1672.469441,49.4,1789123328.0
1673.476025,49.1,1790123520.0
1674.482617,49.4,1791123456.0
1675.489333,49.2,1792123392.0
1676.499430,49.1,1793173760.0
1677.511620,49.0,1794173312.0
1678.524611,49.1,1795173632.0
1679.531599,49.1,1796173056.0
1680.538861,49.0,1797174144.0
1681.549278,49.3,1798224128.0
1682.561840,49.4,1799224192.0
1683.570608,49.4,1800923904.0
1685.265940,49.5,1801923584.0
1686.273609,49.1,1802923264.0
1687.280612,49.5,1803923584.0
1688.286632,49.2,1804923392.0
1689.295613,49.3,1805923328.0
1690.303663,49.1,1806974080.0
1691.316853,49.4,1807974400.0
1692.324591,49.2,1808974336.0
1693.331482,49.0,1809973632.0
1694.338607,49.1,1810973696.0
1695.348382,49.5,1812023296.0
1696.361609,49.2,1813023232.0
1697.373600,49.5,1814023040.0
1698.379591,49.2,1815023360.0
1699.389419,49.3,1816023424.0
1700.398614,49.1,1817073536.0
1701.411069,49.3,1818073728.0
1702.420170,49.2,1819073152.0
1703.427280,49.1,1820073472.0
1704.434783,49.2,1821073280.0
1705.442076,49.3,1822072960.0
1706.450591,49.3,1823123200.0
1707.462609,49.4,1824123520.0
1708.471593,49.3,1825123456.0
1709.481950,49.2,1826122880.0
1710.489479,49.0,1827122816.0
1711.498874,49.1,1828173696.0
1712.511608,49.0,1829173120.0
1713.519592,49.5,1830173440.0
1714.526602,49.2,1831173504.0
1715.533595,49.3,1832173056.0
1716.540727,49.1,1833173248.0
1717.549633,49.1,1834222848.0
1718.562475,49.3,1835223168.0
1719.571628,49.3,1836222592.0
1720.577590,49.3,1837222784.0
1721.583939,49.0,1838223360.0
1722.590039,49.3,1839223296.0
1723.599605,48.9,1840273536.0
1724.612610,49.5,1841273728.0
1725.621435,49.1,1842273536.0
1726.629164,49.0,1843273216.0
1727.637624,49.3,1844273408.0
1728.646690,49.3,1845272960.0
1729.660636,48.9,1846323328.0
1730.670621,49.0,1847323008.0
1731.677651,49.4,1848322944.0
1732.685046,49.4,1849322880.0
1733.692437,49.4,1850322816.0
1734.700635,49.0,1851372672.0
1735.713107,49.2,1852372992.0
1736.721900,49.4,1853372928.0
1737.729877,49.3,1854372864.0
1738.736595,49.5,1855373184.0
1739.744593,49.1,1856372736.0
1740.752595,49.3,1857422720.0
1741.765651,49.1,1858422784.0
1742.774452,49.1,1859422976.0
1743.782021,49.1,1860922752.0
1745.266152,49.5,1861922816.0
1746.274774,49.6,1862922624.0
1747.281602,49.3,1863922816.0
1748.288962,49.5,1864922880.0
1749.297594,49.6,1865922944.0
1750.309608,49.3,1866972928.0
1751.318600,49.4,1867972608.0
1752.325606,49.4,1868972800.0
1753.332602,49.5,1870173056.0
1754.523601,49.4,1871172736.0
1755.532608,49.3,1872172416.0
1756.539606,49.1,1873172864.0
1757.549063,49.2,1874223360.0
1758.561584,49.4,1875223040.0
1759.569593,49.4,1876223104.0
1760.577617,49.2,1877223936.0
1761.585819,49.6,1878223104.0
1762.593100,49.2,1879223552.0
1763.601623,49.3,1880273792.0
1764.614355,49.3,1881273600.0
1765.623874,49.3,1882272384.0
1766.631554,49.4,1883273216.0
1767.640760,49.2,1884272512.0
1768.650285,49.2,1885323008.0
1769.663142,49.4,1886322816.0
1770.673435,49.4,1887322112.0
1771.682289,49.3,1888322432.0
1772.688616,49.4,1889322496.0
1773.697514,49.4,1890322560.0
1774.710492,49.4,1891372800.0
1775.720313,49.5,1892372608.0
1776.728110,49.5,1893372416.0
1777.735612,49.2,1894372480.0
1778.743547,49.3,1895372416.0
1779.751628,49.4,1896422528.0
1780.765294,49.3,1897422464.0
1781.773633,49.5,1898422528.0
1782.780976,49.5,1899422592.0
1783.788242,49.3,1900422528.0
1784.797611,49.4,1901422848.0
1785.810781,49.4,1902472704.0
1786.819620,49.5,1903472768.0
1787.825593,49.5,1904472704.0
1788.831613,49.6,1905472256.0
1789.839051,49.5,1906472320.0
1790.848608,49.3,1907472512.0
1791.861763,49.4,1908522240.0
1792.874608,49.3,1909522432.0
1793.881606,49.6,1910522880.0
1794.888592,49.3,1911522432.0
1795.896593,49.3,1912521856.0
1796.904600,49.7,1913571968.0
1797.916016,49.3,1914572288.0
1798.923601,49.6,1915572480.0
1799.930614,49.3,1916572544.0
1800.937603,49.4,1917572608.0
1801.945594,49.4,1918572544.0
1802.953602,49.5,1919622400.0
1803.965848,49.4,1920621952.0
1804.973846,49.5,1923172096.0
1807.521701,49.4,1924172416.0
1808.528596,49.5,1925172224.0
1809.535103,49.4,1926172416.0
1810.543064,49.6,1927171968.0
1811.551623,49.3,1928222464.0
1812.565639,49.5,1929222528.0
1813.574417,49.4,1930222208.0
1814.582423,49.6,1931222656.0
1815.589600,49.3,1932221952.0
1816.599315,49.6,1933271936.0
1817.612202,49.3,1934272256.0
1818.622921,49.4,1935272064.0
1819.631145,49.1,1936271616.0
1820.640301,49.3,1937271424.0
1821.650065,49.5,1938321664.0
1822.663969,49.5,1939321728.0
1823.674417,49.5,1940321792.0
1824.683738,49.3,1941321984.0
1825.691921,49.5,1942322560.0
1826.700878,49.3,1943372032.0
1827.715111,49.4,1944372480.0
1828.724692,49.3,1945372032.0
1829.732529,49.6,1946372608.0
1830.741171,49.7,1947372288.0
1831.751425,49.3,1948421760.0
1832.765873,49.1,1949422464.0
1833.774625,49.3,1950421888.0
1834.782620,49.7,1951422208.0
1835.790969,49.5,1952422144.0
1836.800726,49.3,1953472000.0
1837.814365,49.3,1954472192.0
1838.823513,49.5,1955472128.0
1839.831427,49.7,1956471808.0
1840.839255,49.3,1957472128.0
1841.848909,49.5,1958521984.0
1842.861883,49.3,1959521792.0
1843.871285,49.7,1960521856.0
1844.879512,49.5,1961522176.0
1845.887426,49.4,1962521728.0
1846.896890,49.0,1963521664.0
1847.905364,49.6,1964571904.0
1848.917244,49.5,1965571968.0
1849.925845,49.6,1966572032.0
1850.933693,49.5,1967572480.0
1851.941841,49.2,1968571904.0
1852.951770,49.6,1969621888.0
1853.964606,49.6,1970622080.0
1854.973589,49.4,1971621760.0
1855.980944,49.4,1972621184.0
1856.988615,49.2,1973622144.0
1857.997978,49.3,1974621440.0
1859.010622,49.5,1975671680.0
1860.019980,49.3,1976672128.0
1861.028015,49.6,1977671936.0
1862.034591,49.6,1978671744.0
1863.042042,49.3,1979671808.0
1864.052237,49.4,1980721920.0
1865.065241,49.4,1981721728.0
1866.073348,49.4,1982721792.0
1867.081340,49.3,1983722112.0
1868.087924,,
1874.095633,,
1880.104171,49.6,1999821440.0
1884.167352,49.7,2000821632.0
1885.175416,49.4,2001821696.0
1886.183401,49.4,2002820608.0
1887.191140,49.8,2003821696.0
1888.201074,49.5,2004871936.0
1889.214491,49.3,2005871744.0
1890.224778,49.5,2006871424.0
1891.232735,49.6,2007871104.0
1892.241499,49.3,2008871424.0
1893.251385,49.5,2009921792.0
1894.263784,49.5,2010921472.0
1895.274408,49.1,2011921152.0
1896.282974,49.5,2012921984.0
1897.291282,49.5,2013921920.0
1898.301880,49.8,2014971392.0
1899.315031,49.5,2015971712.0
1900.323637,49.5,2016971392.0
1901.332400,49.6,2017971456.0
1902.341643,49.4,2018971520.0
1903.351814,49.4,2020021632.0
1904.366054,49.5,2021021696.0
1905.375465,49.7,2022020864.0
1906.383187,49.5,2023021312.0
1907.391456,49.7,2024021376.0
1908.401798,49.4,2025071744.0
1909.415946,49.5,2026071680.0
1910.424624,49.6,2027072128.0
1911.432409,49.8,2028070784.0
1912.441098,49.4,2029071488.0
1913.452254,49.6,2030121600.0
1914.465496,50.0,2031121408.0
1915.474696,49.4,2032121088.0
1916.482748,49.4,2033121152.0
1917.490302,49.6,2034121216.0
1918.501463,49.4,2035171456.0
1919.514602,49.4,2036171136.0
1920.524051,49.6,2037171456.0
1921.532338,49.5,2038171392.0
1922.541215,49.4,2039170944.0
1923.551604,49.5,2040221952.0
1924.564371,49.6,2041221632.0
1925.574296,49.5,2042221056.0
1926.582906,49.4,2043221760.0
1927.590455,49.7,2044221056.0
1928.599897,49.9,2045271680.0
1929.612594,49.6,2046271744.0
1930.621204,49.6,2047271168.0
1931.627623,49.6,2048271104.0
1932.635215,50.0,2049271424.0
1933.643404,49.8,2050271104.0
1934.652264,49.7,2051321216.0
1935.664592,49.9,2052321152.0
1936.673826,49.8,2053320832.0
1937.680920,49.7,2054321024.0
1938.688107,49.5,2055321088.0
1939.696649,49.6,2056321280.0
1940.705587,49.5,2057370624.0
1941.717291,49.9,2058371456.0
1942.726297,49.6,2059371520.0
1943.734689,49.7,2060370944.0
1944.742454,49.5,2061371136.0
1945.751362,49.5,2062421248.0
1946.764478,49.6,2063421184.0
1947.774009,49.7,2064421120.0
1948.782640,49.6,2065420800.0
1949.791214,49.6,2066420608.0
1950.802009,49.6,2067470464.0
1951.817442,49.6,2068470528.0
1952.826361,49.6,2069470464.0
1953.834796,49.6,2070470400.0
1954.843821,49.7,2071470336.0
1955.852738,49.7,2072520832.0
1956.866143,49.8,2073520640.0
1957.875095,49.8,2074521088.0
1958.883902,49.7,2075520512.0
1959.893425,49.4,2076520832.0
1960.902595,49.5,2077570560.0
1961.915729,49.7,2078570368.0
1962.924535,49.5,2079570816.0
1963.931547,49.8,2080570624.0
1964.938603,49.3,2081570560.0
1965.947449,49.7,2082570112.0
1966.956894,49.8,2083619968.0
1967.967092,49.9,2084620160.0
1968.975752,49.5,2085620480.0
1969.982682,49.4,2086619904.0
1970.991086,49.6,2087620224.0
1972.000611,49.7,2088670848.0
1973.013767,49.6,2089670528.0
1974.023320,49.6,2090670080.0
1975.030929,49.7,2091670272.0
1976.039401,49.5,2092670720.0
1977.049261,49.9,2093671168.0
1978.063482,49.4,2094720000.0
1979.073319,49.6,2095720448.0
1980.081022,49.8,2096720384.0
1981.089111,49.6,2097720064.0
1982.097196,49.6,2098720768.0
1983.106092,49.6,2099770496.0
1984.118054,49.5,2100770688.0
1985.126404,49.9,2101770880.0
1986.134355,49.9,2102770560.0
1987.143101,49.9,2103770752.0
1988.152314,,
1994.161778,,
2000.169232,49.6,2119870720.0
2004.230432,49.6,2120870528.0
2005.238774,49.5,2121870464.0
2006.248642,49.5,2122870784.0
2007.263623,49.8,2123920768.0
2008.274061,49.7,2124920576.0
2009.281890,49.9,2125920256.0
2010.289293,49.9,2126920448.0
2011.299483,49.8,2127920512.0
2012.308289,49.6,2128970112.0
2013.318678,49.8,2129970560.0
2014.327784,49.7,2130970240.0
2015.336058,50.0,2131969792.0
2016.344624,49.6,2132970496.0
2017.353966,49.7,2134019584.0
2018.368056,49.8,2135020032.0
2019.377780,49.7,2136020224.0
2020.386302,49.8,2137020544.0
2021.393995,49.8,2138020608.0
2022.403358,49.9,2139070976.0
2023.416608,49.8,2140070912.0
2024.424594,49.8,2141070848.0
2025.431820,49.6,2142070400.0
2026.438815,49.7,2143070208.0
2027.448102,49.7,2144070144.0
2028.456611,49.9,2145120256.0
2029.467627,49.7,2146120192.0
2030.475596,49.8,2147120768.0
2031.483665,49.9,2148120576.0
2032.491446,50.0,2149120768.0
2033.502777,49.8,2150170880.0
2034.515617,49.4,2151170304.0
2035.524600,49.7,2152170240.0
2036.531345,49.8,2153170176.0
2037.539434,49.8,2154170624.0
2038.548619,49.9,2155170560.0
2039.557636,49.8,2156220416.0
2040.569447,49.7,2157220096.0
2041.578236,49.9,2158220288.0
2042.585625,49.5,2159220480.0
2043.593014,49.8,2160220160.0
2044.602981,49.9,2161270528.0
2045.617129,50.0,2162270208.0
2046.625600,49.8,2163270144.0
2047.632597,49.8,2164270592.0
2048.639616,49.8,2165270016.0
2049.649406,49.7,2166269952.0
2050.659064,50.0,2167320576.0
2051.670034,49.9,2168320768.0
2052.678227,49.9,2169319936.0
2053.685609,49.6,2170320128.0
2054.692619,49.6,2171320832.0
2055.702961,49.8,2172370432.0
2056.716709,49.8,2173370624.0
2057.726475,49.7,2174370560.0
2058.734775,49.7,2175370496.0
2059.743490,49.7,2176369920.0
2060.753649,49.8,2177420544.0
2061.767329,49.9,2178420224.0
2062.776540,49.9,2179420160.0
2063.784227,50.0,2180420096.0
2064.791862,49.8,2181420800.0
2065.802604,49.9,2182470144.0
2066.816639,49.6,2183470848.0
2067.826595,49.9,2184470016.0
2068.834330,49.8,2185470720.0
2069.841664,49.7,2186469888.0
2070.850597,49.7,2187469824.0
2071.862615,49.8,2188520192.0
2072.871605,49.6,2189520384.0
2073.878603,49.6,2190520064.0
2074.885596,49.7,2191520256.0
2075.892610,49.6,2192520192.0
2076.902450,49.5,2193570304.0
2077.915021,49.9,2194569472.0
2078.924284,49.9,2195569664.0
2079.930608,49.6,2196569600.0
2080.937258,49.9,2197570560.0
2081.943626,49.7,2198570240.0
2082.953409,49.9,2199620352.0
2083.966062,49.8,2200619776.0
2084.977012,50.2,2201620224.0
2085.984852,49.8,2202620160.0
2086.992075,50.1,2203620352.0
2088.001979,49.8,2204670208.0
2089.014652,49.9,2205670144.0
2090.023737,49.9,2206669824.0
2091.031337,50.0,2207670016.0
2092.037630,49.7,2208669952.0
2093.044634,49.8,2209669632.0
2094.052771,49.7,2210720000.0
2095.065613,49.7,2211719680.0
2096.073946,50.0,2212720640.0
2097.081620,49.9,2213720320.0
2098.088745,49.8,2214719488.0
2099.097610,50.0,2215719168.0
2100.105773,49.6,2216769792.0
2101.118443,49.6,2217769472.0
2102.126624,49.9,2218769664.0
2103.134654,49.9,2219770112.0
2104.141968,49.7,2220769792.0
2105.150623,49.7,2221769728.0
2106.164147,50.0,2222819840.0
2107.172597,49.9,2223819776.0
2108.179550,49.8,2224819712.0
2109.187204,50.0,2225819392.0
2110.193609,49.8,2226820096.0
2111.202802,50.0,2227870208.0
2112.215417,49.9,2228869632.0
2113.224606,49.7,2229869824.0
2114.231603,50.1,2230870016.0
2115.238979,49.9,2231869696.0
2116.249177,49.8,2232869888.0
2117.257464,49.8,2233919488.0
2118.268589,50.0,2234919424.0
2119.276497,49.9,2235919360.0
2120.284971,50.0,2236919808.0
2121.292400,49.8,2237919232.0
2122.301702,49.8,2238969600.0
2123.314881,49.9,2239969280.0
2124.323835,50.0,2240969472.0
2125.329613,50.0,2241969920.0
2126.335597,49.8,2242969344.0
2127.341599,49.9,2243969792.0
2128.351687,49.9,2244970240.0
2129.364646,49.8,2246019072.0
2130.374031,50.1,2247019776.0
2131.381493,49.9,2248019712.0
2132.388916,49.7,2249019392.0
2133.399767,49.9,2250019328.0
2134.409018,50.1,2251068928.0
2135.418606,49.8,2252069632.0
2136.426616,50.0,2253069056.0
2137.434222,50.0,2254069248.0
2138.440619,50.0,2255069440.0
2139.450169,49.7,2256069376.0
2140.458617,49.6,2257119744.0
2141.468621,50.0,2258119680.0
2142.476815,50.1,2259119872.0
2143.484814,50.2,2260119040.0
2144.491794,49.8,2261119744.0
2145.501189,50.2,2262169344.0
2146.514621,49.9,2263169024.0
2147.522632,49.8,2264169216.0
2148.530067,50.2,2265169152.0
2149.536604,49.9,2266169088.0
2150.544644,50.0,2267169024.0
2151.553598,50.0,2268219392.0
2152.565612,49.7,2269219840.0
2153.574605,49.9,2270218752.0
2154.582952,50.0,2271218944.0
2155.589758,50.1,2272219136.0
2156.599270,50.1,2273219328.0
2157.608005,49.9,2274269440.0
2158.620003,49.8,2275269120.0
2159.627607,49.7,2276269056.0
2160.635036,49.9,2277268992.0
2161.643419,49.8,2278269184.0
2162.653127,50.0,2279319040.0
2163.665622,50.0,2280318720.0
2164.675912,50.1,2281319168.0
2165.683599,49.7,2282319616.0
2166.690644,50.2,2283320064.0
2167.699594,49.8,2286169088.0
2170.519316,49.9,2287169024.0
2171.526597,49.9,2288168704.0
2172.534278,50.3,2289168640.0
2173.540591,50.3,2290169088.0
2174.550122,50.0,2291170048.0
2175.558609,50.1,2292218880.0
2176.569211,50.0,2293219072.0
2177.576629,49.8,2294218752.0
2178.583590,50.0,2295218944.0
2179.590336,49.7,2296218368.0
2180.600073,49.9,2297219328.0
2181.609601,50.2,2298269184.0
2182.619814,49.9,2299268608.0
2183.628432,49.7,2300268800.0
2184.636350,50.0,2301269504.0
2185.644129,50.0,2302268928.0
2186.653886,50.0,2303319296.0
2187.666228,49.9,2304319232.0
2188.675736,49.9,2305319168.0
2189.683875,50.2,2306319104.0
2190.691046,50.0,2307318528.0
2191.700632,50.0,2308318720.0
2192.713606,50.0,2309369344.0
2193.722608,49.9,2310368512.0
2194.730433,49.8,2311368704.0
2195.737831,50.1,2312368896.0
2196.746918,50.0,2313368576.0
2197.755652,49.8,2314418944.0
2198.768996,50.0,2315418368.0
2199.778380,49.8,2316418560.0
2200.785697,49.9,2317418496.0
2201.792953,49.9,2318418688.0
2202.802866,50.3,2319469312.0
2203.816017,49.9,2320467712.0
2204.825452,49.8,2321467648.0
2205.831608,49.8,2322468608.0
2206.838638,49.9,2323467776.0
2207.847550,49.7,2324468224.0
2208.855878,50.1,2325518592.0
2209.868833,50.0,2326518272.0
2210.876603,49.9,2327518464.0
2211.883706,49.8,2328518400.0
2212.891064,50.0,2329519360.0
2213.899897,50.1,2330518528.0
2214.907591,50.0,2331568128.0
2215.920260,49.8,2332568576.0
2216.928686,50.1,2333568768.0
2217.936442,49.9,2334569216.0
2218.943603,50.0,2335568384.0
2219.953612,50.0,2336618752.0
2220.965619,50.0,2337618688.0
2221.975051,50.1,2338618112.0
2222.982595,50.0,2339618560.0
2223.989760,50.2,2340618496.0
2224.998884,50.2,2341618432.0
2226.008247,49.9,2342668288.0
2227.020006,50.2,2343668480.0
2228.029131,,
2234.036602,,
2240.044739,50.1,2359718400.0
2244.103539,50.0,2360768512.0
2245.116165,50.1,2361768192.0
2246.125667,50.4,2362768384.0
2247.133839,50.0,2363768064.0
2248.141484,50.2,2364768256.0
2249.152619,49.8,2365818368.0
2250.165606,49.8,2366818560.0
2251.175507,50.3,2367817984.0
2252.182475,50.1,2368818176.0
2253.189667,49.7,2369818368.0
2254.198593,50.0,2370818304.0
2255.207600,49.9,2371868416.0
2256.220527,49.9,2372867840.0
2257.229087,50.0,2373867776.0
2258.236465,50.1,2374868224.0
2259.244360,50.1,2375868160.0
2260.253593,49.9,2376918016.0
2261.265605,50.5,2377917952.0
2262.275095,50.3,2378918144.0
2263.282696,50.1,2379918080.0
2264.289673,50.1,2380917760.0
2265.298589,49.9,2381918208.0
2266.307940,50.1,2382967808.0
2267.320347,49.8,2383968256.0
2268.329115,50.0,2384967936.0
2269.336925,50.1,2385968128.0
2270.343721,50.5,2386968064.0
2271.353963,50.1,2388018688.0
2272.366629,50.2,2389018112.0
2273.376640,49.8,2390017792.0
2274.383795,49.9,2391018752.0
2275.391215,50.0,2392017664.0
2276.400903,50.2,2393017600.0
2277.410317,49.8,2394068224.0
2278.419656,50.0,2395067648.0
2279.427652,50.3,2396067840.0
2280.435595,50.1,2397067776.0
2281.443266,49.8,2398067968.0
2282.453854,50.0,2399118592.0
2283.466609,50.3,2400118272.0
2284.475738,49.5,2401118208.0
2285.482597,50.2,2402117632.0
2286.489393,50.3,2403118080.0
2287.496646,50.1,2404118272.0
2288.505619,49.9,2405167616.0
2289.518615,50.0,2406167808.0
2290.526601,50.1,2407168000.0
2291.532624,50.1,2408167424.0
2292.538617,50.1,2409167616.0
2293.544625,50.1,2410167808.0
2294.553613,50.2,2411217920.0
2295.566439,49.9,2412217600.0
2296.575588,50.0,2413217792.0
2297.582218,49.9,2414217728.0
2298.589618,50.1,2415218688.0
2299.596596,50.0,2416217600.0
2300.605515,50.1,2417268480.0
2301.618430,49.9,2418268672.0
2302.627444,50.2,2419267584.0
2303.635741,50.6,2420268800.0
2304.643681,49.9,2421267712.0
2305.652622,50.0,2422317568.0
2306.665618,50.0,2423317760.0
2307.675323,50.1,2424317440.0
2308.682637,50.3,2425317632.0
2309.689616,50.3,2426317824.0
2310.696547,49.9,2427318016.0
2311.705717,50.3,2428367616.0
2312.718608,50.2,2429367552.0
2313.727922,50.2,2430367744.0
2314.736551,50.2,2431367424.0
2315.745063,50.1,2432367616.0
2316.754502,50.1,2433417472.0
2317.767634,50.1,2434417920.0
2318.776639,50.0,2435417856.0
2319.784088,50.5,2436417536.0
2320.792152,50.0,2437417728.0
2321.801690,50.0,2438417664.0
2322.811192,50.3,2439468288.0
2323.822015,50.4,2440467712.0
2324.829593,49.9,2441467904.0
2325.837348,50.3,2442467840.0
2326.844550,50.1,2443467520.0
2327.853608,50.2,2444518144.0
2328.866612,50.1,2445518080.0
2329.875900,50.2,2446518016.0
2330.883590,50.1,2447517440.0
2331.891029,50.2,2448517632.0
2332.900925,50.1,2449518080.0
2333.909892,50.0,2450567936.0
2334.921946,50.1,2451567616.0
2335.929621,50.1,2452567552.0
2336.937334,49.9,2453568000.0
2337.944919,50.1,2454567936.0
2338.954736,50.1,2455617792.0
2339.967526,50.1,2456618240.0
2340.976657,50.0,2457617664.0
2341.983904,50.2,2458617600.0
2342.991498,50.0,2459617792.0
2343.999605,50.1,2460617984.0
2345.007632,50.2,2461667840.0
2346.021515,50.1,2462667520.0
2347.029831,50.5,2463667456.0
2348.037696,,
2354.047120,,
2360.054628,50.2,2479817472.0
2364.171340,50.4,2480816896.0
2365.178609,50.3,2481817600.0
2366.186542,50.4,2482817024.0
2367.194411,50.1,2483817216.0
2368.204905,50.1,2484867584.0
2369.218291,50.2,2485867520.0
2370.227882,50.5,2486867456.0
2371.236541,50.1,2487867392.0
2372.244379,50.2,2488867072.0
2373.254809,50.5,2489917440.0
2374.268303,50.2,2490917632.0
2375.278051,50.2,2491917568.0
2376.285666,50.2,2492917504.0
2377.293070,50.4,2493917184.0
2378.302340,50.1,2494917632.0
2379.314620,50.3,2495967232.0
2380.322604,50.0,2496967424.0
2381.330762,50.0,2497967104.0
2382.339497,50.4,2498967040.0
2383.347565,50.3,2499966976.0
2384.356602,50.3,2501017088.0
2385.370869,50.5,2502017280.0
2386.378637,50.4,2503017984.0
2387.386702,50.4,2504017408.0
2388.393915,50.2,2505017344.0
2389.404615,50.2,2506066944.0
2390.417900,50.6,2507067136.0
2391.428249,50.2,2508067072.0
2392.435698,50.0,2509066496.0
2393.442658,50.1,2510066688.0
2394.453435,50.4,2511116800.0
2395.465625,50.3,2512117504.0
2396.474606,50.2,2513117184.0
2397.481612,50.2,2514116864.0
2398.488988,50.2,2515117568.0
2399.496023,50.4,2516116736.0
2400.505608,50.1,2517167104.0
2401.518591,50.4,2518167808.0
2402.526622,50.1,2519166720.0
2403.534182,50.2,2520166144.0
2404.541601,49.9,2521166592.0
2405.549912,50.4,2522166784.0
2406.558596,50.1,2523216896.0
2407.571290,50.2,2524216832.0
2408.581549,50.5,2525216768.0
2409.589491,50.1,2526216704.0
2410.597229,50.4,2527216896.0
2411.605608,50.2,2528267520.0
2412.618610,50.4,2529266944.0
2413.628538,50.1,2530267136.0
2414.636705,50.5,2531266560.0
2415.644626,50.3,2532267008.0
2416.654749,50.4,2533316864.0
2417.666624,50.3,2534316288.0
2418.676442,50.6,2535316480.0
2419.683627,50.2,2536316672.0
2420.691175,49.9,2537316608.0
2421.699620,50.0,2538316800.0
2422.708363,50.3,2539366656.0
2423.721052,50.0,2540366592.0
2424.729639,50.4,2541366528.0
2425.737950,50.3,2542366720.0
2426.746017,50.2,2543366144.0
2427.755151,50.3,2544416256.0
2428.767658,50.1,2545416704.0
2429.776807,50.6,2546416640.0
2430.783599,50.0,2547415808.0
2431.790610,50.3,2548416512.0
2432.797971,50.3,2549416192.0
2433.807438,50.3,2550466304.0
2434.820900,50.7,2551466496.0
2435.830273,50.4,2552466432.0
2436.838104,50.6,2553466368.0
2437.844981,50.4,2554466560.0
2438.854884,50.1,2555516672.0
2439.867861,50.4,2556516096.0
2440.877662,50.2,2557516032.0
2441.885597,50.3,2558516480.0
2442.892493,50.5,2559516416.0
2443.901636,50.4,2560516096.0
2444.910619,50.2,2561566720.0
2445.922466,50.6,2562566912.0
2446.931185,50.2,2563566592.0
2447.938625,50.2,2564566272.0
2448.946017,50.7,2565566208.0
2449.955603,50.6,2566616576.0
2450.967633,50.1,2567615744.0
2451.977131,50.3,2568615936.0
2452.984910,50.1,2569615872.0
2453.992278,50.2,2570616576.0
2455.000634,50.3,2571616000.0
2456.009406,50.3,2572666112.0
2457.021895,50.3,2573666048.0
2458.029707,50.1,2574666496.0
2459.037247,50.1,2575666432.0
2460.044367,50.6,2576666112.0
2461.054831,50.2,2577716480.0
2462.067893,50.2,2578716160.0
2463.076903,50.2,2579716352.0
2464.084897,50.3,2580716032.0
2465.093184,50.4,2581716736.0
2466.102326,50.2,2582716672.0
2467.111789,50.4,2583766016.0
2468.121607,,
2474.129597,,
2480.137420,50.5,2599865600.0
2484.229597,50.3,2600865024.0
2485.235644,50.1,2601865728.0
2486.242634,50.8,2602866176.0
2487.252594,50.3,2603866112.0
2488.261278,50.6,2604915712.0
2489.271623,50.3,2605915904.0
2490.279590,50.5,2606915840.0
2491.286772,50.3,2607915008.0
2492.294783,50.2,2608915200.0
2493.303673,50.7,2609965056.0
2494.316965,50.7,2610965760.0
2495.325652,50.6,2611964928.0
2496.332397,50.3,2612964864.0
2497.339598,50.0,2613964800.0
2498.347352,50.2,2614964736.0
2499.355669,50.3,2616014848.0
2500.367609,50.8,2617016320.0
2501.376952,50.5,2618015744.0
2502.385236,50.3,2619015680.0
2503.393203,50.5,2620016384.0
2504.403006,50.6,2621015808.0
2505.417398,50.4,2622065664.0
2506.427394,50.4,2623065344.0
2507.434869,50.4,2624065792.0
2508.441896,50.7,2625065216.0
2509.451783,50.2,2626065664.0
2510.460607,50.6,2627115520.0
2511.471967,50.8,2628115456.0
2512.480428,50.7,2629115904.0
2513.487871,50.4,2630115584.0
2514.496190,50.5,2631115008.0
2515.506321,50.1,2632165632.0
2516.520267,50.5,2633165824.0
2517.530139,50.6,2634165760.0
2518.537834,50.5,2635166208.0
2519.545619,50.3,2636165632.0
2520.555908,50.2,2637215488.0
2521.568605,50.2,2638215680.0
2522.578635,50.4,2639215872.0
2523.586617,50.3,2640215808.0
2524.593602,50.2,2641215488.0
2525.603025,50.1,2642215680.0
2526.612713,50.5,2643265536.0
2527.622014,50.6,2644266496.0
2528.630409,50.5,2645265664.0
2529.638414,49.9,2646265088.0
2530.646527,50.3,2647265536.0
2531.656961,50.7,2648315904.0
2532.671134,50.4,2649314816.0
2533.679648,50.2,2650315264.0
2534.686596,50.7,2651315456.0
2535.692594,50.4,2652315648.0
2536.700377,50.6,2653315840.0
2537.710258,50.5,2654365696.0
2538.721618,50.5,2655365632.0
2539.730702,50.6,2656365312.0
2540.738368,50.2,2657365504.0
2541.746159,50.5,2658365440.0
2542.756662,50.6,2659415808.0
2543.769520,50.4,2660415488.0
2544.778947,50.3,2661415680.0
2545.787124,50.4,2662415616.0
2546.795630,50.4,2663415808.0
2547.805621,50.2,2664465664.0
2548.817593,50.3,2665465088.0
2549.827167,50.2,2666465024.0
2550.834608,50.7,2667465216.0
2551.841604,50.3,2668464896.0
2552.848650,50.5,2669465088.0
2553.857472,50.5,2670515200.0
2554.871149,50.5,2671514880.0
2555.879603,50.5,2672515840.0
2556.886564,50.2,2673515264.0
2557.893949,50.6,2674514944.0
2558.903321,50.3,2675515392.0
2559.911638,50.3,2676564992.0
2560.921696,50.6,2677565440.0
2561.931014,50.6,2678565120.0
2562.938613,50.5,2679565312.0
2563.946008,50.4,2680565504.0
2564.955620,50.2,2681614848.0
2565.967893,50.2,2682614784.0
2566.976757,50.7,2683615232.0
2567.983599,50.3,2684614912.0
2568.990591,50.3,2685615360.0
2569.997615,50.3,2686615040.0
2571.006606,50.3,2687665408.0
2572.019503,50.4,2688664576.0
2573.029209,50.3,2689665280.0
2574.037675,50.4,2690665728.0
2575.045509,50.5,2691665152.0
2576.056103,50.3,2692715008.0
2577.069478,50.4,2693715200.0
2578.078845,50.1,2694714112.0
2579.086501,50.4,2695714048.0
2580.094453,50.2,2696714240.0
2581.103379,50.5,2697714688.0
2582.115628,50.5,2698764544.0
2583.125078,50.2,2699763968.0
2584.133259,50.2,2700764416.0
2585.139609,50.2,2701764352.0
2586.146858,50.6,2702765568.0
2587.157414,50.5,2703814912.0
2588.170443,,
2594.180100,,
2600.189532,50.9,2719914496.0
2604.293363,50.3,2720914432.0
2605.302886,50.5,2721914880.0
2606.311325,50.3,2722964224.0
2607.321872,50.7,2723964160.0
2608.330381,50.3,2724964608.0
2609.338464,50.1,2725964288.0
2610.345605,50.6,2726964480.0
2611.355631,50.3,2728014848.0
2612.368835,50.5,2729014528.0
2613.377617,50.3,2730014208.0
2614.384639,50.3,2731014656.0
2615.392598,50.6,2732014848.0
2616.401144,50.5,2733014528.0
2617.410486,50.7,2734064128.0
2618.422116,50.5,2735064832.0
2619.430959,50.3,2736064256.0
2620.438208,50.9,2737064960.0
2621.446135,50.7,2738064384.0
2622.455600,50.6,2739114752.0
2623.468362,50.3,2740114688.0
2624.477880,50.8,2741114368.0
2625.484638,50.5,2742114816.0
2626.492532,50.5,2743114496.0
2627.501384,50.9,2744114176.0
2628.510457,50.7,2745164544.0
2629.523309,50.4,2746164224.0
2630.532623,50.6,2747164928.0
2631.541126,50.5,2748164608.0
2632.550095,50.4,2749164800.0
2633.559277,50.1,2750214656.0
2634.572305,50.2,2751214336.0
2635.581082,51.0,2752214528.0
2636.589267,50.8,2753214208.0
2637.596786,50.7,2754214656.0
2638.607180,50.5,2755264768.0
2639.621661,50.4,2756264704.0
2640.629604,50.3,2757264384.0
2641.636378,50.5,2758264576.0
2642.643819,50.5,2759265280.0
2643.653697,50.4,2760264704.0
2644.662617,50.5,2761314048.0
2645.675626,50.8,2762314496.0
2646.682596,50.6,2763314432.0
2647.689291,50.4,2764314624.0
2648.696789,50.7,2765314304.0
2649.706815,50.6,2766364416.0
2650.719658,50.2,2767364096.0
2651.729392,50.2,2768364032.0
2652.736193,50.2,2769364480.0
2653.744056,50.8,2770364416.0
2654.753591,50.6,2771364608.0
2655.767863,50.4,2772414720.0
2656.777697,50.7,2773414400.0
2657.785861,50.5,2774414080.0
2658.793175,50.7,2775414528.0
2659.802985,50.9,2776414208.0
2660.812677,50.6,2777464576.0
2661.823041,50.9,2778464256.0
2662.830599,50.6,2779464192.0
2663.838409,50.4,2780464640.0
2664.845638,50.3,2781463808.0
2665.856148,50.8,2782514176.0
2666.869648,50.8,2783514112.0
2667.879488,50.6,2784514304.0
2668.887806,50.4,2785514240.0
2669.894611,50.3,2786514176.0
2670.903465,50.8,2787513856.0
2671.914127,50.5,2788564224.0
2672.923936,50.6,2789564416.0
2673.933324,50.6,2790564096.0
2674.941187,50.6,2791564288.0
2675.948840,50.9,2792564224.0
2676.957663,50.6,2793614080.0
2677.971017,50.8,2794613760.0
2678.981405,50.5,2795614464.0
2679.989624,50.7,2796614144.0
2680.996616,50.7,2797614336.0
2682.006205,51.0,2798664192.0
2683.018629,50.7,2799663616.0
2684.028072,50.2,2800664064.0
2685.035533,50.6,2801663744.0
2686.042606,50.6,2802664448.0
2687.051284,51.0,2803664640.0
2688.059643,50.7,2804713984.0
2689.072600,50.4,2805714688.0
2690.080595,50.8,2806714112.0
2691.087646,50.6,2807713792.0
2692.095011,50.6,2808713728.0
2693.103618,50.7,2809714176.0
2694.112779,50.7,2810764544.0
2695.123812,50.7,2811764480.0
2696.132384,51.1,2812764160.0
2697.140942,51.1,2813764096.0
2698.148692,50.2,2814763520.0
2699.157617,50.3,2815813888.0
2700.170209,50.5,2816813824.0
2701.178596,50.1,2817813504.0
2702.186038,50.3,2818814464.0
2703.194084,51.0,2819813632.0
2704.203181,50.8,2820813568.0
2705.213297,50.4,2821864192.0
2706.224037,50.4,2822864128.0
2707.233242,50.6,2823863808.0
2708.241591,,
2714.249609,,
2720.257474,51.0,2839964160.0
2724.358858,50.5,2841012992.0
2725.371631,50.4,2842013696.0
2726.379594,50.0,2843013888.0
2727.386591,50.6,2844013312.0
2728.393311,50.8,2845013504.0
2729.402050,50.9,2846013440.0
2730.411018,50.4,2847063808.0
2731.421814,51.0,2848063744.0
2732.430722,50.3,2849063680.0
2733.438662,50.4,2850063360.0
2734.445592,50.8,2851063808.0
2735.455193,50.7,2852113664.0
2736.467672,50.6,2853113600.0
2737.477186,50.7,2854113280.0
2738.484251,50.9,2855113728.0
2739.491086,50.7,2856113664.0
2740.499653,50.4,2857113344.0
2741.508787,50.7,2858163712.0
2742.521633,50.8,2859164672.0
2743.529515,50.9,2860163840.0
2744.536791,51.1,2861163520.0
2745.543725,50.8,2862163456.0
2746.553359,50.6,2863213312.0
2747.565591,50.9,2864213248.0
2748.573590,51.1,2865213184.0
2749.580613,50.7,2866213632.0
2750.587600,50.6,2867213568.0
2751.594737,50.4,2868213504.0
2752.604992,50.8,2869263616.0
2753.616591,50.5,2870264320.0
2754.625100,50.6,2871263488.0
2755.631587,50.7,2872263168.0
2756.637595,50.9,2873263104.0
2757.644388,50.5,2874263296.0
2758.654382,50.4,2875313408.0
2759.666386,50.4,2876313344.0
2760.675055,50.9,2877313024.0
2761.682349,51.0,2878313216.0
2762.688625,50.9,2879313152.0
2763.696476,50.5,2880313600.0
2764.705438,50.3,2881363456.0
2765.718735,50.6,2882362880.0
2766.727740,50.8,2883363328.0
2767.735495,50.9,2884363520.0
2768.742475,50.8,2885362944.0
2769.752694,50.8,2886413312.0
2770.766101,50.8,2887412992.0
2771.775873,50.9,2888413184.0
2772.784738,50.9,2889413376.0
2773.792674,50.3,2890413056.0
2774.802460,50.6,2891463424.0
2775.815397,50.3,2892463104.0
2776.824838,50.5,2893463040.0
2777.832429,50.9,2894463488.0
2778.839888,51.0,2895463168.0
2779.849689,50.7,2896463360.0
2780.858436,50.8,2897512960.0
2781.868801,50.6,2898513408.0
2782.877316,50.2,2899513088.0
2783.885367,50.5,2900513536.0
2784.893087,50.7,2901513472.0
2785.902386,50.6,2902563328.0
2786.916913,50.6,2903563264.0
2787.925812,50.9,2904563200.0
2788.933808,51.0,2905563136.0
2789.941625,50.6,2906563328.0
2790.951611,50.8,2907613184.0
2791.964266,50.6,2908613632.0
2792.973980,51.0,2909612800.0
2793.981185,50.8,2910612992.0
2794.988941,50.4,2911612672.0
2795.998619,50.5,2912613120.0
2797.012146,50.9,2913662720.0
2798.022441,50.6,2914663168.0
2799.030878,50.3,2915662592.0
2800.038830,50.7,2916662528.0
2801.049924,50.8,2917712640.0
2802.063237,50.8,2918712832.0
2803.072971,50.8,2919712768.0
2804.081358,50.8,2920712960.0
2805.090892,50.5,2921712896.0
2806.101289,50.5,2922763264.0
2807.115485,50.6,2923762944.0
2808.124433,50.8,2924763136.0
2809.132604,50.4,2925763072.0
2810.139634,51.0,2926763264.0
2811.150076,50.5,2927812608.0
2812.163654,50.6,2928813056.0
2813.172601,50.8,2929812992.0
2814.181253,50.7,2930812928.0
2815.189067,50.8,2931812864.0
2816.199333,50.6,2932862976.0
2817.212608,50.5,2933862656.0
2818.221678,50.7,2934862848.0
2819.229627,50.6,2935863040.0
2820.237492,50.6,2936863488.0
2821.247777,50.6,2937912832.0
2822.261356,50.1,2938912768.0
2823.271115,50.4,2939912704.0
2824.279106,50.4,2940912896.0
2825.286818,50.9,2941913088.0
2826.296084,50.6,2942912768.0
2827.308941,50.9,2943962624.0
2828.319028,,
2834.327766,,
2840.332667,50.7,2960062976.0
2844.423458,51.0,2961062656.0
2845.432222,51.0,2962063104.0
2846.440140,50.7,2963062784.0
2847.450589,50.9,2964112128.0
2848.463704,50.8,2965112832.0
2849.472028,50.8,2966112512.0
2850.479795,50.9,2967112448.0
2851.487437,51.0,2968112640.0
2852.497393,50.9,2969163008.0
2853.509683,50.6,2970162432.0
2854.518778,50.7,2971162880.0
2855.524607,51.0,2972162816.0
2856.531475,50.8,2973161984.0
2857.538842,50.9,2974162688.0
2858.548746,51.0,2975212800.0
2859.562517,50.8,2976212480.0
2860.570603,50.8,2977212160.0
2861.578170,50.7,2978212352.0
2862.585983,50.7,2979212800.0
2863.596253,51.0,2980262656.0
2864.608642,50.8,2981262592.0
2865.618052,51.0,2982262016.0
2866.625744,50.8,2983262720.0
2867.633710,50.8,2984262400.0
2868.642672,50.5,2985262848.0
2869.652351,50.9,2986312192.0
2870.663153,50.6,2987312384.0
2871.671591,50.9,2988312576.0
2872.678192,50.8,2989312256.0
2873.684610,50.9,2990312448.0
2874.693378,51.0,2991312640.0
2875.702412,51.0,2992362752.0
2876.712813,51.1,2993362176.0
2877.721734,50.7,2994362112.0
2878.729119,50.6,2995363072.0
2879.737033,50.6,2996362752.0
2880.746883,50.5,2997412352.0
2881.761008,50.6,2998412544.0
2882.770623,51.0,2999412224.0
2883.778443,50.8,3000412160.0
2884.785612,50.8,3001411584.0
2885.794796,51.0,3002462208.0
2886.807587,50.7,3003461632.0
2887.814598,50.7,3004462080.0
2888.822270,50.9,3005462272.0
2889.830068,50.8,3006462720.0
2890.837548,51.0,3007462656.0
2891.846731,50.5,3008512000.0
2892.860602,51.0,3009512192.0
2893.868599,50.7,3010512896.0
2894.875984,50.9,3011512320.0
2895.883603,50.3,3012512256.0
2896.892835,50.8,3013562112.0
2897.906270,51.1,3014562304.0
2898.915774,51.0,3015562240.0
2899.923675,51.1,3016562176.0
2900.931046,50.8,3017562368.0
2901.939335,50.7,3018562304.0
2902.948179,50.6,3019612416.0
2903.961255,51.1,3020611840.0
2904.969651,51.0,3021612544.0
2905.977486,51.1,3022612480.0
2906.985180,50.8,3023612160.0
2907.995138,50.8,3024662784.0
2909.007854,51.1,3025662208.0
2910.017539,50.7,3026662144.0
2911.026437,50.9,3027662336.0
2912.035126,50.9,3028662272.0
2913.045613,50.7,3029712128.0
2914.058910,50.8,3030712320.0
2915.067985,50.9,3031712256.0
2916.076133,50.8,3032712448.0
2917.084509,50.6,3033712640.0
2918.093600,51.1,3034762496.0
2919.106610,50.8,3035761920.0
2920.115774,50.9,3036761856.0
2921.123523,51.0,3037761792.0
2922.131622,51.1,3038762240.0
2923.142247,50.9,3039812096.0
2924.155446,51.0,3040811776.0
2925.164985,50.6,3041811712.0
2926.173146,50.9,3042812160.0
2927.180650,50.5,3043812096.0
2928.190166,50.6,3044811776.0
2929.200738,50.9,3045861888.0
2930.210630,50.7,3046861568.0
2931.219215,51.0,3047861760.0
2932.227856,50.6,3048861952.0
2933.234966,50.9,3049861632.0
2934.245345,50.6,3050911744.0
2935.258833,50.6,3051912192.0
2936.267552,50.5,3052912128.0
2937.275798,51.0,3053911808.0
2938.283264,50.4,3054912256.0
2939.292781,51.0,3055961856.0
2940.306264,51.0,3056961536.0
2941.315436,50.6,3057961728.0
2942.323508,51.0,3058961920.0
2943.331597,50.6,3059961856.0
2944.342122,51.0,3061012480.0
2945.355867,51.0,3062011904.0
2946.364631,50.8,3063012096.0
2947.371603,50.7,3064011776.0
2948.377625,,
2954.385600,,
2960.391595,51.1,3080111872.0
2964.486588,50.7,3081111808.0
2965.494791,50.8,3082161920.0
2966.507886,50.9,3083161600.0
2967.515589,50.7,3084161536.0
2968.522430,51.0,3085161472.0
2969.530291,50.7,3086161408.0
2970.539637,50.8,3087212032.0
2971.552485,50.6,3088211712.0
2972.561381,50.9,3089211648.0
2973.568160,50.7,3090211584.0
2974.575481,50.9,3091211776.0
2975.582848,50.9,3092211712.0
2976.591675,50.9,3093262336.0
2977.604133,51.1,3094261504.0
2978.613793,50.9,3095262208.0
2979.621264,50.9,3096261376.0
2980.627635,50.7,3097261056.0
2981.637203,50.8,3098261760.0
2982.645633,50.6,3099311360.0
2983.657203,50.6,3100311296.0
2984.665610,50.9,3101311488.0
2985.672654,51.2,3102311424.0
2986.680339,51.0,3103311360.0
2987.690028,50.7,3104361984.0
2988.702741,50.9,3105361408.0
2989.711983,50.8,3106361600.0
2990.719253,50.9,3107361536.0
2991.725747,50.7,3108361472.0
2992.733610,50.7,3109361152.0
2993.742691,51.0,3110412288.0
2994.756415,51.0,3111411456.0
2995.765212,51.2,3112411392.0
2996.773481,51.1,3113411328.0
2997.781653,51.2,3114411520.0
2998.790798,51.1,3115461376.0
2999.804712,50.9,3116460800.0
3000.813673,50.6,3117462272.0
3001.822100,51.1,3118461696.0
3002.830431,50.8,3119461632.0
3003.841369,51.0,3120510976.0
3004.854950,50.7,3121511680.0
3005.864846,50.8,3122511360.0
3006.873413,50.8,3123511552.0
3007.882308,50.7,3124511232.0
3008.892195,51.4,3125561600.0
3009.905875,51.1,3126561024.0
3010.915113,50.8,3127561472.0
3011.923553,51.0,3128561664.0
3012.933186,51.1,3129560832.0
3013.942851,50.9,3130611200.0
3014.955310,51.0,3131611392.0
3015.964990,50.8,3132611072.0
3016.973288,50.9,3133611008.0
3017.980912,50.8,3134611456.0
3018.989729,50.7,3135661824.0
3020.002691,51.1,3136661248.0
3021.012760,51.1,3137660928.0
3022.020810,51.1,3138661120.0
3023.028716,51.0,3139660800.0
3024.038655,51.0,3140710656.0
3025.052928,50.9,3141710848.0
3026.062622,51.0,3142711552.0
3027.070520,51.0,3143710720.0
3028.078961,50.8,3144711168.0
3029.088658,50.9,3145761024.0
3030.102442,51.0,3146761472.0
3031.112132,50.9,3147761408.0
3032.120352,50.8,3148760576.0
3033.127857,50.8,3149760768.0
3034.137844,51.0,3150811392.0
3035.150592,50.4,3151810816.0
3036.159217,50.7,3152811008.0
3037.167252,51.1,3153810944.0
3038.174815,50.7,3154811136.0
3039.184445,51.1,3155810816.0
3040.193894,50.9,3156860672.0
3041.204243,51.3,3157860608.0
3042.212867,51.1,3158860800.0
3043.220527,51.0,3159860736.0
3044.228701,50.8,3160860928.0
3045.237978,51.0,3161910528.0
3046.251710,50.9,3162910464.0
3047.260591,51.1,3163910400.0
3048.268467,51.1,3164910336.0
3049.275980,50.7,3165910784.0
3050.286320,51.1,3166961152.0
3051.299770,51.1,3167960320.0
3052.308608,51.0,3168960512.0
3053.316474,50.6,3169960448.0
3054.324616,51.0,3170960128.0
3055.333618,50.9,3171960832.0
3056.341977,50.9,3173010944.0
3057.354266,51.0,3174011392.0
3058.362884,50.7,3175010560.0
3059.370702,51.0,3176010496.0
3060.377844,51.0,3177010688.0
3061.387024,51.0,3178060800.0
3062.399953,51.0,3179061248.0
3063.408945,51.0,3180060672.0
3064.416463,51.2,3181060608.0
3065.423799,51.0,3182060544.0
3066.432301,50.8,3183060480.0
3067.441633,51.0,3184111104.0
3068.454041,,
3074.461898,,
3080.470516,50.9,3200210944.0
3084.552629,51.1,3201210880.0
3085.561837,51.1,3202210560.0
3086.569650,51.3,3203210496.0
3087.577894,51.1,3204211200.0
3088.587611,50.8,3205260544.0
3089.601378,51.1,3206260992.0
3090.610853,50.9,3207260416.0
3091.617619,50.8,3208260608.0
3092.625003,50.9,3209260800.0
3093.635686,51.0,3210311680.0
3094.648085,51.0,3211310592.0
3095.657629,51.1,3212310528.0
3096.664595,50.8,3213310720.0
3097.671507,50.9,3214310656.0
3098.680077,51.1,3215310592.0
3099.689462,51.3,3216360448.0
3100.702227,50.9,3217360128.0
3101.710722,51.1,3218360320.0
3102.718315,51.2,3219360512.0
3103.726413,51.3,3220360192.0
3104.736498,51.0,3221410560.0
3105.749632,50.6,3222410240.0
3106.758496,51.2,3223410688.0
3107.766187,51.3,3224410880.0
3108.772615,51.1,3225410560.0
3109.781299,50.7,3226410752.0
3110.790014,51.0,3227460352.0
3111.801762,51.0,3228460800.0
3112.810592,51.1,3229460224.0
3113.817350,51.1,3230460672.0
3114.824389,51.1,3231460096.0
3115.833688,51.3,3232510208.0
3116.847721,51.3,3233510400.0
3117.857456,51.3,3234510592.0
3118.866815,51.1,3235510272.0
3119.874550,51.0,3236510208.0
3120.883918,51.1,3237561088.0
3121.897516,51.0,3238560256.0
3122.907020,51.2,3239561216.0
3123.920134,51.0,3240560128.0
3124.928979,51.1,3241560320.0
3125.938921,50.7,3242610176.0
3126.951389,51.0,3243610368.0
3127.960606,50.7,3244610304.0
3128.968807,51.3,3245610496.0
3129.977552,51.1,3246610688.0
3130.987407,51.0,3247660800.0
3131.999611,51.0,3248660224.0
3133.008201,50.9,3249660160.0
3134.015636,51.1,3250660608.0
3135.023726,51.2,3251660544.0
3136.034813,51.0,3252710400.0
3137.047607,51.2,3253710592.0
3138.056443,51.1,3254710528.0
3139.065002,51.2,3255710464.0
3140.073139,51.0,3256710144.0
3141.083932,51.2,3257760512.0
3142.097678,50.8,3258760192.0
3143.107412,51.0,3259760640.0
3144.116177,51.0,3260760064.0
3145.125181,51.4,3261760256.0
3146.135480,51.0,3262810368.0
3147.149138,51.0,3263810560.0
3148.158284,51.0,3264810496.0
3149.166706,51.0,3265810432.0
3150.175677,51.0,3266810880.0
3151.184641,51.2,3267860480.0
3152.197751,51.0,3268860160.0
3153.207041,51.1,3269860352.0
3154.214632,51.4,3270860032.0
3155.221647,51.2,3271860480.0
3156.230872,50.9,3272860160.0
3157.243609,51.1,3273910272.0
3158.252845,50.9,3274910464.0
3159.261172,51.0,3275910144.0
3160.268970,51.1,3276910336.0
3161.278930,51.0,3277910016.0
3162.287514,51.1,3278960384.0
3163.299548,51.4,3279960064.0
3164.308392,51.0,3280959744.0
3165.316645,50.9,3281959936.0
3166.324490,51.3,3282960128.0
3167.334411,50.9,3284010496.0
3168.348052,51.3,3285009664.0
3169.356604,51.1,3286009856.0
3170.363618,51.2,3287009536.0
3171.370837,51.2,3288009984.0
3172.379610,51.2,3289010176.0
3173.387627,51.1,3290059776.0
3174.399387,50.8,3291060736.0
3175.407766,51.1,3292059648.0
3176.416234,50.8,3293059840.0
3177.425073,51.0,3294060288.0
3178.435399,51.0,3295110144.0
3179.448964,51.2,3296109824.0
3180.457745,51.1,3297110272.0
3181.466436,51.1,3298109952.0
3182.474960,51.1,3299109888.0
3183.484485,51.1,3300159744.0
3184.498447,51.0,3301159680.0
3185.506634,50.9,3302159872.0
3186.513676,51.1,3303159552.0
3187.529763,51.0,3304159744.0
3188.543696,,
3194.551634,,
3200.560394,51.0,3319310080.0
3203.655679,51.1,3320310016.0
3204.664640,51.2,3321310208.0
3205.673563,51.4,3322309632.0
3206.683412,50.9,3323360256.0
3207.697242,50.9,3324359680.0
3208.706974,51.1,3325360128.0
3209.715286,51.1,3326360320.0
3210.723393,51.1,3327360000.0
3211.733609,51.3,3328409344.0
3212.747336,51.1,3329410048.0
3213.756306,51.2,3330409728.0
3214.764419,50.9,3331409664.0
3215.772957,51.1,3332410112.0
3216.783040,51.2,3333460224.0
3217.796775,51.2,3334459392.0
3218.805928,51.1,3335459584.0
3219.814265,51.3,3336459520.0
3220.822187,51.0,3337459200.0
3221.833037,51.3,3338508800.0
3222.847096,51.0,3339509248.0
3223.856147,51.0,3340508672.0
3224.864468,50.8,3341510144.0
3225.873299,51.1,3342509312.0
3226.882923,51.2,3343559680.0
3227.895586,51.5,3344559360.0
3228.904260,51.0,3345559296.0
3229.912997,50.9,3346559232.0
3230.920609,50.8,3347559680.0
3231.930551,51.2,3348609536.0
3232.943772,51.0,3349609216.0
3233.953878,51.1,3350609664.0
3234.963132,50.9,3351609088.0
3235.971043,51.1,3352610048.0
3236.980636,50.8,3353659648.0
3237.993649,51.2,3354658816.0
3239.003135,50.9,3355659008.0
3240.012334,51.2,3356658688.0
3241.019987,51.2,3357658880.0
3242.029988,51.1,3358709504.0
3243.043187,51.5,3359709184.0
3244.052483,51.1,3360708864.0
3245.060214,51.1,3361709824.0
3246.066678,51.0,3362709248.0
3247.076038,51.3,3363708672.0
3248.085286,51.0,3364759040.0
3249.096772,51.4,3365759232.0
3250.105295,51.0,3366759168.0
3251.113201,51.2,3367759360.0
3252.120753,51.0,3368758784.0
3253.130398,50.9,3369808896.0
3254.143689,51.3,3370809600.0
3255.154275,51.1,3371808768.0
3256.162847,51.1,3372809472.0
3257.171497,51.2,3373808896.0
3258.180521,51.4,3374859008.0
3259.193540,51.1,3375858944.0
3260.203937,51.0,3376858624.0
3261.212749,51.1,3377858560.0
3262.220302,51.0,3378858752.0
3263.230643,51.2,3379909120.0
3264.243095,51.2,3380908800.0
3265.252348,51.3,3381908992.0
3266.260268,51.1,3382909184.0
3267.267695,50.8,3383908608.0
3268.278855,51.1,3384959744.0
3269.292645,51.2,3385958656.0
3270.303023,51.5,3386959360.0
3271.312054,51.1,3387959552.0
3272.319606,50.6,3388959488.0
3273.330146,51.0,3390008832.0
3274.344130,51.2,3391008512.0
3275.353620,51.1,3392008704.0
3276.362061,51.1,3393008640.0
3277.369689,51.1,3394008576.0
3278.379637,51.1,3395058944.0
3279.392685,51.2,3396058624.0
3280.402433,51.2,3397058304.0
3281.410923,51.5,3398059008.0
3282.418902,51.3,3399058688.0
3283.429635,51.4,3400108544.0
3284.442964,51.1,3401108736.0
3285.452936,51.1,3402108160.0
3286.460777,50.8,3403109120.0
3287.468819,51.3,3404108800.0
3288.479194,51.0,3405158912.0
3289.491838,51.0,3406158848.0
3290.501283,51.4,3407158528.0
3291.508837,51.0,3408158464.0
3292.515988,51.0,3409158400.0
3293.525645,51.0,3410158080.0
3294.540643,51.4,3411208704.0
3295.550660,51.2,3412208128.0
3296.558937,51.0,3413208576.0
3297.566419,51.2,3414208768.0
3298.576444,50.9,3415208448.0
3299.585436,51.3,3416258304.0
3300.596001,51.2,3417258240.0
3301.604654,51.1,3418258944.0
3302.612802,51.3,3419258624.0
3303.621363,51.1,3420258560.0
3304.630873,51.3,3421308928.0
3305.644208,50.9,3422308352.0
3306.653036,51.3,3423308800.0
3307.661332,,
3313.670439,,
3319.678777,51.1,3439408640.0
3323.783130,51.2,3440457984.0
3324.795362,51.0,3441458176.0
3325.804442,51.0,3442458112.0
3326.813531,51.1,3443458304.0
3327.821910,51.3,3444457728.0
3328.832346,51.4,3445508608.0
3329.845264,51.1,3446508288.0
3330.853917,51.1,3447508224.0
3331.862819,51.2,3448508672.0
3332.872041,51.2,3449508352.0
3333.881694,51.1,3450558208.0
3334.894904,51.1,3451558400.0
3335.904528,51.1,3452558080.0
3336.911616,51.3,3453558272.0
3337.918873,51.1,3454558464.0
3338.928122,51.4,3455608832.0
3339.940918,51.1,3456608512.0
3340.950735,51.3,3457608448.0
3341.960530,51.0,3458607872.0
3342.967637,51.4,3459608320.0
3343.977475,51.3,3460658432.0
3344.990598,51.0,3461658368.0
3345.999474,51.3,3462658048.0
3347.006727,51.2,3463658240.0
3348.014292,51.2,3464658176.0
3349.023825,51.3,3465658112.0
3350.033637,51.2,3466707968.0
3351.043635,51.2,3467707648.0
3352.052230,51.1,3468708352.0
3353.061976,51.2,3469708032.0
3354.070418,51.3,3470707968.0
3355.078834,51.0,3471758336.0
3356.092443,51.1,3472758528.0
3357.101766,51.1,3473757952.0
3358.109909,50.9,3474758144.0
3359.118436,51.0,3475758592.0
3360.127957,50.8,3476807936.0
3361.142721,51.4,3477807872.0
3362.151598,51.0,3478807808.0
3363.159169,51.3,3479807744.0
3364.167440,51.3,3480807936.0
3365.177338,51.0,3481858560.0
3366.189833,51.0,3482857984.0
3367.198876,51.4,3483858176.0
3368.207464,51.3,3484857856.0
3369.215303,51.2,3485858048.0
3370.225799,51.1,3486908160.0
3371.240536,51.5,3487907840.0
3372.249624,51.2,3488907776.0
3373.256595,51.3,3489907712.0
3374.263561,51.1,3490907648.0
3375.273621,51.1,3491907584.0
3376.283194,51.3,3492958464.0
3377.294631,51.4,3493958656.0
3378.303491,51.3,3494958080.0
3379.312225,51.3,3495958016.0
3380.320629,51.2,3496957696.0
3381.330169,51.3,3498007552.0
3382.342944,51.2,3499008000.0
3383.351247,51.5,3500008192.0
3384.359670,51.2,3501007872.0
3385.367277,51.1,3502008064.0
3386.377898,51.2,3503057920.0
3387.391613,51.3,3504058112.0
3388.401214,51.3,3505057536.0
3389.409387,51.3,3506057728.0
3390.417034,51.1,3507057920.0
3391.427027,51.3,3508108288.0
3392.440001,51.3,3509107712.0
3393.449267,51.1,3510108416.0
3394.457084,51.2,3511107840.0
3395.463786,51.3,3512107520.0
3396.473504,51.2,3513107968.0
3397.482736,51.0,3514157824.0
3398.493253,51.4,3515157760.0
3399.502108,51.2,3516157952.0
3400.510557,51.1,3517158400.0
3401.518185,51.1,3518158080.0
3402.527508,51.3,3519208448.0
3403.540853,51.1,3520207872.0
3404.550163,51.3,3521207808.0
3405.558254,51.2,3522208000.0
3406.566228,51.1,3523208192.0
3407.576650,51.2,3524257792.0
3408.588772,51.2,3525257728.0
3409.597855,51.1,3526258432.0
3410.604608,51.0,3527257856.0
3411.612506,51.2,3528257536.0
3412.621782,51.6,3529257984.0
3413.630767,51.1,3530307840.0
3414.642847,51.0,3531307776.0
3415.651303,51.3,3532307456.0
3416.658352,51.4,3533307392.0
3417.667119,51.2,3534307584.0
3418.676847,50.9,3535357952.0
3419.690648,51.2,3536357888.0
3420.700595,51.2,3537357568.0
3421.708147,51.1,3538358272.0
3422.715595,51.0,3539357952.0
3423.724553,51.2,3540407552.0
3424.737593,50.9,3541407744.0
3425.746768,51.2,3542407936.0
3426.753592,51.3,3543407616.0
3427.759606,,
3433.767156,,
3439.774751,51.1,3559507456.0
3443.849010,51.4,3560507392.0
3444.857929,51.2,3561508096.0
3445.865635,51.1,3562507520.0
3446.876091,51.2,3563558144.0
3447.890271,51.5,3564558080.0
3448.898591,51.3,3565558016.0
3449.905665,51.1,3566557184.0
3450.913757,51.2,3567557632.0
3451.922597,51.1,3568557568.0
3452.935497,51.3,3569607168.0
3453.946146,51.2,3570607360.0
3454.953935,50.9,3571607296.0
3455.962200,51.3,3572607232.0
3456.971665,51.1,3573607424.0
3457.981843,51.2,3574658048.0
3458.993418,51.1,3575657216.0
3460.001755,50.9,3576657152.0
3461.010191,51.0,3577657856.0
3462.017914,51.2,3578657536.0
3463.027530,51.3,3579707136.0
3464.040563,51.5,3580707072.0
3465.049302,51.3,3581707008.0
3466.056293,51.0,3582707712.0
3467.062606,51.2,3583707648.0
3468.070609,51.1,3584707072.0
3469.078711,51.4,3585757696.0
3470.091275,51.3,3586757376.0
3471.099593,51.1,3587757056.0
3472.107614,51.1,3588756992.0
3473.115364,51.3,3589757440.0
3474.125528,51.3,3590807552.0
3475.138623,51.2,3591807232.0
3476.148465,51.4,3592807168.0
3477.155603,51.3,3593807104.0
3478.163310,51.4,3594807040.0
3479.173109,51.1,3595857152.0
3480.186661,51.0,3596856832.0
3481.196779,51.2,3597857024.0
3482.205140,51.2,3598857472.0
3483.212953,51.3,3599857408.0
3484.221950,51.3,3600857088.0
3485.235619,50.7,3601907200.0
3486.245454,51.0,3602907392.0
3487.253383,51.0,3603906560.0
3488.261380,51.2,3604907264.0
3489.269971,51.3,3605907200.0
3490.279223,51.1,3606957568.0
3491.292246,51.1,3607958016.0
3492.301017,51.2,3608956672.0
3493.309607,51.2,3609956352.0
3494.315606,51.2,3610956288.0
3495.324718,51.3,3612006656.0
3496.338153,51.1,3613007104.0
3497.348596,51.4,3614006272.0
3498.356019,51.2,3615006464.0
3499.363423,51.1,3616006656.0
3500.373151,51.3,3617056768.0
3501.386168,51.2,3618057216.0
3502.396247,51.5,3619056128.0
3503.404220,51.1,3620056832.0
3504.411395,51.3,3621056256.0
3505.420918,51.0,3622056704.0
3506.430209,51.3,3623106304.0
3507.440620,51.3,3624106496.0
3508.449488,51.3,3625106688.0
3509.457610,51.2,3626106368.0
3510.464600,51.5,3627106560.0
3511.473594,51.1,3628156672.0
3512.486607,51.1,3629156608.0
3513.495595,51.3,3630156800.0
3514.502601,51.2,3631156736.0
3515.509970,51.3,3632156672.0
3516.517599,51.3,3633156608.0
3517.525503,51.5,3634206464.0
3518.538650,51.1,3635206144.0
3519.547748,51.4,3636206848.0
3520.555749,51.2,3637206016.0
3521.563089,51.3,3638206720.0
3522.573277,51.1,3639256576.0
3523.586466,51.2,3640256768.0
3524.594589,51.2,3641256192.0
3525.601679,51.3,3642256384.0
3526.608609,51.0,3643256576.0
3527.615753,51.3,3644256256.0
3528.625377,50.9,3645306112.0
3529.638615,51.2,3646306816.0
3530.647651,51.3,3647305984.0
3531.654607,51.3,3648306176.0
3532.661747,51.4,3649306624.0
3533.671604,51.4,3650356480.0
3534.684601,51.4,3651356160.0
3535.693944,51.4,3652356096.0
3536.701847,51.4,3653356288.0
3537.709542,51.0,3654356480.0
3538.718269,51.5,3655356672.0
3539.728167,51.2,3656406272.0
3540.739922,51.5,3657406208.0
3541.747634,51.3,3658406400.0
3542.755798,51.3,3659405824.0
3543.763125,51.3,3660406528.0
3544.772610,51.4,3661455872.0
3545.784590,51.3,3662456064.0
3546.792610,51.1,3663456000.0
3547.799605,,
3553.807401,,
3559.814618,51.3,3679556096.0
3563.910098,51.3,3680556544.0
3564.918607,51.1,3681556224.0
3565.926595,51.2,3682606336.0
3566.939298,51.4,3683606272.0
3567.947596,51.1,3684605952.0
3568.954593,51.0,3685606400.0
3569.961938,51.3,3686605824.0
3570.972396,51.5,3687655936.0
3571.986631,51.6,3688656128.0
3572.996565,51.3,3689656064.0
3574.004623,51.3,3690656512.0
3575.011801,51.5,3691656192.0
3576.022659,51.4,3692706560.0
3577.036532,51.4,3693705728.0
3578.045669,51.3,3694705664.0
3579.054276,51.6,3695706112.0
3580.061751,51.2,3696706048.0
3581.071901,51.3,3697755904.0
3582.085063,51.2,3698755840.0
3583.094408,51.4,3699755776.0
3584.102547,51.7,3700755712.0
3585.109627,51.2,3701755648.0
3586.118108,51.5,3702755840.0
3587.127913,51.2,3703805952.0
3588.139621,51.3,3704806400.0
3589.148062,51.3,3705805824.0
3590.156075,51.3,3706805760.0
3591.163565,51.4,3707805696.0
3592.173518,51.1,3708856576.0
3593.187461,51.4,3709856000.0
3594.196509,51.1,3710855680.0
3595.204081,51.4,3711855872.0
3596.212244,51.2,3712855552.0
3597.221712,51.3,3713905664.0
3598.235987,51.0,3714905856.0
3599.245613,51.5,3715905792.0
3600.252241,51.1,3716905472.0
3601.260233,51.4,3717905664.0
3602.270118,51.2,3718905856.0
3603.284505,51.4,3719955712.0
3604.294077,51.1,3720955392.0
3605.302213,51.3,3721955840.0
3606.310357,51.3,3722955264.0
3607.319916,51.4,3723955456.0
3608.334084,51.0,3725005056.0
3609.343609,51.4,3726005504.0
3610.350747,51.4,3727005696.0
3611.359430,51.5,3728004864.0
3612.368911,51.1,3729004544.0
3613.382498,51.4,3730054912.0
3614.392691,51.4,3731055104.0
3615.401208,51.2,3732054784.0
3616.409195,51.4,3733054720.0
3617.419262,51.6,3734104832.0
3618.433374,51.4,3735104768.0
3619.443253,51.4,3736103936.0
3620.450834,51.4,3737104384.0
3621.459025,51.1,3738105088.0
3622.469264,51.4,3739106048.0
3623.479737,51.4,3740156160.0
3624.489868,51.2,3741155584.0
3625.498395,51.5,3742154752.0
3626.506433,51.3,3743155200.0
3627.514174,51.2,3744155136.0
3628.522879,51.4,3745205504.0
3629.536600,51.4,3746205696.0
3630.545742,51.2,3747205632.0
3631.552597,51.4,3748205312.0
3632.559122,51.3,3749204992.0
3633.567603,51.3,3750205440.0
3634.575618,51.3,3751255808.0
3635.588590,51.1,3752255488.0
3636.596854,51.1,3753255168.0
3637.603611,51.4,3754255616.0
3638.611638,51.7,3755255040.0
3639.620594,51.2,3756305920.0
3640.633625,51.5,3757305088.0
3641.643097,51.1,3758305280.0
3642.649619,51.2,3759305472.0
3643.657291,51.3,3760305152.0
3644.664600,51.5,3761304832.0
3645.673593,51.5,3762355456.0
3646.686594,51.5,3763354880.0
3647.695942,51.2,3764355584.0
3648.703900,51.4,3765355264.0
3649.711347,51.4,3766355200.0
3650.720605,51.5,3767405824.0
3651.733633,51.2,3768404992.0
3652.742756,51.2,3769405440.0
3653.749590,51.5,3770405120.0
3654.756618,51.6,3771405824.0
3655.764352,51.4,3772405248.0
3656.773614,51.2,3773455616.0
3657.786611,51.3,3774455296.0
3658.794590,51.2,3775455232.0
3659.801595,51.3,3776454912.0
3660.808771,51.5,3777455104.0
3661.817630,51.4,3778454784.0
3662.832445,51.3,3779504896.0
3663.841607,51.2,3780505600.0
3664.849592,51.5,3781504768.0
3665.856590,51.2,3782505472.0
3666.863611,51.4,3783505408.0
3667.872114,,
3673.877926,,
3679.882623,51.5,3799604992.0
3683.974587,51.2,3800654848.0
3684.987147,51.5,3801655040.0
3685.995686,51.5,3802654464.0
3687.002617,51.4,3803654400.0
3688.009694,51.2,3804654592.0
3689.019614,51.4,3805704704.0
3690.033268,51.3,3806704640.0
3691.042611,51.3,3807704832.0
3692.049548,51.5,3808704768.0
3693.057186,51.5,3809704960.0
3694.063868,51.3,3810704384.0
3695.073317,51.6,3811754752.0
3696.086961,51.4,3812754432.0
3697.095918,50.9,3813754624.0
3698.103873,51.4,3814754560.0
3699.110109,51.2,3815754752.0
3700.119842,51.4,3816805120.0
3701.133965,51.6,3817804800.0
3702.143897,51.2,3818805248.0
3703.150592,51.7,3819804928.0
3704.157588,51.5,3820805376.0
3705.164429,51.5,3821804800.0
3706.172341,51.2,3822854656.0
3707.185610,51.6,3823854848.0
3708.194631,51.2,3824854528.0
3709.202902,51.3,3825854720.0
3710.210599,51.4,3826854656.0
3711.219615,51.4,3827904768.0
3712.233383,51.3,3828904704.0
3713.241619,51.3,3829904128.0
3714.248617,51.2,3830904576.0
3715.255599,51.5,3831904768.0
3716.261605,51.3,3832904704.0
3717.270606,51.3,3833954816.0
3718.283447,51.5,3834954752.0
3719.293051,51.4,3835954432.0
3720.299606,51.5,3836954112.0
3721.306594,51.2,3837954816.0
3722.314768,51.3,3838954496.0
3723.321914,51.3,3840004608.0
3724.335623,51.3,3841004032.0
3725.345678,51.6,3842004992.0
3726.353539,51.3,3843004160.0
3727.361109,51.2,3844004352.0
3728.371250,51.2,3845054464.0
3729.384637,51.5,3846053888.0
3730.394211,51.3,3847054848.0
3731.402489,51.4,3848054784.0
3732.410468,51.2,3849054464.0
3733.420203,51.4,3850104576.0
3734.433611,51.3,3851104256.0
3735.442602,51.3,3852104448.0
3736.449979,51.4,3853104384.0
3737.456597,51.4,3854104576.0
3738.463225,51.4,3855104512.0
3739.473181,51.5,3856154112.0
3740.486515,51.4,3857154560.0
3741.495707,51.5,3858153984.0
3742.503790,51.3,3859153920.0
3743.510974,51.2,3862204160.0
3746.567148,51.6,3863204352.0
3747.576115,51.3,3864254976.0
3748.588503,51.4,3865254912.0
3749.596850,51.5,3866255360.0
3750.603608,51.4,3867255040.0
3751.611059,51.5,3868254464.0
3752.620914,51.3,3869304576.0
3753.634155,51.5,3870304768.0
3754.643774,51.3,3871304192.0
3755.652032,51.4,3872304640.0
3756.660513,51.6,3873304576.0
3757.671010,51.3,3874353920.0
3758.684597,51.1,3875353856.0
3759.693494,51.0,3876355328.0
3760.701707,51.4,3877354240.0
3761.710076,51.3,3879154688.0
3763.526604,51.4,3880204032.0
3764.540273,51.2,3881204480.0
3765.546591,51.5,3882203904.0
3766.553456,51.3,3884154112.0
3768.522602,51.2,3885203968.0
3769.540186,51.4,3886204160.0
3770.547342,51.3,3887204608.0
3771.554606,51.3,3888204544.0
3772.561120,51.5,3889203712.0
3773.570829,51.2,3890254592.0
3774.582604,51.5,3891254528.0
3775.591625,51.6,3892254208.0
3776.597603,51.2,3893255168.0
3777.605036,51.2,3894254336.0
3778.612911,51.3,3895254784.0
3779.620602,51.2,3896303872.0
3780.632641,51.3,3897304576.0
3781.642515,51.2,3903153664.0
3787.522673,51.3,3904203776.0
3788.536102,51.4,3905203456.0
3789.544047,51.5,3906203648.0
3790.551611,51.5,3907203328.0
3791.558929,51.3,3908203776.0
3792.568600,51.5,3909254144.0
3793.582410,51.4,3910253568.0
3794.592497,51.4,3911253248.0
3795.599407,51.6,3912253952.0
3796.607790,51.5,3913254144.0
3797.616592,51.4,3914253824.0
3798.624644,51.4,3915303680.0
3799.636104,51.4,3916303872.0
3800.644595,51.3,3917303552.0
3801.651468,51.2,3918303744.0
3802.658614,51.4,3919303936.0
3803.667591,51.4,3920303360.0
3804.679613,51.3,3921353728.0
3805.688848,51.2,3922353920.0
3806.697437,51.3,3923353856.0
3807.705635,51.4,3924353536.0
3808.713662,51.3,3925353984.0
3809.722592,51.1,3926403584.0
3810.736513,51.1,3927403520.0
3811.744791,51.5,3928403712.0
3812.752214,51.5,3929403648.0
3813.760036,51.3,3930403584.0
3814.769624,51.3,3931454208.0
3815.782502,51.3,3932453632.0
3816.791440,51.3,3933453568.0
3817.799638,51.4,3934453760.0
3818.807861,51.3,3935453696.0
3819.817459,51.6,3936503552.0
3820.831379,51.4,3937503232.0
3821.840867,51.5,3938503680.0
3822.848560,51.3,3939503360.0
3823.855609,51.3,3940503552.0
3824.864068,51.3,3941503488.0
3825.873316,51.6,3942553600.0
3826.886264,51.5,3943553280.0
3827.895211,51.4,3944554240.0
3828.903372,51.2,3945554176.0
3829.911174,51.5,3946553600.0
3830.921029,51.4,3947603712.0
3831.935432,51.1,3948603648.0
3832.944440,51.1,3949603328.0
3833.953045,51.1,3950603264.0
3834.961216,51.4,3951603456.0
3835.971082,51.5,3952653312.0
3836.984635,51.4,3953653248.0
3837.992590,51.4,3954653440.0
3839.000450,51.3,3955653376.0
3840.007813,51.4,3956653312.0
3841.017305,51.6,3957703424.0
3842.031219,51.5,3958703616.0
3843.041121,51.3,3959703296.0
3844.048704,51.3,3960703744.0
3845.056707,51.5,3961703424.0
3846.066556,51.7,3962703616.0
3847.075714,51.3,3963753472.0
3848.086334,,
3854.095868,,
3860.104607,51.3,3979853312.0
3864.198029,51.5,3980853248.0
3865.204847,51.4,3981853184.0
3866.212858,51.6,3982853120.0
3867.221534,51.6,3983903488.0
3868.235081,51.5,3984903168.0
3869.244171,52.0,3985903360.0
3870.251892,51.6,3986903040.0
3871.259748,51.6,3987903232.0
3872.269956,51.5,3988953088.0
3873.283519,51.4,3989953536.0
3874.292606,51.3,3990953472.0
3875.300418,51.2,3991953152.0
3876.307626,51.2,3992952576.0
3877.316501,51.1,3993952256.0
3878.330909,51.4,3995002880.0
3879.340840,51.2,3996002560.0
3880.349427,51.6,3997002752.0
3881.358228,51.3,3998002688.0
3882.368101,51.5,3999052544.0
3883.381084,51.4,4000052736.0
3884.390981,51.3,4001053184.0
3885.397599,51.5,4002053120.0
3886.403898,51.6,4003053056.0
3887.410976,51.4,4004053248.0
3888.419599,51.4,4005103360.0
3889.432711,51.5,4006102784.0
3890.442357,51.5,4007102976.0
3891.450485,51.3,4008102912.0
3892.458692,51.4,4009103360.0
3893.467594,51.8,4010152960.0
3894.480394,51.2,4011152896.0
3895.490697,51.3,4012153088.0
3896.497935,51.5,4013153536.0
3897.505753,51.3,4014152960.0
3898.515286,51.3,4015153408.0
3899.524559,51.6,4016202752.0
3900.535614,51.5,4017202688.0
3901.544278,51.4,4018202880.0
3902.552051,51.4,4019203072.0
3903.560207,51.6,4020203008.0
3904.569955,51.4,4021253376.0
3905.584640,51.5,4022252800.0
3906.592639,51.3,4023252992.0
3907.599597,51.7,4024253184.0
3908.607128,51.1,4025252864.0
3909.617392,51.2,4026302976.0
3910.630906,51.4,4027302912.0
3911.640204,51.6,4028303104.0
3912.647633,51.3,4029303296.0
3913.654637,51.3,4030302720.0
3914.661729,51.6,4031302656.0
3915.670628,51.5,4032352768.0
3916.684056,51.6,4033352704.0
3917.692612,51.7,4034353152.0
3918.700798,51.7,4035352576.0
3919.708674,51.5,4036352512.0
3920.718748,51.3,4037402368.0
3921.732533,51.6,4038402816.0
3922.742459,51.4,4039403008.0
3923.751364,51.4,4040402688.0
3924.759380,51.5,4041402624.0
3925.768767,51.5,4042452736.0
3926.783339,51.3,4043452416.0
3927.792545,51.5,4044453120.0
3928.800917,51.6,4045452544.0
3929.808623,51.7,4046452480.0
3930.819141,51.2,4047503104.0
3931.833786,51.7,4048503040.0
3932.843087,51.5,4049502464.0
3933.851345,51.6,4050502400.0
3934.858975,51.4,4051502592.0
3935.869289,51.5,4052552448.0
3936.883955,51.5,4053552384.0
3937.893092,51.6,4054552576.0
3938.901239,51.3,4055552000.0
3939.908698,51.8,4056552704.0
3940.919023,51.4,4057603328.0
3941.932231,51.2,4058602496.0
3942.941585,51.3,4059602432.0
3943.949153,51.7,4060602624.0
3944.957127,51.5,4061602560.0
3945.966289,51.2,4062602752.0
3946.978598,51.6,4063652352.0
3947.987962,51.5,4064652800.0
3948.996012,51.5,4065652480.0
3950.004106,51.3,4066652416.0
3951.011593,51.3,4067652352.0
3952.019952,51.5,4068702464.0
3953.034621,51.6,4069702656.0
3954.043131,51.5,4070703104.0
3955.051366,51.7,4071702528.0
3956.058344,51.7,4072702976.0
3957.069006,51.4,4073752320.0
3958.082558,51.4,4074752512.0
3959.092226,51.5,4075752192.0
3960.099063,51.7,4076752384.0
3961.107113,51.2,4077752576.0
3962.117069,51.4,4078802688.0
3963.130971,51.4,4079802112.0
3964.140421,51.3,4080802560.0
3965.147963,51.5,4081802752.0
3966.155493,51.5,4082802432.0
3967.164290,51.4,4083802624.0
3968.172993,51.7,4084902400.0
3969.259624,51.7,4085902848.0
3970.268601,51.6,4086952704.0
3971.281201,51.6,4087952640.0
3972.290705,51.5,4088952064.0
3973.297870,51.6,4089952512.0
3974.304604,51.6,4090952448.0
3975.312786,51.6,4091951872.0
3976.321973,51.3,4093002496.0
3977.335085,51.3,4094001664.0
3978.347486,51.5,4095001856.0
3979.355663,51.1,4096001792.0
3980.364994,51.8,4097002240.0
3981.374109,51.6,4098052352.0
3982.384644,51.3,4099052032.0
3983.391607,51.2,4100052480.0
3984.398695,51.5,4101052160.0
3985.406605,51.6,4102052352.0
3986.416122,51.5,4103101952.0
3987.430248,51.6,4104101376.0
3988.441182,51.7,4105101568.0
3989.448602,51.5,4106101760.0
3990.456178,51.4,4107101696.0
3991.464607,51.5,4108101632.0
3992.472619,51.2,4109151744.0
3993.484391,51.7,4110151680.0
3994.493304,51.4,4111151872.0
3995.500691,51.6,4112151552.0
3996.508634,51.7,4113152256.0
3997.519447,51.5,4114201856.0
3998.536137,51.8,4115201792.0
3999.544250,51.4,4116202752.0
4000.551593,51.7,4117202432.0
4001.557600,51.4,4118202112.0
4002.567672,51.7,4119252992.0
4003.580072,51.2,4120252928.0
4004.588588,51.3,4121252608.0
4005.595056,51.5,4122252800.0
4006.602397,51.6,4123252224.0
4007.610037,51.4,4124252672.0
4008.619590,51.4,4125303040.0
4009.632229,51.6,4126302464.0
4010.640629,51.5,4127302400.0
4011.647607,51.5,4128302592.0
4012.655266,51.7,4129302272.0
4013.664750,51.3,4130302208.0
4014.675266,51.7,4131351808.0
4015.684595,51.3,4132352000.0
4016.691598,51.3,4133351680.0
4017.698604,51.4,4134351872.0
4018.704612,51.4,4135351808.0
4019.712916,51.6,4136351488.0
4020.721606,51.7,4137401600.0
4021.734624,51.5,4138402048.0
4022.742605,51.6,4139401984.0
4023.748591,51.1,4140401920.0
4024.756021,51.2,4141401600.0
4025.766077,51.5,4142451456.0
4026.779250,51.5,4143452160.0
4027.788651,51.6,4144451840.0
4028.795843,51.5,4145451776.0
4029.802594,51.7,4146451712.0
4030.809539,51.6,4147451136.0
4031.818593,51.7,4148502272.0
4032.831986,51.5,4149501952.0
4033.840619,51.4,4150501632.0
4034.849414,51.5,4151502080.0
4035.857277,51.5,4152501760.0
4036.866611,51.5,4153551360.0
4037.879765,51.5,4154551296.0
4038.890277,51.5,4155551488.0
4039.897939,51.5,4156551424.0
4040.906100,51.7,4157552128.0
4041.914615,51.6,4158552064.0
4042.922594,51.4,4159601664.0
4043.934485,51.5,4160601600.0
4044.942807,51.8,4161601536.0
4045.950833,51.4,4162601472.0
4046.958651,51.6,4163601664.0
4047.968304,51.3,4164651776.0
4048.981602,51.5,4165651968.0
4049.990596,51.4,4166651648.0
4050.997602,51.5,4167651584.0
4052.004623,51.4,4168651776.0
4053.013449,,
4059.018835,,
4065.026304,51.7,4184802048.0
4069.131544,51.5,4185800704.0
4070.140619,51.4,4186800640.0
4071.148460,51.6,4187801088.0
4072.157547,51.6,4188801280.0
4073.167150,51.4,4189851136.0
4074.180071,51.6,4190851840.0
4075.189428,51.7,4191851520.0
4076.197102,51.6,4192851456.0
4077.204645,51.4,4193851136.0
4078.213338,51.4,4194851328.0
4079.223009,51.3,4195901440.0
4080.234593,51.7,4196901632.0
4081.241622,51.5,4197901568.0
4082.252145,51.9,4198901760.0
4083.260605,51.8,4199901696.0
4084.268606,51.5,4200951552.0
4085.280599,51.5,4201951232.0
4086.289633,51.7,4202951680.0
4087.297112,51.7,4203951360.0
4088.304603,51.7,4204951296.0
4089.313607,51.7,4205951744.0
4090.322107,51.8,4207001088.0
4091.334722,51.5,4208001280.0
4092.342606,51.8,4209001472.0
4093.349623,51.4,4210001152.0
4094.356113,51.9,4211001344.0
4095.366141,51.4,4212050944.0
4096.379957,51.6,4213051136.0
4097.389804,51.6,4214051840.0
4098.398557,51.5,4215051520.0
4099.406802,51.5,4216050944.0
4100.416691,51.3,4217101568.0
4101.430344,51.6,4218101248.0
4102.439815,51.7,4219101184.0
4103.447486,51.5,4220101376.0
4104.455428,51.8,4221101312.0
4105.464622,51.3,4222101504.0
4106.473626,51.7,4223150848.0
4107.484338,51.7,4224151552.0
4108.492985,51.3,4225150720.0
4109.500393,51.4,4226150912.0
4110.509132,51.5,4227151616.0
4111.518348,51.7,4228201216.0
4112.532022,51.6,4229201664.0
4113.541313,51.5,4230200832.0
4114.548999,51.4,4231201536.0
4115.556785,51.5,4232201472.0
4116.566424,51.4,4233251328.0
4117.579629,51.5,4234251008.0
4118.589188,51.4,4235250432.0
4119.596965,51.3,4236251392.0
4120.604007,51.7,4237250816.0
4121.612076,51.8,4238251776.0
4122.620633,51.3,4239301632.0
4123.634756,51.4,4240300800.0
4124.643114,51.4,4241301248.0
4125.650632,51.8,4242300672.0
4126.657603,51.6,4243300608.0
4127.667158,51.7,4244351744.0
4128.680629,51.6,4245351424.0
4129.689599,51.1,4246351104.0
4130.697303,51.6,4247350784.0
4131.705250,51.4,4248350976.0
4132.713750,51.4,4249350656.0
4133.722593,51.3,4250400512.0
4134.733310,51.5,4251400704.0
4135.742864,51.5,4252401152.0
4136.751205,51.7,4253401088.0
4137.759105,51.5,4254400768.0
4138.768886,51.7,4255450880.0
4139.782499,51.5,4256451328.0
4140.791319,51.5,4257450752.0
4141.799015,51.5,4258450432.0
4142.806315,51.4,4259450624.0
4143.816978,51.5,4260500992.0
4144.830245,51.6,4261500928.0
4145.838612,51.4,4262500608.0
4146.845611,51.4,4263500800.0
4147.852597,,
4153.860956,,
4159.868176,51.7,4279651072.0
4163.980371,51.6,4280651008.0
4164.989953,51.6,4281651456.0
4165.997034,51.5,4282650624.0
4167.003618,51.6,4283650816.0
4168.011612,51.5,4284650752.0
4169.019588,51.7,4285700608.0
4170.032988,51.9,4286701312.0
4171.041265,51.7,4287700736.0
4172.048191,51.8,4288700928.0
4173.054860,51.8,4289700352.0
4174.063337,51.4,4290701056.0
4175.072421,51.5,4291750656.0
4176.083343,51.6,4292750336.0
4177.090603,51.4,4293750784.0
4178.097621,51.9,4294750720.0
4179.104608,51.7,4295751168.0
4180.112595,51.2,4296750592.0
4181.119596,51.6,4297800704.0
4182.132565,51.7,4298800128.0
4183.141166,51.9,4299800576.0
4184.147656,51.8,4300800512.0
4185.154596,51.3,4301799936.0
4186.162596,51.8,4302800384.0
4187.170923,51.9,4303850496.0
4188.182630,51.8,4304850944.0
4189.190593,51.5,4305850880.0
4190.197857,51.4,4306850304.0
4191.205062,51.8,4307850240.0
4192.213852,51.6,4308850688.0
4193.227594,51.3,4309900800.0
4194.235614,51.7,4310900736.0
4195.243251,51.7,4311901184.0
4196.249638,51.5,4312900096.0
4197.257336,51.5,4313900544.0
4198.266609,51.6,4314950656.0
4199.279356,51.7,4315950592.0
4200.288804,51.6,4316950528.0
4201.296457,51.7,4317950464.0
4202.303529,51.6,4318950912.0
4203.312617,51.6,4319950336.0
4204.321115,51.3,4321000448.0
4205.333998,51.7,4322000896.0
4206.342532,51.6,4323000320.0
4207.349610,51.7,4324000256.0
4208.356871,51.7,4325000704.0
4209.366792,51.5,4326050816.0
4210.380036,51.9,4327050752.0
4211.390201,51.6,4328050176.0
4212.397636,51.3,4329050112.0
4213.404323,51.8,4330050560.0
4214.414167,51.7,4331050496.0
4215.423664,51.5,4332100608.0
4216.434680,51.4,4333100544.0
4217.443678,51.7,4334099968.0
4218.452739,51.8,4335100416.0
4219.461933,51.3,4336100352.0
4220.470935,51.6,4337149952.0
4221.482984,51.5,4338150400.0
4222.491507,51.8,4339150336.0
4223.499549,51.5,4340150272.0
4224.507130,51.9,4341150208.0
4225.517048,51.7,4342200320.0
4226.532179,51.5,4343200256.0
4227.541278,51.4,4344200704.0
4228.549365,51.7,4345200640.0
4229.557752,51.6,4346200576.0
4230.567246,51.9,4347250176.0
4231.581063,51.8,4348250112.0
4232.590160,51.8,4349250560.0
4233.598667,51.7,4350249984.0
4234.606589,51.6,4351249920.0
4235.615600,51.6,4352300544.0
4236.628603,51.9,4353299968.0
4237.637982,51.6,4354299904.0
4238.646071,51.5,4355300352.0
4239.653777,51.3,4356300288.0
4240.663354,51.7,4357300224.0
4241.671614,51.7,4358350336.0
4242.682593,51.5,4359350272.0
4243.690535,51.5,4360350208.0
4244.698099,51.6,4361350144.0
4245.704598,51.5,4362351104.0
4246.712616,51.7,4363350016.0
4247.721172,51.6,4364400640.0
4248.734436,51.7,4365400576.0
4249.741616,51.3,4366400512.0
4250.749659,51.7,4367399936.0
4251.756608,51.3,4368399872.0
4252.766618,51.4,4369450496.0
4253.779671,51.5,4370449920.0
4254.787597,51.8,4371450368.0
4255.794639,51.5,4372449792.0
4256.802610,51.6,4373450240.0
4257.810638,51.5,4374450176.0
4258.819615,51.7,4375500288.0
4259.834079,51.4,4376499712.0
4260.842485,51.5,4377500160.0
4261.850727,51.5,4378500608.0
4262.857644,51.2,4379500032.0
4263.867011,51.5,4380550144.0
4264.879607,51.8,4381550080.0
4265.887616,51.5,4382550016.0
4266.894173,51.4,4383550464.0
4267.900612,,
4273.908996,,
4279.915934,51.7,4399649792.0
4283.978586,51.7,4400649216.0
4284.986651,51.8,4401649664.0
4285.994249,51.7,4402649600.0
4287.001607,51.6,4403649536.0
4288.008602,51.9,4404649984.0
4289.016560,51.5,4405700096.0
4290.031173,51.6,4406700032.0
4291.039623,51.7,4407698944.0
4292.046608,51.9,4408699392.0
4293.053529,51.8,4409699840.0
4294.063035,51.2,4410699776.0
4295.072456,51.7,4411749376.0
4296.082871,51.4,4412749312.0
4297.090647,51.8,4413749760.0
4298.098704,51.9,4414750208.0
4299.105600,51.6,4415749632.0
4300.114789,51.7,4416750080.0
4301.123063,51.7,4417799168.0
4302.132628,51.6,4418799616.0
4303.139612,51.7,4419799552.0
4304.146635,51.6,4420799488.0
4305.153599,51.7,4421799424.0
4306.163146,51.9,4422799360.0
4307.172158,51.5,4423848960.0
4308.182016,51.9,4424849408.0
4309.190442,51.8,4425849856.0
4310.198563,51.6,4426849280.0
4311.205804,51.8,4427849216.0
4312.215925,51.6,4428899328.0
4313.229871,51.6,4429899264.0
4314.238897,51.6,4430899712.0
4315.248432,51.7,4431899136.0
4316.255764,51.7,4432899072.0
4317.265550,51.6,4433949696.0
4318.278174,51.4,4434949632.0
4319.288081,51.4,4435949568.0
4320.295831,51.7,4436949504.0
4321.303650,51.6,4437948928.0
4322.313126,51.5,4438949376.0
4323.322553,51.8,4440000000.0
4324.333591,51.7,4440998912.0
4325.340600,51.5,4441999360.0
4326.348846,51.7,4442999296.0
4327.356476,51.4,4443999744.0
4328.366421,51.5,4445049344.0
4329.378653,51.7,4446048768.0
4330.387599,52.2,4447049216.0
4331.394296,51.5,4448049152.0
4332.402735,51.6,4449049088.0
4333.412625,51.3,4450049024.0
4334.422190,51.5,4451099136.0
4335.432964,51.7,4452099584.0
4336.442343,51.6,4453099520.0
4337.450381,52.0,4454098944.0
4338.458213,51.6,4455098880.0
4339.467462,51.6,4456148992.0
4340.480594,51.7,4457148928.0
4341.489813,51.6,4458149376.0
4342.498031,51.6,4459149824.0
4343.505327,51.5,4460148736.0
4344.515369,51.7,4461198848.0
4345.527610,51.7,4462199296.0
4346.536895,51.7,4463198720.0
4347.543616,52.0,4464198656.0
4348.550668,51.8,4465198592.0
4349.558055,51.7,4466198528.0
4350.567639,51.6,4467249664.0
4351.580593,51.4,4468248576.0
4352.588605,51.8,4469249024.0
4353.596101,51.7,4470248960.0
4354.604021,51.4,4471249408.0
4355.613607,51.5,4472248832.0
4356.623121,51.4,4473299456.0
4357.633979,51.4,4474298368.0
4358.642413,51.4,4475298304.0
4359.650314,51.8,4476298240.0
4360.658754,51.8,4477299200.0
4361.667809,51.6,4478349312.0
4362.680590,51.8,4479348736.0
4363.689369,51.6,4480348672.0
4364.698418,51.7,4481348608.0
4365.705616,51.8,4482349056.0
4366.715385,51.6,4483398656.0
4367.728996,51.7,4484399104.0
4368.739056,51.6,4485398528.0
4369.748099,51.7,4486398464.0
4370.755496,51.5,4487398912.0
4371.765612,51.6,4488449024.0
4372.777600,51.5,4489448960.0
4373.787664,51.6,4490448896.0
4374.794377,51.7,4491448832.0
4375.801462,51.5,4492448768.0
4376.810537,51.7,4493449216.0
4377.819490,51.7,4494498816.0
4378.833302,51.7,4495499264.0
4379.840634,51.6,4496498688.0
4380.848845,51.7,4497498624.0
4381.854603,51.5,4498499072.0
4382.864027,51.7,4499548672.0
4383.877246,51.9,4500548608.0
4384.886648,51.6,4501548544.0
4385.893732,51.4,4502548480.0
4386.900764,51.7,4503548416.0
4387.908478,,
4393.918080,,
4399.926479,51.4,4519698432.0
4404.040550,51.6,4520698368.0
4405.049076,51.7,4521698816.0
4406.056711,51.6,4522698240.0
4407.066612,51.6,4523748864.0
4408.079773,51.5,4524748288.0
4409.089082,51.9,4525748736.0
4410.097652,51.9,4526748672.0
4411.105198,51.5,4527749120.0
4412.115654,51.6,4528799232.0
4413.129182,51.5,4529798656.0
4414.138313,51.5,4530798080.0
4415.145500,51.8,4531798528.0
4416.152282,51.5,4532797952.0
4417.160315,51.6,4533798400.0
4418.169400,51.7,4534848000.0
4419.181627,51.8,4535848448.0
4420.190026,51.7,4536848384.0
4421.197634,51.8,4537847808.0
4422.203595,51.7,4538848256.0
4423.212494,51.5,4539848704.0
4424.221197,51.7,4540898304.0
4425.232595,51.9,4541898752.0
4426.240162,51.8,4542898688.0
4427.247927,51.7,4543897600.0
4428.254623,51.6,4544898048.0
4429.264134,51.6,4545948160.0
4430.278084,51.9,4546948096.0
4431.287595,51.7,4547948032.0
4432.294629,51.9,4548948480.0
4433.302101,51.6,4549947904.0
4434.311741,51.8,4550947840.0
4435.321057,51.7,4551997952.0
4436.332719,51.7,4552997888.0
4437.341356,51.8,4553997824.0
4438.349881,51.6,4554998272.0
4439.357183,51.6,4555998208.0
4440.365777,51.7,4557047808.0
4441.380041,51.6,4558048256.0
4442.389274,51.6,4559047680.0
4443.397938,51.8,4560048128.0
4444.405431,51.8,4561048064.0
4445.415634,51.6,4562098176.0
4446.429616,51.7,4563098112.0
4447.438880,51.5,4564098048.0
4448.447442,51.7,4565097984.0
4449.454766,51.7,4566097408.0
4450.464991,51.4,4567148032.0
4451.477881,51.7,4568147968.0
4452.486603,51.5,4569147904.0
4453.493810,51.7,4570148352.0
4454.500640,51.6,4571147776.0
4455.508419,51.6,4572147712.0
4456.516625,51.8,4573197824.0
4457.530393,51.9,4574198272.0
4458.539654,51.6,4575197696.0
4459.548145,51.5,4576197632.0
4460.556195,51.8,4577197568.0
4461.565961,51.5,4578248192.0
4462.580190,51.7,4579247616.0
4463.589625,51.8,4580248576.0
4464.598759,51.5,4581248000.0
4465.606889,51.7,4582247936.0
4466.615792,51.7,4583298048.0
4467.629966,51.7,4584297984.0
4468.639811,51.9,4585297920.0
4469.648528,51.8,4586297856.0
4470.656425,51.8,4587297280.0
4471.665924,51.7,4588347904.0
4472.680105,51.7,4589347840.0
4473.689176,51.8,4590347776.0
4474.697255,51.8,4591347712.0
4475.704886,51.6,4592348160.0
4476.714991,51.6,4593397760.0
4477.728692,51.5,4594397696.0
4478.738657,51.7,4595397632.0
4479.746622,51.7,4596398080.0
4480.753899,51.6,4597397504.0
4481.764629,52.0,4598448128.0
4482.777590,51.9,4599448064.0
4483.786812,51.8,4600447488.0
4484.793926,51.8,4601447936.0
4485.801833,51.8,4602447360.0
4486.811488,51.8,4603448320.0
4487.820750,51.7,4604497920.0
4488.832661,51.5,4605497344.0
4489.840593,51.6,4606497280.0
4490.847931,51.9,4607496704.0
4491.854612,51.6,4608497152.0
4492.863749,51.6,4609548800.0
4493.878119,52.0,4610547712.0
4494.886649,51.6,4611548160.0
4495.894806,51.7,4612547584.0
4496.902158,51.7,4613548032.0
4497.911900,51.7,4614547968.0
4498.920494,51.5,4615598080.0
4499.932598,51.7,4616597504.0
4500.939615,51.6,4617597952.0
4501.948026,51.8,4618597376.0
4502.955159,51.6,4619597824.0
4503.964895,51.6,4620648448.0
4504.977403,51.5,4621898240.0
4506.260601,51.7,4622898176.0
4507.268600,52.1,4623947776.0
4508.280602,51.6,4624947712.0
4509.289474,51.7,4625947648.0
4510.296040,51.7,4626948096.0
4511.303322,51.7,4627947520.0
4512.312966,51.5,4628947456.0
4513.327209,51.8,4629998080.0
4514.337621,51.6,4630997504.0
4515.345457,51.9,4631997440.0
4516.352457,51.7,4632997888.0
4517.361813,51.7,4633997824.0
4518.370406,51.5,4635048448.0
4519.382339,51.8,4636048384.0
4520.390604,51.7,4637047808.0
4521.398684,51.7,4638048768.0
4522.405609,51.7,4639048192.0
4523.415006,51.5,4640097792.0
4524.429415,51.5,4641097728.0
4525.438501,51.8,4642097664.0
4526.447057,51.9,4643098112.0
4527.453602,51.6,4644097536.0
4528.461610,51.7,4645097472.0
4529.470730,51.6,4646148096.0
4530.482893,51.6,4647147520.0
4531.491056,51.8,4648146944.0
4532.499080,52.0,4649147392.0
4533.505627,51.8,4650146816.0
4534.515606,51.8,4651197440.0
4535.529611,51.8,4652197376.0
4536.537626,51.6,4653197824.0
4537.548670,51.6,4654197760.0
4538.555610,51.3,4655197184.0
4539.564612,51.8,4656247808.0
4540.576596,51.7,4657247744.0
4541.587593,51.7,4658248192.0
4542.594598,51.7,4659247616.0
4543.601601,51.7,4660247552.0
4544.610592,51.7,4661249024.0
4545.618886,51.6,4662297600.0
4546.632559,51.7,4663297536.0
4547.639594,51.7,4664296960.0
4548.646872,51.8,4665297920.0
4549.653483,51.9,4666297856.0
4550.663989,51.5,4667347968.0
4551.677341,51.7,4668347392.0
4552.686607,51.5,4669347328.0
4553.694174,51.7,4670347264.0
4554.701610,51.8,4671347200.0
4555.709522,51.8,4672347648.0
4556.717991,51.6,4673397248.0
4557.731604,51.8,4674398208.0
4558.739787,51.8,4675397632.0
4559.747597,51.9,4676398080.0
4560.754361,51.8,4677397504.0
4561.763979,51.7,4678447104.0
4562.776787,51.6,4679447552.0
4563.785929,51.9,4680446976.0
4564.792598,51.8,4681447424.0
4565.799664,51.9,4682446848.0
4566.806751,51.5,4683446784.0
4567.815597,51.7,4684496896.0
4568.827607,51.8,4685497344.0
4569.836862,51.7,4686497280.0
4570.844400,51.7,4687497728.0
4571.851351,51.7,4688497152.0
4572.859700,51.6,4689497600.0
4573.868633,51.8,4690546688.0
4574.881187,51.6,4691546112.0
4575.890443,51.9,4692547072.0
4576.898892,51.8,4693546496.0
4577.906100,51.7,4694546432.0
4578.915610,51.6,4695597056.0
4579.930697,51.5,4696596992.0
4580.939243,51.8,4697596416.0
4581.947258,51.7,4698596352.0
4582.954591,51.7,4699596800.0
4583.963603,51.8,4700596736.0
4584.976252,51.5,4701646848.0
4585.986014,51.7,4702646272.0
4586.994258,51.7,4703647232.0
4588.001682,51.8,4704646144.0
4589.011195,,
4595.015369,,
4601.023332,51.8,4720796160.0
4605.130876,51.6,4721796608.0
4606.139203,51.8,4722796544.0
4607.147066,51.8,4723796992.0
4608.154628,51.8,4724796928.0
4609.164369,52.0,4725846016.0
4610.176590,51.8,4726846464.0
4611.184599,51.7,4727846400.0
4612.191595,51.8,4728846336.0
4613.197597,51.6,4729846784.0
4614.203613,51.6,4730846208.0
4615.212952,52.1,4731896320.0
4616.225595,51.8,4732896256.0
4617.233604,51.9,4733896192.0
4618.240588,51.6,4734896640.0
4619.247134,51.7,4735896064.0
4620.254276,51.7,4736896512.0
4621.263919,51.5,4737946112.0
4622.276649,51.9,4738946048.0
4623.285599,51.6,4739946496.0
4624.292769,51.9,4740946944.0
4625.300212,51.7,4741946368.0
4626.308630,51.7,4742946816.0
4627.317450,51.5,4743995904.0
4628.331167,52.0,4744996864.0
4629.338604,51.7,4745996288.0
4630.346091,51.9,4746996224.0
4631.354289,51.7,4747996160.0
4632.363504,51.8,4749046272.0
4633.375611,52.0,4750046208.0
4634.385271,51.9,4751046144.0
4635.392587,51.6,4752046080.0
4636.399005,51.8,4753046528.0
4637.406618,51.7,4754046464.0
4638.416421,52.1,4755096064.0
4639.430603,51.7,4756096000.0
4640.438605,51.6,4757096448.0
4641.445614,51.5,4758095872.0
4642.453320,51.7,4759095808.0
4643.462593,51.7,4760096768.0
4644.471565,51.8,4761146368.0
4645.481080,51.7,4762145792.0
4646.488593,52.1,4763146240.0
4647.495776,51.7,4764146176.0
4648.503150,51.5,4765146112.0
4649.511611,51.9,4766146048.0
4650.520108,51.7,4767196672.0
4651.531609,51.8,4768195584.0
4652.540273,51.7,4769196032.0
4653.547793,51.7,4770195968.0
4654.555368,51.7,4771195904.0
4655.564238,52.0,4772246016.0
4656.576650,51.7,4773245952.0
4657.585834,52.0,4774245888.0
4658.593670,51.6,4775246336.0
4659.600602,51.8,4776245760.0
4660.607645,52.0,4777245696.0
4661.616329,51.8,4778295808.0
4662.630603,51.5,4779296256.0
4663.638550,51.4,4780296192.0
4664.647383,51.8,4781296128.0
4665.654616,51.7,4782295552.0
4666.664547,51.6,4783346176.0
4667.677726,51.8,4784345600.0
4668.687457,51.7,4785346048.0
4669.694187,51.7,4786345984.0
4670.701496,51.8,4787345408.0
4671.711928,51.8,4788345856.0
4672.725378,51.9,4789395968.0
4673.734548,51.8,4790395904.0
4674.742366,51.5,4791395840.0
4675.749091,51.7,4792395776.0
4676.756610,51.6,4793395712.0
4677.765353,51.7,4794445824.0
4678.779910,52.1,4795445760.0
4679.788469,51.6,4796445696.0
4680.797180,51.5,4797445632.0
4681.805122,51.6,4798445568.0
4682.815197,51.7,4799495680.0
4683.829815,51.8,4800495104.0
4684.837630,52.1,4801495552.0
4685.845617,51.7,4802495488.0
4686.853538,52.2,4803495936.0
4687.863874,,
4693.870978,,
4699.875655,52.0,4819595776.0
4703.941699,51.7,4820595712.0
4704.948607,51.5,4821595648.0
4705.956736,51.9,4822595072.0
4706.966837,52.0,4823645696.0
4707.980048,51.6,4824645632.0
4708.988803,51.7,4825645568.0
4709.996640,51.8,4826645504.0
4711.003806,51.5,4827645440.0
4712.013496,51.8,4828695552.0
4713.026985,51.8,4829694976.0
4714.036010,51.6,4830695424.0
4715.042963,51.9,4831695360.0
4716.050664,51.7,4832695808.0
4717.060609,51.8,4833695744.0
4718.070049,52.2,4834745856.0
4719.081419,51.9,4835745792.0
4720.090133,51.9,4836745216.0
4721.097616,51.8,4837745664.0
4722.104919,51.9,4838745600.0
4723.114354,51.6,4839795712.0
4724.126792,52.1,4840795648.0
4725.136118,51.7,4841795072.0
4726.142597,52.0,4842795520.0
4727.150376,51.8,4843794432.0
4728.158616,52.0,4844795392.0
4729.168049,52.0,4845845504.0
4730.180834,51.8,4846845440.0
4731.188625,51.6,4847845376.0
4732.195606,51.5,4848845312.0
4733.203723,51.8,4849845760.0
4734.213617,51.8,4850895360.0
4735.227407,51.9,4851895296.0
4736.237195,52.1,4852895232.0
4737.244607,51.9,4853895168.0
4738.251896,52.0,4854895616.0
4739.262018,51.7,4855945216.0
4740.274624,51.7,4856945152.0
4741.284424,51.7,4857945088.0
4742.291635,51.5,4858945024.0
4743.299448,51.8,4859944960.0
4744.307449,51.6,4860944896.0
4745.316857,51.8,4861996032.0
4746.330586,51.5,4862994944.0
4747.337601,51.6,4863994880.0
4748.344589,51.9,4864995328.0
4749.351642,51.4,4865994752.0
4750.361033,51.8,4866995712.0
4751.369446,51.6,4868044800.0
4752.379717,51.7,4869044736.0
4753.388103,51.9,4870045184.0
4754.395634,51.6,4871045120.0
4755.403440,51.9,4872045056.0
4756.413351,51.7,4873094656.0
4757.425610,51.6,4874095616.0
4758.435311,51.9,4875095552.0
4759.443242,51.9,4876094976.0
4760.450556,51.9,4877094912.0
4761.459355,51.9,4878094848.0
4762.468494,51.6,4879144960.0
4763.480449,51.8,4880144896.0
4764.489116,51.5,4881144832.0
4765.496630,51.5,4882145280.0
4766.504014,51.7,4883144704.0
4767.514511,51.8,4884194816.0
4768.527608,51.6,4885195264.0
4769.537627,52.0,4886195200.0
4770.544602,51.8,4887195136.0
4771.551818,51.5,4888195072.0
4772.561548,51.6,4889195008.0
4773.569591,51.8,4890244608.0
4774.582395,51.9,4891244544.0
4775.591003,51.6,4892244992.0
4776.598706,51.9,4893244928.0
4777.605641,51.9,4894244864.0
4778.615306,52.0,4895244800.0
4779.628597,51.9,4896294400.0
4780.637611,51.8,4897294848.0
4781.644632,52.1,4898295296.0
4782.652566,51.7,4899295232.0
4783.659524,51.8,4900295168.0
4784.669221,51.6,4901344768.0
4785.682427,51.6,4902344704.0
4786.691596,51.7,4903344640.0
4787.698431,51.6,4904344576.0
4788.705921,51.9,4905344512.0
4789.714608,51.8,4906344960.0
4790.722726,52.0,4907394560.0
4791.735616,52.0,4908394496.0
4792.744269,51.8,4909394944.0
4793.751590,51.8,4910394368.0
4794.759232,52.0,4911394816.0
4795.768242,51.7,4912444416.0
4796.781588,51.7,4913444352.0
4797.789608,51.7,4914444288.0
4798.796719,52.2,4915444224.0
4799.803602,51.9,4916443648.0
4800.811820,51.8,4917443584.0
4801.821527,51.6,4918494720.0
4802.834606,51.7,4919493632.0
4803.844612,52.2,4920494592.0
4804.851436,51.8,4921494528.0
4805.858599,51.8,4922494464.0
4806.867024,51.5,4923494912.0
4807.875597,,
4813.885068,,
4819.893562,51.9,4939644416.0
4824.006197,52.1,4940644352.0
4825.013322,51.9,4941644800.0
4826.023062,51.8,4942644224.0
4827.037070,52.0,4943694336.0
4828.046604,51.7,4944694272.0
4829.053433,52.0,4945694720.0
4830.061742,52.0,4946694144.0
4831.069392,51.8,4947694080.0
4832.077618,52.0,4948744192.0
4833.090621,51.8,4949744640.0
4834.100361,51.9,4950744576.0
4835.107627,52.0,4951744000.0
4836.115411,51.7,4952744448.0
4837.125533,51.8,4953794560.0
4838.138772,51.7,4954794496.0
4839.147600,51.8,4955793408.0
4840.154565,51.6,4956793344.0
4841.161842,51.8,4957793280.0
4842.169677,51.9,4958793728.0
4843.177661,51.8,4959843328.0
4844.190604,51.9,4960843264.0
4845.199521,51.8,4961843712.0
4846.206644,51.7,4962843648.0
4847.215264,51.7,4963843584.0
4848.223601,51.7,4964843520.0
4849.232508,51.9,4965893632.0
4850.246367,51.9,4966894592.0
4851.254608,51.7,4967894016.0
4852.261617,51.9,4968894464.0
4853.269179,51.6,4969893888.0
4854.279833,51.9,4970944000.0
4855.292782,51.6,4971943936.0
4856.301644,51.9,4972943360.0
4857.309302,51.7,4973943808.0
4858.317342,52.0,4974944256.0
4859.326885,52.0,4975944192.0
4860.335592,52.0,4976994304.0
4861.349094,51.9,4977993728.0
4862.357500,51.9,4978994176.0
4863.364975,51.7,4979993600.0
4864.372138,51.8,4980993536.0
4865.381932,52.0,4982043648.0
4866.393629,51.9,4983044096.0
4867.403237,51.7,4984044032.0
4868.410592,51.9,4985043456.0
4869.417601,51.7,4986043904.0
4870.423718,51.7,4987043840.0
4871.432588,51.7,4988093952.0
4872.445024,51.7,4989093888.0
4873.453654,51.9,4990094336.0
4874.461791,51.8,4991093760.0
4875.469599,51.8,4992093696.0
4876.477439,51.9,4993093632.0
4877.486023,51.9,4994143232.0
4878.499261,51.8,4995143680.0
4879.508341,51.6,4996144640.0
4880.516195,51.9,4997143552.0
4881.523610,52.0,4998144000.0
4882.533154,51.8,4999144960.0
4883.546517,52.0,5000194048.0
4884.555618,51.8,5001193984.0
4885.562615,51.8,5002193920.0
4886.569304,52.0,5003193856.0
4887.576226,51.9,5004193280.0
4888.585599,51.9,5005243904.0
4889.598126,52.1,5006243840.0
4890.608468,51.7,5007244288.0
4891.616470,52.1,5008243712.0
4892.623602,51.5,5009243648.0
4893.633150,51.9,5010243584.0
4894.647632,51.9,5011293696.0
4895.657828,51.7,5012294144.0
4896.665997,51.7,5013293568.0
4897.673871,51.9,5014293504.0
4898.682941,51.9,5015293952.0
4899.693164,51.8,5016343552.0
4900.703708,52.0,5017344000.0
4901.712418,52.0,5018343936.0
4902.719589,51.9,5019343360.0
4903.726267,51.9,5020343296.0
4904.735147,51.9,5021343744.0
4905.749515,51.9,5022393856.0
4906.760004,51.7,5023393792.0
4907.766706,51.7,5024394240.0
4908.775071,52.1,5025393664.0
4909.784850,52.1,5026393600.0
4910.794141,52.1,5027443712.0
4911.804605,52.0,5028443648.0
4912.812668,51.7,5029443072.0
4913.820616,51.7,5030443008.0
4914.828538,51.8,5031442944.0
4915.839395,51.6,5032493568.0
4916.852203,52.0,5033493504.0
4917.862405,51.7,5034493952.0
4918.869916,51.8,5035493376.0
4919.877887,51.8,5036493312.0
4920.887663,51.9,5037493248.0
4921.901105,52.0,5038543360.0
4922.911245,51.9,5039543296.0
4923.918437,51.8,5040543232.0
4924.926043,51.9,5041543680.0
4925.933298,51.7,5042543616.0
4926.942589,52.3,5043593216.0
4927.956369,,
4933.964611,,
4939.972417,51.9,5059693056.0
4944.069644,52.2,5060693504.0
4945.077495,51.8,5061692928.0
4946.085083,52.3,5062692864.0
4947.094881,52.0,5063743488.0
4948.108821,51.9,5064743424.0
4949.118149,51.7,5065743360.0
4950.125603,52.1,5066743296.0
4951.131630,51.9,5067743232.0
4952.141113,51.9,5068743680.0
4953.150613,51.8,5069793280.0
4954.162662,52.2,5070793728.0
4955.171424,51.8,5071793664.0
4956.179811,51.9,5072793088.0
4957.186605,52.0,5073793024.0
4958.195611,52.3,5074843648.0
4959.207595,51.9,5075843584.0
4960.216376,51.7,5076843520.0
4961.223686,52.2,5077842944.0
4962.231649,51.7,5078842880.0
4963.239629,51.9,5079842816.0
4964.247608,51.7,5080892928.0
4965.260933,51.9,5081892864.0
4966.270209,51.7,5082892288.0
4967.278481,52.0,5083892736.0
4968.286171,51.9,5084892672.0
4969.296647,51.5,5085942784.0
4970.310030,52.0,5086943232.0
4971.320077,51.9,5087943680.0
4972.327617,51.6,5088943104.0
4973.334723,51.8,5089943040.0
4974.344108,51.9,5090942976.0
4975.351593,52.1,5091993088.0
4976.364858,52.1,5092993024.0
4977.373149,52.3,5093992960.0
4978.380804,52.1,5094992896.0
4979.389213,51.9,5095992832.0
4980.398431,51.7,5097042944.0
4981.411935,51.9,5098042880.0
4982.421974,51.7,5099042816.0
4983.430055,51.8,5100043264.0
4984.437626,52.0,5101042176.0
4985.445599,52.0,5102043136.0
4986.454716,51.7,5103092224.0
4987.465367,51.6,5104092672.0
4988.472614,52.0,5105092608.0
4989.480356,51.8,5106092544.0
4990.487900,51.7,5107092480.0
4991.496620,52.0,5108092416.0
4992.505835,51.9,5109142528.0
4993.515594,51.8,5110142976.0
4994.524092,51.6,5111142400.0
4995.531387,51.7,5112142336.0
4996.538598,52.0,5113142272.0
4997.547632,51.6,5114142720.0
4998.560210,51.9,5115192832.0
4999.570430,51.8,5116192768.0
5000.578486,51.6,5117192704.0
5001.585947,51.8,5118192640.0
5002.594368,51.7,5119192576.0
5003.604081,51.9,5120243200.0
5004.617419,51.9,5121242624.0
5005.626093,51.8,5122242560.0
5006.634286,51.8,5123242496.0
5007.643059,51.8,5124242432.0
5008.652546,52.2,5125293056.0
5009.665358,52.0,5126292480.0
5010.675795,51.7,5127293440.0
5011.684152,51.9,5128292352.0
5012.691600,51.7,5129292288.0
5013.700621,51.8,5130292736.0
5014.712615,52.0,5131342336.0
5015.721617,51.9,5132342272.0
5016.729600,51.7,5133342720.0
5017.736623,51.8,5134342656.0
5018.743594,51.8,5135342080.0
5019.751595,51.9,5136392704.0
5020.764106,51.7,5137392128.0
5021.773613,52.0,5138392576.0
5022.780887,52.0,5139392512.0
5023.788096,51.8,5140391936.0
5024.795259,51.5,5141392384.0
5025.804987,52.0,5142442496.0
5026.817629,51.8,5143442944.0
5027.827632,51.8,5144442368.0
5028.834607,52.0,5145442304.0
5029.841295,52.0,5146442752.0
5030.849763,51.5,5147442688.0
5031.858637,51.9,5148492800.0
5032.872594,51.9,5149493248.0
5033.880592,51.9,5150492672.0
5034.887425,51.9,5151492608.0
5035.893605,52.0,5152492544.0
5036.902604,52.0,5153492480.0
5037.910620,51.8,5154542592.0
5038.922164,52.0,5155542528.0
5039.930821,51.8,5156542464.0
5040.937590,52.0,5157542912.0
5041.944592,51.8,5158542848.0
5042.953285,51.8,5159542784.0
5043.962791,51.9,5160592384.0
5044.972609,52.0,5161592320.0
5045.980980,52.0,5162592256.0
5046.989199,52.0,5163592704.0
5047.997744,,
5054.007797,,
5060.013537,51.8,5179692544.0
5064.075621,52.0,5180692992.0
5065.083616,51.8,5181692928.0
5066.090635,51.9,5182692352.0
5067.098088,52.0,5183692288.0
5068.108392,51.6,5184742400.0
5069.121639,51.7,5185741824.0
5070.131068,52.2,5186742272.0
5071.138616,51.9,5187742208.0
5072.145751,51.7,5188742656.0
5073.153862,51.9,5189742592.0
5074.162660,51.7,5190792192.0
5075.176423,51.9,5191792640.0
5076.183595,51.9,5192792576.0
5077.191207,51.8,5193792512.0
5078.198604,51.9,5194791936.0
5079.207609,52.1,5195791872.0
5080.216289,51.9,5196841984.0
5081.225610,51.8,5197842432.0
5082.234358,52.0,5198841856.0
5083.241605,52.2,5199842304.0
5084.248616,51.9,5200841216.0
5085.257996,51.9,5201841664.0
5086.267716,51.9,5202892288.0
5087.278363,51.8,5203892736.0
5088.287363,51.6,5204892160.0
5089.296505,51.8,5205892096.0
5090.305247,52.2,5206892032.0
5091.312620,51.7,5207942144.0
5092.326661,51.8,5208943104.0
5093.335940,51.8,5209942016.0
5094.343598,51.8,5210942464.0
5095.349597,52.0,5211942400.0
5096.359056,51.9,5212942336.0
5097.368461,52.0,5213992448.0
5098.379630,51.9,5214992384.0
5099.388127,51.9,5215992320.0
5100.396123,52.0,5216991744.0
5101.404921,52.1,5217991680.0
5102.413620,51.7,5219041792.0
5103.427623,51.8,5220041216.0
5104.436417,51.7,5221041664.0
5105.444011,51.5,5222041600.0
5106.451629,51.6,5223041536.0
5107.461252,51.9,5224091648.0
5108.474993,52.0,5225091584.0
5109.485854,51.8,5226091008.0
5110.494198,51.7,5227090944.0
5111.502564,52.0,5228091392.0
5112.512095,52.0,5229142016.0
5113.525382,51.7,5230142464.0
5114.535135,51.6,5231141888.0
5115.542857,51.9,5232141824.0
5116.550541,52.0,5233141248.0
5117.558994,51.8,5234142720.0
5118.567771,51.9,5235191808.0
5119.580796,52.0,5236192256.0
5120.589402,51.8,5237191680.0
5121.597726,51.9,5238192128.0
5122.606162,51.7,5239191552.0
5123.615474,51.5,5240241664.0
5124.629130,52.1,5241241600.0
5125.637614,52.0,5242241536.0
5126.645394,51.9,5243241472.0
5127.653182,51.7,5244241408.0
5128.662590,51.8,5245241856.0
5129.671308,52.0,5246291968.0
5130.682104,51.8,5247291392.0
5131.690501,52.1,5248291840.0
5132.697681,51.9,5249291776.0
5133.705530,52.4,5250291712.0
5134.714836,51.9,5251341312.0
5135.727940,51.6,5252341248.0
5136.737615,52.0,5253341696.0
5137.744643,52.1,5254341632.0
5138.751612,51.8,5255341568.0
5139.759143,52.1,5256342016.0
5140.767609,52.0,5257392128.0
5141.780610,51.9,5258391552.0
5142.790351,52.0,5259391488.0
5143.798459,51.8,5260390912.0
5144.804635,52.0,5261391872.0
5145.813604,52.0,5262391296.0
5146.820654,51.8,5263441408.0
5147.833609,51.8,5264441856.0
5148.842112,51.8,5265441792.0
5149.850072,52.0,5266441728.0
5150.858297,52.1,5267441664.0
5151.868524,51.8,5268491776.0
5152.881689,51.7,5269491200.0
5153.890604,51.8,5270491136.0
5154.899200,52.0,5271490560.0
5155.906596,51.8,5272492032.0
5156.916157,52.0,5273491456.0
5157.924590,51.8,5274541056.0
5158.935371,51.8,5275540480.0
5159.943603,51.8,5276540928.0
5160.950601,51.6,5277540864.0
5161.957348,51.7,5278540800.0
5162.965595,51.9,5279540736.0
5163.973862,51.9,5280591360.0
5164.986093,51.8,5281590784.0
5165.994592,52.1,5282591232.0
5167.001587,51.8,5283592192.0
5168.009336,,
5174.019889,,
5180.028161,51.9,5299741184.0
5184.138277,51.8,5300741120.0
5185.147355,51.8,5301741056.0
5186.155662,51.7,5302741504.0
5187.163387,51.8,5303740928.0
5188.172724,51.8,5304791552.0
5189.186287,51.8,5305790464.0
5190.195726,52.0,5306790912.0
5191.204142,52.0,5307790848.0
5192.213211,51.8,5308790784.0
5193.223035,51.9,5309840384.0
5194.237475,52.0,5310840320.0
5195.246496,52.2,5311840768.0
5196.253625,51.9,5312840704.0
5197.259615,51.7,5313841152.0
5198.268244,51.9,5314841600.0
5199.276609,52.1,5315890688.0
5200.289489,51.8,5316891136.0
5201.297857,52.2,5317891584.0
5202.305722,51.9,5318891008.0
5203.313073,51.9,5319891456.0
5204.323474,52.1,5320941568.0
5205.335756,52.1,5321941504.0
5206.345988,51.8,5322940928.0
5207.355105,52.1,5323941376.0
5208.363678,51.9,5324941824.0
5209.373195,51.7,5325991424.0
5210.387117,52.2,5326991360.0
5211.397419,51.8,5327990784.0
5212.405813,51.7,5328990720.0
5213.413635,51.9,5329990656.0
5214.423732,51.7,5331041280.0
5215.437277,51.9,5332041216.0
5216.447619,51.9,5333040640.0
5217.455281,52.2,5334040576.0
5218.462975,51.8,5335041024.0
5219.472597,52.1,5336091136.0
5220.486391,51.8,5337091072.0
5221.496471,51.7,5338090496.0
5222.503959,51.7,5339089920.0
5223.511235,52.0,5340091392.0
5224.525356,52.1,5341140992.0
5225.537619,52.1,5342140416.0
5226.546808,52.0,5343140352.0
5227.553606,51.9,5344140288.0
5228.560423,51.9,5345141248.0
5229.568361,51.8,5346140672.0
5230.578279,51.7,5347190272.0
5231.591285,51.9,5348190208.0
5232.599909,52.1,5349190144.0
5233.607258,52.1,5350191104.0
5234.613601,52.0,5351190528.0
5235.622555,51.9,5352190976.0
5236.630613,52.1,5353241088.0
5237.642804,51.6,5354240512.0
5238.651619,52.0,5355240960.0
5239.660772,52.1,5356240384.0
5240.668988,52.0,5357239808.0
5241.678643,51.9,5358290944.0
5242.692427,51.9,5359290368.0
5243.701555,51.9,5360290816.0
5244.709285,52.0,5361290240.0
5245.717191,51.9,5362290688.0
5246.726622,51.9,5363340800.0
5247.740414,52.0,5364340224.0
5248.750661,52.1,5365340160.0
5249.758590,51.9,5366340096.0
5250.765563,51.8,5367340544.0
5251.775140,52.1,5368340992.0
5252.789647,52.0,5369390080.0
5253.799518,51.8,5370390016.0
5254.808220,52.0,5371389952.0
5255.815737,52.0,5372389888.0
5256.824593,51.9,5373389824.0
5257.832940,51.8,5374440448.0
5258.844699,51.7,5375440384.0
5259.852635,51.8,5376440320.0
5260.859616,52.0,5377440768.0
5261.866415,52.0,5378440704.0
5262.875667,52.1,5379441152.0
5263.884607,52.2,5380490240.0
5264.895451,51.8,5381490688.0
5265.904510,52.0,5382490112.0
5266.912710,52.0,5383490048.0
5267.920724,52.3,5384490496.0
5268.929003,51.7,5385540608.0
5269.942154,52.1,5386541056.0
5270.951767,52.0,5387539968.0
5271.959916,51.9,5388539904.0
5272.967835,52.0,5389540352.0
5273.978687,52.1,5390590464.0
5274.991603,52.1,5391590400.0
5276.002211,52.0,5392590848.0
5277.011168,52.1,5393590784.0
5278.019165,51.8,5394590208.0
5279.029388,51.7,5395640320.0
5280.043224,51.7,5396640768.0
5281.053082,51.9,5397640704.0
5282.060396,51.9,5398640128.0
5283.066597,51.8,5399640576.0
5284.074337,52.2,5400640512.0
5285.083283,52.0,5401690624.0
5286.096828,51.8,5402690048.0
5287.104642,52.0,5403690496.0
5288.111586,,
5294.119784,52.1,5410690560.0
5295.128617,52.0,5411689984.0
5296.138133,51.8,5412740608.0
5297.148550,52.0,5413740544.0
5298.157822,52.1,5414740480.0
5299.166031,52.1,5415740416.0
5300.173896,52.0,5416739840.0
5301.182533,51.9,5417790976.0
5302.196093,52.0,5418790400.0
5303.205921,51.7,5419790336.0
5304.214122,52.1,5420790272.0
5305.221535,52.0,5421790720.0
5306.231682,52.0,5422840832.0
5307.245682,52.2,5423840256.0
5308.255149,52.0,5424840704.0
5309.263599,52.2,5425840640.0
5310.269628,52.3,5426840064.0
5311.278535,52.2,5427840000.0
5312.287108,52.2,5428890112.0
5313.299047,52.0,5429890560.0
5314.308040,51.9,5430890496.0
5315.316325,51.8,5431890944.0
5316.324708,51.8,5432890368.0
5317.333830,51.9,5433940480.0
5318.346842,52.3,5434940416.0
5319.356074,52.0,5435940352.0
5320.364915,52.2,5436940288.0
5321.372876,51.9,5437940224.0
5322.383489,51.8,5438989824.0
5323.395590,52.0,5439989248.0
5324.405262,51.9,5440989696.0
5325.412339,51.9,5441989632.0
5326.421018,51.8,5442989568.0
5327.431081,51.7,5444039680.0
5328.443597,52.0,5445040128.0
5329.453026,52.1,5446039552.0
5330.460607,51.6,5447039488.0
5331.467741,51.9,5448039424.0
5332.476634,51.9,5449040384.0
5333.485597,51.8,5450089472.0
5334.498477,51.5,5451088896.0
5335.508714,52.0,5452090368.0
5336.516620,52.0,5453089792.0
5337.523606,51.7,5454090240.0
5338.532627,52.1,5455089664.0
5339.546109,51.6,5456140288.0
5340.554612,51.9,5457139712.0
5341.562209,51.9,5458140160.0
5342.569662,51.9,5459140608.0
5343.576604,51.9,5460140544.0
5344.585929,52.0,5461189632.0
5345.599878,52.2,5462189568.0
5346.608603,51.7,5463190016.0
5347.615812,,
5353.624629,,
5359.633249,51.8,5479289856.0
5363.718651,51.9,5480289792.0
5364.726526,52.1,5481289728.0
5365.736632,52.1,5482339328.0
5366.749473,51.9,5483340288.0
5367.758381,52.2,5484340224.0
5368.765720,52.0,5485339648.0
5369.772597,52.1,5486340096.0
5370.780059,51.9,5487339520.0
5371.788433,52.1,5488390656.0
5372.800607,51.9,5489389568.0
5373.810128,51.9,5490390016.0
5374.817617,52.0,5491389440.0
5375.824561,51.9,5492390400.0
5376.834089,51.7,5493389312.0
5377.843702,51.8,5494439936.0
5378.855169,52.1,5495439872.0
5379.864033,52.1,5496439296.0
5380.871883,51.8,5497439744.0
5381.879915,52.0,5498439168.0
5382.888795,52.0,5499490304.0
5383.902485,52.0,5500490240.0
5384.912171,52.1,5501490176.0
5385.920843,51.9,5502490112.0
5386.928253,52.2,5503489536.0
5387.937947,52.2,5504539648.0
5388.951912,51.8,5505539072.0
5389.960602,52.1,5506539008.0
5390.967448,51.8,5507538944.0
5391.975408,52.1,5508540416.0
5392.984604,51.9,5509539328.0
5393.994110,51.9,5510589440.0
5395.006319,52.1,5511588864.0
5396.015112,51.5,5512589824.0
5397.023133,51.8,5513589760.0
5398.031043,52.0,5514589696.0
5399.040547,51.8,5515639296.0
5400.053520,51.9,5516639232.0
5401.063641,51.8,5517639680.0
5402.071788,52.0,5518640128.0
5403.078616,51.9,5519639552.0
5404.087824,51.7,5520689664.0
5405.100587,52.1,5521689600.0
5406.109154,51.9,5522689024.0
5407.117242,52.2,5523689472.0
5408.125969,52.3,5524688896.0
5409.135435,52.0,5525689344.0
5410.143614,52.0,5526738944.0
5411.157153,52.2,5527738880.0
5412.165936,52.0,5528739840.0
5413.174661,52.0,5529739264.0
5414.182702,51.7,5530739200.0
5415.192770,51.8,5531789312.0
5416.206598,51.9,5532789248.0
5417.215677,51.6,5533789184.0
5418.223698,51.9,5534788608.0
5419.230802,51.8,5535789056.0
5420.240631,52.0,5536839168.0
5421.254248,51.9,5537839616.0
5422.263912,51.9,5538839040.0
5423.271416,52.0,5539838976.0
5424.279343,52.0,5540838912.0
5425.288557,52.1,5541839360.0
5426.298220,52.1,5542889472.0
5427.308515,51.8,5543888896.0
5428.317006,52.1,5544888832.0
5429.324599,52.0,5545889280.0
5430.332168,51.8,5546889216.0
5431.342178,52.1,5547939328.0
5432.355108,52.0,5548939264.0
5433.363597,52.0,5549938688.0
5434.369605,51.8,5550938624.0
5435.378111,52.2,5551939072.0
5436.387826,51.8,5552939008.0
5437.397420,52.6,5553989120.0
5438.409780,52.0,5554988544.0
5439.418406,51.9,5555988480.0
5440.425900,52.1,5556988928.0
5441.433242,52.2,5557988864.0
5442.443701,52.0,5559038976.0
5443.456824,51.7,5560038400.0
5444.465823,51.9,5561038848.0
5445.473607,52.0,5562038784.0
5446.481389,52.0,5563038720.0
5447.491298,52.0,5564088832.0
5448.505036,52.0,5565088768.0
5449.515174,52.0,5566090240.0
5450.521599,52.1,5567088640.0
5451.529272,52.1,5568088576.0
5452.536617,52.1,5569088512.0
5453.545118,51.8,5570138112.0
5454.558393,51.7,5571138560.0
5455.566598,51.8,5572139008.0
5456.574245,52.1,5573138944.0
5457.580602,51.8,5574137856.0
5458.589498,52.1,5575139328.0
5459.598224,52.1,5576188928.0
5460.610506,52.0,5577188864.0
5461.619255,52.0,5578188800.0
5462.627273,51.9,5579188736.0
5463.634833,51.7,5580190208.0
5464.644939,51.9,5581238784.0
5465.658323,52.0,5582239744.0
5466.667877,52.1,5583238656.0
5467.674629,52.1,5584238592.0
5468.681826,51.6,5585239552.0
5469.692049,51.8,5586238976.0
5470.705940,52.1,5587288576.0
5471.716453,52.2,5588288512.0
5472.723885,52.0,5589288448.0
5473.730944,51.8,5590287872.0
5474.739885,52.0,5591287808.0
5475.747630,52.3,5592338944.0
5476.760122,52.1,5593338368.0
5477.769394,51.8,5594338304.0
5478.776280,51.9,5595338240.0
5479.782618,51.9,5596338688.0
5480.791922,52.0,5597339136.0
5481.800615,52.2,5598388736.0
5482.812157,51.9,5599389184.0
5483.821764,52.0,5600389120.0
5484.829761,51.8,5601388032.0
5485.838169,52.0,5602388480.0
5486.846725,52.0,5603438592.0
5487.860279,51.9,5604438528.0
5488.869609,52.1,5605438464.0
5489.877050,52.1,5606437888.0
5490.884602,52.1,5607438848.0
5491.894355,51.9,5608488960.0
5492.906602,52.0,5609488896.0
5493.915661,52.0,5610488320.0
5494.924657,51.9,5611488256.0
5495.931375,52.1,5612488704.0
5496.939629,52.0,5613488128.0
5497.947612,51.9,5614538240.0
5498.960617,52.1,5615538688.0
5499.969605,51.7,5616538624.0
5500.977536,52.0,5617538560.0
5501.985251,51.7,5618539008.0
5502.994770,51.8,5619588608.0
5504.008160,52.2,5623888384.0
5508.316552,52.0,5624888320.0
5509.326909,51.7,5625888256.0
5510.334284,51.9,5626888192.0
5511.344249,52.0,5627888128.0
5512.353637,52.0,5628937728.0
5513.362613,51.8,5629938176.0
5514.370928,51.8,5630938112.0
5515.378361,52.3,5631938560.0
5516.385471,51.9,5634937856.0
5519.374089,52.1,5635937792.0
5520.380615,52.1,5636938240.0
5521.387603,52.0,5637938176.0
5522.396858,52.1,5638939136.0
5523.409557,52.1,5639987712.0
5524.418807,51.9,5643088384.0
5527.523588,51.9,5644087808.0
5528.530628,51.5,5645088256.0
5529.537411,52.0,5646088192.0
5530.547595,51.9,5647138304.0
5531.559637,52.0,5648137728.0
5532.569722,52.1,5649138176.0
5533.577982,51.8,5650138112.0
5534.585847,52.2,5651138048.0
5535.595601,52.0,5652138496.0
5536.609153,52.2,5653188608.0
5537.618593,51.9,5654188032.0
5538.625537,52.1,5655187968.0
5539.632669,52.3,5656187904.0
5540.639923,52.0,5657188352.0
5541.648965,51.8,5658237952.0
5542.662129,52.2,5659237888.0
5543.671394,51.9,5660237824.0
5544.677637,52.0,5661237760.0
5545.684619,52.1,5662238720.0
5546.691982,52.0,5663238656.0
5547.700773,51.9,5664288256.0
5548.714604,52.1,5665288704.0
5549.724501,52.1,5666288128.0
5550.732547,52.1,5667288064.0
5551.740101,51.9,5668288000.0
5552.749646,51.9,5669337600.0
5553.761603,52.0,5670337024.0
5554.771069,52.0,5671338496.0
5555.777594,51.9,5672338432.0
5556.784615,52.1,5673337344.0
5557.791613,52.1,5674337792.0
5558.801089,51.9,5675388416.0
5559.813593,51.8,5676387840.0
5560.823209,52.0,5677387776.0
5561.830596,51.7,5678388224.0
5562.837474,52.1,5679387648.0
5563.845612,52.0,5680388096.0
5564.853617,51.9,5681437696.0
5565.866616,51.9,5682437632.0
5566.875373,52.0,5683438080.0
5567.883559,51.9,5684439040.0
5568.890792,52.4,5685437952.0
5569.900994,52.2,5686487552.0
5570.914720,51.8,5687488000.0
5571.924086,52.4,5688487936.0
5572.932381,51.9,5689488384.0
5573.939534,52.1,5690487808.0
5574.948626,52.1,5691488256.0
5575.961457,51.9,5692537856.0
5576.971164,51.9,5693537792.0
5577.978606,51.7,5694538240.0
5578.986967,51.9,5695537664.0
5579.994616,52.0,5696538112.0
5581.002932,52.1,5697588224.0
5582.015627,51.9,5698588160.0
5583.024620,52.1,5699588096.0
5584.032533,52.2,5700588032.0
5585.039602,52.1,5701587968.0
5586.048616,52.0,5702587904.0
5587.057388,52.1,5703637504.0
5588.067613,52.2,5709387776.0
5593.828388,51.9,5710388224.0
5594.837058,52.2,5711387648.0
5595.843594,52.2,5712387584.0
5596.852758,52.0,5713437696.0
5597.865911,52.1,5714437632.0
5598.874609,52.1,5715437568.0
5599.881265,52.4,5716437504.0
5600.888615,52.0,5717437440.0
5601.896215,52.1,5718837760.0
5603.265809,52.2,5719837696.0
5604.275090,51.9,5720837632.0
5605.281605,51.8,5721838592.0
5606.288608,52.0,5722837504.0
5607.294603,51.7,5723837440.0
5608.303621,51.9,5724888064.0
5609.315586,52.1,5725887488.0
5610.323620,51.9,5726888448.0
5611.331477,51.9,5728936960.0
5613.380629,52.1,5729937920.0
5614.387607,51.9,5730936832.0
5615.393917,52.0,5731937792.0
5616.403935,51.6,5732987904.0
5617.415611,52.2,5733988352.0
5618.424594,52.0,5734987776.0
5619.431603,52.2,5735988224.0
5620.439918,52.2,5736987648.0
5621.448596,52.0,5737988096.0
5622.457175,52.1,5739037696.0
5623.470321,51.9,5740037632.0
5624.477595,51.8,5741037056.0
5625.485262,52.1,5742038016.0
5626.493537,52.4,5743037440.0
5627.503933,52.0,5744087552.0
5628.519631,52.0,5745086976.0
5629.528592,51.9,5746087936.0
5630.540162,52.0,5747087360.0
5631.549373,52.0,5750337024.0
5634.775665,52.2,5751337472.0
5635.788406,52.0,5752337408.0
5636.796032,51.9,5753337344.0
5637.804543,51.8,5754387456.0
5638.817696,51.9,5755387392.0
5639.827041,51.8,5756387840.0
5640.834493,52.4,5757387264.0
5641.841802,51.9,5760387584.0
5644.840598,52.0,5761387008.0
5645.847514,51.9,5762387968.0
5646.856731,52.2,5763437056.0
5647.869636,51.9,5764436992.0
5648.878937,52.0,5765437440.0
5649.887931,51.9,5766437376.0
5650.895407,52.3,5767437312.0
5651.904593,52.2,5768487424.0
5652.917589,51.9,5769486848.0
5653.925588,52.0,5770486784.0
5654.932599,52.1,5771487744.0
5655.940900,51.8,5772487680.0
5656.948851,52.0,5774087168.0
5658.524779,51.9,5775087104.0
5659.536605,52.0,5776087040.0
5660.543598,51.9,5777087488.0
5661.551625,51.9,5778087424.0
5662.559615,52.3,5779138048.0
5663.572419,51.9,5780137472.0
5664.580601,52.1,5781138432.0
5665.588560,52.0,5782138368.0
5666.594593,52.1,5783137792.0
5667.602614,52.1,5784138240.0
5668.610603,52.4,5785187840.0
5669.622632,52.0,5786186752.0
5670.630610,51.9,5787187200.0
5671.636597,52.2,5788187136.0
5672.643133,,
5678.650617,,
5684.657608,52.0,5804335616.0
5688.775595,52.3,5805337088.0
5689.783593,52.2,5806336512.0
5690.791056,52.0,5807336448.0
5691.799440,51.9,5808336384.0
5692.808763,52.1,5809386496.0
5693.822914,51.8,5810385920.0
5694.832806,52.2,5811386880.0
5695.840620,51.8,5812386304.0
5696.847591,52.4,5813386240.0
5697.857333,52.1,5814436352.0
5698.871496,51.9,5815435776.0
5699.881452,52.2,5816436736.0
5700.888606,52.3,5817436160.0
5701.896183,52.2,5818436608.0
5702.905616,52.1,5819436032.0
5703.918447,52.0,5820486656.0
5704.928162,52.0,5821486080.0
5705.935812,52.0,5822486016.0
5706.943773,52.0,5823486464.0
5707.951790,51.9,5824486400.0
5708.960815,51.9,5825536512.0
5709.974602,52.2,5826536448.0
5710.982613,52.2,5827535872.0
5711.989607,52.4,5828536320.0
5712.996652,52.0,5829536768.0
5714.005906,52.2,5830536192.0
5715.019784,52.0,5831586304.0
5716.029809,52.1,5832586752.0
5717.037604,52.2,5833586688.0
5718.045085,52.1,5834586112.0
5719.053676,52.1,5835586560.0
5720.062602,52.1,5836636160.0
5721.075638,52.0,5837636096.0
5722.084037,52.0,5838636544.0
5723.092322,52.0,5839636480.0
5724.100111,52.0,5840636416.0
5725.109213,52.3,5841686528.0
5726.121883,52.2,5842686464.0
5727.131587,52.0,5843686400.0
5728.138377,52.0,5844685824.0
5729.146201,52.2,5845686272.0
5730.156452,52.0,5846686208.0
5731.165210,52.1,5847736320.0
5732.175925,52.0,5848736256.0
5733.184515,52.0,5849736704.0
5734.193216,52.2,5850735616.0
5735.200882,51.9,5851736576.0
5736.211146,52.1,5852786688.0
5737.225156,52.0,5853786112.0
5738.234485,52.1,5854786048.0
5739.242382,51.9,5855785984.0
5740.249932,52.0,5856786432.0
5741.260007,52.0,5857836032.0
5742.273096,52.1,5858835968.0
5743.282348,52.2,5859835904.0
5744.290153,52.1,5860835840.0
5745.297453,51.9,5861836288.0
5746.307139,52.1,5862835712.0
5747.316185,52.3,5863885824.0
5748.326613,52.3,5864886272.0
5749.334605,51.7,5865885696.0
5750.341930,51.9,5866886144.0
5751.349890,52.2,5867886080.0
5752.359381,52.2,5868936192.0
5753.372644,52.1,5870086144.0
5754.525608,52.1,5871086592.0
5755.536591,52.1,5872086016.0
5756.543432,52.2,5873085952.0
5757.550595,52.2,5874086400.0
5758.559925,51.8,5875086336.0
5759.572684,52.2,5876136960.0
5760.582607,51.8,5877137920.0
5761.589982,52.0,5878136320.0
5762.597307,52.2,5879136768.0
5763.605895,52.2,5880136192.0
5764.614710,51.8,5881186304.0
5765.627649,51.9,5882186240.0
5766.635991,52.2,5883186176.0
5767.642631,51.9,5884186624.0
5768.650174,51.9,5885186048.0
5769.658606,52.1,5886186496.0
5770.667477,52.0,5887236096.0
5771.678753,52.1,5888236032.0
5772.687014,52.2,5889236480.0
5773.694863,52.0,5890235904.0
5774.701602,52.1,5891235840.0
5775.711199,52.0,5892285952.0
5776.724700,52.2,5893285376.0
5777.735071,52.2,5894285824.0
5778.743382,51.8,5895285248.0
5779.750611,52.3,5896285696.0
5780.760616,52.1,5897285632.0
5781.773237,51.9,5898335744.0
5782.783028,52.2,5899335680.0
5783.791406,,
5789.800043,,
5795.808458,52.2,5915435520.0
5799.879969,51.9,5916435456.0
5800.888338,51.9,5917435392.0
5801.896625,51.9,5918435840.0
5802.905129,51.8,5919435264.0
5803.915333,52.2,5920485376.0
5804.929815,51.9,5921485312.0
5805.939258,52.1,5922485248.0
5806.946977,52.1,5923485184.0
5807.954675,52.3,5924485632.0
5808.964517,52.0,5925535232.0
5809.978134,52.2,5926535680.0
5810.988680,52.2,5927535104.0
5811.997216,52.2,5928535552.0
5813.005256,52.2,5929535488.0
5814.014935,52.2,5930585600.0
5815.028606,52.0,5931585536.0
5816.038595,51.9,5932585472.0
5817.045761,52.1,5933585408.0
5818.052655,52.3,5934585344.0
5819.062316,52.3,5935635456.0
5820.076516,52.1,5936635392.0
5821.086607,52.0,5937635328.0
5822.093595,52.0,5938635264.0
5823.100282,52.0,5939636224.0
5824.106594,52.4,5940634624.0
5825.114597,52.1,5941685248.0
5826.127035,52.2,5942685696.0
5827.137341,52.0,5943685632.0
5828.144690,,
5834.153638,,
5840.161601,52.2,5959785472.0
5844.232236,52.0,5960785920.0
5845.241207,52.0,5961784832.0
5846.248180,52.0,5962784768.0
5847.256219,52.0,5963785216.0
5848.266372,52.0,5964834816.0
5849.280544,52.2,5965835264.0
5850.289456,52.1,5966834688.0
5851.297136,52.0,5967834624.0
5852.304629,52.2,5968835072.0
5853.314750,52.3,5969885696.0
5854.328523,52.2,5970884608.0
5855.338218,52.1,5971885056.0
5856.345590,52.2,5972885504.0
5857.352648,52.0,5973884928.0
5858.361997,52.3,5974885376.0
5859.371138,52.1,5975934464.0
5860.381607,52.2,5976935424.0
5861.390198,51.9,5977934336.0
5862.397612,51.9,5978934784.0
5863.404772,51.9,5979935232.0
5864.412607,52.3,5980934656.0
5865.420875,51.9,5981984768.0
5866.432521,52.0,5982984704.0
5867.442110,52.2,5983984640.0
5868.449917,52.0,5984984576.0
5869.457413,51.7,5985984512.0
5870.466664,52.1,5987035136.0
5871.479981,52.0,5988034560.0
5872.488606,51.8,5989034496.0
5873.494589,51.9,5990034944.0
5874.500601,52.1,5991035392.0
5875.507831,51.8,5992034816.0
5876.516604,51.9,5993084928.0
5877.528597,52.0,5994084352.0
5878.537666,52.0,5995084288.0
5879.544740,52.1,5996084224.0
5880.552539,52.3,5997084160.0
5881.560631,52.3,5998084096.0
5882.569599,52.0,5999134720.0
5883.583282,52.2,6000134656.0
5884.591598,52.0,6001134592.0
5885.598592,51.9,6002134528.0
5886.605761,52.1,6003134976.0
5887.615401,52.1,6004185088.0
5888.628873,52.3,6005184000.0
5889.638753,52.3,6006184448.0
5890.647267,51.9,6007184896.0
5891.659067,52.3,6008184320.0
5892.667663,51.9,6009234432.0
5893.681977,52.2,6010234880.0
5894.692089,52.1,6011234816.0
5895.700025,51.9,6012234752.0
5896.708232,52.2,6013234688.0
5897.718672,51.9,6014284800.0
5898.732119,52.3,6015284736.0
5899.741611,52.2,6016284672.0
5900.748624,52.2,6017284096.0
5901.755602,51.9,6018284544.0
5902.764419,52.4,6019284480.0
5903.773698,52.0,6020334592.0
5904.783594,52.2,6021335040.0
5905.792208,52.2,6022334976.0
5906.800770,52.2,6023334400.0
5907.808610,52.1,6024333824.0
5908.819001,52.1,6025384448.0
5909.832741,51.8,6026384384.0
5910.841968,52.1,6027384320.0
5911.850639,52.1,6028384256.0
5912.858728,52.2,6029384704.0
5913.868298,52.1,6030434816.0
5914.881780,52.0,6031434752.0
5915.890614,52.0,6032434688.0
5916.898394,52.1,6033434112.0
5917.905511,52.0,6034434560.0
5918.915091,52.5,6035434496.0
5919.924938,52.0,6036484096.0
5920.935329,52.1,6037484544.0
5921.945332,52.0,6038484480.0
5922.953087,52.2,6039484416.0
5923.960861,52.1,6040484352.0
5924.970275,52.3,6041533952.0
5925.983665,51.9,6042534400.0
5926.993012,52.6,6043534336.0
5928.000615,52.0,6044534272.0
5929.007598,51.8,6045534208.0
5930.016872,52.1,6046534656.0
5931.030940,52.0,6047584768.0
5932.040601,52.0,6048584192.0
5933.049001,52.0,6049584128.0
5934.056513,52.0,6050584064.0
5935.065143,52.2,6051584512.0
5936.073596,51.8,6052634112.0
5937.086077,52.1,6053634048.0
5938.095682,52.2,6054633984.0
5939.102781,52.4,6055634432.0
5940.109884,51.9,6056633856.0
5941.118615,52.2,6057683968.0
5942.131011,51.9,6058683904.0
5943.140393,51.9,6059683840.0
5944.147594,52.1,6060684288.0
5945.154793,52.2,6061684224.0
5946.162903,52.2,6062684160.0
5947.170603,52.3,6063733760.0
5948.183784,52.3,6064734208.0
5949.192589,52.1,6065734144.0
5950.200230,52.3,6066734080.0
5951.208007,51.9,6067734016.0
5952.217943,52.1,6068734464.0
5953.231385,51.9,6069784064.0
5954.241519,,
5960.251007,,
5966.259748,52.0,6085883904.0
5970.375680,52.1,6086933504.0
5971.386621,52.2,6087933440.0
5972.394615,52.2,6088933888.0
5973.402768,52.0,6089934336.0
5974.410457,52.3,6090933760.0
5975.420242,52.2,6091983872.0
5976.433883,52.0,6092983808.0
5977.444400,52.0,6093983744.0
5978.452525,52.1,6094983680.0
5979.460143,52.0,6095983616.0
5980.470112,52.0,6097033728.0
5981.482607,52.3,6098033152.0
5982.490946,52.3,6099033600.0
5983.498609,52.1,6100033536.0
5984.505687,52.0,6101033472.0
5985.512628,52.2,6102033408.0
5986.522324,52.3,6103084032.0
5987.534608,51.9,6104083456.0
5988.544808,52.1,6105083392.0
5989.551648,52.1,6106083328.0
5990.558813,52.0,6107083776.0
5991.567834,52.1,6108083712.0
5992.575640,52.3,6109133824.0
5993.587608,52.2,6110133760.0
5994.595923,52.3,6111133696.0
5995.603698,52.4,6112133120.0
5996.611070,52.1,6113133056.0
5997.620819,52.2,6114183680.0
5998.633855,52.0,6115183616.0
5999.644514,52.4,6116183552.0
6000.652815,52.2,6117183488.0
6001.660696,51.9,6118183424.0
6002.669629,52.2,6119183360.0
6003.682301,52.4,6120233472.0
6004.691285,52.1,6121233408.0
6005.699050,52.1,6122233344.0
6006.706541,52.2,6123233792.0
6007.712602,51.9,6124233728.0
6008.721636,52.1,6125283328.0
6009.734660,52.2,6126283264.0
6010.744873,52.1,6127283712.0
6011.753294,52.2,6128283136.0
6012.760507,52.4,6129283584.0
6013.769615,52.0,6130283520.0
6014.778619,52.1,6131333632.0
6015.789019,52.2,6132333568.0
6016.797606,52.1,6133333504.0
6017.805200,52.0,6134333440.0
6018.812622,52.0,6135333888.0
6019.821912,52.1,6136383488.0
6020.834641,52.2,6137383936.0
6021.843603,52.0,6138383360.0
6022.850745,52.3,6139383296.0
6023.857238,52.4,6140383232.0
6024.864359,52.0,6141383680.0
6025.873228,52.2,6142433280.0
6026.886171,52.0,6143433216.0
6027.896654,52.5,6144433152.0
6028.905092,52.3,6145433600.0
6029.912944,52.1,6146433024.0
6030.923400,52.2,6147483648.0
6031.936985,52.5,6148483584.0
6032.946949,52.2,6149483520.0
6033.955365,52.0,6150483968.0
6034.961592,52.3,6151483392.0
6035.970680,52.3,6152483840.0
6036.979878,52.4,6153533440.0
6037.990432,52.2,6154533376.0
6038.998526,52.2,6155533312.0
6040.006047,51.9,6156533248.0
6041.014186,51.9,6157533184.0
6042.023314,52.5,6158583808.0
6043.035603,52.1,6159583232.0
6044.044666,52.1,6160582656.0
6045.052591,51.9,6161583104.0
6046.060287,52.1,6162582528.0
6047.069604,52.0,6163582976.0
6048.078319,52.1,6164633088.0
6049.090912,52.2,6165633024.0
6050.099240,52.3,6166632960.0
6051.107064,52.2,6167633408.0
6052.115163,52.3,6168633344.0
6053.124939,52.1,6169683456.0
6054.139227,52.0,6170682880.0
6055.148448,52.2,6171683840.0
6056.157033,52.1,6172683264.0
6057.164545,52.1,6173683200.0
6058.173716,52.2,6174732800.0
6059.186612,52.1,6175733248.0
6060.196003,52.2,6176732672.0
6061.203733,52.2,6177732608.0
6062.211613,52.1,6178732544.0
6063.221760,52.3,6179732992.0
6064.230633,52.4,6180783104.0
6065.240600,52.0,6181783552.0
6066.248591,52.0,6182782976.0
6067.256468,52.0,6183782912.0
6068.264617,,
6074.274463,,
6080.283427,52.2,6199883264.0
6084.358388,52.1,6200882688.0
6085.365613,52.3,6201882624.0
6086.376051,52.2,6202932224.0
6087.390057,52.1,6203932672.0
6088.399610,52.3,6204933120.0
6089.407458,52.4,6205933568.0
6090.415053,52.4,6206932992.0
6091.424854,52.3,6207983104.0
6092.438614,52.5,6208982528.0
6093.448134,52.0,6209982976.0
6094.457045,52.1,6210982912.0
6095.464391,52.0,6211982848.0
6096.473208,52.0,6212982784.0
6097.487460,52.2,6214032896.0
6098.496594,52.2,6215032832.0
6099.504093,51.6,6216033280.0
6100.511606,51.9,6217032704.0
6101.519232,52.1,6218032640.0
6102.527622,52.1,6219082752.0
6103.540352,52.0,6220082688.0
6104.549597,51.9,6221083136.0
6105.557497,52.2,6222082560.0
6106.565606,52.5,6223083008.0
6107.576269,52.2,6224132608.0
6108.589820,52.1,6225132544.0
6109.599222,52.2,6226132480.0
6110.606607,52.5,6227132928.0
6111.613819,52.1,6228132864.0
6112.623129,52.3,6229132288.0
6113.637286,52.1,6230181888.0
6114.646613,52.3,6231182336.0
6115.653609,52.2,6232182784.0
6116.661151,52.2,6233182208.0
6117.668612,52.3,6234182656.0
6118.677637,52.2,6235232768.0
6119.690419,52.2,6236233216.0
6120.700086,52.4,6237232640.0
6121.708180,52.3,6238232576.0
6122.714839,52.0,6239232512.0
6123.723623,51.9,6240232448.0
6124.732620,51.9,6241282560.0
6125.743930,52.2,6242282496.0
6126.751020,52.1,6243282432.0
6127.759596,52.3,6244282880.0
6128.766509,52.2,6245282816.0
6129.776050,52.2,6246332416.0
6130.789291,52.2,6247332352.0
6131.799328,52.2,6248332800.0
6132.806608,52.3,6249332736.0
6133.813632,52.5,6250332672.0
6134.822901,52.3,6251332608.0
6135.832458,52.2,6252382720.0
6136.844253,52.0,6253382656.0
6137.852626,52.2,6254382080.0
6138.860144,52.1,6255382016.0
6139.867914,52.1,6256381952.0
6140.877933,52.2,6257432576.0
6141.890637,52.2,6258432000.0
6142.900397,52.1,6259432448.0
6143.907612,52.1,6260432384.0
6144.914730,52.3,6261432320.0
6145.923591,52.2,6262432768.0
6146.931710,52.3,6263482368.0
6147.944422,51.9,6264482816.0
6148.952635,52.2,6265481728.0
6149.960431,52.3,6266482176.0
6150.967690,52.2,6267482624.0
6151.977893,52.3,6268533248.0
6152.990653,51.9,6269532672.0
6153.999615,52.2,6270532608.0
6155.005607,52.5,6271533056.0
6156.012771,51.9,6272532480.0
6157.019605,52.2,6273532416.0
6158.028774,52.0,6274582528.0
6159.041647,52.1,6275582464.0
6160.050811,52.2,6276582400.0
6161.058599,52.2,6277582336.0
6162.065211,52.4,6278582272.0
6163.076552,52.3,6279582208.0
6164.089937,52.4,6280632320.0
6165.098616,51.9,6281632256.0
6166.104634,52.5,6282632192.0
6167.112150,52.4,6283632128.0
6168.119854,52.1,6284632064.0
6169.128498,52.3,6285682688.0
6170.140588,52.1,6286682624.0
6171.149790,52.0,6287682048.0
6172.157599,52.0,6288682496.0
6173.165563,51.9,6289682432.0
6174.174608,52.4,6290682368.0
6175.182847,52.2,6291732480.0
6176.195768,52.3,6292732416.0
6177.203602,52.1,6293732352.0
6178.211561,52.1,6294732288.0
6179.218996,52.1,6295732224.0
6180.228659,52.2,6296781824.0
6181.241940,52.3,6297781760.0
6182.252460,52.2,6298782208.0
6183.261207,52.3,6299782144.0
6184.269238,52.1,6300782592.0
6185.278756,52.1,6301832704.0
6186.291246,52.1,6302832128.0
6187.299590,52.0,6303832064.0
6188.307160,,
6194.316716,,
6200.321517,52.0,6319931904.0
6204.422602,52.2,6320931840.0
6205.431785,52.0,6321981952.0
6206.445365,52.1,6322981888.0
6207.453601,52.0,6323981824.0
6208.460616,52.1,6324981760.0
6209.468000,52.0,6325981696.0
6210.477884,52.1,6327031808.0
6211.491549,52.1,6328031744.0
6212.500554,52.3,6329032192.0
6213.507627,52.2,6330032128.0
6214.514839,52.5,6331031552.0
6215.522222,52.2,6332032512.0
6216.531402,51.8,6333081600.0
6217.545178,52.1,6334081024.0
6218.553974,52.4,6335081472.0
6219.563171,52.1,6336081408.0
6220.571375,52.3,6337081856.0
6221.580601,52.2,6338131968.0
6222.593458,52.1,6339131904.0
6223.603199,51.8,6340131328.0
6224.610978,52.1,6341131776.0
6225.618612,52.1,6342131712.0
6226.628137,52.3,6343131648.0
6227.638358,52.1,6344181760.0
6228.649262,52.2,6345181696.0
6229.657240,52.1,6346181632.0
6230.665637,52.2,6347181056.0
6231.674393,52.1,6348181504.0
6232.683945,52.1,6349231616.0
6233.696533,52.2,6350232576.0
6234.705170,52.3,6351231488.0
6235.713189,52.5,6352231424.0
6236.721176,52.4,6353231360.0
6237.730722,51.8,6354281472.0
6238.744392,52.3,6355280896.0
6239.753590,52.0,6356281856.0
6240.760606,52.3,6357282304.0
6241.768500,52.2,6358281728.0
6242.778677,52.5,6359281664.0
6243.788364,52.4,6360331776.0
6244.798388,51.9,6361331200.0
6245.806955,52.2,6362332160.0
6246.814939,52.3,6363331072.0
6247.821640,52.2,6364331520.0
6248.831218,52.1,6365381632.0
6249.844446,52.4,6366381568.0
6250.853616,52.4,6367381504.0
6251.861519,52.1,6368381440.0
6252.869279,52.1,6369380864.0
6253.878636,52.0,6370381312.0
6254.887596,52.4,6371431936.0
6255.899313,52.4,6372431360.0
6256.907620,52.1,6373431296.0
6257.915631,52.2,6374431232.0
6258.923622,52.1,6375431680.0
6259.933048,52.1,6376481280.0
6260.947012,52.1,6377481216.0
6261.955956,52.2,6378480640.0
6262.964067,52.1,6379480576.0
6263.972151,52.2,6380481024.0
6264.982270,52.4,6381532160.0
6265.994859,52.1,6382531072.0
6267.004122,52.1,6383532032.0
6268.011862,52.3,6384531968.0
6269.018619,51.9,6385530880.0
6270.027753,52.3,6386531328.0
6271.036611,52.1,6387581440.0
6272.050021,52.1,6388580864.0
6273.058235,52.1,6389581312.0
6274.067934,52.4,6390581760.0
6275.076672,52.5,6391581696.0
6276.085517,52.3,6392631296.0
6277.098665,52.1,6393631232.0
6278.107474,52.3,6394631168.0
6279.115415,51.8,6395630592.0
6280.122723,52.2,6396631040.0
6281.132397,52.4,6397681152.0
6282.144592,52.1,6398681600.0
6283.154002,52.3,6399680512.0
6284.162267,52.2,6400681472.0
6285.169618,52.4,6401681408.0
6286.177597,52.1,6402681344.0
6287.186107,52.2,6403731456.0
6288.199704,51.9,6404730880.0
6289.208799,52.1,6405731328.0
6290.217024,52.3,6406730752.0
6291.224636,52.2,6407730688.0
6292.234053,52.3,6408781312.0
6293.246671,52.1,6409780736.0
6294.257105,52.0,6410780672.0
6295.264592,52.6,6411781120.0
6296.271085,52.2,6412781568.0
6297.280601,52.3,6413780992.0
6298.289038,52.2,6414831616.0
6299.299615,52.2,6415831040.0
6300.307609,52.0,6416832000.0
6301.314665,51.9,6417831936.0
6302.321965,52.5,6418831360.0
6303.330615,52.3,6419831808.0
6304.339731,52.2,6420880896.0
6305.350604,52.3,6421880832.0
6306.358824,52.4,6422881280.0
6307.365949,52.5,6423881216.0
6308.373389,52.1,6424881152.0
6309.382590,52.2,6425881600.0
6310.391078,52.1,6426931200.0
6311.400604,52.1,6427931648.0
6312.408418,52.1,6428931584.0
6313.415593,52.1,6429931520.0
6314.421615,52.3,6430930944.0
6315.430567,52.3,6431931392.0
6316.439423,52.7,6432981504.0
6317.451424,52.5,6433981440.0
6318.460143,52.1,6434981888.0
6319.467625,52.3,6435980800.0
6320.475393,52.3,6436980736.0
6321.484396,52.1,6438030848.0
6322.496610,52.4,6439030784.0
6323.506061,51.9,6440031744.0
6324.512595,52.2,6441030656.0
6325.519703,52.0,6442031104.0
6326.527385,52.1,6443031040.0
6327.535595,51.8,6444080640.0
6328.547771,51.9,6445081088.0
6329.556596,52.4,6446081024.0
6330.564619,52.4,6447080448.0
6331.571542,51.9,6448080896.0
6332.580602,52.4,6449080320.0
6333.589630,52.4,6450130432.0
6334.600606,52.1,6451131392.0
6335.608652,52.1,6452131328.0
6336.616664,52.3,6453130752.0
6337.623897,52.0,6454131200.0
6338.633834,52.1,6456030720.0
6340.520611,52.3,6457030656.0
6341.531241,52.5,6458030592.0
6342.539353,52.6,6459081216.0
6343.551955,51.7,6460080640.0
6344.559596,52.1,6461080576.0
6345.566632,52.4,6462081024.0
6346.573473,52.1,6463080448.0
6347.582612,52.2,6464080384.0
6348.595611,51.8,6465130496.0
6349.604593,52.2,6466130432.0
6350.611646,52.4,6467131904.0
6351.619737,52.3,6468130304.0
6352.626978,52.3,6469131264.0
6353.636888,52.3,6470180864.0
6354.650810,52.3,6471180288.0
6355.659885,52.1,6472180224.0
6356.669332,52.1,6473180672.0
6357.676632,52.2,6474180608.0
6358.686422,52.2,6475230720.0
6359.700060,52.2,6476230656.0
6360.709231,51.8,6477230592.0
6361.716891,52.1,6478231040.0
6362.724213,52.2,6479230464.0
6363.733958,52.1,6480280576.0
6364.747547,52.1,6481280512.0
6365.757679,52.2,6482280448.0
6366.766606,52.2,6483280384.0
6367.772588,52.1,6484281344.0
6368.781734,52.4,6485280256.0
6369.790621,52.2,6486330368.0
6370.802722,52.3,6487330816.0
6371.811296,52.1,6488330752.0
6372.818592,52.2,6489330688.0
6373.825865,52.5,6490331136.0
6374.835598,52.2,6491381248.0
6375.847889,52.5,6492380672.0
6376.857190,52.1,6493380096.0
6377.864929,52.3,6494380544.0
6378.872616,52.1,6495380992.0
6379.882119,52.3,6496380416.0
6380.890978,52.3,6497430528.0
6381.902614,52.0,6498430464.0
6382.910598,51.9,6499430400.0
6383.917861,52.0,6500430848.0
6384.923620,52.5,6501430784.0
6385.932629,52.4,6502430208.0
6386.941603,52.1,6503480320.0
6387.953253,,
6393.959607,,
6399.967054,52.1,6519530496.0
6404.038597,52.3,6520580608.0
6405.051611,52.1,6521580544.0
6406.060707,52.4,6522580480.0
6407.069062,52.1,6523579904.0
6408.075983,52.2,6524580352.0
6409.084590,52.2,6525580288.0
6410.092605,52.2,6526630400.0
6411.103591,52.2,6527630336.0
6412.111384,52.1,6528629760.0
6413.118688,52.1,6529630208.0
6414.126120,52.4,6530630656.0
6415.136673,52.4,6531680768.0
6416.150307,52.2,6532680704.0
6417.159609,52.2,6533679616.0
6418.168751,52.4,6534680064.0
6419.176724,52.3,6535680512.0
6420.185610,52.3,6536680448.0
6421.198854,52.1,6537730048.0
6422.207629,52.2,6538730496.0
6423.215483,52.1,6539730432.0
6424.223592,52.4,6540730368.0
6425.230351,52.1,6541729792.0
6426.239313,52.3,6542779904.0
6427.252774,52.3,6543780352.0
6428.261643,52.2,6544780288.0
6429.269627,52.2,6545780224.0
6430.276601,52.5,6546780160.0
6431.285831,52.2,6547780608.0
6432.294605,52.5,6548830208.0
6433.304606,52.2,6549830656.0
6434.313094,52.3,6550830080.0
6435.320612,52.2,6551830528.0
6436.327600,52.3,6552829952.0
6437.336593,52.5,6553829888.0
6438.348592,52.2,6554880512.0
6439.357596,52.0,6555880448.0
6440.365753,51.9,6556880896.0
6441.374145,52.0,6557880320.0
6442.381995,52.6,6558880256.0
6443.390652,52.3,6559929856.0
6444.403482,52.1,6560929792.0
6445.412242,52.5,6561929728.0
6446.420481,52.4,6562930176.0
6447.427618,52.2,6563930624.0
6448.436491,52.2,6564929536.0
6449.448669,52.4,6565980672.0
6450.457604,52.1,6566979584.0
6451.465466,52.5,6567980032.0
6452.473934,52.3,6568979456.0
6453.480608,52.3,6569979392.0
6454.488604,52.5,6571030016.0
6455.501229,52.3,6572029440.0
6456.510593,52.6,6573029888.0
6457.517194,52.4,6574029824.0
6458.523605,52.3,6575028736.0
6459.531463,52.5,6576029696.0
6460.539209,52.1,6577080320.0
6461.552609,52.1,6578079744.0
6462.561608,52.1,6579079680.0
6463.570421,52.3,6580079104.0
6464.577591,52.2,6581080064.0
6465.585608,52.1,6582079488.0
6466.595513,52.3,6583129600.0
6467.604594,52.2,6584130048.0
6468.613363,52.3,6585128960.0
6469.621219,52.1,6586129408.0
6470.628889,52.2,6587129344.0
6471.638732,52.0,6588178432.0
6472.651622,52.1,6589179904.0
6473.661307,52.5,6590180352.0
6474.669180,52.0,6591180288.0
6475.676182,52.4,6592180224.0
6476.685134,52.1,6593179648.0
6477.693595,52.4,6594230272.0
6478.706772,52.3,6595229184.0
6479.714358,52.3,6596230144.0
6480.722411,52.2,6597230080.0
6481.730472,52.5,6598230528.0
6482.739594,52.6,6599280128.0
6483.752203,52.3,6600279040.0
6484.761974,52.3,6601280512.0
6485.769629,52.2,6602279424.0
6486.776600,51.9,6603279872.0
6487.786601,,
6493.794160,,
6499.798700,52.5,6619378688.0
6503.877606,52.6,6620379648.0
6504.887495,52.2,6621378560.0
6505.897439,52.2,6622429696.0
6506.907732,52.5,6623429120.0
6507.915825,52.3,6624429568.0
6508.923332,52.3,6625429504.0
6509.930151,52.5,6626429440.0
6510.939415,52.3,6627479552.0
6511.952589,52.4,6628478976.0
6512.960600,52.3,6629479936.0
6513.968333,52.3,6630478848.0
6514.975663,52.4,6631478784.0
6515.983609,52.1,6632479232.0
6516.993520,51.9,6633529344.0
6518.006672,52.2,6634529280.0
6519.015513,52.4,6635528704.0
6520.023115,52.5,6636528640.0
6521.029607,52.1,6637529088.0
6522.039865,52.1,6638579712.0
6523.052634,52.3,6639579136.0
6524.061591,52.3,6640579584.0
6525.068444,52.5,6641579008.0
6526.076591,52.4,6642578944.0
6527.084153,52.4,6643779584.0
6528.262605,52.5,6644779008.0
6529.269608,52.0,6645779456.0
6530.276592,52.4,6646778880.0
6531.284602,52.4,6647778816.0
6532.292614,52.3,6648829440.0
6533.304604,52.3,6649829376.0
6534.313613,52.4,6650829824.0
6535.320589,52.1,6651830272.0
6536.326611,52.5,6652829184.0
6537.333625,52.3,6653828096.0
6538.343016,52.3,6654879232.0
6539.356151,52.2,6655879168.0
6540.364625,52.3,6656878592.0
6541.372666,52.5,6657878528.0
6542.379671,52.5,6659028992.0
6543.519602,52.4,6660028928.0
6544.530751,52.3,6661028864.0
6545.541102,52.4,6662080000.0
6546.553621,52.2,6663079424.0
6547.562768,52.2,6664079872.0
6548.569598,52.5,6665079296.0
6549.580113,52.2,6666080256.0
6550.589250,52.5,6667079168.0
6551.597596,52.2,6668128768.0
6552.607611,52.5,6669129728.0
6553.615638,52.4,6670129152.0
6554.622602,52.2,6671128576.0
6555.628604,52.3,6673029120.0
6557.523196,52.2,6674029056.0
6558.532627,52.1,6675028992.0
6559.542460,52.4,6676080128.0
6560.554599,52.2,6677079552.0
6561.563589,52.0,6678078976.0
6562.575627,52.3,6679079936.0
6563.581624,52.2,6680079360.0
6564.591599,52.5,6681128960.0
6565.604613,52.4,6682128896.0
6566.614079,52.3,6683128832.0
6567.620606,52.4,6684128768.0
6568.627391,52.0,6685129216.0
6569.634602,52.2,6686130176.0
6570.642858,52.1,6687178752.0
6571.655325,52.3,6688178688.0
6572.663968,52.1,6689178624.0
6573.670965,52.3,6690178560.0
6574.678318,51.9,6691178496.0
6575.686600,52.1,6692178432.0
6576.694613,52.2,6693229056.0
6577.707485,52.1,6695028736.0
6579.520601,52.4,6696028160.0
6580.531607,52.3,6697028096.0
6581.540611,52.3,6698028032.0
6582.548624,52.4,6699079168.0
6583.559992,52.3,6700080128.0
6584.567896,52.3,6701079552.0
6585.576610,52.3,6702078976.0
6586.582602,52.2,6703078912.0
6587.592604,52.3,6704129536.0
6588.605482,52.0,6705129472.0
6589.614910,52.6,6707028480.0
6591.520092,52.3,6708028416.0
6592.531600,52.6,6709028352.0
6593.541545,52.3,6710028800.0
6594.550179,52.2,6711078912.0
6595.559623,,
6601.568944,,
6607.575751,52.5,6724078080.0
6608.591461,52.2,6725078528.0
6609.605418,52.2,6726127104.0
6610.615503,52.2,6727127040.0
6611.623911,52.2,6728128000.0
6612.631737,52.4,6729127424.0
6613.642659,52.4,6730177024.0
6614.655920,52.2,6731177472.0
6615.665769,52.1,6732177920.0
6616.673851,52.6,6733177856.0
6617.682749,52.2,6734178816.0
6618.692808,52.6,6735228416.0
6619.706092,52.4,6736228352.0
6620.714619,52.4,6737227776.0
6621.722263,52.4,6738228736.0
6622.730373,52.4,6739228160.0
6623.738626,52.4,6740228608.0
6624.748052,52.3,6741278208.0
6625.760600,52.2,6742278144.0
6626.768399,52.2,6743278080.0
6627.777056,52.3,6744278016.0
6628.783618,52.4,6745278464.0
6629.793082,52.1,6746328064.0
6630.805637,52.4,6747328000.0
6631.814689,52.2,6748327936.0
6632.822618,52.2,6749327872.0
6633.830543,52.4,6750327808.0
6634.838319,52.2,6751327744.0
6635.847759,52.7,6752377856.0
6636.860666,52.4,6753378304.0
6637.868636,52.4,6754378240.0
6638.875669,52.7,6755378176.0
6639.882595,52.3,6756378112.0
6640.891443,52.2,6757377536.0
6641.906280,52.2,6758428160.0
6642.916109,52.3,6759427584.0
6643.923593,52.2,6760427008.0
6644.931515,52.2,6761427456.0
6645.941476,52.4,6762427392.0
6646.951090,52.1,6763477504.0
6647.961126,52.6,6764477952.0
6648.968591,52.3,6765477888.0
6649.975523,52.2,6766477824.0
6650.982892,52.0,6767477760.0
6651.991967,52.3,6768477696.0
6653.000618,52.4,6769527296.0
6654.011416,52.5,6770527744.0
6655.018592,52.4,6771527680.0
6656.024612,52.5,6772527616.0
6657.031622,52.8,6773528064.0
6658.038646,52.2,6774528000.0
6659.047152,52.3,6775578112.0
6660.060358,52.3,6776578048.0
6661.069418,52.4,6777577984.0
6662.077695,52.3,6778577920.0
6663.085296,52.3,6779577856.0
6664.095458,52.2,6780627456.0
6665.108647,52.1,6781627904.0
6666.118213,52.0,6782627328.0
6667.125771,52.2,6783628288.0
6668.133812,,
6674.144039,,
6680.150193,52.7,6799727616.0
6684.230838,52.1,6800727552.0
6685.239636,52.2,6801728000.0
6686.249373,52.2,6802778112.0
6687.263673,52.5,6803777536.0
6688.272234,52.6,6804778496.0
6689.280932,52.2,6805776896.0
6690.289050,52.2,6806777344.0
6691.298771,52.2,6807826944.0
6692.311992,52.3,6808826880.0
6693.320553,52.4,6809827328.0
6694.327621,52.4,6810827264.0
6695.333591,52.1,6811826688.0
6696.341621,52.3,6812827648.0
6697.350121,52.3,6813877760.0
6698.362594,52.6,6814877696.0
6699.371092,52.0,6815877632.0
6700.378647,52.2,6816877568.0
6701.386323,52.7,6817877504.0
6702.395918,52.3,6818927616.0
6703.408933,52.1,6819927552.0
6704.417943,52.1,6820927488.0
6705.425663,52.3,6821928448.0
6706.433679,52.3,6822927872.0
6707.441602,52.4,6823927296.0
6708.450359,52.2,6824976896.0
6709.463053,52.3,6825977856.0
6710.471772,52.2,6826977280.0
6711.480015,52.5,6827976704.0
6712.486622,52.5,6828977152.0
6713.496621,52.1,6830027776.0
6714.508592,52.5,6831027200.0
6715.517708,52.3,6832027136.0
6716.525094,52.4,6833027072.0
6717.532602,52.5,6834027520.0
6718.540164,52.5,6835027456.0
6719.550041,52.5,6836077568.0
6720.562643,52.1,6837077504.0
6721.571599,52.3,6838077440.0
6722.578929,52.4,6839077888.0
6723.586282,52.2,6840077312.0
6724.595629,52.5,6841077760.0
6725.608817,52.2,6842127360.0
6726.618149,52.1,6843127808.0
6727.624641,52.3,6844127744.0
6728.632405,52.2,6845127168.0
6729.639643,52.2,6846127104.0
6730.649364,52.4,6847177728.0
6731.662937,52.3,6848177152.0
6732.671704,52.3,6849177600.0
6733.680640,52.2,6850177536.0
6734.688427,52.3,6851176960.0
6735.698913,52.5,6852227584.0
6736.711996,52.3,6853227008.0
6737.720600,52.1,6854226944.0
6738.727975,52.2,6855227904.0
6739.735117,52.2,6856226816.0
6740.745307,52.4,6857227264.0
6741.755083,52.3,6858277376.0
6742.764936,52.2,6859276800.0
6743.772905,52.3,6860277248.0
6744.780047,52.5,6861277184.0
6745.786592,52.4,6862277120.0
6746.794597,52.5,6863277056.0
6747.802782,52.3,6864327168.0
6748.815467,52.5,6865326592.0
6749.823680,52.3,6866327552.0
6750.831298,52.4,6867328000.0
6751.838541,52.4,6868327424.0
6752.848337,52.6,6869377536.0
6753.862528,52.2,6870377472.0
6754.871556,52.3,6871377408.0
6755.879953,52.2,6872377344.0
6756.887773,52.2,6873377280.0
6757.898100,52.5,6874426880.0
6758.910516,52.3,6875426816.0
6759.920547,52.1,6876426752.0
6760.927606,52.3,6877427200.0
6761.935896,52.3,6878427648.0
6762.945883,52.1,6879426560.0
6763.959350,52.4,6880476672.0
6764.968828,52.1,6881476608.0
6765.975987,52.4,6882476544.0
6766.984728,52.8,6883476992.0
6767.995366,52.3,6884476928.0
6769.010209,52.7,6885526528.0
6770.019962,52.2,6886526976.0
6771.027387,52.4,6887526400.0
6772.036549,52.4,6888526848.0
6773.047105,52.1,6889576448.0
6774.061434,52.3,6890576896.0
6775.071250,52.4,6891576320.0
6776.078745,52.3,6892576256.0
6777.086460,52.4,6893576192.0
6778.096661,52.2,6894576640.0
6779.109606,52.3,6895626752.0
6780.119185,52.4,6896626688.0
6781.127033,52.4,6897626624.0
6782.135615,52.4,6898626560.0
6783.144626,52.3,6899626496.0
6784.153359,52.4,6900676608.0
6785.166093,52.1,6901676032.0
6786.175168,52.4,6902676480.0
6787.184632,52.4,6903676416.0
6788.193665,,
6794.202010,,
6800.209903,52.2,6919776768.0
6804.294753,52.4,6920776704.0
6805.303256,52.3,6921825792.0
6806.316812,52.3,6922826240.0
6807.325032,52.4,6923825664.0
6808.332912,52.3,6924825600.0
6809.341087,52.4,6925825536.0
6810.350476,52.3,6926875648.0
6811.363468,52.3,6927875584.0
6812.372590,52.3,6928875520.0
6813.379634,52.2,6929875456.0
6814.387631,52.4,6930875392.0
6815.396900,52.3,6931876352.0
6816.405605,52.2,6932926464.0
6817.416932,52.5,6933925376.0
6818.425796,52.6,6934925824.0
6819.434382,52.4,6935925248.0
6820.442254,52.4,6936925696.0
6821.451039,52.4,6937975808.0
6822.463787,52.4,6938976256.0
6823.472848,52.2,6939976192.0
6824.481221,51.9,6940976128.0
6825.489129,52.4,6941976576.0
6826.499280,52.6,6943026176.0
6827.512607,52.2,6944026112.0
6828.521786,52.5,6945026048.0
6829.529171,52.2,6946025984.0
6830.537340,52.3,6947025920.0
6831.546301,52.5,6948025856.0
6832.554622,52.6,6949075968.0
6833.567616,52.3,6950075904.0
6834.577086,52.4,6951075840.0
6835.586326,52.3,6952075776.0
6836.595319,52.2,6953075712.0
6837.604610,52.3,6954125824.0
6838.617187,52.4,6955126784.0
6839.625615,52.4,6956125696.0
6840.633214,52.2,6957125120.0
6841.640646,52.3,6958125056.0
6842.650900,52.6,6959175680.0
6843.664073,52.5,6960175104.0
6844.673656,52.3,6961175552.0
6845.680592,52.0,6962175488.0
6846.687620,52.1,6963175936.0
6847.695628,52.5,6964176384.0
6848.704599,52.7,6965225472.0
6849.717464,52.2,6966225408.0
6850.726346,52.3,6967226368.0
6851.734617,52.5,6968226304.0
6852.742610,52.3,6969225728.0
6853.751402,52.0,6970275840.0
6854.765098,52.5,6971275264.0
6855.773605,52.6,6972275712.0
6856.779637,52.1,6973275648.0
6857.786620,52.4,6974275584.0
6858.792593,52.4,6975275520.0
6859.801666,52.5,6976325632.0
6860.814975,52.3,6977325568.0
6861.824613,52.2,6978325504.0
6862.832607,52.3,6979325952.0
6863.839590,52.0,6980325376.0
6864.848360,52.5,6981325312.0
6865.861628,52.2,6982375424.0
6866.871742,52.6,6983375360.0
6867.878996,52.4,6984375808.0
6868.887272,52.3,6985375232.0
6869.894833,52.5,6986375680.0
6870.902610,52.4,6987425792.0
6871.916167,52.3,6988425728.0
6872.926457,52.3,6989425664.0
6873.934249,52.3,6990425088.0
6874.941772,52.6,6991425024.0
6875.951594,52.5,6992475648.0
6876.963609,52.2,6993475072.0
6877.973736,52.4,6994475520.0
6878.981400,52.3,6995475968.0
6879.990239,52.3,6996475392.0
6880.999807,52.4,6997475840.0
6882.012612,52.4,6998524928.0
6883.022499,52.3,6999525376.0
6884.029635,52.2,7000526336.0
6885.037206,52.4,7001525760.0
6886.043604,52.4,7002524672.0
6887.053352,52.3,7003775488.0
6888.264592,52.3,7004775936.0
6889.273702,52.2,7005775872.0
6890.281553,52.3,7006775296.0
6891.288617,52.1,7007775744.0
6892.296987,52.5,7008775680.0
6893.305589,52.4,7009825792.0
6894.318018,52.1,7010825728.0
6895.326496,52.5,7011825152.0
6896.333600,52.3,7012825088.0
6897.341115,52.1,7013825536.0
6898.350607,52.2,7014825472.0
6899.358617,52.6,7015875584.0
6900.369307,52.5,7016875520.0
6901.377606,52.5,7017875968.0
6902.385094,52.6,7018875392.0
6903.392897,52.4,7019874816.0
6904.402760,52.5,7020924928.0
6905.415442,52.3,7021925376.0
6906.425608,52.2,7022925312.0
6907.434365,52.5,7023924736.0
6908.441606,52.4,7024925184.0
6909.450549,52.7,7025925120.0
6910.463776,52.2,7026975744.0
6911.473167,52.6,7027975680.0
6912.481141,52.5,7028975616.0
6913.489267,52.6,7029975040.0
6914.497720,52.4,7030975488.0
6915.506307,52.3,7032025600.0
6916.519599,52.2,7033025024.0
6917.527645,52.1,7034024960.0
6918.539667,52.6,7035024896.0
6919.547383,52.5,7036024832.0
6920.555635,52.1,7037075968.0
6921.568365,52.3,7038075392.0
6922.576619,52.2,7039076352.0
6923.584611,52.2,7040075776.0
6924.591589,52.3,7041075712.0
6925.599597,52.3,7042076672.0
6926.608054,52.3,7043126272.0
6927.620652,52.4,7044125184.0
6928.627591,52.5,7045125632.0
6929.634600,52.2,7046125568.0
6930.642281,52.3,7047124992.0
6931.652114,52.3,7048175104.0
6932.664644,52.3,7049175040.0
6933.674055,52.4,7050174976.0
6934.680612,52.4,7051174912.0
6935.688094,52.4,7052174848.0
6936.695836,52.2,7053175296.0
6937.704672,52.5,7054224896.0
6938.717748,52.3,7055225344.0
6939.726996,52.5,7056224768.0
6940.734959,52.6,7057225216.0
6941.741596,52.3,7058225152.0
6942.749637,52.2,7059225088.0
6943.757624,52.4,7060274688.0
6944.769839,52.7,7061274624.0
6945.778721,52.4,7062275072.0
6946.785966,52.4,7063275008.0
6947.794109,52.1,7064275456.0
6948.804439,52.6,7065325568.0
6949.818615,52.1,7066324992.0
6950.828123,52.5,7067324928.0
6951.836610,52.4,7068324864.0
6952.844280,52.4,7069325312.0
6953.854182,52.6,7070375424.0
6954.868216,,
6960.877914,,
6966.886230,52.3,7083374592.0
6967.893628,52.0,7084375552.0
6968.903646,52.3,7085425152.0
6969.916586,52.4,7086424576.0
6970.925301,52.5,7087425024.0
6971.933587,52.3,7088424448.0
6972.940814,52.5,7089424384.0
6973.948603,52.3,7090424320.0
6974.956869,52.3,7091474944.0
6975.969629,52.0,7092474880.0
6976.978631,52.2,7093474816.0
6977.986593,51.9,7094474752.0
6978.993636,52.6,7095474176.0
6980.004250,52.2,7096524800.0
6981.016603,52.4,7097524736.0
6982.026001,52.5,7098524672.0
6983.033587,52.2,7099524608.0
6984.040372,52.5,7100524544.0
6985.047642,52.2,7101524992.0
6986.056642,52.7,7102574592.0
6987.069624,52.3,7103574528.0
6988.078637,52.5,7104574976.0
6989.086609,52.4,7105574400.0
6990.093616,52.4,7106574336.0
6991.103604,52.6,7107624448.0
6992.116608,52.5,7108624384.0
6993.124598,52.4,7109624320.0
6994.131619,52.3,7110624256.0
6995.139646,52.4,7111624192.0
6996.146616,52.6,7112624640.0
6997.154641,52.3,7113674240.0
6998.167590,52.6,7114674688.0
6999.175896,52.6,7115674112.0
7000.183600,52.5,7116674048.0
7001.190589,52.4,7117674496.0
7002.196613,52.5,7118674432.0
7003.205609,52.7,7119724544.0
7004.218387,52.4,7120723968.0
7005.226631,52.5,7121724416.0
7006.233610,52.4,7122724352.0
7007.239590,52.5,7123724288.0
7008.246647,52.4,7124724224.0
7009.255597,52.4,7125774336.0
7010.267596,52.3,7126774272.0
7011.276598,52.0,7127774208.0
7012.283601,52.4,7128774656.0
7013.291761,52.4,7129774592.0
7014.299592,52.6,7130774528.0
7015.307602,52.2,7131825152.0
7016.320633,52.5,7132824576.0
7017.329637,52.0,7133824000.0
7018.336616,52.4,7134824448.0
7019.343632,51.9,7135824384.0
7020.353411,52.6,7136823808.0
7021.366601,52.1,7137873920.0
7022.375595,52.4,7138873856.0
7023.382675,52.3,7139873792.0
7024.389608,52.4,7140874240.0
7025.396632,52.5,7141874688.0
7026.406621,52.1,7142923776.0
7027.418612,51.9,7143924224.0
7028.427613,,
7034.435060,,
7040.441929,52.3,7160023552.0
7044.549659,52.4,7161024000.0
7045.558597,52.6,7162074112.0
7046.571047,52.6,7163074048.0
7047.579611,52.3,7164073984.0
7048.587759,52.5,7165073920.0
7049.595620,52.5,7166074368.0
7050.604890,52.2,7167073792.0
7051.618708,52.5,7168123904.0
7052.628369,52.3,7169123840.0
7053.636093,52.4,7170123776.0
7054.643593,52.4,7171123712.0
7055.650608,52.2,7172123648.0
7056.658592,52.4,7173174272.0
7057.671014,52.6,7174173696.0
7058.679224,52.5,7175174144.0
7059.685589,52.4,7176173568.0
7060.693096,52.2,7177173504.0
7061.700598,52.1,7178173440.0
7062.709001,52.5,7179224064.0
7063.722256,52.6,7180224000.0
7064.730596,52.3,7181223936.0
7065.738077,52.3,7182223872.0
7066.745799,52.3,7183223808.0
7067.755590,52.5,7184223744.0
7068.767592,52.2,7185274368.0
7069.775642,52.4,7186273792.0
7070.782586,52.2,7187273728.0
7071.790062,52.3,7188273664.0
7072.797614,52.3,7189273600.0
7073.806657,52.4,7190323712.0
7074.819801,52.4,7191323648.0
7075.829391,52.3,7192323584.0
7076.837337,52.6,7193323520.0
7077.844590,52.6,7194323968.0
7078.852296,52.2,7195323904.0
7079.860593,52.4,7196374016.0
7080.873639,52.4,7197373952.0
7081.882278,52.3,7198373888.0
7082.890078,52.5,7199373312.0
7083.897650,52.4,7200373760.0
7084.907110,52.7,7201423360.0
7085.919617,52.6,7202423296.0
7086.929086,52.5,7203423232.0
7087.936592,52.5,7204423680.0
7088.943593,52.5,7205423616.0
7089.949637,52.7,7206423552.0
7090.958617,52.4,7207474176.0
7091.970714,52.3,7208473600.0
7092.979819,52.2,7209473536.0
7093.986650,52.5,7210473472.0
7094.995279,52.4,7211473920.0
7096.003662,52.6,7212473856.0
7097.011613,52.1,7213523456.0
7098.024643,52.2,7214523392.0
7099.033229,52.3,7215523328.0
7100.041004,52.5,7216523776.0
7101.048645,52.1,7217523712.0
7102.058606,52.5,7218573312.0
7103.071618,52.3,7219573760.0
7104.081112,52.5,7220573696.0
7105.088593,52.5,7221573632.0
7106.096467,52.4,7222573568.0
7107.105592,52.5,7223573504.0
7108.118492,52.6,7224623616.0
7109.126592,52.5,7225623040.0
7110.134147,52.6,7226623488.0
7111.141779,52.5,7227623424.0
7112.149050,52.3,7228623360.0
7113.157612,52.5,7229673984.0
7114.170953,52.4,7230673408.0
7115.181188,52.4,7231673344.0
7116.190290,52.3,7232673280.0
7117.198612,52.7,7233673728.0
7118.207613,52.5,7234723840.0
7119.219621,52.4,7235723264.0
7120.229272,52.4,7236723200.0
7121.237328,52.4,7237723136.0
7122.245198,52.7,7238724096.0
7123.254477,52.1,7239723008.0
7124.263137,52.7,7240773120.0
7125.274598,52.4,7241773056.0
7126.282778,52.4,7242772992.0
7127.290361,52.4,7243773440.0
7128.297972,52.4,7244773376.0
7129.306898,52.5,7245823488.0
7130.320885,52.3,7246822912.0
7131.329403,52.4,7247822848.0
7132.335604,52.5,7248823296.0
7133.342604,52.2,7249823232.0
7134.349755,52.5,7250823168.0
7135.358640,52.5,7251873280.0
7136.372161,52.7,7252873216.0
7137.381612,52.5,7253873664.0
7138.388624,52.3,7254872576.0
7139.401325,52.6,7255872512.0
7140.410690,52.5,7256923648.0
7141.423617,52.1,7257922560.0
7142.432143,52.2,7258923008.0
7143.439599,52.7,7259923456.0
7144.446607,52.5,7260923392.0
7145.454596,52.3,7261923840.0
7146.462605,52.5,7262972928.0
7147.474596,52.5,7263973376.0
7148.484142,52.4,7264972800.0
7149.491951,52.3,7265973248.0
7150.499839,52.7,7266973184.0
7151.509330,52.3,7268023296.0
7152.521610,52.6,7269022720.0
7153.530556,52.7,7270023168.0
7154.537934,52.5,7271023104.0
7155.546054,52.5,7272023552.0
7156.554592,52.1,7273022976.0
7157.562927,52.5,7274072576.0
7158.576052,52.4,7275073024.0
7159.584600,52.4,7276073472.0
7160.591638,52.2,7277072896.0
7161.599598,52.4,7278072832.0
7162.609184,52.3,7279122944.0
7163.622080,52.3,7280122880.0
7164.630816,52.5,7281123328.0
7165.637607,52.3,7282123264.0
7166.644591,52.3,7283123712.0
7167.651601,52.4,7284122624.0
7168.660625,52.4,7285173760.0
7169.672607,52.5,7286172672.0
7170.681418,52.7,7287172608.0
7171.688608,52.5,7288173056.0
7172.696153,52.4,7289173504.0
7173.703595,52.4,7290172928.0
7174.711939,52.5,7291223040.0
7175.724589,52.7,7292222976.0
7176.732586,52.5,7293222912.0
7177.738586,52.3,7294222336.0
7178.744826,52.4,7295223296.0
7179.751609,52.2,7296222720.0
7180.760624,52.6,7297272832.0
7181.772608,52.5,7298272768.0
7182.782089,52.4,7299272704.0
7183.789598,52.3,7300273152.0
7184.795961,52.7,7301272576.0
7185.803947,52.3,7302272512.0
7186.812430,52.2,7303323648.0
7187.825615,52.4,7304322560.0
7188.833954,52.3,7305323008.0
7189.841851,52.4,7306322944.0
7190.849484,52.6,7307322880.0
7191.858587,52.7,7308322816.0
7192.866631,52.4,7309372416.0
7193.877283,52.4,7310372352.0
7194.884609,52.4,7311372288.0
7195.892106,52.7,7312372736.0
7196.900231,52.5,7313372160.0
7197.910208,52.4,7314422784.0
7198.923738,52.8,7315422720.0
7199.933229,52.2,7316422656.0
7200.941619,52.3,7317422592.0
7201.949448,52.3,7318423040.0
7202.958597,52.6,7319422464.0
7203.967056,52.2,7320472576.0
7204.977696,52.6,7321473024.0
7205.986440,52.1,7322472960.0
7206.993639,52.4,7323472896.0
7208.002356,,
7214.010927,,
7220.017931,52.6,7339622400.0
7224.134619,52.4,7340622336.0
7225.141471,52.4,7341622272.0
7226.149549,52.3,7342622720.0
7227.158602,52.1,7343622656.0
7228.167470,52.4,7344672256.0
7229.177593,52.3,7345672192.0
7230.184592,52.3,7346672640.0
7231.190605,52.5,7347672576.0
7232.197590,52.6,7348673024.0
7233.203602,52.4,7349671936.0
7234.212612,52.5,7350722560.0
7235.225373,52.5,7351722496.0
7236.235183,52.3,7352722944.0
7237.242605,52.7,7353722880.0
7238.250551,52.3,7354722816.0
7239.262618,52.6,7355772416.0
7240.275635,52.5,7356772352.0
7241.285269,52.6,7357772288.0
7242.293187,52.2,7358772736.0
7243.301299,52.7,7359772672.0
7244.310592,52.4,7360822784.0
7245.323615,52.3,7361822720.0
7246.332612,52.5,7362822656.0
7247.339953,52.4,7363822592.0
7248.347398,52.6,7364822528.0
7249.355620,52.4,7365822464.0
7250.363022,52.5,7366872576.0
7251.375251,52.2,7367873024.0
7252.383612,52.3,7368871936.0
7253.390604,52.3,7369872384.0
7254.397686,52.5,7370872320.0
7255.404621,52.4,7371871744.0
7256.413808,52.5,7372922880.0
7257.426889,52.5,7373922304.0
7258.435596,52.3,7374922752.0
7259.442450,52.5,7375922688.0
7260.449835,52.4,7376922112.0
7261.458668,52.1,7377922560.0
7262.467434,52.5,7378972672.0
7263.478604,52.2,7379972608.0
7264.486597,52.2,7380972032.0
7265.493600,52.6,7381972480.0
7266.500600,52.5,7382972416.0
7267.509557,52.3,7383972352.0
7268.517888,52.2,7385022464.0
7269.529897,52.5,7386021888.0
7270.537693,52.4,7387021824.0
7271.545601,52.3,7388022272.0
7272.552607,52.5,7389022208.0
7273.562638,52.4,7390071808.0
7274.574596,52.5,7391072256.0
7275.583800,52.5,7392072704.0
7276.591593,52.5,7393072128.0
7277.599281,52.6,7394072064.0
7278.607604,52.5,7395072000.0
7279.616161,52.6,7396122112.0
7280.629743,52.6,7397121536.0
7281.637590,52.6,7398121984.0
7282.645371,52.4,7399122432.0
7283.652945,52.5,7400121856.0
7284.661611,52.5,7401122304.0
7285.674826,52.5,7402171904.0
7286.683622,52.3,7403172352.0
7287.690602,52.5,7404172288.0
7288.698456,52.4,7405172224.0
7289.708075,52.2,7406172160.0
7290.716772,52.3,7407221760.0
7291.730061,52.4,7408221696.0
7292.739345,52.5,7409221632.0
7293.748118,52.3,7410221568.0
7294.756307,52.7,7411221504.0
7295.764731,52.5,7412272128.0
7296.777613,52.5,7413271552.0
7297.787352,52.3,7414272000.0
7298.794596,52.3,7415271424.0
7299.800747,52.3,7416271872.0
7300.808712,52.4,7417271808.0
7301.817817,52.4,7418321408.0
7302.830244,52.5,7419321856.0
7303.837599,52.4,7420321792.0
7304.844588,52.3,7421321728.0
7305.851219,52.3,7422321664.0
7306.860968,52.5,7423321600.0
7307.869320,52.3,7424371712.0
7308.880973,52.5,7425371648.0
7309.889499,52.1,7426371584.0
7310.897096,52.6,7427371520.0
7311.906020,52.3,7428371968.0
7312.915213,52.6,7429421056.0
7313.927598,52.3,7430421504.0
7314.935744,52.6,7431421952.0
7315.943364,52.5,7432421376.0
7316.950565,52.5,7433421824.0
7317.958691,52.2,7434421248.0
7318.967504,52.3,7435471360.0
7319.979586,52.3,7436471808.0
7320.987588,52.6,7437471232.0
7321.993991,52.3,7438471680.0
7323.001146,52.4,7439472128.0
7324.009610,52.4,7440471552.0
7325.017596,52.4,7441521152.0
7326.030590,52.5,7442521088.0
7327.038941,52.9,7443521024.0
7328.046837,,
7334.055663,,
7340.058646,52.4,7459621376.0
7344.134604,52.5,7460621824.0
7345.141595,52.4,7461621760.0
7346.148614,52.4,7462621184.0
7347.154587,52.1,7463622144.0
7348.163603,52.4,7464671232.0
7349.176885,52.3,7465671680.0
7350.185587,52.4,7466671104.0
7351.192596,52.1,7467671040.0
7352.199600,52.3,7468670976.0
7353.206956,52.4,7469671424.0
7354.216593,52.7,7470722048.0
7355.228891,52.4,7471721472.0
7356.238683,52.7,7472721408.0
7357.247290,52.3,7473721344.0
7358.255103,52.3,7474720768.0
7359.264350,52.4,7475771392.0
7360.278636,52.5,7476771840.0
7361.289076,52.4,7477770752.0
7362.297108,52.6,7478771200.0
7363.305823,52.5,7479771648.0
7364.314594,52.5,7480772608.0
7365.327685,52.3,7481820672.0
7366.337586,52.2,7482821120.0
7367.344234,52.3,7483821056.0
7368.351622,52.9,7484821504.0
7369.359763,52.3,7485821440.0
7370.368876,52.4,7486871552.0
7371.382114,52.5,7487871488.0
7372.390505,52.3,7488871424.0
7373.398637,52.4,7489870848.0
7374.407369,52.3,7490871296.0
7375.416774,52.8,7491921408.0
7376.428610,52.4,7492921344.0
7377.436650,52.2,7493920768.0
7378.444072,52.3,7494921216.0
7379.451401,52.4,7495920640.0
7380.458888,52.9,7496922112.0
7381.467071,52.3,7497971712.0
7382.479359,52.5,7498971648.0
7383.489495,52.8,7499970560.0
7384.497327,52.2,7500971008.0
7385.504558,52.2,7501971456.0
7386.512605,52.4,7503021568.0
7387.530774,52.2,7504020992.0
7388.539605,52.4,7505020928.0
7389.547422,52.4,7506020864.0
7390.555727,52.3,7507020800.0
7391.566472,52.3,7508071424.0
7392.578647,52.1,7509071360.0
7393.587873,52.4,7510070784.0
7394.594511,52.4,7511071232.0
7395.602309,52.4,7512071168.0
7396.610535,52.5,7513071104.0
7397.618807,52.5,7514121216.0
7398.632764,52.4,7515121152.0
7399.640614,52.5,7516121088.0
7400.648542,52.4,7517120512.0
7401.655600,52.6,7518121472.0
7402.663593,52.2,7519120896.0
7403.671882,52.5,7520171008.0
7404.683089,52.4,7521170432.0
7405.691702,52.1,7522170880.0
7406.699056,52.4,7523170304.0
7407.706675,52.6,7524170240.0
7408.715965,52.4,7525220352.0
7409.728886,52.6,7526219776.0
7410.738879,52.6,7527220224.0
7411.744654,52.2,7528220160.0
7412.751603,52.5,7529220096.0
7413.758882,52.2,7530220032.0
7414.767606,52.4,7531270144.0
7415.780327,52.7,7532270080.0
7416.790340,52.3,7533270528.0
7417.797590,52.5,7534270464.0
7418.803630,52.2,7535269888.0
7419.812605,52.3,7536270336.0
7420.820626,52.3,7537320448.0
7421.833540,52.4,7538320896.0
7422.842439,52.4,7539320320.0
7423.849592,52.5,7540321280.0
7424.856592,52.6,7541320704.0
7425.865345,52.4,7542320640.0
7426.878881,52.5,7543370752.0
7427.888885,52.5,7544370176.0
7428.896877,52.5,7545371136.0
7429.905150,52.5,7546370560.0
7430.915298,52.6,7547420160.0
7431.928621,52.2,7548420096.0
7432.937629,52.3,7549421056.0
7433.944630,52.6,7550420480.0
7434.952325,52.6,7551420416.0
7435.960237,52.4,7552420864.0
7436.969504,52.6,7553470464.0
7437.983131,52.5,7554470400.0
7438.992903,52.3,7555470336.0
7440.001540,52.5,7556470272.0
7441.011367,52.5,7557470720.0
7442.020714,52.3,7558520320.0
7443.033948,52.5,7559520256.0
7444.042839,52.4,7560520704.0
7445.050557,52.2,7561520640.0
7446.057549,52.5,7562521088.0
7447.067024,52.5,7563571200.0
7448.080801,,
7454.090065,,
7460.098476,52.4,7579670528.0
7464.197608,52.7,7580670464.0
7465.204600,52.5,7581670912.0
7466.213377,52.1,7582670336.0
7467.222462,52.3,7583720448.0
7468.234601,52.4,7584720384.0
7469.242599,52.3,7585720320.0
7470.250402,52.2,7586720256.0
7471.257269,52.5,7587720192.0
7472.267297,52.6,7588770816.0
7473.280713,52.6,7589770752.0
7474.290146,52.5,7590770688.0
7475.297607,52.2,7591770112.0
7476.304634,52.4,7592770560.0
7477.314605,52.4,7593769984.0
7478.322541,52.2,7594820096.0
7479.335798,52.5,7595820544.0
7480.343598,52.4,7596820480.0
7481.350635,52.8,7597819904.0
7482.357871,52.2,7598820864.0
7483.366610,52.4,7599820288.0
7484.379820,52.7,7600870400.0
7485.388599,52.3,7601870336.0
7486.396235,52.5,7602870272.0
7487.404100,52.6,7603870720.0
7488.414238,52.9,7604870144.0
7489.423613,52.4,7605920256.0
7490.435651,52.9,7606920192.0
7491.444039,52.4,7607920640.0
7492.451985,52.1,7608920576.0
7493.460476,52.7,7609921024.0
7494.469728,52.5,7610970112.0
7495.482416,52.3,7611970048.0
7496.491541,52.7,7612970496.0
7497.499518,52.7,7613970432.0
7498.507263,52.4,7614970368.0
7499.518187,52.1,7616019968.0
7500.531634,52.6,7617020416.0
7501.541607,52.5,7618019840.0
7502.548972,52.6,7619020288.0
7503.557075,52.7,7620020736.0
7504.566605,52.6,7621020160.0
7505.575163,52.3,7622070272.0
7506.586561,52.2,7623070720.0
7507.594317,52.5,7624070656.0
7508.602693,52.7,7625070080.0
7509.610981,52.6,7626070528.0
7510.620760,52.4,7627120640.0
7511.633631,52.5,7628120064.0
7512.642627,52.7,7629120512.0
7513.649612,52.6,7630120448.0
7514.656600,52.2,7631120384.0
7515.665566,52.2,7632120320.0
7516.673593,52.8,7633170432.0
7517.687007,52.5,7634169856.0
7518.695389,52.5,7635170304.0
7519.704066,52.4,7636169728.0
7520.713929,52.5,7637169664.0
7521.723453,52.2,7638220800.0
7522.737548,52.7,7639220736.0
7523.745676,52.4,7640219648.0
7524.754320,52.5,7641220608.0
7525.762089,52.3,7642220032.0
7526.770614,52.5,7643270656.0
7527.782594,52.3,7644270592.0
7528.791963,52.2,7645270528.0
7529.799354,52.6,7646270464.0
7530.807124,52.8,7647270400.0
7531.817370,52.6,7648269824.0
7532.826564,52.2,7649319936.0
7533.837330,52.8,7650319872.0
7534.845794,52.5,7651320320.0
7535.854059,52.5,7652319744.0
7536.863183,52.3,7653320192.0
7537.873215,52.5,7654369792.0
7538.885644,52.4,7655370240.0
7539.894860,52.4,7656370176.0
7540.904175,52.6,7657370112.0
7541.913159,52.4,7658370048.0
7542.922182,52.3,7659420672.0
7543.936101,52.2,7660419584.0
7544.945450,52.4,7661420032.0
7545.954098,52.6,7662419968.0
7546.962557,52.2,7663419392.0
7547.974607,52.4,7664469504.0
7548.986592,52.6,7665468928.0
7549.995310,52.3,7666469888.0
7551.002663,52.5,7667469824.0
7552.009597,52.6,7668470272.0
7553.018428,52.4,7669519360.0
7554.033099,52.4,7670519808.0
7555.043111,52.4,7671519744.0
7556.050609,52.4,7672520192.0
7557.058166,52.4,7673519616.0
7558.067775,52.8,7674520064.0
7559.077022,52.3,7675569664.0
7560.088706,52.5,7676570112.0
7561.096854,52.3,7677569024.0
7562.106142,52.6,7678569984.0
7563.115626,52.3,7679569408.0
7564.124732,52.2,7680620032.0
7565.137862,52.4,7681619456.0
7566.145604,52.2,7682619904.0
7567.154023,52.4,7683619840.0
7568.161611,,
7574.170422,,
7580.179324,52.4,7696669184.0
7581.189223,52.2,7697669632.0
7582.197888,52.3,7698669568.0
7583.205666,52.2,7699669504.0
7584.214197,52.5,7700669952.0
7585.222498,52.5,7701719040.0
7586.237359,52.5,7702719488.0
7587.246383,52.6,7703718912.0
7588.255294,52.5,7704719872.0
7589.262878,52.6,7705719296.0
