elapsed_seconds,cpuTemp,cpuTime
0.000094,41.7,72462016.0
1.008798,41.8,73461984.0
2.017404,41.8,74462728.0
3.026210,42.0,75461544.0
4.037441,41.9,76511408.0
5.052108,41.8,77511744.0
6.060442,42.2,78512528.0
7.068878,42.2,79511936.0
8.077492,41.9,80512048.0
9.087827,42.1,81562040.0
10.101766,41.8,82561784.0
11.110112,42.2,83562192.0
12.118505,42.3,84562232.0
13.126332,42.1,86611672.0
15.149666,42.1,87611408.0
16.157810,42.4,88611552.0
17.165735,42.3,89612224.0
18.174350,42.0,90611888.0
19.186767,42.4,91663704.0
20.202811,42.4,92661776.0
21.211296,42.1,93662152.0
22.220414,42.2,94662240.0
23.232064,42.2,95661592.0
24.242794,42.3,96711264.0
25.253816,42.1,97712136.0
26.261938,42.3,98711528.0
27.269653,42.5,99711512.0
28.279584,42.2,100711200.0
29.291668,42.7,101761800.0
30.303181,42.1,102761624.0
31.311682,42.7,103761360.0
32.319590,41.8,104761632.0
33.329271,42.3,105762080.0
34.338843,42.2,106810808.0
35.352079,42.5,107810856.0
36.361320,42.0,108811088.0
37.368729,42.5,109811608.0
38.377008,42.3,110811776.0
39.388447,42.3,111861648.0
40.402430,42.5,112862440.0
41.411229,42.5,113861824.0
42.420455,42.3,114860872.0
43.431602,42.8,115862152.0
44.441976,42.5,116911024.0
45.451923,42.5,117911072.0
46.460656,42.3,118911536.0
47.468053,42.3,119910912.0
48.475682,43.0,120911720.0
49.487544,42.6,121961536.0
50.502178,42.3,122961176.0
51.510573,42.7,123961360.0
52.519886,42.2,124960888.0
53.529999,42.5,125961544.0
54.546452,42.2,127011024.0
55.556396,42.5,128010712.0
56.564307,42.5,129011664.0
57.572519,43.0,130010800.0
58.581686,42.5,131011536.0
59.596998,42.8,132061464.0
60.608175,42.4,133061792.0
61.616297,42.8,134061688.0
62.624971,42.7,135061184.0
63.637399,42.4,136110656.0
64.651613,42.4,137111488.0
65.660512,42.3,138111216.0
66.669605,42.8,139110832.0
67.679445,42.8,140110640.0
68.689243,42.6,141160752.0
69.703329,42.7,142161152.0
70.711373,42.5,143161408.0
71.719248,42.7,144161008.0
72.727397,42.6,145161120.0
73.738289,42.8,146211328.0
74.751665,42.9,147210560.0
75.758678,42.8,148212016.0
76.767692,42.7,149211872.0
77.776039,42.8,150210576.0
78.786691,42.8,151260768.0
79.801659,42.7,152260816.0
80.809473,42.6,153260800.0
81.816752,42.7,154260768.0
82.825477,42.6,155260896.0
83.836620,43.3,156311152.0
84.851671,43.0,157311088.0
85.858692,42.8,158310752.0
86.865648,42.9,159310928.0
87.872650,42.8,160310928.0
88.882654,42.8,161310752.0
89.896683,42.5,162360720.0
90.906647,42.7,163360800.0
91.912672,42.8,164361024.0
92.919653,43.0,165361440.0
93.926520,42.9,166361664.0
94.937505,42.9,167411248.0
95.952646,43.0,168410784.0
96.959662,43.0,169411632.0
97.966574,42.8,170411136.0
98.975058,42.8,171411072.0
99.986665,43.0,172460688.0
101.000645,42.9,173460624.0
102.009726,43.1,174460464.0
103.018071,42.8,175461040.0
104.026673,42.8,176460832.0
105.037653,43.0,177510784.0
106.050683,42.8,178511088.0
107.059653,43.0,179510880.0
108.067282,42.8,180510816.0
109.076766,43.0,181511024.0
110.086681,43.3,182561120.0
111.101210,42.8,183560016.0
112.111195,42.8,184561440.0
113.120239,43.0,185560560.0
114.132660,42.6,186610720.0
115.149236,43.5,187610848.0
116.157649,43.0,188611136.0
117.164412,43.3,189611104.0
118.172619,43.1,190610960.0
119.183348,43.1,191660640.0
120.196887,43.5,192660768.0
121.207876,43.0,193660848.0
122.214683,43.3,194660752.0
123.222185,42.8,195660912.0
124.232952,43.0,196710928.0
125.247670,43.2,197710544.0
126.256648,43.3,198710624.0
127.263616,43.5,199710768.0
128.272362,43.3,200710736.0
129.283307,43.0,201761184.0
130.298590,43.3,202760544.0
131.308229,43.0,203759888.0
132.316489,43.1,204761088.0
133.324734,43.2,205761488.0
134.335640,43.5,206810256.0
135.348301,43.3,207809888.0
136.357645,43.1,208809968.0
137.364679,43.5,209810640.0
138.372661,43.2,210810704.0
139.384691,43.3,211860640.0
140.398621,43.0,212861264.0
141.408055,42.9,213860784.0
142.415052,43.5,214861008.0
143.421662,43.7,215860176.0
144.432411,43.3,216861008.0
145.442663,43.0,217911152.0
146.453677,43.4,218910016.0
147.461490,43.5,219909840.0
148.469540,43.3,220909824.0
149.478612,43.4,221910272.0
150.488852,43.2,222960624.0
151.502894,43.0,223961056.0
152.512188,43.5,224960736.0
153.520710,43.2,225960896.0
154.530061,43.3,226960208.0
155.540593,43.4,228010256.0
156.553562,43.5,229010640.0
157.561650,43.7,230009488.0
158.569333,43.0,231309808.0
159.868645,43.5,232309872.0
160.875978,43.4,233310496.0
161.886647,43.3,234361072.0
162.900142,43.5,235361632.0
163.909234,44.0,236360752.0
164.918918,43.5,237361792.0
165.930963,43.4,238359760.0
166.942307,43.2,239409696.0
167.953249,43.4,240411168.0
168.961234,43.5,241409504.0
169.970762,43.5,242409552.0
170.983063,43.7,243411568.0
171.997712,43.8,244459616.0
173.007047,43.5,245459472.0
174.014999,43.8,246460736.0
175.022658,43.5,247460000.0
176.033578,43.7,248510272.0
177.048004,43.5,249510448.0
178.058112,43.3,250509616.0
179.065654,43.8,251510160.0
180.072715,43.7,252510576.0
181.084225,43.4,253559392.0
182.097650,43.4,254560480.0
183.107982,43.7,255559520.0
184.115257,43.4,256559408.0
185.122643,43.7,257560112.0
186.134270,43.3,258610112.0
187.149180,43.5,259611440.0
188.158423,43.3,260609952.0
189.166199,43.3,261609840.0
190.173805,43.7,262610528.0
191.183573,43.4,263659600.0
192.197650,43.8,264660496.0
193.208202,43.5,265661760.0
194.216266,43.5,266659552.0
195.224820,43.4,267659648.0
196.236764,43.8,268709152.0
197.250653,43.5,269709856.0
198.259377,43.4,270709984.0
199.267506,43.7,271709568.0
200.276647,43.8,272709728.0
201.287113,44.0,273759936.0
202.301677,43.5,274759488.0
203.310266,43.7,275760864.0
204.318719,43.8,276759808.0
205.327539,43.8,277758720.0
206.338989,44.0,278809408.0
207.352668,44.2,279809568.0
208.362227,43.7,280808768.0
209.370668,43.8,281809632.0
210.379593,44.0,282809760.0
211.389182,44.1,283859488.0
212.403100,44.0,284859488.0
213.411795,44.0,285859648.0
214.424753,43.9,286859456.0
215.437699,44.0,287909216.0
216.453240,43.7,288909504.0
217.462147,43.7,289908864.0
218.470967,43.6,290908800.0
219.482227,43.7,291908608.0
220.497193,44.1,292958880.0
221.506734,43.7,293958656.0
222.514694,44.0,294959104.0
223.521692,43.9,295959424.0
224.531411,43.8,296959232.0
225.542010,43.7,298009504.0
226.553744,43.7,299009536.0
227.560652,44.1,300009088.0
228.568282,44.2,301009408.0
229.576661,43.7,302009376.0
230.587302,44.0,303058400.0
231.601535,43.7,304058496.0
232.610406,44.3,305059200.0
233.618040,43.7,306058720.0
234.626662,44.0,307058432.0
235.637120,43.9,308109504.0
236.651794,43.7,309109568.0
237.660884,43.8,310109152.0
238.668296,44.0,311109536.0
239.676254,43.8,312108576.0
240.686459,43.9,313159168.0
241.698669,44.1,314159008.0
242.707648,44.0,315158528.0
243.713697,43.9,316158400.0
244.721958,44.1,317158400.0
245.732414,43.8,318208544.0
246.746669,44.0,319208192.0
247.755582,44.2,320209152.0
248.762684,44.0,321208992.0
249.769645,44.2,322208800.0
250.776659,43.8,323208832.0
251.787646,44.2,324258848.0
252.801295,43.9,325309152.0
253.871480,44.0,326308864.0
254.882080,44.2,327309056.0
255.891681,44.0,328358400.0
256.902211,44.2,329358592.0
257.910684,43.7,330358400.0
258.918737,43.8,331358368.0
259.927934,44.0,332358752.0
260.940078,44.3,333408896.0
261.953701,44.1,334409376.0
262.962013,44.2,335408992.0
263.969658,44.3,336408672.0
264.978651,44.0,337408192.0
265.988274,44.2,338458432.0
267.002807,44.3,339457984.0
268.011750,44.2,340457888.0
269.022058,43.8,341457824.0
270.033085,43.9,342509376.0
271.048284,44.3,343508096.0
272.058008,44.3,344508832.0
273.066733,44.3,345509248.0
274.075652,44.2,346508704.0
275.086184,44.3,347559584.0
276.099652,44.2,348559616.0
277.108878,44.2,349558592.0
278.118505,44.0,350558272.0
279.126522,44.5,351558720.0
280.137574,44.4,352608768.0
281.150657,44.2,353608096.0
282.159320,44.3,354608256.0
283.165668,44.3,355607808.0
284.173368,44.3,356608832.0
285.184618,44.3,357658752.0
286.199461,44.0,358658272.0
287.209326,44.3,359658688.0
288.217720,44.1,360658656.0
289.225462,44.3,361659552.0
290.237806,44.0,362708672.0
291.252512,44.5,363708416.0
292.261144,44.3,364708896.0
293.269504,44.5,365708640.0
294.277514,44.3,366707552.0
295.287729,44.5,367758464.0
296.301703,44.3,368757568.0
297.309930,44.4,369758464.0
298.317653,44.3,370758656.0
299.324641,44.3,371758400.0
300.335583,44.4,372809504.0
301.351135,44.5,373808512.0
302.360230,44.4,374808704.0
303.369388,44.3,375808640.0
304.377276,44.3,376858272.0
305.435646,44.5,377908864.0
306.448666,44.3,378908672.0
307.456657,44.5,379907936.0
308.464013,44.1,380907936.0
309.473418,44.2,381908960.0
310.484505,44.3,382958560.0
311.499007,44.3,383958432.0
312.509191,44.3,384958784.0
313.517279,44.4,385959904.0
314.525764,44.5,386958496.0
315.538981,44.5,388008128.0
316.555180,44.2,389007808.0
317.562712,44.4,390008224.0
318.571275,44.5,391008544.0
319.581705,44.5,392008576.0
320.592762,44.6,393058528.0
321.604842,44.5,394057632.0
322.611652,44.7,395057568.0
323.620742,44.4,396058432.0
324.630620,44.5,397857440.0
326.427653,44.3,399908896.0
328.484328,44.7,400959040.0
329.500674,44.5,401959584.0
330.509522,44.8,402958496.0
331.519114,44.7,403959136.0
332.526944,44.5,404958496.0
333.537778,44.6,406007392.0
334.551958,44.1,407007456.0
335.561139,44.7,408007776.0
336.569642,44.4,409857792.0
338.427685,44.6,411908256.0
340.453719,44.4,412908512.0
341.462025,44.7,413907968.0
342.470761,44.8,414908160.0
343.478180,44.3,415907552.0
344.491664,44.4,416958912.0
345.503866,44.7,417958720.0
346.511289,44.5,418957888.0
347.519808,44.7,419957696.0
348.528183,44.5,420957920.0
349.538661,44.4,422008224.0
350.553404,44.8,423007456.0
351.560732,44.8,424008256.0
352.568685,44.6,425008480.0
353.576721,44.8,426007968.0
354.588570,44.5,427058016.0
355.604080,44.8,428058112.0
356.610644,,
362.618672,,
368.626242,44.5,444157408.0
372.707905,44.7,445157440.0
373.715657,44.9,446157824.0
374.725366,44.7,447156608.0
375.735731,44.8,448206496.0
376.748872,44.8,449206208.0
377.758255,44.9,450206816.0
378.765027,45.0,451206528.0
379.772728,44.7,452206592.0
380.782398,44.8,453206528.0
381.797559,44.7,454257152.0
382.807059,44.8,455257504.0
383.814686,44.8,456257184.0
384.822659,45.0,457257408.0
385.831665,44.8,458256704.0
386.842295,44.9,459307616.0
387.855086,44.9,460307392.0
388.863053,44.8,461307040.0
389.872147,44.8,462306688.0
390.881482,45.0,463307488.0
391.892708,45.1,464356384.0
392.903914,44.9,465356512.0
393.912410,45.0,466357408.0
394.922526,44.8,467357536.0
395.933651,45.1,468357568.0
396.944162,45.1,469407616.0
397.955413,44.9,470407168.0
398.963724,44.8,471406656.0
399.971660,45.1,472407456.0
400.979412,44.5,473407456.0
401.989184,44.9,474457088.0
403.003585,44.9,475456448.0
404.011886,45.1,476456960.0
405.020895,44.9,477456928.0
406.029171,44.9,478457056.0
407.040734,45.0,479507456.0
408.056123,44.8,480506880.0
409.064012,44.8,481506176.0
410.073187,44.8,482506944.0
411.083894,45.1,483506720.0
412.099306,45.0,484557376.0
413.109204,45.0,485556800.0
414.116729,45.0,486556832.0
415.125316,44.8,487556640.0
416.137818,45.1,488606816.0
417.152068,44.9,489605920.0
418.161229,44.7,490606176.0
419.170141,45.0,491606112.0
420.178137,44.9,492606656.0
421.188774,44.8,493656000.0
422.203436,44.8,494656960.0
423.212690,44.7,495656736.0
424.220605,44.9,496656800.0
425.228706,45.0,497656736.0
426.239981,44.9,498706912.0
427.254355,45.1,499706816.0
428.263141,45.1,500706752.0
429.270648,44.9,501706528.0
430.279394,44.9,502707168.0
431.289785,45.0,503755648.0
432.303998,45.1,504756544.0
433.313861,44.9,505756864.0
434.323061,45.1,506756544.0
435.331917,45.3,507756416.0
436.343443,45.1,508806528.0
437.354904,45.1,509806720.0
438.363968,45.4,510806464.0
439.372120,44.9,511806464.0
440.380242,45.0,512806592.0
441.390269,44.9,513855488.0
442.404211,45.0,514856544.0
443.412993,45.2,515855744.0
444.422689,45.1,516855936.0
445.431019,45.0,517856384.0
446.443060,45.6,518905760.0
447.456380,45.4,519906496.0
448.464534,44.9,520905984.0
449.473243,45.0,522306016.0
450.869989,45.0,523306528.0
451.878175,45.3,524306432.0
452.889037,45.1,525356832.0
453.903782,45.0,526356864.0
454.914091,44.9,527356736.0
455.922734,45.1,528356224.0
456.930734,45.3,529356064.0
457.940862,45.1,530406432.0
458.955742,45.2,531406240.0
459.964227,44.9,532406144.0
460.973381,45.2,533405664.0
461.982645,45.3,534405632.0
462.991959,45.3,535455712.0
464.007356,45.0,536455968.0
465.014688,45.2,537455680.0
466.022650,44.9,538456128.0
467.029701,45.1,539456064.0
468.040042,45.1,540506176.0
469.054732,45.2,541505920.0
470.063245,45.0,542506112.0
471.071089,45.1,543505536.0
472.078687,45.3,544505536.0
473.090429,45.3,545556160.0
474.105219,45.0,546556160.0
475.114485,45.0,547555392.0
476.123059,45.2,548555520.0
477.132722,44.9,549555712.0
478.143604,45.4,550605952.0
479.154927,45.1,551605184.0
480.163512,45.3,552605888.0
481.171679,45.3,553606080.0
482.180917,45.0,554606016.0
483.190086,44.9,555656064.0
484.205438,45.5,556655872.0
485.214309,45.2,557655936.0
486.222310,45.2,558655296.0
487.230675,45.2,559655744.0
488.239645,45.4,560706368.0
489.253794,45.3,561706112.0
490.262865,45.1,562705280.0
491.271165,45.4,563705024.0
492.279963,45.2,564705664.0
493.290644,45.5,565755968.0
494.304424,45.0,566755136.0
495.313058,45.5,567756224.0
496.321450,45.4,568755968.0
497.329142,45.4,569755840.0
498.339925,45.3,570805824.0
499.354903,45.3,571805504.0
500.362682,45.4,572805120.0
501.370407,45.2,573805632.0
502.386687,45.3,574856448.0
503.401733,45.6,575855680.0
504.412963,45.5,576855680.0
505.421673,45.5,577855744.0
506.428670,45.4,578854976.0
507.438641,45.5,579906112.0
508.452564,45.4,580905792.0
509.461754,45.6,581905088.0
510.467684,45.5,582905472.0
511.475001,45.6,583906112.0
512.484099,45.4,584905600.0
513.495996,45.4,585955456.0
514.506851,45.2,586956032.0
515.515166,45.5,587955648.0
516.525355,45.4,588954752.0
517.534512,45.4,589956032.0
518.545212,45.5,591005632.0
519.557764,45.3,592005568.0
520.566283,45.5,593004672.0
521.574605,45.4,594004736.0
522.584058,45.4,595005632.0
523.594142,45.4,596054720.0
524.606549,45.7,597055104.0
525.614763,45.1,598054208.0
526.622704,45.2,599055104.0
527.631320,45.4,600054848.0
528.641067,45.8,601105536.0
529.656191,45.2,602105664.0
530.664552,45.6,603105280.0
531.672580,45.5,604104640.0
532.680872,45.8,605105152.0
533.691570,45.7,606154560.0
534.705070,45.4,607154816.0
535.713664,45.5,608155072.0
536.721678,45.3,609154560.0
537.729389,45.3,610154240.0
538.740025,45.3,611205568.0
539.755189,45.4,612205184.0
540.764033,45.4,613204480.0
541.772147,45.3,614204416.0
542.780426,45.5,615204480.0
543.790657,46.1,616255168.0
544.804388,45.8,617255360.0
545.813650,45.7,618254912.0
546.821170,45.7,619254912.0
547.829187,45.3,620255168.0
548.840493,45.8,621304512.0
549.855671,45.8,622304960.0
550.864905,45.5,623305472.0
551.872702,45.7,624304384.0
552.881259,45.6,625304896.0
553.892506,45.4,626355392.0
554.905719,45.5,627355456.0
555.915126,45.4,628355968.0
556.923390,45.7,629355520.0
557.932986,45.4,630355712.0
558.943382,45.7,631405120.0
559.957662,45.2,632404480.0
560.965965,45.6,633404160.0
561.974133,45.6,634404416.0
562.982494,45.5,635404800.0
563.992830,45.7,636455424.0
565.007494,45.5,637455040.0
566.015486,45.5,638454848.0
567.023828,45.6,639454720.0
568.032416,45.4,640454848.0
569.043021,45.8,641504832.0
570.057087,45.8,642504896.0
571.065868,45.5,643504064.0
572.074747,45.4,644504896.0
573.082998,45.5,645504768.0
574.093136,45.6,646554688.0
575.106743,45.6,647555072.0
576.115934,45.7,648554688.0
577.124407,46.0,649554752.0
578.132423,45.6,650554176.0
579.142659,45.6,651604544.0
580.156656,45.6,652604864.0
581.165406,45.9,653605376.0
582.172660,45.6,654604928.0
583.181001,45.6,655603840.0
584.191389,45.6,656654400.0
585.204657,45.8,657654336.0
586.213975,45.6,658654912.0
587.223293,45.4,659654976.0
588.231256,45.6,660654528.0
589.241811,46.0,661704832.0
590.257163,46.0,662704448.0
591.265571,45.3,663704576.0
592.273551,45.8,664704768.0
593.281916,46.0,665704576.0
594.292311,45.3,666754752.0
595.306176,45.9,667753728.0
596.314720,45.8,668754560.0
597.323377,46.0,669754688.0
598.331606,46.0,670754624.0
599.341957,45.9,671803584.0
600.356234,46.0,672803776.0
601.364833,45.5,673803840.0
602.373379,46.1,674804416.0
603.381550,45.7,675803712.0
604.391755,45.9,676854784.0
605.406663,45.6,677854144.0
606.415594,45.6,678854528.0
607.424122,45.9,679854400.0
608.431967,46.2,680854592.0
609.442594,45.9,681904192.0
610.457404,45.6,682904512.0
611.465999,45.7,683904128.0
612.473902,45.9,684904640.0
613.482482,46.1,685905152.0
614.492722,45.7,686954496.0
615.507125,45.6,687954112.0
616.515879,45.9,688953920.0
617.524352,45.7,689953536.0
618.534309,46.0,690954176.0
619.544191,45.9,692003776.0
620.557857,45.9,693003904.0
621.566236,46.1,694004096.0
622.574387,45.9,695003968.0
623.581685,45.5,696004544.0
624.593678,45.8,697054144.0
625.607716,45.8,698054720.0
626.615601,45.9,699054016.0
627.623664,45.6,700053696.0
628.632490,46.0,701054336.0
629.642689,45.9,702104448.0
630.657773,46.0,703104000.0
631.666388,46.0,704103424.0
632.674603,45.6,705103488.0
633.681614,46.0,706103808.0
634.691914,45.9,707154176.0
635.706894,46.1,708154048.0
636.715544,45.7,709154112.0
637.724122,46.2,710154048.0
638.732682,45.7,711154176.0
639.742654,46.1,712203968.0
640.756683,46.1,713204288.0
641.765811,45.7,714203904.0
642.774085,45.8,715203904.0
643.782857,46.0,716203968.0
644.792643,46.0,717254080.0
645.806949,46.3,718254272.0
646.815454,45.9,719254208.0
647.822673,46.1,720254080.0
648.831122,45.9,721253248.0
649.842679,45.9,722303680.0
650.857274,45.9,723304064.0
651.867776,45.7,724303936.0
652.875054,46.1,725303488.0
653.882880,46.0,726304128.0
654.893232,46.3,727354240.0
655.907203,46.2,728354624.0
656.915646,45.9,729354880.0
657.924505,46.1,730354432.0
658.932845,46.2,731354880.0
659.942926,46.1,732403584.0
660.957203,45.9,733403136.0
661.965875,45.8,734403136.0
662.973429,46.2,735404032.0
663.983152,45.9,736403392.0
664.994239,46.0,737453568.0
666.007665,46.3,738453632.0
667.016332,46.2,739453120.0
668.024253,45.8,740453632.0
669.032175,46.1,741454400.0
670.042952,46.2,742503616.0
671.056897,46.2,743503808.0
672.066045,46.2,744503616.0
673.074133,46.5,745503360.0
674.082369,46.1,746503488.0
675.094610,46.4,747553536.0
676.108696,46.4,748553600.0
677.117777,46.4,749554240.0
678.125660,46.1,750553664.0
679.133703,46.0,751553344.0
680.144215,46.2,752603392.0
681.160187,46.1,753602880.0
682.168147,46.4,754602944.0
683.176259,46.2,755603264.0
684.184583,46.3,756602816.0
685.195426,46.3,757652992.0
686.209849,46.2,758653440.0
687.218742,45.9,759653120.0
688.227547,46.1,760653184.0
689.237143,46.0,761653120.0
690.253658,46.1,762702592.0
691.264248,45.9,763703424.0
692.273093,46.2,764703488.0
693.281508,46.2,765702976.0
694.292190,45.9,766753472.0
695.307087,46.1,767752960.0
696.315783,46.3,768752832.0
697.323434,45.9,769753216.0
698.331471,46.2,770752704.0
699.343083,46.2,771802624.0
700.357503,46.1,772802880.0
701.366184,46.2,773803520.0
702.373654,46.1,774802880.0
703.382194,46.3,775802944.0
704.392610,46.1,776853248.0
705.406681,46.2,777853184.0
706.416026,46.4,778852480.0
707.424237,46.3,779852992.0
708.432291,46.1,780853568.0
709.442640,46.2,781903424.0
710.455857,46.3,782902720.0
711.465488,46.0,783902656.0
712.473681,46.2,784902400.0
713.482672,46.1,785902528.0
714.492936,46.4,786953536.0
715.507546,46.2,787952704.0
716.516188,46.0,788952576.0
717.525619,46.2,789952448.0
718.534730,46.4,790952512.0
719.545238,46.3,792002752.0
720.560367,46.4,793003456.0
721.568668,46.2,794003136.0
722.576947,46.2,795003136.0
723.585855,46.2,796002816.0
724.595867,46.4,797052864.0
725.611117,46.3,798053184.0
726.619362,46.6,799052800.0
727.627695,46.3,800052864.0
728.636806,46.5,801052416.0
729.648541,46.2,802102592.0
730.661026,46.4,803102656.0
731.668930,46.2,804103040.0
732.676764,46.4,805102976.0
733.685618,46.5,806102720.0
734.694826,46.5,807152192.0
735.709387,46.4,808152128.0
736.719214,46.1,809152960.0
737.727582,46.4,810152896.0
738.736664,46.4,811152960.0
739.746121,46.6,812202816.0
740.760138,46.3,813202368.0
741.768521,46.1,814202240.0
742.777680,46.6,815202176.0
743.786019,46.3,816202432.0
744.795245,46.6,817252480.0
745.808675,46.5,818252672.0
746.817231,46.3,819252736.0
747.825440,46.4,820251904.0
748.835594,46.4,821252416.0
749.844110,46.3,822303040.0
750.859900,46.4,824353344.0
752.929747,46.5,825352832.0
753.940441,46.3,826402240.0
754.956738,46.5,827402112.0
755.966851,46.4,828403136.0
756.975293,46.3,829402624.0
757.983915,46.2,830402880.0
758.994786,46.6,831452928.0
760.010234,46.6,832452672.0
761.019449,46.5,833452672.0
762.028524,46.4,834453184.0
763.039137,46.4,835502656.0
764.056327,46.7,836502464.0
765.066726,46.3,837502016.0
766.075283,46.4,838501824.0
767.084802,46.5,839502592.0
768.095416,46.4,840552832.0
769.110219,46.3,841551872.0
770.119083,46.5,842551808.0
771.128585,46.5,843551872.0
772.138003,46.3,844552256.0
773.147864,46.6,845602176.0
774.162659,46.4,846602176.0
775.171919,46.5,847602240.0
776.180608,46.5,848602432.0
777.191698,46.7,849653248.0
778.206754,46.6,850652544.0
779.216041,46.6,851652480.0
780.224266,46.6,852652224.0
781.233564,46.5,853652544.0
782.244314,46.4,854702272.0
783.260255,46.4,855702336.0
784.268724,46.6,856701952.0
785.277291,46.7,857702400.0
786.285204,46.5,858702400.0
787.295893,46.5,859751744.0
788.310055,46.5,860751808.0
789.318692,46.3,861751808.0
790.327101,46.5,862751744.0
791.336426,46.5,863751744.0
792.345881,46.5,864802112.0
793.360750,46.3,865802752.0
794.368889,46.5,867802816.0
796.384663,46.1,868802176.0
797.394666,46.7,869852096.0
798.408553,46.6,870853248.0
799.417872,46.7,871852352.0
800.426777,46.6,872852480.0
801.434890,46.5,873851712.0
802.446347,46.4,874902144.0
803.460914,46.9,875902528.0
804.469832,46.5,876901824.0
805.477667,46.4,877901440.0
806.486776,46.6,878901696.0
807.497090,46.7,879952512.0
808.511094,46.8,880952640.0
809.519227,46.6,881951360.0
810.526690,46.6,882951360.0
811.536365,46.6,883951680.0
812.545760,46.6,885002560.0
813.561210,46.5,886002432.0
814.569786,46.4,887002048.0
815.577680,46.5,888001600.0
816.586897,46.9,889001472.0
817.596583,46.7,890051264.0
818.611469,46.7,891052096.0
819.620605,46.7,892051392.0
820.628601,46.7,893051520.0
821.639328,46.5,894052032.0
822.651438,46.5,895101632.0
823.662527,46.7,896101504.0
824.670978,46.8,897101760.0
825.679351,46.6,898101888.0
826.690960,46.6,899151040.0
827.706178,46.7,900151872.0
828.715520,46.6,901151616.0
829.724656,46.8,902151808.0
830.733010,46.6,903151808.0
831.744425,46.8,904201984.0
832.759248,46.6,905201408.0
833.767837,46.8,906201152.0
834.776097,46.6,907201856.0
835.784499,46.7,908201600.0
836.796171,46.5,909251264.0
837.811049,46.9,910252288.0
838.818674,46.8,911251456.0
839.826376,46.9,912251840.0
840.835870,46.6,913252160.0
841.846595,47.0,914301376.0
842.861156,46.5,916302080.0
844.899460,46.5,917351808.0
845.912081,46.9,918351616.0
846.924988,46.6,919351680.0
847.933153,46.7,920351488.0
848.944129,46.5,921401984.0
849.959124,46.8,922401280.0
850.967921,46.8,923401664.0
851.975850,46.9,924402560.0
852.983850,46.9,925401536.0
853.993648,46.8,926451648.0
855.007373,46.9,927451456.0
856.016590,46.9,928451136.0
857.025399,46.7,929450752.0
858.034680,46.6,930450752.0
859.045355,46.7,931501504.0
860.060028,46.8,932500992.0
861.068562,46.8,933500288.0
862.078685,46.6,934500736.0
863.089659,46.7,935500864.0
864.100934,46.7,936550656.0
865.111975,46.8,937550720.0
866.119658,46.9,938550784.0
867.127284,46.7,939551168.0
868.135604,46.9,940551488.0
869.145309,47.1,941601344.0
870.160699,46.6,942601088.0
871.169166,46.8,943601216.0
872.177155,46.8,944600832.0
873.185097,46.6,945601216.0
874.195417,46.8,946651392.0
875.211715,46.8,947651008.0
876.219752,46.9,948651456.0
877.227904,47.0,949651072.0
878.235987,46.9,950650880.0
879.246851,46.6,951700736.0
880.262527,46.8,952701120.0
881.271262,46.5,953700736.0
882.279987,46.7,954700480.0
883.290699,46.8,955700928.0
884.300208,47.0,956751552.0
885.313482,46.7,957750784.0
886.321006,46.9,958751040.0
887.330123,46.6,959751232.0
888.341182,46.3,960750912.0
889.352015,47.1,961800768.0
890.362533,46.9,962801088.0
891.369660,47.1,964851648.0
893.412656,46.6,965851136.0
894.420451,47.0,966851712.0
895.428456,46.6,967850816.0
896.439741,47.0,968851584.0
897.450437,46.8,969900992.0
898.464840,46.9,970900864.0
899.472529,46.9,971900800.0
900.481242,47.0,972900672.0
901.491503,47.1,973901696.0
902.506954,47.0,974950912.0
903.515613,46.7,975951040.0
904.523504,47.0,976950976.0
905.531690,46.5,977950400.0
906.543395,47.2,979001152.0
907.558823,47.1,980001536.0
908.568684,47.2,981001088.0
909.576683,46.9,982000832.0
910.585819,47.0,983000768.0
911.596277,47.0,984051200.0
912.610410,46.9,985051520.0
913.619777,46.9,986050816.0
914.628354,46.9,987050624.0
915.637124,47.0,988051072.0
916.646662,47.0,989101504.0
917.661383,46.9,990100736.0
918.670327,46.8,991101056.0
919.679150,46.9,992100096.0
920.689542,47.2,993100096.0
921.700497,46.8,994150208.0
922.712327,47.0,995150592.0
923.720536,46.7,996150912.0
924.729204,47.1,997150208.0
925.739358,47.3,998149696.0
926.749653,46.8,999200704.0
927.763489,47.2,1000200832.0
928.771652,47.0,1001201088.0
929.779807,46.7,1002200768.0
930.790332,47.1,1003201600.0
931.800444,47.1,1004250432.0
932.813048,47.1,1005251200.0
933.821540,47.2,1006250048.0
934.830101,46.9,1007250752.0
935.840047,46.8,1008250752.0
936.851500,47.2,1009301440.0
937.864644,47.2,1010300864.0
938.873648,47.1,1011300736.0
939.881046,46.9,1012300032.0
940.892071,47.0,1013351040.0
941.908494,47.0,1014351104.0
942.918146,47.0,1015350976.0
943.925447,47.2,1016350848.0
944.933715,47.1,1017351232.0
945.944690,46.9,1018400832.0
946.959486,47.1,1019401024.0
947.969034,46.9,1020400704.0
948.977682,46.9,1021401216.0
949.985973,47.1,1022401984.0
950.997803,46.9,1023450368.0
952.012961,46.9,1024450496.0
953.022106,47.1,1025450240.0
954.031150,47.1,1026449664.0
955.042596,47.1,1027501056.0
956.059345,47.3,1028500736.0
957.070164,47.3,1029500416.0
958.079166,47.0,1030500288.0
959.087421,47.1,1031499456.0
960.097783,46.9,1032549632.0
961.113484,47.5,1033550592.0
962.121382,46.9,1034550784.0
963.130559,47.0,1035551232.0
964.141545,47.1,1036550208.0
965.151428,47.0,1037600448.0
966.164050,47.1,1038600832.0
967.172194,47.2,1039599936.0
968.180839,47.4,1040599936.0
969.192044,47.1,1041599744.0
970.202471,47.1,1042650688.0
971.214105,47.3,1043650048.0
972.222781,47.1,1044650112.0
973.229656,47.4,1045650048.0
974.239854,47.0,1046650112.0
975.249913,47.3,1047700224.0
976.264841,47.4,1048700160.0
977.272735,47.1,1049701056.0
978.282735,47.0,1050699584.0
979.293533,47.1,1051748928.0
980.307894,47.1,1052750720.0
981.318026,47.5,1053749056.0
982.325783,47.1,1054749824.0
983.333437,47.0,1055750400.0
984.344986,47.5,1056800256.0
985.361455,47.3,1057799872.0
986.369951,47.2,1058799808.0
987.383492,47.1,1059800064.0
988.393563,47.2,1060799808.0
989.402842,47.3,1061851008.0
990.414163,47.2,1062850432.0
991.421818,47.3,1063851136.0
992.431665,47.3,1064850048.0
993.441012,47.0,1065850496.0
994.451200,47.2,1066900608.0
995.464526,47.1,1067899904.0
996.472817,47.2,1068900672.0
997.482054,47.2,1069900416.0
998.494361,47.0,1070899776.0
999.508647,47.3,1071948928.0
1000.518164,47.2,1072948992.0
1001.525993,47.2,1073948800.0
1002.534070,47.3,1074950272.0
1003.545139,47.4,1075999872.0
1004.560219,47.3,1076998528.0
1005.569238,47.0,1077998592.0
1006.577221,47.3,1079000320.0
1007.586939,47.3,1080001536.0
1008.597654,47.1,1081049856.0
1009.613755,47.2,1082049536.0
1010.621988,47.4,1083049600.0
1011.630427,47.1,1084049536.0
1012.639396,47.4,1085049344.0
1013.651304,47.2,1086099200.0
1014.664172,47.2,1087099392.0
1015.673097,47.5,1088099456.0
1016.682701,47.2,1089099136.0
1017.692887,47.4,1090099456.0
1018.702374,47.3,1091149440.0
1019.713709,47.3,1092149120.0
1020.721199,47.7,1093148544.0
1021.728586,47.2,1094148864.0
1022.738815,47.5,1095148800.0
1023.748297,47.3,1096199168.0
1024.764436,47.5,1097199488.0
1025.774136,47.5,1098198400.0
1026.781706,47.3,1099198720.0
1027.791258,47.5,1100199168.0
1028.803046,47.3,1101249408.0
1029.814041,47.6,1102249344.0
1030.822398,47.3,1103249536.0
1031.830997,47.6,1104249728.0
1032.840912,47.4,1105248896.0
1033.851215,47.4,1106299136.0
1034.866886,47.4,1107298944.0
1035.874240,47.5,1108299520.0
1036.882003,47.6,1109299072.0
1037.892033,47.3,1110298752.0
1038.904813,47.5,1111350656.0
1039.914656,47.4,1112349696.0
1040.923644,47.5,1113348864.0
1041.932805,47.3,1114348928.0
1042.942895,47.2,1115349248.0
1043.958764,47.4,1116398976.0
1044.968327,47.3,1117399040.0
1045.976136,47.2,1118399104.0
1046.984238,47.3,1119398528.0
1047.994851,47.4,1120449024.0
1049.009228,47.3,1121448832.0
1050.019099,47.4,1122449024.0
1051.027790,47.4,1123448960.0
1052.036602,47.3,1124448768.0
1053.046660,47.4,1125499264.0
1054.061808,47.5,1126499456.0
1055.071199,47.2,1127499136.0
1056.079380,47.4,1128498816.0
1057.087481,47.4,1129497984.0
1058.097655,47.5,1130548736.0
1059.112762,47.4,1131548800.0
1060.121501,47.3,1132548480.0
1061.129486,47.3,1133548928.0
1062.138778,47.1,1134547968.0
1063.149279,47.5,1135597952.0
1064.163890,47.5,1136598784.0
1065.172469,47.5,1137598080.0
1066.181398,47.5,1138598272.0
1067.191087,47.6,1139598464.0
1068.200973,47.4,1140648832.0
1069.215374,47.2,1141648128.0
1070.223573,47.3,1142648704.0
1071.232149,47.3,1143648768.0
1072.242522,47.5,1144648448.0
1073.259235,47.6,1145698176.0
1074.269187,47.2,1146698496.0
1075.276508,47.7,1147698560.0
1076.284958,47.3,1148698240.0
1077.296437,47.4,1149748736.0
1078.310726,47.7,1150748544.0
1079.320108,47.3,1151747840.0
1080.328042,47.3,1152748800.0
1081.335988,47.6,1153748736.0
1082.347304,47.8,1154798592.0
1083.362656,47.6,1155798016.0
1084.370661,47.5,1156797824.0
1085.382530,47.4,1157798400.0
1086.392172,47.2,1158797952.0
1087.402290,47.3,1159848192.0
1088.414021,47.5,1160849152.0
1089.422142,47.5,1161847808.0
1090.430831,47.5,1162849280.0
1091.441078,47.5,1163848832.0
1092.450979,47.6,1164898432.0
1093.465043,47.4,1165898880.0
1094.472871,47.6,1166898688.0
1095.481267,47.5,1167898752.0
1096.489258,47.6,1168898560.0
1097.499693,47.2,1169948672.0
1098.515742,47.5,1170948480.0
1099.523703,47.6,1171948416.0
1100.532069,47.6,1172948608.0
1101.541406,47.6,1173949056.0
1102.551495,47.4,1174998656.0
1103.566880,47.4,1175998720.0
1104.574768,47.5,1176997888.0
1105.583404,47.1,1177997568.0
1106.592947,47.4,1178997632.0
1107.603112,47.2,1180047744.0
1108.614806,47.3,1181048320.0
1109.622761,47.6,1182048640.0
1110.630361,47.4,1183048576.0
1111.638480,47.4,1184048256.0
1112.648315,47.7,1185098880.0
1113.662851,47.4,1186098560.0
1114.671767,47.7,1187098112.0
1115.680552,47.4,1188098432.0
1116.689110,47.5,1189098624.0
1117.699601,47.5,1190147968.0
1118.714717,47.6,1191148160.0
1119.722900,47.5,1192148608.0
1120.731598,47.6,1193148160.0
1121.739875,47.7,1194147328.0
1122.750353,47.5,1195197056.0
1123.764319,47.6,1196197888.0
1124.773085,47.4,1197197824.0
1125.781903,47.4,1198197504.0
1126.791515,47.4,1199198592.0
1127.801511,47.7,1200247168.0
1128.813726,47.7,1201248000.0
1129.821811,47.6,1202247424.0
1130.829521,47.3,1203247872.0
1131.838988,47.7,1204247296.0
1132.848644,47.7,1205297408.0
1133.865670,47.4,1206297344.0
1134.873975,47.9,1207297920.0
1135.881727,47.6,1208297856.0
1136.890336,47.8,1209298432.0
1137.899666,47.5,1210349568.0
1138.914596,47.8,1211348480.0
1139.923547,47.7,1212348544.0
1140.933416,47.5,1213348736.0
1141.942451,47.8,1214348544.0
1142.952187,47.7,1215397376.0
1143.965246,47.7,1216397184.0
1144.972647,47.9,1217397120.0
1145.981448,47.4,1218398080.0
1146.989210,47.8,1219398016.0
1147.999302,47.5,1220448384.0
1149.014424,47.5,1221447040.0
1150.023511,47.7,1222446976.0
1151.032258,48.1,1223447808.0
1152.040570,47.6,1224447232.0
1153.050070,48.0,1225497600.0
1154.066013,47.8,1226498432.0
1155.074684,47.7,1227497472.0
1156.083415,47.9,1228497408.0
1157.094162,47.6,1229497472.0
1158.103801,47.6,1230548736.0
1159.116443,47.9,1231547264.0
1160.125489,47.4,1232547456.0
1161.133863,47.4,1233547520.0
1162.144487,47.7,1234547456.0
1163.154540,47.8,1235597312.0
1164.165202,47.7,1236597504.0
1165.174154,47.7,1237597440.0
1166.183227,47.8,1238597504.0
1167.193206,47.8,1239597568.0
1168.204697,47.8,1240647424.0
1169.215476,48.1,1241647488.0
1170.223442,47.6,1242647552.0
1171.231841,48.0,1243646464.0
1172.240690,47.8,1244646656.0
1173.251083,47.8,1245696640.0
1174.266343,47.8,1246696832.0
1175.274079,47.9,1247696384.0
1176.282427,47.3,1248697216.0
1177.290507,47.8,1249697280.0
1178.300706,47.8,1250746368.0
1179.314905,47.6,1251747072.0
1180.323387,47.6,1252746880.0
1181.331949,47.6,1253747200.0
1182.341610,47.7,1254746752.0
1183.352672,47.5,1255796992.0
1184.366345,47.8,1256797056.0
1185.375093,47.7,1257797248.0
1186.382695,47.9,1258797312.0
1187.391620,47.9,1259796992.0
1188.401122,48.0,1260846976.0
1189.415953,47.8,1261848576.0
1190.423668,47.7,1262847616.0
1191.430698,47.8,1263847808.0
1192.441034,47.6,1264847488.0
1193.450394,47.9,1265896832.0
1194.464826,47.9,1266896000.0
1195.473140,48.0,1267896064.0
1196.482700,47.8,1268896896.0
1197.492936,47.8,1269897344.0
1198.501645,47.8,1270946816.0
1199.514972,48.0,1271946368.0
1200.522865,47.6,1272946816.0
1201.530911,47.7,1273946752.0
1202.541182,47.9,1274946816.0
1203.550996,47.7,1275997184.0
1204.565521,48.0,1276996864.0
1205.575494,47.9,1277996544.0
1206.583891,47.8,1278996736.0
1207.594133,47.7,1279996672.0
1208.605043,48.0,1281046656.0
1209.616714,47.8,1282046976.0
1210.626352,48.0,1283046656.0
1211.633672,47.5,1284046464.0
1212.642072,47.8,1285046144.0
1213.651653,47.6,1286096640.0
1214.666395,47.7,1287096448.0
1215.675001,47.9,1288096896.0
1216.683678,48.1,1289096064.0
1217.695161,47.9,1290095744.0
1218.709916,47.9,1291145856.0
1219.720301,47.8,1292145920.0
1220.728660,48.1,1293146624.0
1221.736593,47.8,1294147456.0
1222.747194,47.8,1295196800.0
1223.762073,47.6,1296196608.0
1224.771660,47.7,1297196672.0
1225.779458,47.7,1298196352.0
1226.788111,47.8,1299196416.0
1227.800124,47.9,1300246528.0
1228.815686,47.9,1301246592.0
1229.823783,48.1,1302246656.0
1230.832157,47.5,1303246336.0
1231.839866,47.8,1304246528.0
1232.851451,47.8,1305296640.0
1233.866685,47.6,1306295808.0
1234.874651,47.8,1307296384.0
1235.882241,47.9,1308295808.0
1236.890926,48.1,1309296128.0
1237.901418,47.9,1310346880.0
1238.916109,48.0,1311346688.0
1239.924535,48.1,1312346240.0
1240.933221,48.2,1313346176.0
1241.942344,48.3,1314346240.0
1242.951675,47.7,1315395968.0
1243.965658,47.8,1316396544.0
1244.973907,48.0,1317395968.0
1245.981824,47.9,1318395648.0
1246.989906,48.1,1319395712.0
1247.999886,47.9,1320445440.0
1249.014095,48.0,1321446144.0
1250.022434,47.7,1322446848.0
1251.030800,47.7,1323446272.0
1252.039392,47.8,1324446464.0
1253.049950,48.0,1325496448.0
1254.065502,48.0,1326496128.0
1255.074273,47.6,1327496704.0
1256.082606,47.8,1328496128.0
1257.090849,47.9,1329496064.0
1258.101711,48.1,1330545920.0
1259.116023,48.1,1331545984.0
1260.125312,47.8,1332546048.0
1261.133505,48.1,1333546112.0
1262.143450,48.2,1334546304.0
1263.154957,48.1,1335596032.0
1264.167076,47.8,1336595712.0
1265.174704,48.1,1337595904.0
1266.182778,47.9,1338596096.0
1267.191123,47.8,1339595520.0
1268.201491,48.0,1340646144.0
1269.216297,47.9,1341645056.0
1270.225002,48.0,1342645376.0
1271.233274,47.8,1343646080.0
1272.242386,48.3,1344645632.0
1273.254384,48.1,1345695872.0
1274.266586,48.6,1346695552.0
1275.275232,48.2,1347696000.0
1276.285212,48.1,1348695680.0
1277.295988,47.8,1349745920.0
1278.311680,48.1,1350745728.0
1279.323128,48.1,1351745920.0
1280.331091,48.0,1352745600.0
1281.339392,47.9,1353745024.0
1282.349569,48.1,1354794880.0
1283.366005,48.0,1355795712.0
1284.375521,47.7,1356795776.0
1285.383661,47.8,1357795968.0
1286.391675,48.1,1358796032.0
1287.400855,48.1,1359846656.0
1288.414660,48.1,1360846464.0
1289.423239,47.9,1361846656.0
1290.430765,47.7,1362845568.0
1291.439691,47.8,1363845632.0
1292.449367,47.7,1364894976.0
1293.464355,48.0,1365895040.0
1294.472719,48.2,1366895872.0
1295.480827,47.9,1367896192.0
1296.489064,48.2,1368896000.0
1297.499971,48.1,1369945472.0
1298.513985,48.0,1370945536.0
1299.522903,48.1,1371945856.0
1300.530926,47.9,1372945792.0
1301.539105,47.9,1373945728.0
1302.550888,48.2,1374995968.0
1303.566954,47.9,1375996032.0
1304.574660,48.3,1376995200.0
1305.584069,48.1,1377995136.0
1306.593990,48.1,1378995328.0
1307.604440,48.1,1380045440.0
1308.616252,48.2,1381045248.0
1309.625868,48.2,1382045312.0
1310.633375,48.2,1383044608.0
1311.644047,48.2,1384045824.0
1312.654140,48.1,1385094656.0
1313.667157,48.2,1386094592.0
1314.675419,48.2,1387094400.0
1315.684882,48.0,1388095232.0
1316.694857,47.9,1389095168.0
1317.704778,47.9,1390145280.0
1318.716673,48.0,1391144704.0
1319.725093,48.4,1392144384.0
1320.734562,48.2,1393145472.0
1321.744449,48.3,1394145280.0
1322.756136,48.1,1395195264.0
1323.766823,48.2,1396195200.0
1324.775028,48.1,1397195136.0
1325.785323,48.2,1398195072.0
1326.796518,47.8,1399244928.0
1327.811413,48.2,1400245120.0
1328.820682,48.1,1401244928.0
1329.828657,48.1,1402244864.0
1330.837884,48.1,1403245440.0
1331.848008,48.1,1404294912.0
1332.862153,48.3,1405294976.0
1333.871890,48.3,1406294784.0
1334.880361,48.3,1407295232.0
1335.890064,48.2,1408294912.0
1336.900513,48.2,1409345280.0
1337.915470,48.3,1410345216.0
1338.924482,48.1,1411345536.0
1339.932991,48.3,1412345600.0
1340.942042,48.4,1413345664.0
1341.951925,48.1,1414395520.0
1342.968193,48.1,1415395200.0
1343.976279,48.2,1416395392.0
1344.984786,48.3,1417395072.0
1345.996227,48.1,1418395392.0
1347.006255,48.2,1419444864.0
1348.016514,48.0,1420445312.0
1349.025078,48.2,1421444864.0
1350.034008,48.3,1422445184.0
1351.043608,48.1,1423444736.0
1352.054090,48.5,1424494720.0
1353.067783,48.2,1425494784.0
1354.075784,48.1,1426494976.0
1355.084466,48.1,1427494272.0
1356.094210,48.1,1428494848.0
1357.103846,48.1,1429545088.0
1358.116658,48.5,1430544640.0
1359.125422,48.1,1431544832.0
1360.133449,48.2,1432544768.0
1361.141879,48.1,1433544192.0
1362.152249,48.1,1434594432.0
1363.166695,48.2,1435594752.0
1364.174876,48.4,1436594688.0
1365.183113,48.1,1437594624.0
1366.189662,48.3,1438595072.0
1367.201684,48.0,1439644800.0
1368.215362,48.4,1440644480.0
1369.223990,48.4,1441644416.0
1370.230687,48.4,1442644608.0
1371.239337,48.3,1443644800.0
1372.249674,48.4,1444694784.0
1373.262655,48.5,1445694976.0
1374.271677,48.3,1446694656.0
1375.278660,48.2,1447694976.0
1376.285657,48.2,1448694528.0
1377.295996,48.3,1449694720.0
1378.304662,48.2,1450744576.0
1379.317296,48.4,1451744896.0
1380.324647,48.5,1452744192.0
1381.333123,48.5,1453744640.0
1382.339660,48.5,1454744448.0
1383.350363,48.1,1455794560.0
1384.365674,48.4,1456794752.0
1385.372675,48.1,1457794944.0
1386.383665,48.4,1458794112.0
1387.390666,48.1,1459794432.0
1388.399683,48.6,1460844672.0
1389.412664,48.0,1461844736.0
1390.422673,48.2,1462844416.0
1391.430347,48.5,1463844096.0
1392.436671,48.5,1464843520.0
1393.451656,48.3,1465894784.0
1394.468156,48.2,1466895232.0
1395.475661,48.3,1467896192.0
1396.482659,48.4,1468894848.0
1397.490322,48.5,1469896704.0
1398.500446,48.5,1470945024.0
1399.513187,48.2,1471945472.0
1400.523646,48.4,1472944640.0
1401.531670,48.5,1473945216.0
1402.539679,48.1,1474944640.0
1403.551204,48.6,1475994496.0
1404.565641,48.4,1476994432.0
1405.573650,48.3,1477993856.0
1406.580649,48.2,1479144192.0
1407.719664,48.4,1480144640.0
1408.726657,48.5,1481144064.0
1409.733673,48.3,1482143872.0
1410.741778,48.2,1483143424.0
1411.750966,48.3,1484194176.0
1412.765642,48.6,1485193728.0
1413.772648,48.4,1486194560.0
1414.779375,48.5,1487194368.0
1415.786641,48.3,1488194304.0
1416.795132,48.5,1489194496.0
1417.805680,48.4,1490243968.0
1418.817540,48.0,1491243904.0
1419.825260,48.4,1492244224.0
1420.832502,48.2,1493244032.0
1421.840548,48.3,1494244224.0
1422.851310,48.4,1495294464.0
1423.866659,48.4,1496293888.0
1424.875810,48.4,1497293952.0
1425.884092,48.5,1498294016.0
1426.891652,48.3,1499294080.0
1427.901304,48.3,1500344448.0
1428.915644,48.6,1501344768.0
1429.924086,48.3,1502344064.0
1430.931664,48.3,1503345152.0
1431.939600,48.3,1504344320.0
1432.951791,48.2,1505394432.0
1433.965647,48.5,1506394240.0
1434.973667,48.4,1507394048.0
1435.980648,48.5,1508393088.0
1436.987956,48.4,1509393280.0
1437.997658,48.2,1510444416.0
1439.011687,48.4,1511443200.0
1440.020550,48.3,1512443904.0
1441.027889,48.4,1513443840.0
1442.035723,48.4,1514443776.0
1443.045425,48.2,1515443968.0
1444.055653,48.3,1516494080.0
1445.067652,48.5,1517493888.0
1446.074689,48.4,1518493568.0
1447.082427,48.3,1519493632.0
1448.090302,48.3,1520493184.0
1449.101259,48.4,1521543936.0
1450.114874,48.5,1522544640.0
1451.123938,48.5,1523544064.0
1452.131732,48.7,1524543744.0
1453.139879,48.4,1525543808.0
1454.150892,48.4,1526593792.0
1455.164650,48.6,1527594112.0
1456.173197,48.3,1528593792.0
1457.180201,48.4,1529593472.0
1458.187819,48.4,1530593536.0
1459.200111,48.6,1531643520.0
1460.213662,48.7,1532643328.0
1461.222962,48.3,1533643392.0
1462.230476,48.5,1534642944.0
1463.239098,48.5,1535643392.0
1464.249571,48.5,1536693504.0
1465.262658,48.2,1537692800.0
1466.272272,48.7,1538693248.0
1467.279573,48.3,1539693312.0
1468.288273,48.3,1540693120.0
1469.298663,48.3,1541743616.0
1470.313376,48.4,1542743040.0
1471.323289,48.4,1543743360.0
1472.330655,48.5,1544743808.0
1473.338533,48.7,1545743360.0
1474.349656,48.5,1546793472.0
1475.362673,48.4,1547793664.0
1476.371673,48.5,1548793728.0
1477.378656,48.4,1549793024.0
1478.385654,48.6,1550793728.0
1479.394700,48.6,1551793024.0
1480.404389,48.4,1552842880.0
1481.416719,48.5,1553843840.0
1482.425799,48.2,1554843264.0
1483.432647,48.3,1555843328.0
1484.440235,48.6,1556843392.0
1485.450651,48.5,1557893504.0
1486.463660,48.5,1558893184.0
1487.473717,48.7,1559893120.0
1488.481019,48.2,1560893056.0
1489.487689,48.7,1561892352.0
1490.496674,48.4,1562892672.0
1491.510686,48.5,1563942912.0
1492.520327,48.6,1564943104.0
1493.528752,48.7,1565943424.0
1494.536564,48.1,1566943232.0
1495.547644,48.7,1567942912.0
1496.562550,48.6,1568993024.0
1497.572943,48.6,1569993216.0
1498.579675,48.3,1570993280.0
1499.587446,48.7,1571992448.0
1500.597874,48.5,1572992512.0
1501.612319,48.6,1574043008.0
1502.622422,48.6,1575042944.0
1503.630004,48.8,1576043008.0
1504.638551,48.8,1577042688.0
1505.649654,48.7,1578093184.0
1506.664256,48.5,1579092992.0
1507.674366,48.8,1580093056.0
1508.682728,48.5,1581092736.0
1509.691265,48.4,1582092928.0
1510.703362,48.6,1583142912.0
1511.716645,48.7,1584142848.0
1512.724668,48.3,1585142912.0
1513.732563,48.7,1586142848.0
1514.740883,48.8,1587142784.0
1515.752006,48.4,1588193536.0
1516.765677,48.2,1589193088.0
1517.774026,48.5,1590194176.0
1518.782421,48.5,1591193472.0
1519.791721,48.7,1592193664.0
1520.803257,48.3,1593243008.0
1521.817547,48.6,1594242944.0
1522.825646,48.5,1595242880.0
1523.833088,48.8,1596242816.0
1524.840979,48.5,1597242880.0
1525.851678,48.6,1598293248.0
1526.867674,48.6,1599292800.0
1527.876243,48.4,1600292864.0
1528.883670,48.8,1601293440.0
1529.891329,48.8,1602293120.0
1530.902096,48.7,1603343104.0
1531.916653,48.8,1604342784.0
1532.925762,48.8,1605343616.0
1533.936136,48.5,1606343040.0
1534.943875,48.7,1607342976.0
1535.954185,48.6,1608392704.0
1536.969286,48.9,1609393152.0
1537.977071,48.5,1610392576.0
1538.984791,48.5,1611392896.0
1539.993308,48.5,1612392832.0
1541.004693,48.6,1613442816.0
1542.017682,48.7,1614442368.0
1543.025378,48.6,1615442816.0
1544.032672,48.6,1616441856.0
1545.041686,48.9,1617442688.0
1546.052053,48.4,1618492672.0
1547.067383,48.8,1619492480.0
1548.075662,48.9,1620492672.0
1549.082647,48.5,1621492480.0
1550.090322,48.5,1622492672.0
1551.101595,48.7,1623542784.0
1552.116619,48.5,1624542464.0
1553.124681,48.6,1625542400.0
1554.131679,48.4,1626542592.0
1555.138661,48.6,1627542784.0
1556.148343,48.8,1628542464.0
1557.161644,48.9,1629842432.0
1558.426647,48.7,1630841856.0
1559.435654,48.8,1631842432.0
1560.446992,48.6,1632841728.0
1561.455644,48.8,1633894016.0
1562.471655,48.8,1634893312.0
1563.477873,48.5,1635893248.0
1564.484644,48.7,1636892416.0
1565.491835,48.6,1637892992.0
1566.501663,48.9,1638942336.0
1567.514343,49.1,1639942656.0
1568.523484,48.6,1640942592.0
1569.531678,48.5,1641942272.0
1570.538670,48.6,1642942080.0
1571.548904,49.0,1643992448.0
1572.562669,48.7,1644992256.0
1573.573703,48.9,1645992064.0
1574.582126,48.4,1646992256.0
1575.591350,48.6,1647992960.0
1576.602042,48.8,1649042176.0
1577.617075,48.7,1650042240.0
1578.625601,48.6,1651042176.0
1579.633782,49.0,1652043136.0
1580.642475,48.3,1653041536.0
1581.653132,48.9,1654091648.0
1582.669705,48.6,1655091968.0
1583.679024,49.0,1656092032.0
1584.687318,48.7,1657091840.0
1585.697700,48.6,1658092160.0
1586.707810,48.5,1659141888.0
1587.719940,48.9,1660141952.0
1588.727658,48.4,1661141760.0
1589.736313,48.8,1662141952.0
1590.746365,49.0,1663141760.0
1591.756367,48.7,1664191616.0
1592.767891,48.8,1665192064.0
1593.776145,48.8,1666191744.0
1594.784425,48.8,1667191680.0
1595.792950,48.9,1668192128.0
1596.803070,48.5,1669242112.0
1597.817176,48.9,1670241792.0
1598.825301,48.6,1671241216.0
1599.833035,48.7,1672241920.0
1600.841215,48.7,1673241216.0
1601.852284,48.6,1674291712.0
1602.866335,48.8,1675291648.0
1603.874923,48.8,1676291584.0
1604.883377,48.9,1681841408.0
1610.429212,48.8,1682841472.0
1611.436532,48.7,1683841408.0
1612.449538,48.6,1684891904.0
1613.464142,48.9,1685891456.0
1614.474941,48.6,1686891904.0
1615.483294,48.9,1687891712.0
1616.491433,48.8,1688891904.0
1617.503219,49.0,1689941760.0
1618.518382,49.0,1690941824.0
1619.527355,48.9,1691941376.0
1620.535665,48.7,1692941440.0
1621.542674,48.9,1693941120.0
1622.553508,48.8,1694991872.0
1623.569888,49.2,1695992064.0
1624.577900,49.0,1696991744.0
1625.587454,48.8,1697991424.0
1626.597867,48.9,1698991104.0
1627.608068,48.9,1700041600.0
1628.620013,48.9,1701041536.0
1629.628549,48.8,1702040832.0
1630.637081,48.8,1703041280.0
1631.647091,48.8,1704041600.0
1632.655747,48.9,1705091200.0
1633.668934,49.0,1706091008.0
1634.677765,48.8,1707091584.0
1635.686205,49.0,1708091392.0
1636.696970,48.9,1709091456.0
1637.707321,48.8,1710141056.0
1638.719649,49.1,1711141120.0
1639.726952,48.9,1712141184.0
1640.735537,48.9,1713141248.0
1641.746977,49.0,1714140800.0
1642.756017,48.8,1715191552.0
1643.769131,48.8,1716190976.0
1644.777517,48.6,1717190656.0
1645.785227,48.7,1718190592.0
1646.795492,48.9,1719190656.0
1647.807253,48.8,1720240768.0
1648.818714,48.9,1721240576.0
1649.827386,48.7,1722240512.0
1650.835867,49.0,1723240448.0
1651.845657,49.1,1724240640.0
1652.855218,48.9,1725290624.0
1653.868784,48.8,1726291072.0
1654.876718,48.7,1727290752.0
1655.884172,48.8,1728290816.0
1656.895885,49.1,1729290752.0
1657.906012,49.0,1730340608.0
1658.919054,48.6,1731340800.0
1659.927621,49.0,1732341632.0
1660.937281,48.9,1733341312.0
1661.948216,48.9,1734390912.0
1662.964140,48.8,1735391104.0
1663.974498,48.9,1736390912.0
1664.981656,48.9,1737391104.0
1665.990250,48.7,1738391168.0
1666.999660,49.0,1739441408.0
1668.014479,49.1,1740440960.0
1669.024841,49.4,1741441536.0
1670.032735,49.0,1742440960.0
1671.041772,,
1677.051664,,
1683.059406,49.0,1758540928.0
1687.137486,48.8,1759540736.0
1688.149477,48.7,1760541184.0
1689.164244,49.1,1761591168.0
1690.174097,49.0,1762590720.0
1691.181424,48.7,1763591040.0
1692.188943,48.9,1764591488.0
1693.199138,49.1,1765590784.0
1694.214223,49.1,1766640768.0
1695.223202,48.9,1767640960.0
1696.230459,48.9,1768641024.0
1697.238012,48.9,1769641088.0
1698.250256,49.0,1770690816.0
1699.264408,48.9,1771690624.0
1700.274122,48.9,1772690560.0
1701.282720,48.9,1773689984.0
1702.290678,49.0,1774690688.0
1703.300646,48.8,1775741184.0
1704.315430,49.2,1776741120.0
1705.324641,48.7,1777741568.0
1706.330644,49.0,1778740736.0
1707.337245,49.1,1779740800.0
1708.345651,49.0,1780740992.0
1709.354657,49.0,1781790592.0
1710.369655,49.1,1782790784.0
1711.377667,48.8,1783790720.0
1712.384640,48.8,1784791552.0
1713.391639,48.6,1785791232.0
1714.401495,49.0,1786840064.0
1715.414752,49.2,1787839872.0
1716.423656,48.9,1788839936.0
1717.430339,48.9,1789840128.0
1718.438216,49.0,1790839808.0
1719.449207,48.7,1791890176.0
1720.464230,48.8,1792890496.0
1721.473687,49.1,1793890176.0
1722.480694,49.0,1794891264.0
1723.487665,48.8,1795890816.0
1724.498654,48.8,1796891008.0
1725.507600,49.0,1797940480.0
1726.519925,48.9,1798940416.0
1727.527688,49.2,1799939968.0
1728.535656,48.9,1800941056.0
1729.543644,48.9,1801941632.0
1730.552675,49.1,1802990336.0
1731.565987,49.0,1803991680.0
1732.576696,49.1,1804990464.0
1733.584925,48.9,1805990400.0
1734.593127,49.1,1806990208.0
1735.603653,49.3,1808040576.0
1736.616643,49.0,1809040512.0
1737.626313,49.1,1810040832.0
1738.633697,49.1,1811040128.0
1739.642337,49.2,1812040832.0
1740.653006,49.0,1813090432.0
1741.666645,49.0,1814090368.0
1742.675650,49.0,1815090176.0
1743.683712,49.2,1816089984.0
1744.691672,49.1,1817090048.0
1745.702666,49.1,1818139904.0
1746.715668,49.2,1819140992.0
1747.724063,49.1,1820140032.0
1748.731644,49.2,1821140480.0
1749.739701,49.0,1822140160.0
1750.749718,49.0,1823189888.0
1751.764692,49.1,1824190848.0
1752.774975,49.2,1825189760.0
1753.781697,48.8,1826189696.0
1754.788654,48.9,1827190528.0
1755.796881,49.1,1828190208.0
1756.807775,49.2,1829239936.0
1757.819673,49.3,1830240640.0
1758.828698,49.1,1831240192.0
1759.836640,49.1,1832239232.0
1760.844231,49.1,1833239296.0
1761.853651,49.1,1834289664.0
1762.867107,49.4,1835289984.0
1763.876056,49.0,1836290048.0
1764.882641,49.1,1837290496.0
1765.890661,49.1,1838290048.0
1766.900576,49.2,1839339776.0
1767.914679,49.0,1840339712.0
1768.924402,49.1,1841339648.0
1769.931380,49.0,1842339712.0
1770.938708,49.3,1843339264.0
1771.949044,48.9,1844339456.0
1772.958697,49.1,1845389824.0
1773.971000,49.1,1846389632.0
1774.977655,49.2,1847388800.0
1775.985218,49.0,1848389760.0
1776.994128,49.0,1849389440.0
1778.004689,49.2,1850439552.0
1779.019171,49.1,1851440768.0
1780.027157,48.8,1852439424.0
1781.034374,49.1,1853439488.0
1782.041661,49.3,1854439424.0
1783.050664,49.3,1855439616.0
1784.064446,49.3,1856489856.0
1785.073586,49.2,1857489408.0
1786.081414,49.2,1858489344.0
1787.088662,48.9,1859489280.0
1788.099536,49.0,1860489344.0
1789.109538,49.2,1861539712.0
1790.119653,49.1,1862539648.0
1791.127064,,
1797.134666,,
1803.141674,49.2,1878588416.0
1807.203658,49.1,1879638528.0
1808.216711,49.1,1880639616.0
1809.224676,48.9,1881639424.0
1810.231499,49.5,1882639360.0
1811.238988,49.0,1883639424.0
1812.249515,49.0,1884639360.0
1813.259119,49.2,1885689216.0
1814.269711,49.0,1886689280.0
1815.279589,49.3,1887689984.0
1816.287660,49.1,1888689152.0
1817.296693,49.4,1889689088.0
1818.307837,49.3,1890739072.0
1819.319684,49.2,1891739136.0
1820.327613,49.4,1892738944.0
1821.336081,49.4,1893739008.0
1822.344126,49.3,1894738816.0
1823.354276,49.1,1895789056.0
1824.368648,49.2,1896788736.0
1825.377197,49.1,1897789440.0
1826.383644,49.1,1898788992.0
1827.389699,49.3,1899789440.0
1828.400683,49.2,1900839040.0
1829.414677,49.1,1901839104.0
1830.424665,49.4,1902838784.0
1831.436684,49.5,1903838720.0
1832.444681,49.1,1906938496.0
1835.556977,49.3,1907990272.0
1836.570953,49.3,1908988800.0
1837.578720,49.5,1909988992.0
1838.586418,49.3,1910988800.0
1839.593659,49.4,1911988736.0
1840.603668,49.4,1913038848.0
1841.618240,49.1,1914038784.0
1842.626951,49.5,1915039232.0
1843.634740,49.2,1916038784.0
1844.642671,49.4,1917038464.0
1845.653655,49.2,1918089216.0
1846.667120,49.4,1919088512.0
1847.677014,49.1,1920088704.0
1848.685083,49.0,1921088384.0
1849.692764,49.5,1922088704.0
1850.702662,49.4,1923138688.0
1851.715706,49.4,1924138752.0
1852.724884,49.0,1925139712.0
1853.732427,49.3,1926138496.0
1854.740424,49.4,1927138560.0
1855.751598,49.5,1928188800.0
1856.766353,49.0,1929188480.0
1857.776457,49.4,1930188544.0
1858.786305,49.4,1931188480.0
1859.794912,49.3,1932188416.0
1860.805442,49.3,1933238528.0
1861.821327,49.4,1934238336.0
1862.829412,49.4,1935238656.0
1863.838504,49.6,1937989120.0
1866.607698,49.1,1939038848.0
1867.620645,49.2,1940038656.0
1868.628552,49.3,1941038592.0
1869.636680,49.4,1942038528.0
1870.645875,,
1876.654825,,
1882.660854,49.6,1958138240.0
1886.755353,49.4,1959187584.0
1887.770708,49.3,1960188032.0
1888.778661,49.4,1961188224.0
1889.786422,49.4,1962188544.0
1890.794554,49.5,1963188224.0
1891.804868,49.2,1964238464.0
1892.818747,49.4,1965237888.0
1893.827261,49.2,1966237824.0
1894.834764,49.2,1967238144.0
1895.842510,49.6,1968238208.0
1896.853140,49.2,1969287936.0
1897.867052,49.4,1970288128.0
1898.877259,49.3,1971288192.0
1899.884686,49.2,1972288768.0
1900.892919,49.2,1973288064.0
1901.903312,49.6,1974338048.0
1902.916690,49.4,1975338112.0
1903.926506,49.1,1976338048.0
1904.933805,49.4,1977337984.0
1905.941735,49.4,1978338176.0
1906.952992,49.4,1979388672.0
1907.968011,49.4,1980387968.0
1908.977568,49.2,1981388032.0
1909.986271,49.5,1982387840.0
1910.994342,49.3,1983388032.0
1912.006361,49.4,1984437888.0
1913.019926,49.4,1985438080.0
1914.028337,49.5,1986438144.0
1915.035663,49.5,1987437824.0
1916.043531,49.3,1988437760.0
1917.053646,49.3,1989488000.0
1918.067691,49.0,1990487808.0
1919.077487,49.2,1991487744.0
1920.085172,49.7,1992488192.0
1921.094264,49.3,1993487616.0
1922.104651,49.2,1994537856.0
1923.116922,49.5,1995537792.0
1924.126112,49.6,1996537728.0
1925.133666,49.6,1997537792.0
1926.145600,49.3,1998537728.0
1927.155784,49.6,1999587840.0
1928.169653,49.6,2000587776.0
1929.177685,49.2,2001587328.0
1930.186834,49.5,2002587392.0
1931.194784,49.2,2003587456.0
1932.204558,49.2,2004637824.0
1933.219057,49.3,2005638144.0
1934.228010,49.4,2006638720.0
1935.235607,49.4,2007637376.0
1936.242874,49.5,2008637056.0
1937.253660,49.6,2009687808.0
1938.267207,49.4,2010687616.0
1939.278128,49.5,2011687680.0
1940.286111,49.8,2012687232.0
1941.293669,49.3,2013687424.0
1942.304545,49.4,2014737792.0
1943.317691,49.4,2015737856.0
1944.326799,49.3,2016737408.0
1945.335649,49.4,2017737216.0
1946.342941,49.5,2018737152.0
1947.354395,49.4,2019787392.0
1948.367753,49.3,2020787712.0
1949.377778,49.6,2021787392.0
1950.384645,49.4,2022787200.0
1951.391664,49.3,2023787392.0
1952.401736,49.4,2024837376.0
1953.416704,49.6,2025837312.0
1954.426664,49.6,2026836736.0
1955.434694,49.7,2027837056.0
1956.441658,49.5,2028836864.0
1957.451661,49.3,2029837440.0
1958.466920,49.6,2030887168.0
1959.478261,49.5,2031887104.0
1960.486012,49.3,2032887552.0
1961.494079,49.4,2033886464.0
1962.504764,49.3,2034937600.0
1963.519196,49.5,2035936896.0
1964.527921,49.6,2036936832.0
1965.535683,49.5,2037937024.0
1966.543648,49.5,2038936704.0
1967.553674,49.4,2039987072.0
1968.567158,49.4,2040987136.0
1969.576649,49.6,2041987456.0
1970.584758,,
1976.593576,,
1982.602150,49.2,2058136064.0
1986.722477,49.4,2059136384.0
1987.730568,49.4,2060136832.0
1988.738943,49.2,2061136128.0
1989.748608,49.5,2062136832.0
1990.759063,49.4,2063186432.0
1991.771723,49.3,2064186752.0
1992.781162,49.6,2065186560.0
1993.789686,49.3,2066187008.0
1994.798664,49.6,2067186688.0
1995.807672,49.5,2068236800.0
1996.820673,49.6,2069236480.0
1997.829577,49.9,2070236800.0
1998.837887,49.5,2071236480.0
1999.846166,49.5,2072236544.0
2000.856155,49.5,2073286784.0
2001.870209,49.6,2074286464.0
2002.879579,49.8,2075286400.0
2003.887970,49.2,2076286464.0
2004.895666,49.8,2077286528.0
2005.905287,49.7,2078336512.0
2006.920052,49.8,2079337088.0
2007.927647,49.5,2080336640.0
2008.935686,49.3,2081336704.0
2009.943730,49.6,2082336384.0
2010.955654,49.7,2083386624.0
2011.970306,49.2,2084385920.0
2012.979017,49.5,2085386240.0
2013.986560,49.6,2086387072.0
2014.994193,49.4,2087386368.0
2016.005944,49.7,2088436480.0
2017.020648,49.4,2089436416.0
2018.028357,49.6,2090436224.0
2019.037275,49.5,2091435648.0
2020.045273,49.4,2092435584.0
2021.056669,49.6,2093485824.0
2022.071710,49.7,2094486656.0
2023.080510,49.5,2095486208.0
2024.088845,49.5,2096486144.0
2025.096456,49.5,2097486208.0
2026.106309,49.6,2098536064.0
2027.119652,49.5,2099535616.0
2028.127830,49.8,2100535296.0
2029.135599,49.7,2101536256.0
2030.143688,49.5,2102536448.0
2031.154656,49.6,2103586432.0
2032.168090,49.7,2104585472.0
2033.177686,49.5,2105586560.0
2034.185674,49.4,2106586496.0
2035.193887,49.5,2107586432.0
2036.204975,49.5,2108636160.0
2037.219246,49.7,2109635456.0
2038.228661,49.5,2110636288.0
2039.236794,49.4,2111636352.0
2040.243690,49.8,2112636288.0
2041.254268,49.9,2113686016.0
2042.267859,49.7,2114685824.0
2043.277294,49.6,2115686784.0
2044.285214,49.7,2116686336.0
2045.295045,49.7,2117686016.0
2046.305493,50.1,2118736256.0
2047.319376,50.0,2119735936.0
2048.329081,49.6,2120735872.0
2049.337196,49.7,2121736064.0
2050.345816,49.7,2122736000.0
2051.355682,49.5,2123786496.0
2052.369312,49.6,2124785792.0
2053.378913,49.5,2125786112.0
2054.386658,49.6,2126785792.0
2055.394240,49.7,2127785600.0
2056.406166,49.8,2128835968.0
2057.420121,49.3,2129836160.0
2058.429238,49.3,2130836096.0
2059.437277,49.7,2131835776.0
2060.445581,49.4,2132835712.0
2061.455660,49.9,2133886208.0
2062.469598,49.4,2134885888.0
2063.478695,49.6,2135885056.0
2064.486656,49.5,2136885120.0
2065.495011,49.5,2137884800.0
2066.504703,49.6,2138935936.0
2067.519169,49.8,2139935616.0
2068.528909,49.5,2140935936.0
2069.537255,49.6,2141936000.0
2070.543645,49.3,2142935680.0
2071.554539,49.5,2143984640.0
2072.568663,49.6,2144985472.0
2073.577703,49.5,2145985408.0
2074.585962,49.6,2146985856.0
2075.593682,49.6,2147985920.0
2076.604693,49.6,2149036288.0
2077.618192,49.6,2150035712.0
2078.628783,49.5,2151035648.0
2079.636859,49.6,2152035584.0
2080.643678,49.5,2153035520.0
2081.654661,49.5,2154085376.0
2082.668966,49.6,2155085312.0
2083.678847,49.7,2156085504.0
2084.686757,49.5,2157085696.0
2085.695309,49.4,2158085376.0
2086.705653,49.9,2159135488.0
2087.717866,49.6,2160135680.0
2088.727673,49.7,2161135104.0
2089.735741,49.4,2162135808.0
2090.743507,,
2096.752576,,
2102.761076,49.9,2178234624.0
2106.852086,49.9,2179284736.0
2107.865835,49.4,2180284160.0
2108.875184,49.5,2181284608.0
2109.884256,49.7,2182285056.0
2110.891642,49.7,2183284736.0
2111.901307,49.9,2184284928.0
2112.911691,49.8,2185334784.0
2113.921663,49.6,2186335488.0
2114.930641,49.8,2187334912.0
2115.936648,49.7,2188335616.0
2116.944169,49.6,2189335296.0
2117.954894,49.6,2190385152.0
2118.969379,49.5,2191384832.0
2119.980061,49.6,2192384768.0
2120.987607,49.5,2193384960.0
2121.995643,49.8,2194385408.0
2123.006098,49.7,2195435008.0
2124.020347,49.7,2196434688.0
2125.028559,49.5,2197435136.0
2126.037510,49.6,2198435328.0
2127.045943,49.7,2199435008.0
2128.056669,49.7,2200485632.0
2129.070489,49.6,2201485056.0
2130.080342,49.7,2202484224.0
2131.086689,49.5,2203484160.0
2132.094984,49.5,2204484096.0
2133.104663,49.5,2205534976.0
2134.118932,49.6,2206534144.0
2135.126663,49.7,2207534848.0
2136.134362,50.1,2208535040.0
2137.142929,49.4,2209535232.0
2138.153275,49.8,2210584576.0
2139.166918,49.8,2211584512.0
2140.175714,49.5,2212583936.0
2141.183786,49.6,2213584384.0
2142.192117,49.6,2214584576.0
2143.202187,49.4,2215584512.0
2144.212869,50.0,2216634624.0
2145.224157,49.7,2217635328.0
2146.232024,49.9,2218634752.0
2147.240392,49.5,2219634944.0
2148.249606,49.6,2220635648.0
2149.259137,49.9,2221685248.0
2150.272768,49.7,2222684416.0
2151.281685,,
2157.288002,,
2163.296794,49.8,2238784256.0
2167.393574,49.8,2239784960.0
2168.404744,49.8,2240834560.0
2169.418189,49.6,2241834752.0
2170.428661,49.8,2242834176.0
2171.436862,49.9,2243834112.0
2172.444646,49.8,2244834560.0
2173.454881,49.9,2245884672.0
2174.469061,49.9,2246883840.0
2175.478699,49.9,2247884288.0
2176.486707,49.9,2248883968.0
2177.495667,49.8,2249883904.0
2178.506806,49.9,2250934528.0
2179.522402,49.6,2251934464.0
2180.530759,49.7,2252933888.0
2181.539011,49.6,2253934848.0
2182.546643,49.8,2254934528.0
2183.558966,49.9,2255984128.0
2184.573314,49.8,2256984576.0
2185.582780,49.8,2257983744.0
2186.590495,49.8,2258984192.0
2187.600462,49.9,2259984128.0
2188.610598,49.6,2261034240.0
2189.622835,49.9,2262033920.0
2190.631917,49.8,2263034112.0
2191.640423,50.0,2264034304.0
2192.649659,49.6,2265034240.0
2193.658680,49.7,2266084096.0
2194.671998,49.7,2267083776.0
2195.680059,49.6,2268083968.0
2196.688343,49.8,2269084160.0
2197.696348,50.0,2270084352.0
2198.706114,50.0,2271134464.0
2199.719966,49.7,2272133888.0
2200.729537,50.0,2273134080.0
2201.738549,50.1,2274133760.0
2202.746717,49.8,2275133952.0
2203.757175,49.6,2276184064.0
2204.771389,49.7,2277184000.0
2205.780241,49.8,2278183424.0
2206.789258,49.7,2279184384.0
2207.797365,49.9,2280183552.0
2208.807593,50.1,2281234688.0
2209.822180,49.7,2282233856.0
2210.831328,50.0,2283234048.0
2211.841107,49.9,2284234496.0
2212.850857,49.9,2285233920.0
2213.861246,49.7,2286283776.0
2214.873746,49.9,2287283968.0
2215.883990,49.7,2288283136.0
2216.891761,49.7,2289283584.0
2217.901497,49.9,2290284032.0
2218.911658,49.9,2291333632.0
2219.922351,49.9,2292333824.0
2220.930522,49.9,2293333760.0
2221.938762,49.9,2294333696.0
2222.947681,50.0,2295333632.0
2223.958483,50.1,2296383744.0
2224.973809,50.1,2297383680.0
2225.983210,50.0,2298383616.0
2226.990723,49.7,2299384064.0
2228.000560,49.9,2300383488.0
2229.012645,50.0,2301433856.0
2230.026661,49.7,2302433792.0
2231.033699,50.0,2303433216.0
2232.042443,50.0,2304433152.0
2233.052036,49.9,2305433344.0
2234.061082,50.1,2306483456.0
2235.073656,50.0,2307483392.0
2236.081743,49.9,2308483584.0
2237.089962,49.8,2309483520.0
2238.097471,49.8,2310482944.0
2239.107813,50.0,2311533312.0
2240.121649,49.7,2312533248.0
2241.130174,49.9,2313533696.0
2242.138733,50.0,2314533376.0
2243.145670,49.8,2315533568.0
2244.157171,50.2,2316583168.0
2245.170653,50.1,2317583104.0
2246.179935,49.9,2318583040.0
2247.188075,49.6,2319583488.0
2248.197056,50.0,2320583424.0
2249.208343,49.6,2321633024.0
2250.221948,50.2,2322633472.0
2251.230662,49.8,2323632896.0
2252.237709,49.7,2324632576.0
2253.246475,50.0,2325632768.0
2254.257023,49.7,2326682624.0
2255.272107,50.2,2327683072.0
2256.282188,49.7,2328683264.0
2257.289833,50.0,2329683456.0
2258.297673,50.0,2330683136.0
2259.307445,49.9,2331733248.0
2260.321284,50.1,2332732928.0
2261.330478,49.9,2333732864.0
2262.338787,49.9,2334732544.0
2263.348893,50.1,2335732992.0
2264.359319,49.9,2336782336.0
2265.372855,50.0,2337783296.0
2266.381142,50.1,2338782976.0
2267.388650,50.0,2339782656.0
2268.396279,50.1,2340782848.0
2269.406655,50.0,2341832704.0
2270.419646,49.6,2342832896.0
2271.427661,,
2277.436163,,
2283.443657,50.0,2357882880.0
2286.497665,50.1,2358883072.0
2287.507468,49.8,2359932928.0
2288.521577,50.0,2360933120.0
2289.529654,49.7,2361932800.0
2290.536671,49.9,2362932736.0
2291.544652,50.1,2363932928.0
2292.554660,49.8,2364933376.0
2293.569074,50.2,2365982464.0
2294.578701,50.0,2366982912.0
2295.586688,50.1,2367983104.0
2296.593656,49.8,2368982784.0
2297.603651,49.8,2370032896.0
2298.618948,49.7,2371032832.0
2299.626956,50.1,2372033024.0
2300.634840,50.0,2373032704.0
2301.643268,49.9,2374032896.0
2302.654207,50.1,2375083008.0
2303.667656,50.1,2376082176.0
2304.676894,49.9,2377082624.0
2305.684707,49.9,2378082560.0
2306.691656,49.8,2379082496.0
2307.702882,50.0,2380082688.0
2308.713547,49.9,2381132800.0
2309.724830,49.8,2382132736.0
2310.732942,49.9,2383132416.0
2311.739641,49.9,2384131840.0
2312.746665,50.1,2385132288.0
2313.757269,50.0,2386183168.0
2314.770664,50.0,2387182592.0
2315.779917,49.8,2388182784.0
2316.787678,50.0,2389182720.0
2317.796671,49.9,2390182912.0
2318.807602,50.0,2391233024.0
2319.821882,49.9,2392232192.0
2320.831009,50.1,2393232640.0
2321.839434,50.0,2394232576.0
2322.847909,50.0,2395232512.0
2323.857726,50.0,2396282112.0
2324.871436,50.0,2397282560.0
2325.880579,50.2,2398282496.0
2326.887709,49.9,2399282688.0
2327.897253,49.9,2400282624.0
2328.907654,50.0,2401332480.0
2329.920815,49.8,2402332672.0
2330.930058,50.0,2403332352.0
2331.937611,50.1,2404333056.0
2332.946516,50.1,2405332480.0
2333.957571,50.3,2406382592.0
2334.971676,50.4,2407382272.0
2335.979642,49.9,2408381952.0
2336.988314,50.1,2409382144.0
2337.995673,50.1,2410382080.0
2339.006134,49.9,2411432704.0
2340.019980,50.1,2412432384.0
2341.028657,50.1,2413432320.0
2342.035404,50.1,2414432512.0
2343.043345,50.0,2415431936.0
2344.054718,50.1,2416482304.0
2345.069229,50.2,2417482240.0
2346.077646,50.3,2418482432.0
2347.084660,49.9,2419482112.0
2348.092183,49.9,2420482304.0
2349.101667,49.9,2421481984.0
2350.111689,50.3,2422532096.0
2351.123649,49.9,2423532800.0
2352.131683,50.2,2424532480.0
2353.138674,50.2,2425532160.0
2354.147022,50.2,2426532608.0
2355.158252,50.0,2427582208.0
2356.172398,50.0,2428582144.0
2357.182513,50.1,2429582080.0
2358.191453,50.2,2430582272.0
2359.201210,50.0,2431582976.0
2360.210919,50.0,2432631808.0
2361.222647,50.0,2433632256.0
2362.231651,50.1,2434631936.0
2363.240193,50.4,2435632128.0
2364.251111,49.9,2436632320.0
2365.260352,50.3,2437681920.0
2366.274270,50.1,2438681856.0
2367.282544,50.2,2439681792.0
2368.291748,49.8,2440681984.0
2369.301753,50.1,2441681664.0
2370.311272,50.2,2442732288.0
2371.323654,49.9,2443731456.0
2372.331304,50.2,2444731904.0
2373.340187,50.2,2445731840.0
2374.347650,50.3,2446732032.0
2375.356680,50.0,2447781888.0
2376.369660,50.2,2448781568.0
2377.379119,50.0,2449781760.0
2378.388669,50.0,2450782208.0
2379.397329,50.4,2451781120.0
2380.407655,50.2,2452832256.0
2381.420762,50.3,2453831424.0
2382.430361,49.8,2454832640.0
2383.438523,50.2,2455831296.0
2384.446960,50.0,2456832000.0
2385.457785,50.0,2457882112.0
2386.471660,50.2,2458881792.0
2387.481222,50.3,2459881472.0
2388.489775,50.1,2460881152.0
2389.498647,50.0,2461882368.0
2390.508305,,
2396.517871,,
2402.524963,50.2,2478031616.0
2406.626307,50.2,2479031040.0
2407.633719,50.0,2480031488.0
2408.642248,50.0,2481031168.0
2409.650646,50.4,2482031872.0
2410.659969,50.0,2483081472.0
2411.672871,50.3,2484081920.0
2412.680647,50.2,2485081600.0
2413.688891,50.4,2486081024.0
2414.697390,50.1,2487081216.0
2415.706856,50.1,2488131328.0
2416.719685,50.2,2489131264.0
2417.728591,50.3,2490131712.0
2418.737300,50.4,2491131392.0
2419.745821,49.9,2492131328.0
2420.755683,50.1,2493180928.0
2421.770159,50.1,2494181376.0
2422.778671,50.1,2495181824.0
2423.787042,50.2,2496181504.0
2424.794640,50.3,2497181184.0
2425.805242,50.1,2498231296.0
2426.819138,50.3,2499230976.0
2427.827840,49.9,2500230656.0
2428.835427,50.2,2501231104.0
2429.843662,50.2,2502230784.0
2430.853640,50.2,2503280896.0
2431.865642,50.2,2504280576.0
2432.874654,49.9,2505281536.0
2433.881296,50.2,2506281728.0
2434.888257,50.2,2507281152.0
2435.896255,50.1,2508280832.0
2436.905590,50.3,2509330688.0
2437.918849,50.3,2510330880.0
2438.927654,49.9,2511330560.0
2439.934682,50.1,2512331776.0
2440.943644,50.2,2513330944.0
2441.953642,50.1,2514380544.0
2442.967647,50.1,2515381248.0
2443.975696,50.3,2516380928.0
2444.983710,49.9,2517380864.0
2445.990680,50.4,2518381056.0
2447.000931,50.0,2519430912.0
2448.016214,50.4,2520431104.0
2449.026007,50.2,2521430784.0
2450.034929,50.0,2522431232.0
2451.042867,50.1,2523430912.0
2452.052652,50.3,2524481024.0
2453.065676,50.3,2525480960.0
2454.074691,50.2,2526481152.0
2455.083252,49.9,2527481088.0
2456.092323,50.1,2528481024.0
2457.103672,50.5,2529531392.0
2458.116403,50.3,2530530816.0
2459.125934,50.2,2531531008.0
2460.133712,50.0,2532530688.0
2461.141938,50.3,2533530880.0
2462.151870,50.3,2534580736.0
2463.164871,50.1,2535580672.0
2464.175403,50.1,2536581120.0
2465.184299,50.2,2537581056.0
2466.192767,50.1,2538580736.0
2467.202765,50.1,2539630080.0
2468.216263,50.0,2540630528.0
2469.225310,50.3,2541630720.0
2470.234958,49.9,2542630656.0
2471.243604,50.2,2543630336.0
2472.253522,50.1,2544680960.0
2473.268702,50.4,2545680896.0
2474.276978,50.2,2546681088.0
2475.285447,50.1,2547681024.0
2476.295810,49.9,2548681216.0
2477.307521,50.2,2549730304.0
2478.318722,50.3,2550731008.0
2479.326670,50.0,2551730688.0
2480.335051,50.2,2552730624.0
2481.344537,50.2,2553730816.0
2482.355012,50.3,2554780928.0
2483.368507,50.1,2555780096.0
2484.376292,50.2,2556780800.0
2485.384313,50.1,2557780992.0
2486.392488,49.9,2558780928.0
2487.402794,50.1,2559830784.0
2488.417962,50.4,2560830464.0
2489.426139,50.2,2561830656.0
2490.435600,50.2,2562831104.0
2491.447024,50.3,2563831040.0
2492.457770,50.1,2564880640.0
2493.467984,50.4,2565880576.0
2494.476047,49.8,2566880512.0
2495.485489,50.3,2567880704.0
2496.497976,50.3,2568930560.0
2497.513299,50.0,2569930752.0
2498.522911,50.0,2570930432.0
2499.530727,50.3,2571931648.0
2500.538103,50.2,2572930560.0
2501.548665,50.2,2573980416.0
2502.562322,50.4,2574980608.0
2503.571669,50.2,2575980288.0
2504.580608,50.1,2576980224.0
2505.589021,50.2,2577980416.0
2506.600110,50.0,2579030784.0
2507.612656,50.3,2580030976.0
2508.621678,50.0,2581030144.0
2509.629681,50.2,2582030336.0
2510.636669,,
2516.644005,,
2522.652201,50.4,2598180352.0
2526.760406,50.3,2599179776.0
2527.770929,50.6,2600179712.0
2528.780705,50.3,2601179904.0
2529.790640,50.1,2602180608.0
2530.800777,50.1,2603229952.0
2531.815291,50.5,2604229888.0
2532.823642,50.3,2605230080.0
2533.831093,50.2,2606229760.0
2534.839246,50.5,2607229952.0
2535.850306,50.2,2608280576.0
2536.864672,50.2,2609279232.0
2537.872658,50.3,2610280448.0
2538.880691,50.2,2611279872.0
2539.890452,50.3,2612280320.0
2540.901147,50.5,2613329664.0
2541.914616,50.4,2614329856.0
2542.923680,50.1,2615329536.0
2543.931516,50.3,2616330752.0
2544.940863,50.3,2617329920.0
2545.950808,50.4,2618379520.0
2546.964702,50.4,2619379712.0
2547.973150,50.4,2620379136.0
2548.981942,50.3,2621379840.0
2549.993303,50.2,2622379776.0
2551.008354,50.2,2623430144.0
2552.017865,50.2,2624429312.0
2553.026196,50.0,2625429504.0
2554.034036,50.5,2626429184.0
2555.046078,50.1,2627479552.0
2556.061733,50.2,2628480512.0
2557.070731,50.2,2629479168.0
2558.080098,50.3,2630479360.0
2559.087714,50.3,2631479296.0
2560.097643,50.1,2632529408.0
2561.111187,50.2,2633529856.0
2562.119498,50.7,2634529024.0
2563.127817,50.2,2635529728.0
2564.136044,50.1,2636529152.0
2565.147401,50.1,2637579776.0
2566.162783,50.4,2638579200.0
2567.172267,50.4,2639579648.0
2568.181441,50.2,2640578816.0
2569.190323,50.4,2641579008.0
2570.199675,49.9,2642628864.0
2571.212210,50.3,2643628544.0
2572.220185,50.2,2644629248.0
2573.229511,50.2,2645629440.0
2574.237865,50.5,2646629376.0
2575.248072,50.2,2647678720.0
2576.261308,50.4,2648679168.0
2577.268658,50.0,2649678848.0
2578.276955,50.4,2650678784.0
2579.285915,50.2,2651678464.0
2580.295982,50.2,2652729600.0
2581.309196,50.0,2653729280.0
2582.318054,50.4,2654729216.0
2583.328958,49.9,2655729152.0
2584.338455,50.2,2656729088.0
2585.347646,50.4,2657779200.0
2586.361007,50.3,2658779904.0
2587.368698,50.4,2659779584.0
2588.377039,50.3,2660779264.0
2589.385585,50.3,2661779200.0
2590.395324,50.4,2662828544.0
2591.409549,50.7,2663828480.0
2592.417683,50.5,2664828928.0
2593.427348,50.4,2665829120.0
2594.435200,50.5,2666829056.0
2595.444886,50.0,2667878912.0
2596.459486,50.2,2668878848.0
2597.468000,50.2,2669879552.0
2598.478286,50.3,2670878208.0
2599.488577,50.5,2671878400.0
2600.498190,50.2,2672929024.0
2601.511223,50.2,2673928960.0
2602.518687,50.4,2674929152.0
2603.526257,50.1,2675928832.0
2604.535947,50.5,2676929280.0
2605.546593,50.4,2677978880.0
2606.560107,50.3,2678979072.0
2607.568256,50.2,2679979776.0
2608.576737,50.2,2680978944.0
2609.586693,50.4,2681979392.0
2610.598134,50.4,2683028736.0
2611.610689,50.5,2684028928.0
2612.619589,50.0,2685028864.0
2613.628873,50.4,2686028800.0
2614.640773,50.3,2687078912.0
2615.655174,50.2,2688078592.0
2616.665472,50.3,2689078528.0
2617.676215,50.6,2690078464.0
2618.685106,49.9,2691078400.0
2619.695814,50.2,2692129024.0
2620.709187,50.3,2693128960.0
2621.717790,50.5,2694128896.0
2622.726592,50.4,2695128576.0
2623.736668,50.2,2696128512.0
2624.747363,50.3,2697178880.0
2625.760075,50.0,2698178560.0
2626.768715,50.3,2699178496.0
2627.777542,50.3,2700178944.0
2628.786567,50.2,2701178624.0
2629.796663,50.2,2702227712.0
2630.807991,,
2636.816655,,
2642.823654,50.4,2718278656.0
2646.880686,50.5,2719278592.0
2647.890643,50.4,2720328704.0
2648.903929,50.6,2721328896.0
2649.913596,50.4,2722328320.0
2650.921610,50.2,2723329280.0
2651.929667,50.6,2724328704.0
2652.940191,50.2,2725378560.0
2653.953592,50.5,2726378496.0
2654.963840,50.5,2727378432.0
2655.971119,50.1,2728378624.0
2656.978651,50.5,2729378048.0
2657.988447,50.4,2730378240.0
2659.002396,50.0,2731428352.0
2660.011841,50.4,2732428544.0
2661.018656,50.4,2733428224.0
2662.025584,50.5,2734428160.0
2663.034691,50.1,2735428352.0
2664.043661,50.4,2736478208.0
2665.057729,50.4,2737477888.0
2666.065046,50.6,2738478592.0
2667.073108,50.6,2739478272.0
2668.079676,50.4,2740478720.0
2669.089932,50.4,2741528320.0
2670.105180,50.2,2742528512.0
2671.114287,50.4,2743528448.0
2672.121643,50.4,2744528128.0
2673.128977,50.2,2745528064.0
2674.137660,50.4,2746578176.0
2675.151658,50.2,2747578368.0
2676.161488,50.3,2748578816.0
2677.168667,50.3,2749578240.0
2678.176997,50.2,2750578176.0
2679.186796,50.5,2751579136.0
2680.196761,50.3,2752628224.0
2681.207216,50.4,2753627648.0
2682.214794,50.4,2754627328.0
2683.223138,50.6,2755627008.0
2684.232696,50.2,2756628224.0
2685.243686,50.5,2757678592.0
2686.257298,50.7,2758678016.0
2687.265395,50.3,2759678208.0
2688.275256,50.6,2760677888.0
2689.284878,50.7,2761678080.0
2690.295012,50.5,2762727680.0
2691.306416,50.0,2763727872.0
2692.314930,50.7,2764727808.0
2693.323671,50.4,2765728000.0
2694.332686,50.8,2766727936.0
2695.342614,50.4,2767777792.0
2696.356267,50.7,2768777728.0
2697.364414,50.5,2769778176.0
2698.373456,50.5,2770778624.0
2699.383027,50.3,2771777792.0
2700.392764,50.3,2772827904.0
2701.406521,50.2,2773828864.0
2702.415106,50.4,2774827520.0
2703.422662,50.1,2775827712.0
2704.429853,50.3,2776828160.0
2705.442433,50.6,2777877760.0
2706.456677,50.6,2778878208.0
2707.464679,50.5,2779877632.0
2708.474883,50.6,2780879360.0
2709.486351,50.6,2781927680.0
2710.500421,50.5,2782928128.0
2711.510447,50.3,2783927552.0
2712.518435,50.6,2784926720.0
2713.527693,50.4,2785926656.0
2714.538787,50.3,2786977536.0
2715.553192,50.3,2787976704.0
2716.562095,50.4,2788976640.0
2717.570908,50.6,2789977344.0
2718.579381,50.8,2790976768.0
2719.588965,50.5,2792027648.0
2720.602890,50.2,2793027584.0
2721.612000,50.3,2794027520.0
2722.620725,50.5,2795027968.0
2723.628866,50.4,2796027392.0
2724.640334,50.5,2797077248.0
2725.655995,50.6,2798077696.0
2726.663646,50.4,2799077120.0
2727.672702,50.4,2800077824.0
2728.681660,50.4,2801077248.0
2729.689644,50.5,2802126336.0
2730.703322,50.2,2803126784.0
2731.712528,50.4,2804126720.0
2732.721489,50.3,2805126144.0
2733.730897,50.5,2806126592.0
2734.740671,50.6,2807176192.0
2735.754658,50.3,2808176128.0
2736.762345,50.3,2809177088.0
2737.771151,50.4,2810177792.0
2738.780665,50.6,2811176960.0
2739.789668,50.6,2812227072.0
2740.803083,50.5,2813226752.0
2741.812608,50.5,2814227200.0
2742.821154,50.5,2815226880.0
2743.829278,50.4,2816227584.0
2744.839418,50.2,2817277184.0
2745.853375,50.4,2818277120.0
2746.861692,50.6,2819277312.0
2747.870958,50.7,2820276736.0
2748.879052,50.5,2821276928.0
2749.889125,50.7,2822327040.0
2750.901659,,
2756.910341,,
2762.919362,50.5,2838426368.0
2767.010588,50.6,2839426560.0
2768.017691,50.3,2840427008.0
2769.027227,50.7,2841426688.0
2770.037957,50.6,2842476800.0
2771.052689,50.3,2843476480.0
2772.061320,50.6,2844477184.0
2773.071067,50.6,2845476352.0
2774.081167,50.4,2846476544.0
2775.091763,50.6,2847526656.0
2776.102529,50.6,2848526592.0
2777.111023,50.5,2849526528.0
2778.120517,50.8,2850526464.0
2779.129674,50.4,2851526400.0
2780.139452,51.1,2852576512.0
2781.152201,50.8,2853577216.0
2782.160953,50.7,2854576640.0
2783.170223,50.5,2855576320.0
2784.181359,50.5,2856576256.0
2785.196483,50.6,2857626624.0
2786.205644,50.4,2858626816.0
2787.212653,50.6,2859626496.0
2788.220298,50.5,2860625920.0
2789.229129,50.8,2861626624.0
2790.239675,50.4,2862676224.0
2791.251664,50.4,2863676160.0
2792.259953,50.5,2864676352.0
2793.268151,50.4,2865676032.0
2794.276661,50.7,2866675968.0
2795.287647,50.5,2867726592.0
2796.301695,50.5,2868726528.0
2797.309532,51.0,2869726208.0
2798.318273,50.8,2870726656.0
2799.327177,50.4,2871726080.0
2800.337564,50.7,2872775680.0
2801.351115,50.4,2873776128.0
2802.358699,50.5,2874776320.0
2803.368767,50.7,2875775744.0
2804.376660,50.6,2876775424.0
2805.387063,50.4,2877825536.0
2806.400654,50.7,2878825984.0
2807.408784,50.5,2879825920.0
2808.416987,50.3,2880825856.0
2809.426654,50.8,2881876736.0
2810.447181,50.6,2882876160.0
2811.457038,50.4,2883876096.0
2812.465572,50.5,2884875776.0
2813.473689,50.5,2885876224.0
2814.485848,50.6,2886927104.0
2815.500072,50.7,2887926016.0
2816.508212,50.9,2888926208.0
2817.518777,50.8,2889927168.0
2818.527817,50.5,2890926336.0
2819.538163,50.7,2891976192.0
2820.551157,50.4,2892976128.0
2821.559209,50.7,2893975808.0
2822.568855,50.7,2894976000.0
2823.577718,50.9,2895976448.0
2824.587256,50.4,2897026048.0
2825.600683,50.5,2898025984.0
2826.608829,50.6,2899025664.0
2827.616823,50.8,2900026112.0
2828.624720,50.5,2901026048.0
2829.636740,50.6,2902076160.0
2830.650986,50.8,2903076096.0
2831.660385,50.4,2904075520.0
2832.669237,50.5,2905075712.0
2833.679038,50.5,2906075904.0
2834.688913,50.5,2907125760.0
2835.700329,50.5,2908125696.0
2836.709513,50.5,2909125632.0
2837.716645,50.2,2910125824.0
2838.724706,50.6,2911126272.0
2839.735208,50.3,2912175616.0
2840.749212,50.5,2913176064.0
2841.757936,50.6,2914176256.0
2842.766694,50.5,2915175680.0
2843.774195,50.3,2916175360.0
2844.785877,50.6,2917225728.0
2845.799445,50.6,2918225664.0
2846.808056,50.2,2919225344.0
2847.816818,50.6,2920225536.0
2848.824519,50.7,2921224704.0
2849.835665,50.3,2922276096.0
2850.849465,50.5,2923275520.0
2851.858304,50.8,2924275456.0
2852.866668,50.5,2925275136.0
2853.874865,50.6,2926274816.0
2854.884652,50.6,2927325696.0
2855.898289,50.8,2928325376.0
2856.906482,50.3,2929325568.0
2857.914391,50.6,2930325504.0
2858.923606,50.5,2931325440.0
2859.933881,50.6,2932376064.0
2860.948186,50.6,2933375744.0
2861.956519,51.0,2934375680.0
2862.963728,50.8,2935375360.0
2863.972052,50.7,2936375552.0
2864.982900,50.5,2937425408.0
2865.998045,50.6,2938425088.0
2867.006866,50.5,2939425280.0
2868.015685,50.5,2940425472.0
2869.024684,50.8,2941425664.0
2870.034751,50.8,2942475520.0
2871.047658,,
2877.054975,,
2883.062399,50.5,2958575360.0
2887.143926,50.4,2959575040.0
2888.154351,50.6,2960574720.0
2889.162571,50.7,2961574912.0
2890.170614,50.4,2962574848.0
2891.183342,50.8,2963624960.0
2892.199191,50.6,2964625408.0
2893.207387,50.5,2965624832.0
2894.215665,50.5,2966624768.0
2895.227977,50.5,2967624960.0
2896.242967,50.7,2968675072.0
2897.252988,50.7,2969675008.0
2898.260687,50.6,2970675200.0
2899.269772,50.6,2971675136.0
2900.281034,50.8,2972724992.0
2901.295125,50.5,2973724928.0
2902.304312,50.3,2974724608.0
2903.312812,50.5,2975724800.0
2904.321152,50.7,2976724992.0
2905.332030,50.7,2977774848.0
2906.347506,50.4,2978774784.0
2907.356373,50.7,2979774976.0
2908.364664,50.6,2980774912.0
2909.373915,50.7,2981774848.0
2910.384081,50.5,2982824960.0
2911.397653,50.6,2983824640.0
2912.407024,50.8,2984824832.0
2913.415083,50.5,2985824768.0
2914.422182,50.4,2986824704.0
2915.434115,50.7,2987874816.0
2916.448668,50.5,2988874752.0
2917.456522,50.6,2989874688.0
2918.466665,50.7,2990875136.0
2919.476672,50.6,2991874816.0
2920.487360,50.9,2992924160.0
2921.497325,50.8,2993924608.0
2922.505665,50.6,2994924800.0
2923.515104,50.7,2995924736.0
2924.526037,50.5,2996924416.0
2925.536100,50.9,2997974784.0
2926.547225,50.4,2998974720.0
2927.555916,51.1,2999974656.0
2928.563668,50.7,3000974592.0
2929.570641,50.6,3001974784.0
2930.580613,50.4,3003025152.0
2931.596027,50.6,3004024576.0
2932.604969,50.6,3005023744.0
2933.614106,50.7,3006024192.0
2934.622429,50.5,3007024896.0
2935.632343,50.6,3008074240.0
2936.646833,50.8,3009074432.0
2937.656750,50.9,3010074112.0
2938.665846,50.6,3011074816.0
2939.676175,50.7,3012123904.0
2940.692243,50.8,3013124864.0
2941.702216,50.6,3014124288.0
2942.710247,50.6,3015124224.0
2943.719034,50.5,3016124160.0
2944.730915,50.8,3017174528.0
2945.745368,50.2,3018174208.0
2946.754307,50.9,3019173888.0
2947.763255,50.8,3020174336.0
2948.773024,50.6,3021174016.0
2949.782793,50.5,3022224384.0
2950.798157,51.0,3023224320.0
2951.806575,50.7,3024224256.0
2952.814699,50.7,3025224192.0
2953.824482,50.7,3026223872.0
2954.835056,50.4,3027273984.0
2955.847579,51.0,3028274176.0
2956.856771,50.7,3029274112.0
2957.865532,50.4,3030274304.0
2958.875969,50.8,3031273984.0
2959.891004,50.6,3032324352.0
2960.902557,50.6,3033324032.0
2961.909665,50.8,3034323968.0
2962.917030,50.5,3035324160.0
2963.928646,50.4,3036374016.0
2964.943955,50.5,3037374208.0
2965.952981,50.9,3038373888.0
2966.961152,50.6,3039374592.0
2967.969299,50.8,3040374016.0
2968.980300,50.7,3041424128.0
2969.995042,50.7,3042424320.0
2971.003767,51.0,3043423744.0
2972.011795,50.7,3044424192.0
2973.020425,50.9,3045424128.0
2974.030618,50.4,3046474240.0
2975.045953,50.8,3047474176.0
2976.054214,50.6,3048473856.0
2977.062439,50.5,3049473792.0
2978.070791,50.5,3050473984.0
2979.082029,50.6,3051523328.0
2980.097713,50.5,3052523776.0
2981.105556,50.7,3053523712.0
2982.114655,50.5,3054523904.0
2983.124518,50.5,3055523840.0
2984.134580,50.4,3056573696.0
2985.146207,50.5,3057574144.0
2986.154785,51.0,3058573312.0
2987.163964,50.5,3059573760.0
2988.174579,50.8,3060573696.0
2989.185347,50.6,3061623808.0
2990.196834,50.9,3062623488.0
2991.205083,,
2993.778446,,
2999.786985,,
3005.796437,51.1,3078223616.0
3006.805306,50.8,3079223552.0
3007.814264,50.8,3080223232.0
3008.825424,50.6,3081223936.0
3009.835794,50.6,3082273536.0
3010.846866,50.8,3083273728.0
3011.855070,50.7,3084273408.0
3012.863157,50.7,3085273088.0
3013.875131,50.7,3086323712.0
3014.891356,50.5,3087323136.0
3015.902391,50.6,3088323328.0
3016.910420,50.7,3089323520.0
3017.918773,50.8,3090323712.0
3018.930124,50.7,3091373312.0
3019.945677,50.8,3092373248.0
3020.954116,50.6,3093373440.0
3021.962304,50.9,3094373632.0
3022.970137,50.7,3095373312.0
3023.980320,50.9,3096423424.0
3024.996003,50.9,3097423360.0
3026.004039,50.9,3098422528.0
3027.012802,50.7,3099423488.0
3028.022655,50.7,3100422400.0
3029.032349,50.9,3101473280.0
3030.044468,50.7,3102472704.0
3031.052694,50.8,3103473408.0
3032.060883,50.7,3104473344.0
3033.068661,50.5,3105473280.0
3034.079093,50.8,3106523904.0
3035.094218,50.8,3107523584.0
3036.101675,50.7,3108523520.0
3037.108698,50.7,3109522176.0
3038.116926,50.8,3110523392.0
3039.127730,50.8,3111573504.0
3040.141380,50.8,3112573440.0
3041.151450,50.8,3113572864.0
3042.159445,50.9,3114573056.0
3043.168280,50.7,3115572992.0
3044.178450,50.7,3116623104.0
3045.193388,50.4,3117623040.0
3046.201968,50.5,3118622976.0
3047.209782,50.9,3119623168.0
3048.218383,50.7,3120622848.0
3049.229720,50.9,3121672960.0
3050.244111,50.9,3122673408.0
3051.253378,50.8,3123673600.0
3052.261754,50.5,3124673024.0
3053.271967,50.8,3125672704.0
3054.282073,50.9,3126723072.0
3055.293644,50.8,3127723008.0
3056.302377,50.7,3128722944.0
3057.310590,50.6,3129723392.0
3058.318164,50.7,3130723072.0
3059.328501,50.6,3131772672.0
3060.342665,50.9,3132772608.0
3061.351216,50.5,3133773312.0
3062.359432,50.6,3134772736.0
3063.367655,51.0,3135772672.0
3064.378642,50.9,3136823040.0
3065.391973,50.8,3137823232.0
3066.400651,50.8,3138822912.0
3067.408861,50.4,3139822592.0
3068.418176,50.9,3140822784.0
3069.428242,51.1,3141872896.0
3070.442508,51.0,3142872832.0
3071.450758,50.9,3143872768.0
3072.458868,50.8,3144872704.0
3073.468117,51.1,3145872640.0
3074.478044,50.9,3146922752.0
3075.493012,51.2,3147922176.0
3076.501547,50.7,3148922112.0
3077.509932,50.6,3149922048.0
3078.521321,50.8,3150922496.0
3079.532419,50.9,3151972608.0
3080.542653,50.8,3152972544.0
3081.550542,50.9,3153972480.0
3082.556681,50.7,3154972160.0
3083.565566,50.6,3155972096.0
3084.577621,50.7,3157022464.0
3085.592532,50.7,3158022912.0
3086.601299,50.9,3159022336.0
3087.609592,50.8,3160023296.0
3088.617845,50.9,3161023232.0
3089.628284,50.6,3162073344.0
3090.644782,50.8,3163073280.0
3091.653149,50.7,3164072448.0
3092.661964,50.8,3165073152.0
3093.672505,50.7,3166072320.0
3094.682442,50.9,3167122432.0
3095.694325,51.1,3168123136.0
3096.703142,51.0,3169122560.0
3097.711681,50.8,3170122752.0
3098.721441,50.9,3171122944.0
3099.731253,50.5,3172172800.0
3100.743689,50.8,3173172480.0
3101.752424,50.9,3174172160.0
3102.760691,50.8,3175172608.0
3103.770338,50.7,3176172800.0
3104.780445,50.7,3177222400.0
3105.793722,50.7,3178222336.0
3106.802214,50.9,3179222528.0
3107.810680,51.0,3180222464.0
3108.821926,50.8,3181222656.0
3109.830683,51.0,3182272768.0
3110.843879,,
3116.851778,,
3122.860488,50.8,3198372352.0
3126.947284,50.6,3199371776.0
3127.954737,50.8,3200372224.0
3128.963659,50.8,3201372160.0
3129.973647,50.9,3202422528.0
3130.988384,50.7,3203422208.0
3131.996663,50.7,3204422144.0
3133.003683,50.8,3205422080.0
3134.012160,50.8,3206422272.0
3135.021645,50.6,3207422208.0
3136.031306,50.8,3208472576.0
3137.043884,51.0,3209472000.0
3138.051668,50.8,3210472448.0
3139.060659,51.0,3211472128.0
3140.069992,50.9,3212472576.0
3141.080244,51.0,3213522944.0
3142.092660,50.9,3214521856.0
3143.101670,50.9,3215521792.0
3144.109649,50.9,3216522240.0
3145.117502,50.8,3217522176.0
3146.128805,51.1,3218572032.0
3147.143198,50.8,3219571968.0
3148.150647,50.9,3220572416.0
3149.156668,50.7,3221572096.0
3150.165437,50.8,3222571776.0
3151.176180,50.9,3223622144.0
3152.189654,51.0,3224621824.0
3153.197964,50.9,3225622272.0
3154.204645,50.9,3226622464.0
3155.211646,50.7,3227621632.0
3156.221674,50.9,3228621824.0
3157.231653,51.1,3229671936.0
3158.242261,50.9,3230671872.0
3159.251701,50.8,3231671808.0
3160.260607,50.8,3232671744.0
3161.272850,50.8,3233721856.0
3162.287852,50.9,3234721536.0
3163.297953,50.9,3235721728.0
3164.304696,50.7,3236721408.0
3165.313678,50.9,3237721856.0
3166.325137,50.7,3238771968.0
3167.339611,50.9,3239771392.0
3168.349148,50.9,3240772096.0
3169.357813,50.7,3241771520.0
3170.369399,50.9,3242771712.0
3171.379766,51.0,3243821568.0
3172.392360,51.0,3244821760.0
3173.400032,50.9,3245821440.0
3174.407648,50.9,3246821888.0
3175.416053,50.8,3247821056.0
3176.425658,51.0,3248871680.0
3177.441211,50.9,3249870592.0
3178.449407,50.8,3250871040.0
3179.459702,50.8,3251871488.0
3180.469439,50.9,3252871680.0
3181.478949,50.7,3253921536.0
3182.490926,50.8,3254921216.0
3183.499447,50.8,3255921664.0
3184.509034,50.7,3256921600.0
3185.519287,50.8,3257921280.0
3186.529551,50.9,3258971648.0
3187.541665,50.8,3259971584.0
3188.550342,50.8,3260971008.0
3189.558693,51.0,3261971200.0
3190.566704,50.7,3262971136.0
3191.577139,50.6,3264021760.0
3192.591525,51.1,3265021184.0
3193.599752,50.8,3266021376.0
3194.607649,50.8,3267021568.0
3195.615712,51.0,3268021504.0
3196.625671,50.8,3269071360.0
3197.639705,50.7,3270071552.0
3198.647645,50.9,3271070976.0
3199.655357,50.6,3272070656.0
3200.664876,50.9,3273070848.0
3201.674653,50.7,3274121216.0
3202.688062,51.1,3275121664.0
3203.697723,50.7,3276121600.0
3204.706141,50.6,3277120768.0
3205.714248,50.8,3278121472.0
3206.724866,50.7,3279171072.0
3207.738657,50.8,3280171008.0
3208.748520,50.7,3281170944.0
3209.756986,50.8,3282171136.0
3210.765660,50.8,3283171328.0
3211.776270,51.0,3284221440.0
3212.791165,50.9,3285221120.0
3213.799409,50.8,3286220800.0
3214.807488,50.9,3287221248.0
3215.815867,50.9,3288221184.0
3216.825756,50.6,3289270784.0
3217.840317,51.0,3290271232.0
3218.848809,50.8,3291270656.0
3219.857255,50.7,3292271104.0
3220.867663,51.0,3293271040.0
3221.878115,50.6,3294320896.0
3222.890675,50.7,3295321088.0
3223.900364,50.8,3296321024.0
3224.908819,51.1,3297320960.0
3225.919896,50.8,3298320896.0
3226.929497,50.8,3299370752.0
3227.940987,51.0,3300370944.0
3228.948662,50.9,3301370880.0
3229.957183,50.8,3302370816.0
3230.965658,,
3236.975101,,
3242.983887,50.9,3318471168.0
3247.074645,50.6,3319521024.0
3248.089189,50.9,3320520704.0
3249.097688,50.8,3321521152.0
3250.104690,51.3,3322520832.0
3251.112659,50.8,3323521024.0
3252.124660,50.9,3324571136.0
3253.140647,51.0,3325570816.0
3254.147690,51.0,3326570752.0
3255.155853,51.1,3327570944.0
3256.164680,51.1,3328570880.0
3257.174666,50.9,3329619456.0
3258.189512,50.6,3330619904.0
3259.197900,50.9,3331620096.0
3260.205961,51.1,3332621312.0
3261.215402,51.1,3333620480.0
3262.226005,50.9,3334670592.0
3263.241064,51.0,3335670784.0
3264.249085,51.0,3336670720.0
3265.257541,50.8,3337670400.0
3266.268141,50.9,3338671104.0
3267.277669,50.6,3339720448.0
3268.291732,51.1,3340720640.0
3269.299961,51.3,3341721600.0
3270.308695,50.7,3342720512.0
3271.318644,51.0,3343720448.0
3272.327860,51.0,3344770816.0
3273.342238,50.5,3345770752.0
3274.350067,50.9,3346770944.0
3275.358673,50.8,3347770624.0
3276.370087,51.3,3348771072.0
3277.380912,50.8,3349820672.0
3278.391144,51.0,3350820608.0
3279.398644,51.0,3351820544.0
3280.406758,51.0,3352820992.0
3281.416489,51.1,3353820416.0
3282.427568,51.1,3354870528.0
3283.440902,50.6,3355870464.0
3284.449787,50.8,3356871168.0
3285.458680,50.6,3357870848.0
3286.470295,51.0,3358870528.0
3287.485128,50.6,3359920640.0
3288.494512,50.8,3360920320.0
3289.501650,50.8,3361921536.0
3290.508650,51.2,3362921216.0
3291.517708,50.9,3363920384.0
3292.528381,51.1,3364970752.0
3293.540680,51.1,3365969408.0
3294.548870,50.9,3366970368.0
3295.558018,51.0,3367970816.0
3296.569596,51.1,3369019648.0
3297.584967,50.9,3370019584.0
3298.594659,51.1,3371019520.0
3299.603085,51.0,3372019456.0
3300.611613,51.0,3373019392.0
3301.623241,50.9,3374069504.0
3302.639307,50.8,3375068672.0
3303.648714,51.1,3376069888.0
3304.657462,50.8,3377069824.0
3305.669193,50.8,3378119424.0
3306.684051,50.8,3379119872.0
3307.693786,50.9,3380120064.0
3308.702118,51.3,3381120512.0
3309.710948,51.2,3382119680.0
3310.722847,50.8,3383170304.0
3311.738644,51.1,3384169728.0
3312.746231,51.0,3385169920.0
3313.753675,50.9,3386169856.0
3314.761614,50.6,3387170304.0
3315.772189,51.0,3388220160.0
3316.784647,51.0,3389219072.0
3317.793671,50.9,3390219776.0
3318.799698,51.2,3391219968.0
3319.807675,51.0,3392219648.0
3320.816658,50.9,3393219840.0
3321.827431,51.2,3394269440.0
3322.838221,50.8,3395269632.0
3323.847299,51.1,3396268800.0
3324.856465,50.9,3397268736.0
3325.866688,50.9,3398268928.0
3326.875645,50.6,3399318784.0
3327.888016,50.7,3400319232.0
3328.895666,51.0,3401320704.0
3329.902679,50.8,3402319616.0
3330.909673,51.0,3403319296.0
3331.921061,50.6,3404370432.0
3332.935811,50.8,3405369344.0
3333.944854,51.4,3406369024.0
3334.952829,51.1,3407368960.0
3335.959669,51.1,3408369408.0
3336.971458,51.1,3409419264.0
3337.986044,50.8,3410419456.0
3338.994654,51.0,3411419136.0
3340.002186,50.7,3412419328.0
3341.010664,50.9,3413419520.0
3342.020697,50.8,3414468608.0
3343.033661,50.9,3415469568.0
3344.043662,50.6,3416471040.0
3345.050869,51.1,3417469440.0
3346.057680,50.8,3418469632.0
3347.070035,50.7,3419519232.0
3348.084506,50.5,3420518912.0
3349.093647,50.7,3421518848.0
3350.100659,50.9,3422520064.0
3351.107669,,
3357.115141,,
3363.123677,50.8,3438618880.0
3367.200570,50.9,3439619072.0
3368.207403,51.1,3440618752.0
3369.216661,50.9,3441618432.0
3370.224658,51.0,3442668032.0
3371.237142,51.0,3443669248.0
3372.245452,50.9,3444668928.0
3373.253770,50.8,3445668096.0
3374.263374,51.0,3446668288.0
3375.272507,50.9,3447719424.0
3376.285683,51.0,3448718848.0
3377.294902,50.9,3449718784.0
3378.302784,50.8,3450718464.0
3379.311664,50.8,3451719168.0
3380.321659,50.9,3452769024.0
3381.335701,51.2,3453769728.0
3382.344940,51.0,3454768640.0
3383.352609,51.3,3455768832.0
3384.359791,50.8,3456768768.0
3385.370611,51.3,3457819136.0
3386.383655,51.1,3458818816.0
3387.393927,50.9,3459818496.0
3388.401713,50.9,3460818688.0
3389.408646,50.7,3461818624.0
3390.417664,51.2,3462818560.0
3391.432615,50.9,3463869184.0
3392.442732,51.0,3464868608.0
3393.451819,51.1,3465868544.0
3394.459798,50.9,3466868736.0
3395.471464,50.9,3467919360.0
3396.484648,51.3,3468918784.0
3397.492644,50.7,3469918720.0
3398.500876,51.1,3470918400.0
3399.507675,51.2,3471918592.0
3400.518516,50.8,3472968960.0
3401.532666,51.4,3473967872.0
3402.541756,51.3,3474968832.0
3403.547684,51.1,3475968512.0
3404.555410,51.2,3476968704.0
3405.566892,51.2,3477968128.0
3406.576975,50.6,3479019008.0
3407.589152,51.0,3480018432.0
3408.595648,50.9,3481018624.0
3409.603644,50.9,3482018816.0
3410.611676,51.0,3483018752.0
3411.622099,50.9,3484068352.0
3412.638077,50.9,3485068800.0
3413.645643,51.0,3486068224.0
3414.653656,50.9,3487068160.0
3415.660661,51.0,3488068864.0
3416.671544,51.1,3489118720.0
3417.685666,50.9,3490118656.0
3418.695245,51.1,3491118592.0
3419.703659,50.8,3492118272.0
3420.711661,51.0,3493118720.0
3421.721784,50.8,3494168576.0
3422.736163,50.8,3495168256.0
3423.744600,51.2,3496168704.0
3424.753193,51.0,3497168384.0
3425.762374,50.8,3498168576.0
3426.772675,50.8,3499218432.0
3427.787927,50.9,3500218880.0
3428.796660,51.3,3501218560.0
3429.804333,50.8,3502218240.0
3430.812564,50.9,3503218944.0
3431.826336,51.2,3504268544.0
3432.838806,50.9,3505268736.0
3433.846589,51.0,3506268672.0
3434.854645,51.2,3507268608.0
3435.863150,50.9,3508268544.0
3436.873156,51.0,3509318400.0
3437.888105,50.9,3510318848.0
3438.896644,51.0,3511318528.0
3439.903651,50.9,3512318464.0
3440.910728,51.0,3513318656.0
3441.920979,50.7,3514368512.0
3442.934457,50.9,3515367936.0
3443.943647,50.8,3516367872.0
3444.950826,51.1,3517368320.0
3445.958656,51.2,3518369280.0
3446.968645,50.9,3519368704.0
3447.982649,51.0,3520417792.0
3448.991714,51.1,3521417984.0
3449.998498,51.0,3522417920.0
3451.006689,51.1,3523417856.0
3452.018406,51.2,3524417792.0
3453.028658,51.0,3525467904.0
3454.037278,51.0,3526467840.0
3455.045404,50.9,3527467776.0
3456.053349,51.1,3528467456.0
3457.061440,51.4,3529468160.0
3458.071734,51.0,3530517760.0
3459.086528,51.0,3531518208.0
3460.094725,50.9,3532518400.0
3461.102944,51.2,3533517824.0
3462.110665,51.1,3534516992.0
3463.120651,51.1,3535568128.0
3464.135129,50.9,3536568320.0
3465.144675,50.9,3537568256.0
3466.153883,51.1,3538568192.0
3467.164193,51.0,3539567872.0
3468.174555,50.8,3540618240.0
3469.189351,51.0,3541617920.0
3470.196618,50.9,3542617856.0
3471.204969,50.9,3543617536.0
3472.213668,51.1,3544617728.0
3473.222697,51.1,3545667840.0
3474.236806,51.2,3546667520.0
3475.244648,,
3481.252836,,
3487.259647,51.0,3562767360.0
3491.361181,51.3,3563767552.0
3492.370914,51.1,3564817664.0
3493.385568,51.0,3565817600.0
3494.393953,51.1,3566817280.0
3495.404067,51.0,3567817472.0
3496.412186,51.2,3568817152.0
3497.421600,51.2,3569867008.0
3498.436363,51.0,3570867456.0
3499.444343,51.1,3571867392.0
3500.451858,51.1,3572866560.0
3501.460365,51.2,3573867520.0
3502.471651,51.0,3574917120.0
3503.485602,51.3,3575917056.0
3504.493733,51.2,3576917504.0
3505.502533,51.0,3577916416.0
3506.511474,51.2,3578917120.0
3507.521663,51.1,3579967488.0
3508.537487,50.9,3580966912.0
3509.545670,51.1,3581967616.0
3510.554057,51.0,3582967296.0
3511.564325,50.7,3583967232.0
3512.573828,50.9,3585017088.0
3513.586965,51.0,3586016512.0
3514.596703,51.2,3587016960.0
3515.604775,51.3,3588017408.0
3516.615688,51.1,3589016832.0
3517.626145,51.0,3590066944.0
3518.637989,51.3,3591067136.0
3519.644660,51.0,3592067328.0
3520.653284,50.9,3593067008.0
3521.659663,51.0,3594066688.0
3522.670597,50.9,3595116800.0
3523.685816,51.0,3596116480.0
3524.693894,50.9,3597116928.0
3525.703727,51.2,3598116864.0
3526.714671,51.5,3599116544.0
3527.724671,51.3,3600166912.0
3528.736659,51.0,3601166848.0
3529.745145,51.3,3602166784.0
3530.754813,51.2,3603166720.0
3531.766012,51.1,3604166912.0
3532.781757,50.9,3605217024.0
3533.791420,51.0,3606216448.0
3534.800034,51.1,3607217152.0
3535.807591,50.8,3608217088.0
3536.817488,51.1,3609267456.0
3537.832396,51.4,3610266624.0
3538.842742,51.1,3611266560.0
3539.851749,50.7,3612266496.0
3540.861210,51.1,3613266432.0
3541.872121,51.2,3614316800.0
3542.887105,51.5,3615316224.0
3543.895421,51.1,3616316672.0
3544.904706,51.0,3617316608.0
3545.916686,51.0,3618366464.0
3546.932709,51.0,3619366912.0
3547.941657,51.4,3620366848.0
3548.950475,51.1,3621366528.0
3549.958868,51.3,3622366976.0
3550.969616,50.8,3623416576.0
3551.983889,51.3,3624415744.0
3552.992618,51.3,3625416192.0
3554.000762,51.0,3626416384.0
3555.009888,51.2,3627416320.0
3556.021134,51.2,3628466432.0
3557.034646,51.1,3629466368.0
3558.043688,51.2,3630466560.0
3559.051016,50.9,3631466240.0
3560.060110,51.0,3632466688.0
3561.070892,51.1,3633516544.0
3562.085178,50.9,3634515456.0
3563.093736,51.0,3635515648.0
3564.102431,51.2,3636515584.0
3565.110852,51.0,3637515520.0
3566.121303,50.9,3638565632.0
3567.135143,51.0,3639566080.0
3568.143553,51.4,3640566528.0
3569.150647,51.1,3641566208.0
3570.157747,51.3,3642566400.0
3571.169507,51.3,3643616256.0
3572.182648,51.1,3644616192.0
3573.191993,51.3,3645616384.0
3574.199996,51.2,3646616320.0
3575.207923,51.3,3647616512.0
3576.219496,51.1,3648666368.0
3577.232693,51.0,3649666048.0
3578.241903,51.0,3650666496.0
3579.249882,51.3,3651666432.0
3580.258693,51.0,3652666368.0
3581.270295,51.2,3653716480.0
3582.284657,51.2,3654716160.0
3583.293285,51.3,3655716096.0
3584.300558,51.1,3656716032.0
3585.308890,50.9,3657716224.0
3586.319662,51.1,3658766336.0
3587.333359,51.2,3659765760.0
3588.342469,51.1,3660765440.0
3589.351856,51.1,3661765888.0
3590.359646,51.1,3662765568.0
3591.369765,,
3597.378646,,
3603.384109,51.2,3678865664.0
3607.458032,51.3,3679865856.0
3608.470012,51.4,3680915712.0
3609.484852,51.4,3681915392.0
3610.494411,51.2,3682915840.0
3611.502408,51.5,3683916032.0
3612.513102,51.1,3684915712.0
3613.522540,51.0,3685965824.0
3614.535897,51.1,3686965760.0
3615.545163,51.0,3687965952.0
3616.554277,51.2,3688965888.0
3617.565543,51.2,3690015744.0
3618.580977,50.9,3691015936.0
3619.590475,51.0,3692015360.0
3620.598727,51.1,3693015808.0
3621.607700,51.2,3694016000.0
3622.619062,51.2,3695065856.0
3623.635780,51.2,3696065792.0
3624.643664,51.3,3697065984.0
3625.651767,51.0,3698065920.0
3626.659662,51.1,3699066112.0
3627.668652,51.3,3700115712.0
3628.681788,50.7,3701115904.0
3629.691121,51.0,3702115584.0
3630.698582,51.4,3703116032.0
3631.707085,51.0,3704115200.0
3632.717712,51.4,3705165568.0
3633.731993,51.2,3706165248.0
3634.741673,51.6,3707164928.0
3635.748755,51.0,3708165376.0
3636.757339,51.3,3709165056.0
3637.770407,50.9,3710215168.0
3638.784460,51.1,3711215616.0
3639.794201,51.1,3712215040.0
3640.802146,51.3,3713215744.0
3641.811584,51.2,3714215424.0
3642.821369,51.1,3715265024.0
3643.835570,51.4,3716264960.0
3644.844669,51.2,3717265152.0
3645.852705,51.5,3718266112.0
3646.863338,51.2,3719265024.0
3647.871661,51.1,3720314880.0
3648.883647,50.9,3721315328.0
3649.891683,51.1,3722315520.0
3650.899819,51.3,3723315456.0
3651.907652,51.3,3724315136.0
3652.918869,51.4,3725365248.0
3653.932402,51.5,3726366464.0
3654.940663,50.9,3727365376.0
3655.948737,51.1,3728365312.0
3656.956970,51.2,3729364992.0
3657.968874,51.2,3730415872.0
3658.983649,51.2,3731415040.0
3659.992412,51.3,3732415488.0
3661.000806,51.1,3733415168.0
3662.009851,51.1,3734414848.0
3663.021476,51.3,3735464960.0
3664.034983,51.2,3736464384.0
3665.043701,51.2,3737465088.0
3666.051661,51.1,3738464512.0
3667.059216,51.2,3739464704.0
3668.070645,51.0,3740516096.0
3669.085184,51.2,3741515008.0
3670.093328,51.2,3742514944.0
3671.100845,51.4,3743515136.0
3672.109469,51.2,3744514048.0
3673.122679,51.1,3745564416.0
3674.133661,51.1,3746564864.0
3675.141726,51.0,3747564288.0
3676.150663,51.3,3748564480.0
3677.158994,51.2,3749565184.0
3678.170199,51.2,3750614016.0
3679.185158,51.0,3751614208.0
3680.193062,51.4,3752614656.0
3681.201140,51.2,3753614848.0
3682.209157,51.3,3754614784.0
3683.219727,51.2,3755665152.0
3684.233954,51.3,3756664832.0
3685.242220,51.0,3757664512.0
3686.251559,51.1,3758665472.0
3687.258647,51.0,3759665408.0
3688.268661,51.3,3760714496.0
3689.282442,51.2,3761714432.0
3690.290973,51.1,3762714624.0
3691.299231,51.1,3763714560.0
3692.308362,51.3,3764714752.0
3693.319727,51.3,3765764352.0
3694.332646,51.2,3766764800.0
3695.341068,51.2,3767764736.0
3696.349130,50.9,3768764672.0
3697.357468,51.5,3769764352.0
3698.368279,51.3,3770814976.0
3699.381899,51.2,3771814400.0
3700.390676,51.2,3772814336.0
3701.399248,51.0,3773814272.0
3702.407642,51.0,3774814208.0
3703.417684,51.1,3775864064.0
3704.438946,51.3,3776864768.0
3705.449965,51.2,3777864704.0
3706.457225,51.2,3778863872.0
3707.467657,51.2,3779915264.0
3708.480644,51.3,3780915456.0
3709.489253,51.1,3781915392.0
3710.496652,51.3,3782914816.0
3711.504526,51.4,3783914752.0
3712.515464,51.5,3784964864.0
3713.530289,51.1,3785964544.0
3714.540318,51.3,3786966016.0
3715.547373,51.2,3787964416.0
3716.556609,51.1,3788964096.0
3717.569020,51.2,3790013696.0
3718.582679,51.2,3791014400.0
3719.592004,51.2,3792014336.0
3720.600231,51.0,3793014272.0
3721.610221,51.0,3794014464.0
3722.620324,51.1,3795064064.0
3723.634752,51.3,3796064512.0
3724.643470,51.4,3797064192.0
3725.651665,51.3,3798064128.0
3726.659230,51.3,3799064320.0
3727.671225,51.0,3800113920.0
3728.684826,51.1,3801114112.0
3729.692722,51.4,3802114304.0
3730.699686,51.4,3803113984.0
3731.708680,51.3,3804113920.0
3732.718895,51.1,3805163776.0
3733.733218,51.2,3806164224.0
3734.743002,51.3,3807163904.0
3735.751281,51.2,3808164096.0
3736.758656,51.5,3809163776.0
3737.769517,,
3743.779004,,
3749.785662,51.1,3825313536.0
3753.890870,51.1,3826313728.0
3754.898524,51.2,3827314176.0
3755.907661,51.3,3828313344.0
3756.920336,51.0,3829363456.0
3757.935071,51.3,3830363136.0
3758.942897,51.2,3831363584.0
3759.951380,51.2,3832363776.0
3760.959776,51.2,3833363456.0
3761.970884,51.2,3834413824.0
3762.983662,51.3,3835413760.0
3763.992193,51.2,3836413440.0
3765.001003,51.0,3837414144.0
3766.009778,51.2,3838413568.0
3767.021364,51.4,3839463424.0
3768.032656,51.0,3840463872.0
3769.041405,51.1,3841463296.0
3770.049744,51.2,3842463744.0
3771.057911,51.5,3843463680.0
3772.068689,51.5,3844513536.0
3773.082362,51.1,3845513472.0
3774.091098,51.4,3846513408.0
3775.098667,51.3,3847513600.0
3776.106720,51.1,3848513536.0
3777.117660,51.1,3849563392.0
3778.132850,51.4,3850564096.0
3779.141461,51.1,3851563520.0
3780.148645,51.2,3852563200.0
3781.156796,51.1,3853563392.0
3782.167968,51.0,3854613504.0
3783.182418,51.5,3855613952.0
3784.190647,51.1,3856613376.0
3785.198100,51.0,3857613056.0
3786.205696,51.1,3858613504.0
3787.215677,51.1,3859663616.0
3788.230311,50.9,3860663296.0
3789.240238,51.1,3861663488.0
3790.247894,51.3,3862663424.0
3791.256605,51.4,3863663104.0
3792.266644,51.2,3864713728.0
3793.279805,51.2,3865713408.0
3794.289595,51.3,3866713088.0
3795.298110,51.3,3867713280.0
3796.306613,51.4,3868713216.0
3797.316644,51.3,3869763328.0
3798.330246,51.2,3870763520.0
3799.339663,50.8,3871763200.0
3800.347958,51.3,3872763392.0
3801.356393,51.4,3873763072.0
3802.367816,51.3,3874812928.0
3803.381651,51.3,3875813120.0
3804.390120,51.1,3876813056.0
3805.397967,51.2,3877813504.0
3806.406207,51.3,3878812928.0
3807.416988,51.2,3879863296.0
3808.430570,51.0,3880863488.0
3809.440271,50.9,3881863168.0
3810.448713,51.3,3882863104.0
3811.457125,51.3,3883862784.0
3812.469341,51.6,3884912896.0
3813.484075,51.2,3885913088.0
3814.491662,51.2,3886913280.0
3815.499650,51.3,3887912448.0
3816.507581,51.2,3888912384.0
3817.517925,51.5,3889963008.0
3818.531303,51.3,3890963456.0
3819.541522,51.5,3891962880.0
3820.551077,51.5,3892963328.0
3821.560527,51.4,3893963008.0
3822.571134,51.1,3895013120.0
3823.583675,51.2,3896012800.0
3824.592150,51.3,3897012992.0
3825.600439,51.1,3898012928.0
3826.608743,51.2,3899012864.0
3827.619158,51.4,3900062976.0
3828.631667,51.3,3901063168.0
3829.640416,51.4,3902063104.0
3830.647675,,
3836.657541,,
3842.666124,51.0,3918162944.0
3846.753861,51.1,3919162624.0
3847.765648,51.4,3920212736.0
3848.779306,51.4,3921212160.0
3849.789063,51.2,3922213120.0
3850.797112,51.2,3923212800.0
3851.805616,51.3,3924212992.0
3852.816063,51.2,3925263104.0
3853.831741,51.3,3926263296.0
3854.841076,51.2,3927262720.0
3855.848895,51.3,3928262656.0
3856.857242,51.2,3929262592.0
3857.868144,51.1,3930312960.0
3858.882216,51.3,3931312384.0
3859.890565,51.2,3932312320.0
3860.898124,51.1,3933312512.0
3861.907099,51.3,3934311936.0
3862.918473,51.4,3935362304.0
3863.932667,51.4,3936362240.0
3864.941162,51.4,3937362688.0
3865.949789,51.0,3938362624.0
3866.958550,51.5,3939362560.0
3867.968752,51.3,3940412160.0
3868.982723,51.2,3941412608.0
3869.990790,51.0,3942412288.0
3870.998650,51.4,3943412480.0
3872.006752,51.3,3944412416.0
3873.016640,51.5,3945462528.0
3874.029653,51.2,3946462464.0
3875.038682,51.3,3947462144.0
3876.046920,51.2,3948462336.0
3877.055885,51.4,3949462528.0
3878.067169,51.4,3950512384.0
3879.082470,51.1,3951512320.0
3880.091010,51.5,3952512000.0
3881.099564,51.0,3953512192.0
3882.107664,51.1,3954511872.0
3883.118875,51.4,3955562496.0
3884.132839,51.2,3956562176.0
3885.141298,51.2,3957562368.0
3886.149606,51.4,3958562048.0
3887.158678,51.3,3959561984.0
3888.169299,51.1,3960612096.0
3889.183368,51.2,3961612032.0
3890.191238,51.4,3962611968.0
3891.200018,51.3,3963612160.0
3892.209801,51.4,3964612096.0
3893.219824,51.2,3965662208.0
3894.234527,51.2,3966661888.0
3895.242682,51.3,3967662336.0
3896.251397,51.1,3968662016.0
3897.259646,51.3,3969661952.0
3898.270796,51.6,3970711808.0
3899.282665,51.6,3971712256.0
3900.291256,51.4,3972712448.0
3901.298983,51.2,3973711616.0
3902.308020,51.2,3974712064.0
3903.318712,51.3,3975761920.0
3904.333723,51.5,3976761856.0
3905.342618,51.4,3977762048.0
3906.350588,51.4,3978761984.0
3907.360403,51.3,3979762432.0
3908.371061,51.2,3980811776.0
3909.383881,51.5,3981812224.0
3910.391655,51.4,3982812160.0
3911.401858,51.2,3983811840.0
3912.412436,51.4,3984861696.0
3913.427903,51.5,3985862144.0
3914.442220,50.9,3986862336.0
3915.450656,51.6,3987862016.0
3916.459069,51.5,3988861952.0
3917.469063,51.1,3989911552.0
3918.482812,51.4,3990911744.0
3919.490917,51.2,3991911680.0
3920.498684,51.5,3992911872.0
3921.506682,51.3,3993911296.0
3922.517247,51.4,3994961920.0
3923.530725,51.5,3995961600.0
3924.539661,51.2,3996962304.0
3925.546643,51.1,3997961472.0
3926.552961,51.4,3998961664.0
3927.562350,51.4,3999961600.0
3928.572861,51.4,4001011968.0
3929.583831,51.3,4002011392.0
3930.591647,51.0,4003011584.0
3931.599695,51.4,4004011520.0
3932.609177,51.4,4005011712.0
3933.619510,51.5,4006062592.0
3934.633316,51.2,4007062272.0
3935.641343,51.3,4008061696.0
3936.649538,51.2,4009061120.0
3937.657684,51.3,4010061312.0
3938.669959,51.2,4011111680.0
3939.683661,51.1,4012112128.0
3940.690667,51.4,4013111552.0
3941.697662,51.4,4014111488.0
3942.706668,51.1,4015111168.0
3943.717703,51.4,4016161536.0
3944.731667,51.4,4017161216.0
3945.739661,51.4,4018161152.0
3946.747268,51.4,4019161344.0
3947.755643,51.4,4020161280.0
3948.767151,51.3,4021211648.0
3949.780650,51.6,4022211328.0
3950.789586,,
3956.797670,,
3962.805172,51.2,4038311424.0
3966.882902,51.2,4039311104.0
3967.892796,51.2,4040311296.0
3968.901664,51.5,4041310464.0
3969.913261,51.5,4042310656.0
3970.926678,51.4,4043361024.0
3971.935666,51.5,4044361216.0
3972.942227,51.1,4045361152.0
3973.950656,51.5,4046361344.0
3974.958989,51.5,4047361024.0
3975.968953,51.3,4048411392.0
3976.983656,51.3,4049411328.0
3977.991650,51.3,4050410752.0
3978.998934,51.3,4051410944.0
3980.006667,51.3,4052411136.0
3981.016682,51.7,4053460992.0
3982.030752,51.2,4054460928.0
3983.039022,51.3,4055460864.0
3984.047661,51.4,4056461568.0
3985.055113,51.5,4057461504.0
3986.065665,51.5,4058511616.0
3987.079224,51.2,4059510784.0
3988.088008,51.4,4060510976.0
3989.094661,51.4,4061511168.0
3990.101644,51.0,4062510848.0
3991.111769,51.5,4063511296.0
3992.122464,51.1,4064560896.0
3993.132643,51.4,4065560832.0
3994.140765,51.4,4066560768.0
3995.150405,51.5,4067560704.0
3996.162219,51.3,4068560896.0
3997.172164,51.2,4069611008.0
3998.183671,51.6,4070610688.0
3999.191536,51.4,4071611136.0
4000.199944,51.3,4072611072.0
4001.208054,51.1,4073611520.0
4002.218327,51.3,4074661120.0
4003.233910,51.5,4075661056.0
4004.241674,51.3,4076660992.0
4005.249228,51.2,4077660928.0
4006.257031,51.1,4078660864.0
4007.267548,51.4,4079711232.0
4008.281658,51.6,4080710912.0
4009.290660,51.6,4081710848.0
4010.297928,51.3,4082710528.0
4011.308857,51.1,4083710976.0
4012.318502,51.4,4084760832.0
4013.332691,51.5,4085761280.0
4014.340376,51.2,4086760704.0
4015.348757,51.3,4087761152.0
4016.356698,51.5,4088760832.0
4017.368701,51.5,4089810688.0
4018.382621,51.4,4090810624.0
4019.390492,51.5,4091810816.0
4020.398683,51.6,4092811008.0
4021.406539,51.3,4093810688.0
4022.418181,51.3,4094861056.0
4023.432719,51.4,4095860736.0
4024.441038,51.3,4096860672.0
4025.449958,51.4,4097860864.0
4026.459838,51.5,4098860800.0
4027.469922,51.5,4099910400.0
4028.481654,51.2,4100911104.0
4029.489675,51.3,4101910784.0
4030.497567,51.3,4102910720.0
4031.505648,51.5,4103911168.0
4032.515646,51.5,4104960512.0
4033.529420,51.3,4105960448.0
4034.537663,51.4,4106960640.0
4035.545658,51.3,4107960576.0
4036.553655,51.5,4108960512.0
4037.564013,51.3,4110011392.0
4038.579660,51.5,4111010816.0
4039.588663,51.2,4112010240.0
4040.596771,51.4,4113010432.0
4041.605500,51.2,4114010880.0
4042.616671,51.2,4115060736.0
4043.630685,51.1,4116060672.0
4044.639414,51.5,4117061120.0
4045.646693,51.4,4118060800.0
4046.653639,51.3,4119060736.0
4047.663355,51.2,4120060672.0
4048.677661,51.4,4121111296.0
4049.687796,51.3,4122110720.0
4050.696069,51.2,4123110656.0
4051.702670,51.1,4124110592.0
4052.712614,51.3,4125110272.0
4053.727984,51.6,4126160128.0
4054.738234,51.3,4127160320.0
4055.745667,51.2,4128160512.0
4056.754154,51.3,4129160960.0
4057.766783,51.4,4130210560.0
4058.781205,51.3,4131210752.0
4059.788648,51.4,4132209920.0
4060.795654,51.6,4133210112.0
4061.802650,51.5,4134210560.0
4062.812388,51.5,4135210752.0
4063.822259,51.3,4136261120.0
4064.833282,51.5,4137260032.0
4065.840663,51.2,4138259968.0
4066.848384,51.2,4139260672.0
4067.856816,51.4,4140260608.0
4068.866650,51.4,4141310720.0
4069.881548,51.1,4142310144.0
4070.889569,,
4076.899042,,
4082.904992,51.2,4158410752.0
4087.011887,51.2,4159409664.0
4088.027952,51.5,4160460800.0
4089.037320,51.4,4161459712.0
4090.046283,51.2,4162459904.0
4091.054686,51.7,4163460096.0
4092.066804,51.3,4164509696.0
4093.081149,51.3,4165509376.0
4094.089442,51.4,4166509568.0
4095.097783,51.4,4167509760.0
4096.106170,51.4,4168509696.0
4097.117656,51.7,4169559552.0
4098.131907,51.5,4170559488.0
4099.139645,51.4,4171559424.0
4100.146664,51.3,4172559360.0
4101.153750,51.3,4173559808.0
4102.164659,51.5,4174609920.0
4103.178778,51.4,4175609600.0
4104.188590,51.2,4176609536.0
4105.195659,51.4,4177609728.0
4106.202567,51.1,4178609664.0
4107.213282,51.0,4179659776.0
4108.227681,51.2,4180659200.0
4109.235699,51.6,4181659392.0
4110.242966,51.5,4182660096.0
4111.250653,51.4,4183659520.0
4112.259593,51.4,4184659456.0
4113.275684,51.3,4185709312.0
4114.284674,51.5,4186709248.0
4115.292362,51.7,4187709440.0
4116.300647,51.6,4188709120.0
4117.309619,51.6,4189709312.0
4118.320485,51.4,4190759168.0
4119.332261,51.3,4191758848.0
4120.341827,51.3,4192759296.0
4121.350688,51.6,4193759488.0
4122.360655,51.2,4194758912.0
4123.371216,51.4,4195809024.0
4124.383009,51.4,4196809216.0
4125.390929,51.5,4197809152.0
4126.397650,51.3,4198809856.0
4127.404991,51.4,4199808768.0
4128.414643,51.3,4200859136.0
4129.427652,51.5,4201858816.0
4130.439666,51.1,4202859264.0
4131.448093,51.3,4203858432.0
4132.456828,51.2,4204859136.0
4133.468230,51.6,4205908992.0
4134.481679,51.5,4206909440.0
4135.489644,51.2,4207908352.0
4136.496694,51.5,4208909568.0
4137.505688,51.7,4209909248.0
4138.515657,51.4,4210959104.0
4139.529808,51.5,4211959040.0
4140.539414,51.4,4212959232.0
4141.548331,51.4,4213959168.0
4142.557482,51.5,4214959360.0
4143.567681,51.4,4216008704.0
4144.583076,51.5,4217009152.0
4145.590652,51.5,4218009088.0
4146.598168,51.4,4219008768.0
4147.606380,51.7,4220009216.0
4148.617131,51.3,4221059072.0
4149.630608,51.2,4222059520.0
4150.639345,51.4,4223058944.0
4151.648036,51.4,4224058624.0
4152.656168,51.4,4225058816.0
4153.667705,51.6,4226108416.0
4154.682885,51.3,4227108608.0
4155.691025,51.5,4228109056.0
4156.699656,51.3,4229108736.0
4157.709057,51.6,4230108672.0
4158.718717,51.4,4231159040.0
4159.733659,51.5,4232158464.0
4160.741034,51.8,4233158912.0
4161.748659,51.3,4234158848.0
4162.756682,51.3,4235158528.0
4163.766689,51.3,4236208896.0
4164.780876,51.7,4237208576.0
4165.788562,51.4,4238208512.0
4166.796242,51.5,4239208704.0
4167.804329,51.7,4240208896.0
4168.814657,51.7,4241259520.0
4169.828180,51.3,4242258688.0
4170.838033,51.2,4243258624.0
4171.845462,51.5,4244258560.0
4172.855506,51.3,4245258496.0
4173.866393,51.1,4246308864.0
4174.880641,51.7,4247308544.0
4175.889673,51.5,4248309248.0
4176.896836,51.5,4249308672.0
4177.905475,51.4,4250308608.0
4178.915962,51.5,4251358464.0
4179.928699,51.6,4252358400.0
4180.937596,51.3,4253358080.0
4181.945424,51.4,4254358528.0
4182.953693,51.8,4255358464.0
4183.966285,51.5,4256408576.0
4184.979646,51.3,4257409024.0
4185.989017,51.3,4258408704.0
4186.997268,51.3,4259408128.0
4188.005583,51.6,4260408832.0
4189.016766,51.4,4261458688.0
4190.029677,51.4,4262458368.0
4191.039215,51.2,4263458304.0
4192.046666,51.6,4264459520.0
4193.054068,51.7,4265458432.0
4194.064650,51.4,4266508544.0
4195.077665,51.4,4267507968.0
4196.086801,51.4,4268508160.0
4197.094765,51.4,4269508352.0
4198.103060,51.5,4270508288.0
4199.114880,51.5,4271558656.0
4200.128892,51.4,4272558592.0
4201.138880,51.6,4273558528.0
4202.147816,51.6,4274558208.0
4203.157319,51.4,4275558400.0
4204.167563,51.6,4276608512.0
4205.181587,51.5,4277608448.0
4206.189536,51.1,4278608128.0
4207.197236,51.7,4279609088.0
4208.205256,51.5,4280608256.0
4209.216745,51.5,4281658368.0
4210.230912,51.7,4282659072.0
4211.239794,51.8,4283658752.0
4212.247383,51.4,4284658688.0
4213.255863,51.2,4285658112.0
4214.268259,51.5,4286708480.0
4215.281657,51.6,4287708160.0
4216.289658,51.4,4288708096.0
4217.298686,51.3,4289708288.0
4218.308564,51.5,4290707968.0
4219.319025,51.3,4291758848.0
4220.333005,51.2,4292758528.0
4221.340647,51.3,4293757952.0
4222.347647,51.4,4294757888.0
4223.355036,51.6,4295757824.0
4224.366069,51.6,4296807936.0
4225.379658,51.4,4297807872.0
4226.388086,51.4,4298808320.0
4227.394683,51.5,4299808256.0
4228.402845,51.1,4300807680.0
4229.414270,51.6,4301858304.0
4230.428933,51.5,4302858240.0
4231.438663,51.6,4303857664.0
4232.445652,51.3,4304857600.0
4233.452010,51.3,4305858048.0
4234.462644,51.2,4306908160.0
4235.476646,51.2,4307908608.0
4236.485675,51.5,4308908544.0
4237.492556,51.4,4309909504.0
4238.499708,51.6,4310908416.0
4239.508976,51.4,4311908352.0
4240.518322,51.1,4312957952.0
4241.531918,51.4,4313958400.0
4242.539948,51.7,4314958336.0
4243.549250,51.3,4315957248.0
4244.558491,51.6,4316958720.0
4245.569211,51.3,4318007808.0
4246.581142,51.3,4319009280.0
4247.589392,51.5,4320008192.0
4248.597275,51.6,4321007616.0
4249.605449,51.7,4322008064.0
4250.616568,51.4,4323059200.0
4251.630657,51.4,4324057600.0
4252.639018,51.5,4325057536.0
4253.647413,51.4,4326057472.0
4254.654006,51.4,4327057920.0
4255.667699,,
4261.677650,,
4267.684177,51.5,4343206912.0
4271.781673,51.6,4344207360.0
4272.789825,51.5,4345207296.0
4273.798461,51.2,4346207232.0
4274.807571,51.3,4347207168.0
4275.818502,51.3,4348257280.0
4276.831410,51.8,4349256704.0
4277.839658,51.5,4350257664.0
4278.848694,51.4,4351257088.0
4279.855644,51.5,4352257024.0
4280.865288,51.2,4353307648.0
4281.880066,51.4,4354307072.0
4282.888484,51.3,4355307520.0
4283.896256,51.4,4356306944.0
4284.902688,51.2,4357306880.0
4285.912988,51.8,4358356992.0
4286.927315,51.4,4359356928.0
4287.937806,51.5,4360357376.0
4288.945665,51.5,4361356800.0
4289.953754,51.6,4362356736.0
4290.964832,51.7,4363407360.0
4291.978532,51.4,4364407296.0
4292.986663,51.2,4365406720.0
4293.994784,51.6,4366406656.0
4295.002590,51.3,4367406592.0
4296.013088,51.5,4368457216.0
4297.027793,51.3,4369456640.0
4298.037750,51.4,4370457600.0
4299.046033,51.4,4371456512.0
4300.053671,51.1,4372455936.0
4301.064655,51.3,4373506048.0
4302.078210,51.3,4374506496.0
4303.087686,51.5,4375506944.0
4304.095220,51.4,4376506880.0
4305.103738,51.4,4377506816.0
4306.113649,51.3,4378556928.0
4307.126645,51.5,4379556864.0
4308.134669,51.5,4380556800.0
4309.141670,51.7,4381556736.0
4310.149482,51.4,4382556672.0
4311.157743,51.6,4383556608.0
4312.167547,51.4,4384606720.0
4313.179647,51.5,4385606656.0
4314.187990,51.5,4386606592.0
4315.196580,51.4,4387606528.0
4316.204310,51.5,4388606976.0
4317.215032,51.6,4389657088.0
4318.227877,51.2,4390657024.0
4319.238727,51.5,4391656960.0
4320.247218,51.6,4392656384.0
4321.254990,51.2,4393656320.0
4322.264644,51.4,4394706432.0
4323.278554,51.3,4395706368.0
4324.287291,51.5,4396706816.0
4325.294777,51.6,4397706752.0
4326.302654,51.4,4398706688.0
4327.313659,51.4,4399756288.0
4328.328682,51.3,4400756224.0
4329.337503,51.6,4401756160.0
4330.344681,51.5,4402756096.0
4331.353086,51.4,4403756544.0
4332.365124,51.5,4404806144.0
4333.378659,51.3,4405806592.0
4334.386706,51.6,4406806528.0
4335.393684,51.4,4407805952.0
4336.400651,51.6,4408806400.0
4337.409658,51.4,4409806336.0
4338.418651,51.4,4410855936.0
4339.430432,51.4,4411856384.0
4340.438880,51.6,4412856320.0
4341.446769,51.3,4413855744.0
4342.454974,51.3,4414856192.0
4343.465668,51.6,4415906304.0
4344.480243,51.4,4416906240.0
4345.489299,51.7,4417906176.0
4346.496987,51.5,4418906112.0
4347.505268,51.6,4419906560.0
4348.515856,51.4,4420956160.0
4349.529662,51.3,4421955584.0
4350.538002,51.4,4422955520.0
4351.545581,51.5,4423955968.0
4352.552723,51.3,4424956416.0
4353.562668,51.0,4426006016.0
4354.577211,51.2,4427005440.0
4355.586649,51.5,4428005376.0
4356.593716,51.4,4429005824.0
4357.601668,51.7,4430006272.0
4358.612144,51.7,4431055872.0
4359.626561,51.2,4432056320.0
4360.636155,51.7,4433055744.0
4361.643748,51.8,4434055680.0
4362.651544,51.4,4435055104.0
4363.663350,51.4,4436105728.0
4364.678193,51.4,4437105664.0
4365.687320,51.5,4438106112.0
4366.695247,51.6,4439106048.0
4367.704132,51.4,4440105984.0
4368.714481,51.4,4441156096.0
4369.728523,51.7,4442156544.0
4370.737792,,
4376.747178,,
4382.751661,51.2,4458255872.0
4386.848986,51.5,4459255808.0
4387.857761,51.8,4460255744.0
4388.869290,51.7,4461305856.0
4389.880689,51.3,4462305792.0
4390.888652,51.4,4463305728.0
4391.895880,51.4,4464305664.0
4392.904724,51.4,4465305600.0
4393.913552,51.3,4466355712.0
4394.927767,51.8,4467355648.0
4395.936016,51.3,4468356096.0
4396.943383,51.7,4469355520.0
4397.951014,51.6,4470355456.0
4398.960648,51.4,4471406080.0
4399.975688,51.5,4472404992.0
4400.985123,51.6,4473404928.0
4401.992680,51.6,4474405376.0
4403.000431,51.3,4475404800.0
4404.009648,51.4,4476405248.0
4405.018264,51.5,4477454848.0
4406.029657,51.3,4478455296.0
4407.038415,51.4,4479454720.0
4408.044688,51.4,4480454656.0
4409.053212,51.4,4481455104.0
4410.062899,51.8,4482505728.0
4411.076639,51.5,4483505664.0
4412.085657,51.6,4484505600.0
4413.093836,51.5,4485505024.0
4414.101662,51.3,4486504960.0
4415.111453,51.5,4487555072.0
4416.126071,51.4,4488554496.0
4417.136040,51.5,4489554432.0
4418.143245,51.5,4490555392.0
4419.149861,51.6,4491555328.0
4420.158650,51.6,4492555264.0
4421.168374,51.9,4493604864.0
4422.179957,51.4,4494604800.0
4423.187650,51.6,4495605248.0
4424.195448,51.7,4496605184.0
4425.203209,51.6,4497604608.0
4426.213663,51.5,4498655232.0
4427.226682,51.5,4499654656.0
4428.235667,51.6,4500655104.0
4429.242734,51.8,4501654528.0
4430.250680,51.4,4502654976.0
4431.261048,51.6,4503705600.0
4432.276009,51.4,4504704512.0
4433.284652,51.6,4505705472.0
4434.290694,51.6,4506704896.0
4435.298684,51.2,4507705856.0
4436.307654,51.5,4508704768.0
4437.317822,51.5,4509754880.0
4438.330152,51.5,4510754816.0
4439.337656,51.7,4511755264.0
4440.344664,51.4,4512754688.0
4441.352487,51.5,4513754624.0
4442.364199,51.6,4514805248.0
4443.379525,51.4,4515804672.0
4444.388860,51.6,4516804608.0
4445.397324,51.4,4517805056.0
4446.405001,51.7,4518804480.0
4447.415664,51.4,4519855616.0
4448.429166,51.3,4520855040.0
4449.439368,51.6,4521854464.0
4450.447005,51.6,4522854912.0
4451.454548,51.6,4523854848.0
4452.465649,51.5,4524904448.0
4453.479857,51.4,4525904896.0
4454.487492,51.6,4526904832.0
4455.494661,51.4,4527904256.0
4456.502329,51.5,4528904704.0
4457.512483,51.4,4529904128.0
4458.522595,51.6,4530954752.0
4459.533138,51.6,4531954688.0
4460.541651,51.1,4532954624.0
4461.548647,51.6,4533954560.0
4462.556127,51.6,4534954496.0
4463.567566,51.4,4536004608.0
4464.581370,51.5,4537004032.0
4465.590639,51.3,4538004480.0
4466.597128,51.7,4539004416.0
4467.605001,51.4,4540004352.0
4468.615244,51.6,4541054464.0
4469.629677,51.5,4542054912.0
4470.638659,51.5,4543054848.0
4471.646004,51.4,4544054784.0
4472.653682,51.5,4545054208.0
4473.660692,51.5,4546054656.0
4474.670300,51.5,4547104256.0
4475.683668,51.6,4548104704.0
4476.692647,51.3,4549105152.0
4477.700302,51.6,4550104576.0
4478.708859,51.6,4551104000.0
4479.719458,51.6,4552154624.0
4480.733431,51.3,4553153536.0
4481.742551,51.4,4554153984.0
4482.750806,51.5,4555153920.0
4483.759643,51.2,4556154368.0
4484.769054,51.2,4557203968.0
4485.785210,51.7,4558203904.0
4486.795233,51.4,4559204352.0
4487.802760,51.7,4560204288.0
4488.810654,51.4,4561204224.0
4489.819649,51.7,4562204672.0
4490.833747,,
4496.842766,,
4502.848667,51.8,4578304000.0
4506.913485,51.4,4579303424.0
4507.923362,51.7,4580354048.0
4508.936141,51.2,4581353984.0
4509.945659,51.4,4582354432.0
4510.952644,51.5,4583354368.0
4511.959979,51.4,4584353280.0
4512.970561,51.5,4585353728.0
4513.979554,51.5,4586403328.0
4514.991988,51.1,4587403776.0
4515.999963,51.6,4588403712.0
4517.007582,51.5,4589403136.0
4518.016660,51.6,4590403584.0
4519.027167,51.3,4591453696.0
4520.040812,51.4,4592454144.0
4521.051293,51.5,4593453568.0
4522.059430,51.5,4594453504.0
4523.066449,51.6,4595453440.0
4524.076652,51.6,4596503552.0
4525.090618,51.6,4597503488.0
4526.099870,51.6,4598502912.0
4527.106873,51.5,4599503872.0
4528.113642,51.5,4600503808.0
4529.120666,51.3,4601503744.0
4530.129678,51.4,4602553856.0
4531.142700,51.6,4603553792.0
4532.151730,51.7,4604554240.0
4533.159753,51.6,4605553664.0
4534.167643,51.7,4606553600.0
4535.177291,51.7,4607603200.0
4536.191662,51.4,4608603136.0
4537.199652,51.6,4609603072.0
4538.206422,51.4,4610603008.0
4539.213691,51.4,4611602944.0
4540.222201,51.4,4612602880.0
4541.233112,51.6,4613653504.0
4542.246961,51.5,4614653440.0
4543.254652,51.5,4615654400.0
4544.261699,51.6,4616653312.0
4545.269863,51.6,4617653248.0
4546.280464,51.3,4618703360.0
4547.295530,51.6,4619703296.0
4548.303641,51.6,4620703744.0
4549.310889,51.4,4621703168.0
4550.318641,51.6,4622703104.0
4551.328674,51.6,4623703040.0
4552.343524,51.4,4624753152.0
4553.352929,51.8,4625753600.0
4554.359661,51.3,4626753024.0
4555.367689,51.7,4627753984.0
4556.375695,51.6,4628752896.0
4557.384968,51.4,4629803520.0
4558.399220,51.6,4630803456.0
4559.409350,51.3,4631803904.0
4560.417582,51.6,4632803328.0
4561.425233,51.4,4633803264.0
4562.435620,51.3,4634853376.0
4563.448882,51.3,4635853312.0
4564.458509,52.0,4636853248.0
4565.466857,51.5,4637853184.0
4566.474882,51.6,4638853120.0
4567.485719,51.6,4639902720.0
4568.499664,51.4,4640902656.0
4569.507895,51.6,4641903104.0
4570.515649,51.3,4642903040.0
4571.523106,51.7,4643902976.0
4572.534937,51.8,4644953088.0
4573.549359,51.3,4645953024.0
4574.557657,51.5,4646953472.0
4575.563658,51.6,4647952896.0
4576.571542,51.6,4648953344.0
4577.581713,51.7,4649953792.0
4578.590946,52.0,4651002880.0
4579.603570,51.6,4652003328.0
4580.611452,51.5,4653003264.0
4581.619747,51.5,4654002688.0
4582.628683,51.9,4655003136.0
4583.638810,51.7,4656052736.0
4584.652926,51.7,4657053184.0
4585.660651,51.4,4658053632.0
4586.667754,51.8,4659053056.0
4587.675374,51.4,4660053504.0
4588.686104,51.8,4661103104.0
4589.700681,51.6,4662103040.0
4590.710341,51.8,4663102976.0
4591.718576,51.6,4664102912.0
4592.726891,51.4,4665103360.0
4593.738825,51.4,4666153472.0
4594.752137,51.6,4667153408.0
4595.761151,51.4,4668152832.0
4596.768997,51.5,4669153280.0
4597.777014,51.3,4670152704.0
4598.788562,51.3,4671202816.0
4599.802944,51.6,4672203264.0
4600.812657,51.8,4673202688.0
4601.820818,51.9,4674203136.0
4602.828657,51.5,4675203072.0
4603.839754,51.4,4676252672.0
4604.854443,51.4,4677252608.0
4605.863394,51.5,4678253568.0
4606.870644,51.6,4679252992.0
4607.877663,51.5,4680252928.0
4608.888768,51.5,4681302528.0
4609.903289,51.5,4682302976.0
4610.912421,,
4616.920660,,
4622.927644,51.5,4698402304.0
4627.043862,51.5,4699452928.0
4628.058186,51.7,4700452864.0
4629.067136,51.7,4701452288.0
4630.075124,51.7,4702451712.0
4631.084857,51.7,4703452160.0
4632.094603,51.6,4704502784.0
4633.109423,51.5,4705501696.0
4634.118988,51.5,4706502656.0
4635.126650,51.7,4707502592.0
4636.134649,51.5,4708502528.0
4637.145182,51.6,4709552128.0
4638.159665,51.5,4710552576.0
4639.168949,51.5,4711553024.0
4640.175712,51.7,4712553472.0
4641.182693,51.7,4713552384.0
4642.192679,51.6,4714601984.0
4643.206660,51.6,4715601920.0
4644.215686,51.4,4716601856.0
4645.222767,51.8,4717601792.0
4646.230171,51.6,4718601728.0
4647.238999,51.8,4719601664.0
4648.248743,51.7,4720651776.0
4649.262668,51.6,4721651712.0
4650.270615,51.5,4722651648.0
4651.278362,51.5,4723651584.0
4652.287223,51.7,4724652032.0
4653.297565,51.5,4725702656.0
4654.312898,51.7,4726702080.0
4655.320662,51.5,4727702016.0
4656.328073,51.6,4728701952.0
4657.335674,51.6,4729702400.0
4658.346669,51.5,4730752512.0
4659.359690,51.5,4731752448.0
4660.368655,51.4,4732752384.0
4661.375420,51.6,4733752320.0
4662.382858,51.7,4734752256.0
4663.392646,51.5,4735752192.0
4664.403257,51.7,4736801792.0
4665.416052,51.7,4737802240.0
4666.424177,51.7,4738801664.0
4667.431672,51.7,4739801600.0
4668.440060,51.7,4740802048.0
4669.451074,51.6,4741851648.0
4670.465390,51.6,4742852096.0
4671.472970,51.2,4743851520.0
4672.479644,51.5,4744851456.0
4673.486694,51.6,4745851392.0
4674.496337,51.7,4746901504.0
4675.510905,51.7,4747901952.0
4676.520735,51.4,4748900864.0
4677.528180,51.5,4749900800.0
4678.536246,51.2,4750901248.0
4679.546103,51.4,4751902208.0
4680.556373,51.6,4752951296.0
4681.565727,51.6,4753951232.0
4682.574672,51.5,4754951680.0
4683.583810,51.6,4755951616.0
4684.592832,51.8,4756951552.0
4685.603372,51.6,4758001664.0
4686.618569,52.0,4759001600.0
4687.627270,51.3,4760001536.0
4688.636244,51.9,4761001984.0
4689.644664,51.8,4762001920.0
4690.655174,51.5,4763052032.0
4691.669969,51.5,4764051968.0
4692.677658,51.6,4765051904.0
4693.686106,51.5,4766051840.0
4694.693683,51.5,4767051264.0
4695.703570,51.4,4768101888.0
4696.717352,51.8,4769101312.0
4697.724691,51.5,4770101760.0
4698.731660,51.8,4771101184.0
4699.738676,51.9,4772101632.0
4700.748655,51.6,4773101568.0
4701.757666,51.5,4774151168.0
4702.770612,51.5,4775150592.0
4703.777674,51.3,4776150528.0
4704.784573,51.5,4777149952.0
4705.790651,51.5,4778151424.0
4706.800148,51.6,4779151872.0
4707.809146,51.9,4780200960.0
4708.820284,51.7,4781200896.0
4709.827669,51.6,4782200832.0
4710.835278,51.4,4783201280.0
4711.842665,51.8,4784202240.0
4712.853658,51.6,4785251840.0
4713.867456,51.7,4786251264.0
4714.876656,51.5,4787251712.0
4715.882676,51.7,4788251136.0
4716.890256,51.4,4789251584.0
4717.899649,51.7,4790251008.0
4718.907652,51.5,4791300608.0
4719.920652,51.1,4792301568.0
4720.929667,51.8,4793301504.0
4721.936510,51.8,4794301440.0
4722.943972,51.6,4795301376.0
4723.954730,51.7,4796351488.0
4724.968666,51.8,4797351424.0
4725.977418,51.8,4798351360.0
4726.984703,51.7,4799351296.0
4727.992364,51.8,4800351232.0
4729.002057,51.7,4801351168.0
4730.018049,51.6,4802401280.0
4731.027053,,
4737.034979,,
4743.042338,51.7,4818450944.0
4747.108557,51.6,4819501056.0
4748.123213,51.6,4820500992.0
4749.131707,51.5,4821500928.0
4750.139261,51.7,4822500864.0
4751.148456,51.3,4823501312.0
4752.159020,51.7,4824551424.0
4753.173180,51.6,4825550848.0
4754.182682,51.7,4826550784.0
4755.189661,51.5,4827550720.0
4756.197353,51.7,4828551680.0
4757.206655,51.5,4829601280.0
4758.222079,51.8,4830601216.0
4759.230644,51.6,4831600640.0
4760.237420,51.7,4832600576.0
4761.246688,51.5,4833601024.0
4762.256830,51.6,4834600960.0
4763.266415,51.6,4835651072.0
4764.278654,51.8,4836651008.0
4765.286370,51.4,4837650944.0
4766.294921,51.6,4838650880.0
4767.303746,51.5,4839650816.0
4768.314334,51.8,4840701440.0
4769.329677,51.9,4841700864.0
4770.337504,51.6,4842701312.0
4771.346020,51.4,4843700736.0
4772.356421,51.6,4844702208.0
4773.366690,51.4,4845750784.0
4774.379442,51.6,4846751232.0
4775.386646,51.8,4847750656.0
4776.394271,51.7,4848751616.0
4777.401683,51.8,4849751552.0
4778.411644,51.6,4850801152.0
4779.425646,51.4,4851800576.0
4780.435050,51.5,4852801024.0
4781.443346,51.7,4853800960.0
4782.452013,51.7,4854800896.0
4783.463307,51.7,4855850496.0
4784.476216,51.9,4856849920.0
4785.486011,51.6,4857850368.0
4786.494478,51.6,4858850304.0
4787.503464,51.8,4859850240.0
4788.514134,51.7,4860900864.0
4789.529727,51.9,4861900800.0
4790.537511,51.6,4862900736.0
4791.545232,51.7,4863900672.0
4792.554682,51.6,4864900608.0
4793.564467,51.8,4865951744.0
4794.578667,51.7,4866949632.0
4795.588272,51.7,4867951616.0
4796.597299,51.6,4868951040.0
4797.610384,51.6,4869950976.0
4798.621670,51.7,4871001600.0
4799.632916,51.3,4872000512.0
4800.640663,51.3,4873000448.0
4801.650139,51.4,4874001408.0
4802.661351,51.7,4875051008.0
4803.678216,51.4,4876050944.0
4804.687503,51.9,4877050880.0
4805.695426,51.7,4878050304.0
4806.704873,51.5,4879050752.0
4807.715593,51.5,4880100352.0
4808.731825,52.0,4881100800.0
4809.740127,51.6,4882100224.0
4810.748320,51.5,4883100160.0
4811.756662,51.8,4884100608.0
4812.765648,51.8,4885150208.0
4813.779421,51.5,4886150656.0
4814.788608,51.8,4887150592.0
4815.795679,51.7,4888150016.0
4816.803146,51.4,4889151488.0
4817.812665,51.8,4890150400.0
4818.823412,51.7,4891200000.0
4819.833665,51.7,4892200960.0
4820.841608,51.6,4893201408.0
4821.850187,51.7,4894200320.0
4822.859053,51.5,4895200768.0
4823.868679,51.6,4896251392.0
4824.882863,51.8,4897250816.0
4825.891240,51.6,4898250240.0
4826.899668,51.8,4899250176.0
4827.908112,51.6,4900251136.0
4828.919205,51.6,4901299712.0
4829.934201,51.6,4902300160.0
4830.941661,51.7,4903300608.0
4831.949519,51.7,4904300032.0
4832.958258,51.7,4905300480.0
4833.968645,51.6,4906351104.0
4834.982659,51.6,4907349504.0
4835.991677,51.7,4908350976.0
4836.999465,51.6,4909349376.0
4838.007432,51.5,4910349312.0
4839.018438,51.8,4911399936.0
4840.032652,51.7,4912400384.0
4841.041646,51.6,4913399808.0
4842.049075,51.6,4914399232.0
4843.057660,51.6,4915399680.0
4844.068609,51.7,4916449792.0
4845.082493,51.7,4917451264.0
4846.092153,51.9,4918449664.0
4847.100559,51.6,4919449600.0
4848.110275,51.7,4920449536.0
4849.121918,51.6,4921501184.0
4850.135660,51.6,4922500096.0
4851.143644,,
4857.151651,,
4863.160315,51.8,4938599424.0
4867.238791,51.8,4939599360.0
4868.247594,52.0,4940599296.0
4869.256040,52.0,4941600768.0
4870.265899,51.3,4942598656.0
4871.277599,51.6,4943648768.0
4872.288939,51.7,4944648704.0
4873.296724,51.4,4945649152.0
4874.305598,51.4,4946649600.0
4875.315513,51.7,4947649536.0
4876.324875,52.0,4948698624.0
4877.338599,51.7,4949698560.0
4878.345666,51.6,4950698496.0
4879.352649,51.6,4951699456.0
4880.360997,51.4,4952698880.0
4881.372486,51.7,4953749504.0
4882.386731,51.8,4954749440.0
4883.396046,52.1,4955748864.0
4884.403770,51.8,4956749824.0
4885.411203,51.5,4957749760.0
4886.423058,51.6,4958799360.0
4887.436648,51.6,4959798272.0
4888.445520,51.7,4960798208.0
4889.453470,51.4,4961799168.0
4890.462994,51.6,4962799616.0
4891.475097,51.6,4963848704.0
4892.489368,51.6,4964849152.0
4893.498169,51.9,4965849600.0
4894.506733,51.5,4966849024.0
4895.514796,51.7,4967848960.0
4896.525256,51.7,4968899584.0
4897.540946,51.3,4969899008.0
4898.549654,51.8,4970899968.0
4899.557671,51.8,4971899392.0
4900.566643,51.8,4972899328.0
4901.576054,51.8,4973948416.0
4902.588669,51.6,4974948352.0
4903.597445,51.7,4975948800.0
4904.605692,51.3,4976949760.0
4905.612714,51.9,4977949184.0
4906.623647,51.8,4978998272.0
4907.637828,51.5,4979999744.0
4908.647986,51.6,4980998656.0
4909.657721,51.8,4981998592.0
4910.665526,51.8,4982998528.0
4911.675585,51.6,4984049664.0
4912.689664,51.9,4985050112.0
4913.699717,51.9,4986050048.0
4914.707698,51.9,4987048960.0
4915.714664,51.5,4988049408.0
4916.726786,51.8,4989099008.0
4917.742304,51.8,4990097920.0
4918.750106,51.8,4991097856.0
4919.758212,51.8,4992098816.0
4920.765899,51.6,4993099264.0
4921.777200,51.5,4994149376.0
4922.791945,51.7,4995148800.0
4923.801027,51.5,4996147712.0
4924.809052,51.5,4997148672.0
4925.817203,51.8,4998148608.0
4926.827825,51.5,4999199232.0
4927.842515,51.7,5000198656.0
4928.851019,51.6,5001198592.0
4929.858664,51.4,5002199040.0
4930.867571,51.7,5003198464.0
4931.878185,51.7,5004249088.0
4932.890663,51.7,5005249024.0
4933.900237,51.3,5006247936.0
4934.908839,51.8,5007247872.0
4935.917398,51.5,5008247808.0
4936.927902,51.4,5009297920.0
4937.941662,51.6,5010297856.0
4938.949976,51.6,5011297792.0
4939.956648,51.8,5012298240.0
4940.964077,51.8,5013298688.0
4941.974189,51.7,5014299136.0
4942.983689,51.6,5015348224.0
4943.994957,51.5,5016348672.0
4945.003357,51.6,5017349120.0
4946.011101,51.5,5018349056.0
4947.017669,51.8,5019348992.0
4948.028863,51.3,5020398592.0
4949.042683,51.6,5021398528.0
4950.051670,51.9,5022398464.0
4951.059496,51.7,5023397888.0
4952.068327,51.8,5024397824.0
4953.079366,51.7,5025447424.0
4954.093287,51.8,5026449920.0
4955.102913,52.0,5027448832.0
4956.111682,51.8,5028448768.0
4957.119345,51.7,5029449216.0
4958.129683,51.9,5030498816.0
4959.144083,51.9,5031497728.0
4960.152970,51.6,5032498688.0
4961.162073,51.5,5033498624.0
4962.171098,51.6,5034498560.0
4963.181682,51.6,5035548672.0
4964.195657,51.6,5036548608.0
4965.202659,51.8,5037547520.0
4966.209738,51.4,5038548480.0
4967.217584,51.8,5039548416.0
4968.227667,51.7,5040598528.0
4969.243236,51.8,5041598464.0
4970.253341,51.4,5042598400.0
4971.260665,51.9,5043598336.0
4972.268660,51.8,5044597248.0
4973.279467,51.9,5045647872.0
4974.294071,51.8,5046648320.0
4975.304002,51.6,5047647744.0
4976.311708,51.7,5048649216.0
4977.321498,51.8,5049648128.0
4978.334367,51.6,5050698240.0
4979.348813,51.7,5051698176.0
4980.357114,51.6,5052698624.0
4981.365481,51.6,5053698560.0
4982.373988,51.5,5054697984.0
4983.383487,52.0,5055749120.0
4984.398283,51.8,5056748544.0
4985.406534,51.7,5057747968.0
4986.415447,51.7,5058748928.0
4987.423667,51.7,5059748352.0
4988.433367,51.9,5060797952.0
4989.448131,51.8,5061797888.0
4990.456690,51.9,5062797824.0
4991.464900,51.8,5063797760.0
4992.472920,51.6,5064797696.0
4993.483491,51.7,5065847808.0
4994.498798,51.8,5066847744.0
4995.506959,51.9,5067848192.0
4996.516125,51.9,5068847616.0
4997.525885,51.8,5069848064.0
4998.535668,51.8,5070898176.0
4999.548667,51.9,5071898112.0
5000.556749,51.5,5072898048.0
5001.563978,51.6,5073897984.0
5002.572034,51.7,5074897920.0
5003.583228,52.1,5075948032.0
5004.596658,51.9,5076947456.0
5005.605794,51.9,5077947904.0
5006.613527,51.8,5078947840.0
5007.621520,51.7,5079947776.0
5008.633671,51.5,5080997888.0
5009.647836,51.6,5081997824.0
5010.658261,51.7,5082997760.0
5011.667033,51.7,5083998208.0
5012.676385,51.8,5084998144.0
5013.686041,51.3,5086047744.0
5014.700716,51.5,5087047680.0
5015.708919,51.9,5088048640.0
5016.716706,51.6,5089047552.0
5017.724645,51.5,5090046976.0
5018.734914,51.7,5091097600.0
5019.749652,51.4,5092097536.0
5020.758173,51.9,5093097472.0
5021.766485,51.6,5094097408.0
5022.775567,51.6,5095096832.0
5023.787243,51.6,5096147456.0
5024.802683,51.7,5097147392.0
5025.810068,51.7,5098147840.0
5026.818566,51.8,5099147264.0
5027.826734,51.6,5100147712.0
5028.836614,51.5,5101197824.0
5029.851827,52.0,5102197248.0
5030.859666,,
5036.868832,,
5042.875670,51.8,5118297600.0
5046.952662,51.9,5119297024.0
5047.960564,51.6,5120296448.0
5048.968484,51.5,5121296896.0
5049.977132,51.9,5122296832.0
5050.988036,51.5,5123347456.0
5052.002667,51.2,5124346880.0
5053.011014,51.6,5125347328.0
5054.017664,51.5,5126347264.0
5055.025359,51.7,5127347200.0
5056.035887,51.7,5128396800.0
5057.049655,52.0,5129397248.0
5058.060273,51.7,5130397184.0
5059.067670,51.8,5131396608.0
5060.075815,51.9,5132397056.0
5061.086264,51.8,5133447168.0
5062.100012,51.6,5134446592.0
5063.109343,51.7,5135447040.0
5064.117181,51.7,5136446976.0
5065.126034,51.8,5137446912.0
5066.136420,51.5,5138497024.0
5067.151102,51.7,5139496960.0
5068.160698,52.1,5140496896.0
5069.169458,51.6,5141496832.0
5070.177167,51.9,5142496768.0
5071.188124,51.6,5143547392.0
5072.202442,51.8,5144546816.0
5073.211692,51.9,5145545728.0
5074.219584,51.6,5146546176.0
5075.227850,51.8,5147546624.0
5076.238974,51.7,5148595712.0
5077.253429,51.6,5149596672.0
5078.263232,51.9,5150597120.0
5079.270676,51.7,5151596032.0
5080.279430,51.9,5152596480.0
5081.289997,51.8,5153646592.0
5082.303749,51.4,5154646528.0
5083.312855,51.6,5155646464.0
5084.320439,51.6,5156646912.0
5085.328861,51.6,5157646336.0
5086.339704,51.7,5158696448.0
5087.356242,51.6,5159696384.0
5088.364552,52.0,5160696320.0
5089.374432,51.8,5161696768.0
5090.384367,51.7,5162696704.0
5091.395706,51.7,5163746304.0
5092.406524,51.5,5164746240.0
5093.414691,51.8,5165746176.0
5094.422444,51.5,5166746112.0
5095.431126,51.6,5167746560.0
5096.442198,51.6,5168796160.0
5097.457328,51.8,5169796608.0
5098.465799,51.5,5170796544.0
5099.474808,51.7,5171795968.0
5100.484070,51.6,5172796416.0
5101.495598,51.4,5173846528.0
5102.507141,51.5,5174846464.0
5103.515495,51.5,5175846400.0
5104.525073,51.7,5176845824.0
5105.536768,51.7,5177846272.0
5106.552080,51.7,5178896384.0
5107.563117,51.7,5179896320.0
5108.570948,51.8,5180896768.0
5109.579577,51.5,5181896192.0
5110.592250,51.8,5182946304.0
5111.605704,51.6,5183946240.0
5112.614673,51.8,5184946176.0
5113.621661,51.7,5185946112.0
5114.630144,51.7,5186946048.0
5115.640516,51.8,5187996672.0
5116.655502,51.7,5188996096.0
5117.664659,51.5,5189996032.0
5118.672900,51.8,5190995968.0
5119.681990,51.8,5191995904.0
5120.692323,51.8,5193046016.0
5121.708492,51.8,5194045952.0
5122.717670,51.9,5195045888.0
5123.725924,51.6,5196045824.0
5124.733655,51.5,5197045760.0
5125.742676,51.7,5198096896.0
5126.757679,51.7,5199096320.0
5127.766092,51.5,5200095744.0
5128.775498,52.0,5201096192.0
5129.784861,51.7,5202096128.0
5130.795159,51.8,5203144704.0
5131.809874,51.9,5204146176.0
5132.818243,51.8,5205145088.0
5133.826875,51.6,5206145024.0
5134.836729,51.6,5207145984.0
5135.847042,51.6,5208195584.0
5136.859901,51.7,5209195520.0
5137.869606,51.7,5210194944.0
5138.877878,52.0,5211195904.0
5139.887688,51.6,5212195840.0
5140.898211,51.5,5213245952.0
5141.910988,51.8,5214244864.0
5142.919979,51.6,5215245824.0
5143.928708,51.8,5216245760.0
5144.937656,51.8,5217246208.0
5145.948004,51.8,5218296320.0
5146.961740,51.7,5219295744.0
5147.969854,51.9,5220294656.0
5148.979672,51.6,5221745664.0
5150.427679,51.9,5222745600.0
5151.442653,51.8,5223796224.0
5152.458651,51.8,5224795648.0
5153.467936,51.8,5225795584.0
5154.475430,51.8,5226796032.0
5155.482666,51.8,5227795456.0
5156.492659,51.7,5228846592.0
5157.506990,51.9,5229846016.0
5158.516572,51.4,5230845952.0
5159.524660,51.7,5231845888.0
5160.532662,51.8,5232845824.0
5161.544735,51.9,5233895936.0
5162.559253,51.8,5234895872.0
5163.568057,51.4,5235895808.0
5164.575669,51.8,5236895744.0
5165.584070,51.6,5237895168.0
5166.596786,51.7,5238945792.0
5167.611672,51.6,5239945728.0
5168.620394,51.8,5240945664.0
5169.628875,51.7,5242745344.0
5171.427650,52.0,5243745792.0
5172.443600,51.6,5244795904.0
5173.457645,51.7,5245795840.0
5174.467654,51.7,5246795776.0
5175.473657,51.7,5247795712.0
5176.480652,51.9,5248795648.0
5177.489668,51.5,5249795584.0
5178.498678,51.6,5250845696.0
5179.513349,51.7,5251846656.0
5180.520939,51.9,5252846592.0
5181.527641,51.9,5253845504.0
5182.535221,51.9,5254845952.0
5183.546299,51.6,5255895552.0
5184.560934,51.6,5256895488.0
5185.569782,51.7,5257895424.0
5186.576919,51.8,5258895360.0
5187.584798,51.9,5262595072.0
5191.262175,52.0,5263594496.0
5192.270478,51.7,5264594944.0
5193.278432,51.7,5265595392.0
5194.286488,52.0,5266595328.0
5195.296980,51.5,5267645440.0
5196.310648,51.5,5268644352.0
5197.319497,51.7,5269644800.0
5198.327768,52.1,5270644736.0
5199.335639,51.7,5271644672.0
5200.346135,51.6,5272694784.0
5201.359682,51.8,5273695232.0
5202.368669,51.8,5274694656.0
5203.376028,52.1,5275695104.0
5204.383469,51.8,5276694528.0
5205.392656,51.9,5277694464.0
5206.401645,51.5,5278744576.0
5207.414975,51.4,5279745024.0
5208.423009,52.1,5280744960.0
5209.429666,51.7,5281744896.0
5210.436659,,
5216.445066,,
5222.453041,51.5,5297844736.0
5226.528671,52.1,5298844672.0
5227.536615,51.6,5299844608.0
5228.547663,51.8,5300894720.0
5229.561505,51.8,5301894656.0
5230.571667,52.1,5302894592.0
5231.579701,51.5,5303894528.0
5232.588690,51.8,5304894976.0
5233.599349,51.7,5305944576.0
5234.613220,51.6,5306944512.0
5235.621662,51.6,5307944448.0
5236.628188,52.0,5308944384.0
5237.636944,51.8,5309944832.0
5238.647914,51.7,5310994944.0
5239.661668,51.9,5311994368.0
5240.670656,51.8,5312993792.0
5241.676644,51.6,5313994752.0
5242.683688,51.7,5314994176.0
5243.690671,51.8,5315994624.0
5244.700703,51.9,5317044224.0
5245.715659,52.0,5318044672.0
5246.723651,52.1,5319044608.0
5247.731465,51.3,5320044032.0
5248.739838,51.9,5321043968.0
5249.750400,51.9,5322094592.0
5250.763551,51.7,5323094528.0
5251.773340,51.7,5324094464.0
5252.781438,51.6,5325094400.0
5253.788985,51.7,5326093312.0
5254.801588,52.0,5327144448.0
5255.815671,52.1,5328143872.0
5256.824168,51.5,5329143808.0
5257.832135,51.9,5330144256.0
5258.841176,52.0,5331144192.0
5259.851601,51.5,5332194304.0
5260.865647,51.9,5333194240.0
5261.874111,51.7,5334195200.0
5262.880692,51.8,5335194112.0
5263.888686,51.8,5336194048.0
5264.899071,52.0,5337244160.0
5265.912684,51.6,5338244096.0
5266.922099,51.7,5339244544.0
5267.928682,51.8,5340243968.0
5268.935913,51.9,5341244416.0
5269.945662,51.9,5342243840.0
5270.954679,52.0,5343293952.0
5271.969656,52.0,5344293888.0
5272.978383,51.6,5345293824.0
5273.986385,51.6,5346293760.0
5274.996143,52.0,5347293696.0
5276.006656,52.0,5348343808.0
5277.019555,51.5,5349343744.0
5278.026652,51.8,5350344192.0
5279.033652,51.5,5351344128.0
5280.041413,51.7,5352344064.0
5281.052646,51.6,5353394176.0
5282.067673,52.1,5354393600.0
5283.075646,52.0,5355394048.0
5284.084649,52.0,5356393984.0
5285.092209,51.3,5357393920.0
5286.102962,51.9,5358444032.0
5287.117646,51.8,5359443456.0
5288.127825,51.9,5360443904.0
5289.135668,51.8,5361443840.0
5290.142832,51.6,5362443776.0
5291.153094,52.0,5363494400.0
5292.166653,51.8,5364493312.0
5293.175662,51.8,5365493760.0
5294.183720,51.5,5366493696.0
5295.191377,51.7,5367493632.0
5296.201653,51.6,5368543744.0
5297.215141,52.2,5369543680.0
5298.224848,52.0,5370543616.0
5299.231654,51.9,5371544064.0
5300.240108,51.9,5372543488.0
5301.250471,52.1,5373543936.0
5302.263651,51.6,5374594048.0
5303.272673,52.0,5375593472.0
5304.279875,51.7,5376593920.0
5305.287351,51.5,5377593856.0
5306.295748,51.6,5378593792.0
5307.306676,51.6,5379643904.0
5308.320809,51.7,5380643840.0
5309.328714,51.7,5381643264.0
5310.336963,51.6,5382643200.0
5311.347997,51.6,5383643648.0
5312.360078,51.8,5384693248.0
5313.369695,51.7,5385693184.0
5314.377653,51.9,5386693632.0
5315.386529,51.9,5387693568.0
5316.394519,51.9,5388693504.0
5317.403649,51.7,5389743616.0
5318.417001,51.9,5390743552.0
5319.425677,51.9,5391744000.0
5320.432065,51.9,5392743424.0
5321.439618,52.0,5393743360.0
5322.447990,51.6,5394743296.0
5323.457712,51.5,5395793408.0
5324.471585,51.7,5396793344.0
5325.479648,51.7,5397793280.0
5326.486679,51.7,5398793216.0
5327.494461,52.0,5399793152.0
5328.505785,51.9,5400843776.0
5329.519086,51.5,5401843200.0
5330.528091,51.7,5402843136.0
5331.535975,51.8,5403843072.0
5332.544565,52.0,5404843008.0
5333.555688,51.7,5405893632.0
5334.571015,51.5,5406893056.0
5335.579073,51.6,5407892992.0
5336.587525,52.0,5408893440.0
5337.594676,51.8,5409893376.0
5338.605338,51.5,5410943488.0
5339.618912,51.8,5411943424.0
5340.628102,52.1,5412942848.0
5341.636572,51.5,5413943296.0
5342.645426,52.0,5414943232.0
5343.656063,51.8,5415993344.0
5344.668658,51.7,5416993280.0
5345.678289,51.5,5417993216.0
5346.686652,51.6,5418993664.0
5347.695863,51.9,5419993088.0
5348.706649,51.9,5422043648.0
5350.756700,51.8,5423093248.0
5351.770766,51.6,5424093184.0
5352.779656,51.8,5425093120.0
5353.786647,51.6,5426093056.0
5354.793644,51.9,5427092992.0
5355.802649,52.0,5428093440.0
5356.817423,51.7,5429143040.0
5357.826649,52.0,5430142976.0
5358.833668,51.6,5431142912.0
5359.841648,51.6,5432143360.0
5360.850161,51.9,5433143296.0
5361.860321,52.0,5434192896.0
5362.874807,51.9,5435193344.0
5363.882496,52.3,5436192256.0
5364.890287,51.8,5437192192.0
5365.901446,52.1,5438192640.0
5366.917240,51.7,5439243264.0
5367.928269,51.7,5440243200.0
5368.934657,51.8,5441243136.0
5369.941682,51.7,5442243584.0
5370.950678,51.7,5443243008.0
5371.960500,51.5,5444292608.0
5372.974678,51.8,5445293056.0
5373.983275,51.6,5446292992.0
5374.991333,51.8,5447293440.0
5375.998646,51.9,5448292864.0
5377.009581,51.9,5449342976.0
5378.022650,52.0,5450343424.0
5379.030682,51.9,5451342848.0
5380.037670,51.7,5452343296.0
5381.048281,51.9,5453342720.0
5382.058230,51.8,5454392832.0
5383.074334,52.0,5455392768.0
5384.083619,51.7,5456392704.0
5385.091593,51.9,5457393664.0
5386.100862,51.8,5458393088.0
5387.111767,51.8,5459442688.0
5388.125666,51.7,5460442624.0
5389.133872,51.8,5461442560.0
5390.142392,51.8,5462443008.0
5391.151099,51.9,5463442944.0
5392.162560,51.5,5464492544.0
5393.176392,51.9,5465492480.0
5394.184729,52.0,5466492928.0
5395.193556,51.8,5467492352.0
5396.202673,51.5,5468492288.0
5397.212089,51.5,5469542912.0
5398.225662,51.8,5470542848.0
5399.233940,51.9,5471542272.0
5400.242704,51.6,5472542720.0
5401.253446,51.7,5473542656.0
5402.262895,51.7,5474592256.0
5403.276266,51.7,5475593216.0
5404.284426,51.7,5476592128.0
5405.293663,51.8,5477592064.0
5406.303320,52.0,5478592512.0
5407.312430,52.0,5479642112.0
5408.325503,51.8,5480642048.0
5409.334597,51.8,5481642496.0
5410.343658,51.7,5482642432.0
5411.353384,51.6,5483642368.0
5412.363343,51.6,5484691968.0
5413.376301,,
5419.385345,,
5425.394851,52.0,5500792320.0
5429.478295,51.9,5501792256.0
5430.487168,52.0,5502791680.0
5431.495989,51.4,5503792128.0
5432.505651,51.6,5504792576.0
5433.514760,52.0,5505841664.0
5434.525658,51.8,5506842112.0
5435.534187,51.8,5507842048.0
5436.542840,51.7,5508841984.0
5437.551065,52.1,5509841920.0
5438.561671,51.9,5510892032.0
5439.577649,51.7,5511891968.0
5440.585256,51.5,5512891904.0
5441.593648,51.6,5513891840.0
5442.601716,51.3,5514892288.0
5443.612647,51.9,5515942400.0
5444.627838,51.7,5516941824.0
5445.636784,52.0,5517941760.0
5446.643643,51.7,5518942720.0
5447.651677,51.9,5519942144.0
5448.661658,52.1,5520992256.0
5449.674899,51.8,5521991680.0
5450.683656,51.8,5522992128.0
5451.691996,51.8,5523991552.0
5452.700689,52.0,5524992000.0
5453.710667,51.5,5526042112.0
5454.724331,51.8,5527041536.0
5455.733442,51.9,5528041984.0
5456.741786,51.7,5529041920.0
5457.748644,51.8,5530041856.0
5458.759139,51.8,5531091968.0
5459.773648,51.4,5532091904.0
5460.782669,51.7,5533091328.0
5461.791064,51.7,5534091776.0
5462.799665,51.8,5535091712.0
5463.809641,51.9,5536141824.0
5464.823322,52.1,5537141248.0
5465.833658,52.1,5538141696.0
5466.842489,52.0,5539141632.0
5467.850678,51.6,5540141568.0
5468.860646,51.8,5541191680.0
5469.873666,52.0,5542191616.0
5470.884110,52.0,5543191552.0
5471.891776,51.8,5544192000.0
5472.898301,52.0,5545191936.0
5473.908338,51.9,5546242048.0
5474.923862,51.6,5547241472.0
5475.933928,52.1,5548241408.0
5476.940888,51.9,5549241856.0
5477.948186,51.7,5550241280.0
5478.959547,52.1,5551290880.0
5479.974185,51.9,5552291328.0
5480.984619,51.8,5553291264.0
5481.993593,51.8,5554291200.0
5483.002021,51.6,5555290624.0
5484.012677,51.8,5556341760.0
5485.026776,51.7,5557341696.0
5486.036363,51.8,5558341632.0
5487.043659,52.0,5559341568.0
5488.051725,51.7,5560340992.0
5489.063261,52.0,5561391104.0
5490.077852,52.1,5562391040.0
5491.085650,52.1,5563391488.0
5492.092733,51.8,5564391424.0
5493.101922,51.6,5565391872.0
5494.113357,51.7,5566441472.0
5495.128339,51.8,5567441408.0
5496.138158,51.7,5568440832.0
5497.146315,52.0,5569441792.0
5498.155570,51.8,5570440704.0
5499.164665,51.7,5571491328.0
5500.178660,52.1,5572491264.0
5501.187645,51.9,5573491200.0
5502.195028,51.8,5574491648.0
5503.203400,51.8,5575491072.0
5504.213673,51.6,5576540672.0
5505.228689,52.2,5577541120.0
5506.237746,52.0,5578541056.0
5507.245652,51.7,5579541504.0
5508.253660,51.9,5580541440.0
5509.263777,51.7,5581591040.0
5510.278659,51.6,5582591488.0
5511.286681,,
5517.295873,,
5523.304703,51.6,5598690816.0
5527.393360,51.7,5599690752.0
5528.401829,51.9,5600691200.0
5529.412432,51.8,5601740800.0
5530.426700,51.6,5602741248.0
5531.437759,51.8,5603740672.0
5532.446264,51.9,5604741120.0
5533.453654,52.0,5605741056.0
5534.464378,51.8,5606791168.0
5535.479414,52.0,5607791104.0
5536.488673,52.0,5608791040.0
5537.496268,51.8,5609790976.0
5538.505334,51.9,5610790912.0
5539.517125,52.1,5611841024.0
5540.530685,51.8,5612840448.0
5541.538503,52.0,5613840896.0
5542.546767,51.9,5614840832.0
5543.555643,51.9,5615841280.0
5544.566214,51.7,5616891392.0
5545.582063,52.1,5617890816.0
5546.590471,52.1,5618890752.0
5547.598036,52.2,5619891712.0
5548.605916,51.7,5620890624.0
5549.616683,52.0,5621941248.0
5550.631341,52.0,5622940672.0
5551.641025,52.2,5623940608.0
5552.648649,52.1,5624941056.0
5553.656368,52.1,5625941504.0
5554.666445,51.9,5626990592.0
5555.681218,51.5,5627990016.0
5556.690008,51.9,5628990464.0
5557.696658,52.0,5629990400.0
5558.703582,51.9,5630990848.0
5559.715696,51.7,5632041472.0
5560.729788,52.1,5633040896.0
5561.739820,51.6,5634040832.0
5562.747711,51.9,5635041280.0
5563.754667,51.7,5636040704.0
5564.766647,51.8,5637090816.0
5565.779667,52.1,5638090752.0
5566.790285,52.0,5639091200.0
5567.799706,52.0,5640090624.0
5568.808152,51.8,5641091072.0
5569.818643,52.0,5642140672.0
5570.832991,51.9,5643140608.0
5571.841676,52.0,5644140544.0
5572.851459,51.8,5645140480.0
5573.861773,52.2,5646140928.0
5574.871557,51.8,5647190528.0
5575.885007,51.6,5648190976.0
5576.892920,52.0,5649190400.0
5577.901712,51.9,5650190848.0
5578.911563,51.8,5651191296.0
5579.922475,52.1,5652241408.0
5580.935331,52.1,5653240832.0
5581.943646,51.8,5654241280.0
5582.951642,51.7,5655241728.0
5583.959377,51.7,5656240640.0
5584.969209,51.9,5657290752.0
5585.984072,51.8,5658290176.0
5586.993199,51.9,5659290112.0
5588.000670,51.9,5660291584.0
5589.009509,51.9,5661290496.0
5590.019878,52.2,5662341120.0
5591.034902,52.1,5663340032.0
5592.044049,51.8,5664340992.0
5593.052543,51.8,5665340416.0
5594.063666,51.8,5666340864.0
5595.078686,51.5,5667389952.0
5596.088644,51.9,5668390400.0
5597.096115,52.1,5669390848.0
5598.105374,52.0,5670390784.0
5599.117699,51.8,5671439872.0
5600.132697,51.7,5672439296.0
5601.142189,51.7,5673439232.0
5602.150586,51.7,5674439680.0
5603.159002,51.8,5675440640.0
5604.169240,51.9,5676490752.0
5605.184690,51.7,5677489152.0
5606.192793,51.9,5678489088.0
5607.201331,52.0,5679489024.0
5608.208649,51.7,5680490496.0
5609.218667,52.0,5681540608.0
5610.232173,51.5,5682540032.0
5611.241556,51.8,5683540480.0
5612.249542,52.1,5684539904.0
5613.258786,51.9,5685539840.0
5614.269599,51.7,5686589952.0
5615.285213,51.8,5687589888.0
5616.293075,52.1,5688590336.0
5617.302687,51.7,5689589760.0
5618.311743,51.8,5690589696.0
5619.322047,51.8,5691639808.0
5620.335934,51.8,5692639744.0
5621.343365,52.0,5693639680.0
5622.351810,51.8,5694640128.0
5623.360022,52.1,5695639040.0
5624.370146,52.1,5696690176.0
5625.383849,51.7,5697689600.0
5626.393105,51.8,5698689536.0
5627.401611,51.7,5699689472.0
5628.410479,51.8,5700689920.0
5629.421658,52.0,5701740032.0
5630.440656,51.8,5702739456.0
5631.447810,51.9,5703739904.0
5632.454666,52.0,5705739776.0
5634.436694,52.2,5706739712.0
5635.445671,52.1,5707739648.0
5636.453812,52.0,5708739584.0
5637.462697,51.7,5709740032.0
5638.472502,51.8,5710790656.0
5639.485930,52.0,5711790592.0
5640.493678,51.7,5712792064.0
5641.502273,52.1,5713789952.0
5642.512282,51.8,5714790400.0
5643.520645,52.2,5715840000.0
5644.532718,52.0,5716840960.0
5645.542444,,
5651.550686,,
5657.557962,52.3,5732939264.0
5661.668676,51.8,5733988864.0
5662.683001,51.8,5734989312.0
5663.693488,52.3,5735989248.0
5664.702811,52.0,5736989696.0
5665.710787,52.1,5737989120.0
5666.721634,52.0,5739039232.0
5667.735559,51.9,5740039168.0
5668.744452,51.7,5741039104.0
5669.753415,52.1,5742039040.0
5670.761133,51.9,5743038976.0
5671.773001,51.9,5744088576.0
5672.786596,52.0,5745088512.0
5673.795693,51.8,5746088448.0
5674.803346,52.2,5747088384.0
5675.811412,51.5,5748088320.0
5676.821692,51.9,5749138944.0
5677.837306,51.8,5750138880.0
5678.845298,52.1,5751138816.0
5679.853669,52.0,5752138752.0
5680.861918,51.9,5753138688.0
5681.871934,52.1,5754188800.0
5682.885117,52.2,5755189248.0
5683.895187,52.2,5756188672.0
5684.903891,52.0,5757189120.0
5685.912053,51.8,5758188544.0
5686.923070,51.9,5759239168.0
5687.937510,52.0,5760239104.0
5688.946272,51.8,5761238528.0
5689.954329,52.2,5762238976.0
5690.961798,51.8,5763238912.0
5691.972195,52.0,5764289024.0
5692.986195,51.9,5765288960.0
5693.995659,51.9,5766288896.0
5695.004407,52.2,5767288832.0
5696.012658,52.0,5768288256.0
5697.023679,51.8,5769339392.0
5698.037662,51.8,5770338816.0
5699.046935,52.0,5771338752.0
5700.054830,52.0,5772338688.0
5701.061658,52.0,5773338624.0
5702.071666,52.1,5774389248.0
5703.084651,51.9,5775388672.0
5704.093699,51.7,5776388608.0
5705.102841,51.8,5777388544.0
5706.112262,51.8,5778388992.0
5707.123686,51.9,5779438592.0
5708.137651,51.7,5780439552.0
5709.146191,51.8,5781438464.0
5710.156105,52.0,5782438400.0
5711.164038,52.1,5783438848.0
5712.174399,51.8,5784488448.0
5713.189595,52.0,5785488896.0
5714.198564,52.2,5786488832.0
5715.207929,51.9,5787488256.0
5716.218030,51.9,5788488704.0
5717.226652,52.0,5789538304.0
5718.239881,51.8,5790538240.0
5719.246647,52.2,5791538688.0
5720.254298,51.8,5792538112.0
5721.261826,52.0,5793537536.0
5722.272438,52.0,5794588672.0
5723.286558,52.1,5795588096.0
5724.296192,51.8,5796588544.0
5725.304467,52.0,5797588480.0
5726.314224,52.2,5798588416.0
5727.324656,51.9,5799638528.0
5728.339800,51.7,5800638464.0
5729.348433,51.9,5801638912.0
5730.356365,51.9,5802638848.0
5731.363653,52.1,5803638272.0
5732.374899,52.2,5804688384.0
5733.389354,51.7,5805688320.0
5734.397667,52.0,5806688768.0
5735.404671,52.1,5807688704.0
5736.412201,51.8,5808688640.0
5737.423176,52.0,5809738752.0
5738.436829,52.4,5810738176.0
5739.446069,51.9,5811738624.0
5740.452799,52.0,5812738560.0
5741.461384,51.8,5813738496.0
5742.471517,51.9,5814738944.0
5743.481346,52.3,5815788544.0
5744.493100,52.2,5816788480.0
5745.500997,51.8,5817788416.0
5746.508956,52.0,5818788864.0
5747.517902,51.8,5819788288.0
5748.527884,52.1,5820837888.0
5749.540659,51.9,5821838336.0
5750.548668,,
5756.556851,,
5762.565475,51.8,5837888000.0
5766.628774,52.1,5838938112.0
5767.643154,52.0,5839938048.0
5768.651140,52.1,5840938496.0
5769.660816,51.9,5841937920.0
5770.671286,52.1,5842938368.0
5771.686834,52.0,5843987968.0
5772.697536,51.7,5844987904.0
5773.705643,51.9,5845987840.0
5774.713650,51.6,5846987776.0
5775.724691,52.0,5848037888.0
5776.738656,51.8,5849037824.0
5777.747693,51.7,5850037760.0
5778.756288,52.0,5851036672.0
5779.764796,51.9,5852036608.0
5780.776157,51.9,5853087744.0
5781.790986,52.3,5854087680.0
5782.800491,52.2,5855087616.0
5783.809497,51.9,5856088064.0
5784.817844,52.0,5857087488.0
5785.827689,51.9,5858138624.0
5786.842501,52.1,5859137536.0
5787.850668,51.7,5860138496.0
5788.858515,51.8,5861137408.0
5789.865675,51.9,5862137344.0
5790.875655,51.8,5863187456.0
5791.890410,52.1,5864187392.0
5792.898904,51.9,5865187840.0
5793.905692,51.9,5866187776.0
5794.913608,51.9,5867187200.0
5795.924687,52.2,5868237824.0
5796.938483,52.2,5869237248.0
5797.948026,52.1,5870237696.0
5798.955812,52.2,5871237120.0
5799.964899,51.8,5872237056.0
5800.976504,52.0,5873287168.0
5801.991304,51.8,5874287104.0
5803.001417,52.3,5875287040.0
5804.010658,51.9,5876287488.0
5805.018293,52.3,5877287424.0
5806.028103,52.1,5878337536.0
5807.043262,52.1,5879336960.0
5808.050650,52.2,5880336896.0
5809.059795,51.7,5881337856.0
5810.068765,51.8,5882336768.0
5811.078849,52.2,5883386880.0
5812.094715,51.7,5884387328.0
5813.103677,51.9,5885387264.0
5814.112781,52.0,5886387200.0
5815.122930,52.1,5887387648.0
5816.138537,52.0,5888437248.0
5817.147653,52.1,5889436160.0
5818.154652,52.2,5890437120.0
5819.162862,52.2,5891437056.0
5820.171687,52.1,5892436992.0
5821.180646,52.0,5893487104.0
5822.193797,52.0,5894487552.0
5823.203553,51.8,5895486976.0
5824.210673,52.1,5896487424.0
5825.218654,51.9,5897486848.0
5826.228648,51.9,5898536960.0
5827.241914,52.2,5899536896.0
5828.251437,52.2,5900536832.0
5829.259398,52.0,5901537792.0
5830.267148,51.8,5902536704.0
5831.277675,51.7,5903586816.0
5832.291720,52.0,5904586752.0
5833.301350,52.0,5905586688.0
5834.308706,52.1,5906587136.0
5835.317091,52.2,5907586560.0
5836.327866,52.1,5908636672.0
5837.341673,51.9,5909636608.0
5838.350676,52.0,5910636544.0
5839.357642,52.2,5911635968.0
5840.364869,52.0,5912637440.0
5841.376198,51.7,5913686016.0
5842.390711,51.9,5914685952.0
5843.400670,52.0,5915686912.0
5844.408681,52.0,5916686336.0
5845.417043,52.0,5917686784.0
5846.427507,52.1,5918737408.0
5847.440994,52.0,5919736832.0
5848.450154,52.1,5920736768.0
5849.458940,52.0,5921736704.0
5850.467129,52.1,5922736640.0
5851.478498,51.8,5923786752.0
5852.491820,51.8,5924786176.0
5853.500889,52.3,5925786624.0
5854.508967,52.1,5926786560.0
5855.517044,51.9,5927787008.0
5856.526686,52.1,5928836096.0
5857.540486,51.6,5929836544.0
5858.550231,51.9,5930836480.0
5859.559537,52.2,5931836928.0
5860.567035,52.2,5932836864.0
5861.578311,51.9,5933886464.0
5862.591660,52.1,5934887424.0
5863.602049,52.1,5935886336.0
5864.609970,52.3,5936886784.0
5865.618245,52.0,5937886720.0
5866.629137,52.1,5938936832.0
5867.642303,52.0,5939936256.0
5868.651735,51.8,5940936192.0
5869.658681,51.8,5941936128.0
5870.666887,,
5876.675592,,
5882.683222,52.0,5958035968.0
5886.753793,51.9,5959035392.0
5887.761666,51.8,5960035328.0
5888.769281,51.8,5961035264.0
5889.779949,52.1,5962085888.0
5890.794312,52.1,5963085824.0
5891.803814,51.9,5964086272.0
5892.811706,51.9,5965086720.0
5893.819757,52.1,5966086656.0
5894.832673,52.3,5967136256.0
5895.847676,52.0,5968135680.0
5896.855670,51.9,5969136128.0
5897.864706,52.0,5970136064.0
5898.875687,51.9,5971136000.0
5899.886589,52.2,5972186112.0
5900.897454,51.8,5973185024.0
5901.906158,51.8,5974185984.0
5902.914960,52.1,5975186432.0
5903.925675,51.8,5976185344.0
5904.940661,52.1,5977234944.0
5905.950383,52.1,5978234880.0
5906.958030,52.3,5979235840.0
5907.965543,52.0,5980235264.0
5908.976416,52.0,5981235712.0
5909.991986,52.4,5982286336.0
5911.001507,52.3,5983285760.0
5912.009415,51.8,5984285696.0
5913.018429,52.2,5985285632.0
5914.030546,52.1,5986335744.0
5915.045356,51.4,5987335680.0
5916.055112,52.0,5988335616.0
5917.064342,52.0,5989336064.0
5918.074811,52.2,5990336000.0
5919.086590,52.0,5991386112.0
5920.098305,51.8,5992385024.0
5921.107887,52.1,5993385984.0
5922.115660,51.9,5994385920.0
5923.124758,52.2,5995385344.0
5924.134474,52.0,5996435456.0
5925.147694,51.9,5997435392.0
5926.156211,52.2,5998435840.0
5927.163872,52.1,5999435264.0
5928.173899,52.2,6000435712.0
5929.183588,51.9,6001485312.0
5930.196940,52.0,6002485760.0
5931.205850,51.8,6003485696.0
5932.212665,51.9,6004485632.0
5933.220679,51.9,6005485568.0
5934.230650,51.8,6006535680.0
5935.244895,51.8,6007535616.0
5936.253660,51.8,6008535552.0
5937.261650,52.1,6009536000.0
5938.269064,52.1,6010535424.0
5939.280017,52.0,6011585536.0
5940.294057,51.5,6012584960.0
5941.303736,52.1,6013585920.0
5942.311547,52.1,6014585856.0
5943.319671,52.2,6015585280.0
5944.331051,51.9,6016635392.0
5945.345572,52.2,6017635328.0
5946.354721,52.4,6018635264.0
5947.363022,52.2,6019635200.0
5948.370894,52.1,6020635136.0
5949.383770,51.9,6021685248.0
5950.397709,52.0,6022685184.0
5951.406738,52.0,6023685120.0
5952.414752,52.0,6024685056.0
5953.422572,52.2,6025684992.0
5954.432662,51.9,6026735616.0
5955.447682,52.0,6027735040.0
5956.456002,51.9,6028734976.0
5957.463858,52.3,6029735424.0
5958.471668,51.8,6030735360.0
5959.483114,52.0,6031784960.0
5960.496439,51.9,6032784896.0
5961.506447,51.9,6033784832.0
5962.514474,52.2,6034785280.0
5963.522308,52.0,6035785216.0
5964.532654,52.2,6036835328.0
5965.546498,52.1,6037834752.0
5966.555267,52.0,6038834176.0
5967.561651,51.9,6039835136.0
5968.569573,52.0,6040835584.0
5969.580705,51.9,6041885184.0
5970.595811,52.2,6042885120.0
5971.605253,52.2,6043885056.0
5972.613351,51.8,6044884992.0
5973.621691,51.9,6045884928.0
5974.631661,52.0,6046935552.0
5975.645723,52.1,6047934976.0
5976.655506,52.1,6048934912.0
5977.663511,52.2,6049934848.0
5978.672338,52.2,6050935296.0
5979.682842,52.0,6051985408.0
5980.696987,52.1,6052984832.0
5981.705656,51.7,6053984768.0
5982.713361,52.0,6054984704.0
5983.721266,52.0,6055985152.0
5984.730914,51.8,6057034752.0
5985.744643,51.9,6058034688.0
5986.756651,51.9,6059034624.0
5987.763668,51.9,6060034560.0
5988.770660,51.9,6061035008.0
5989.780825,52.0,6062085120.0
5990.795706,,
5996.804688,,
6002.811689,52.1,6078134784.0
6006.884509,51.7,6079184384.0
6007.898038,52.2,6080184832.0
6008.906670,52.0,6081183744.0
6009.913658,51.8,6082184192.0
6010.921011,52.0,6083184128.0
6011.932162,51.9,6084234752.0
6012.946653,52.0,6085234688.0
6013.955696,52.1,6086234624.0
6014.962651,51.8,6087234048.0
6015.969936,52.0,6088233984.0
6016.979902,52.2,6089234432.0
6017.989792,51.8,6090284032.0
6019.001870,52.0,6091283968.0
6020.010665,52.1,6092284416.0
6021.018471,51.9,6093284352.0
6022.025972,52.2,6094284288.0
6023.036375,52.3,6095334400.0
6024.050832,51.8,6096334336.0
6025.058656,52.3,6097333760.0
6026.065645,51.9,6098334208.0
6027.074444,52.1,6099333632.0
6028.085523,52.0,6100383744.0
6029.098916,52.1,6101384192.0
6030.108658,52.0,6102383616.0
6031.115683,52.1,6103384064.0
6032.122659,52.1,6104384000.0
6033.133646,52.2,6105433600.0
6034.146530,51.8,6106433536.0
6035.156871,52.0,6107433984.0
6036.163662,52.4,6108434432.0
6037.171532,52.1,6109433856.0
6038.181673,52.3,6110433792.0
6039.191292,51.8,6111483904.0
6040.201544,52.1,6112483840.0
6041.209717,52.1,6113483776.0
6042.217884,52.1,6114483712.0
6043.225795,52.0,6115483648.0
6044.236747,51.8,6116534272.0
6045.250956,52.1,6117534720.0
6046.259118,52.0,6118534144.0
6047.267010,52.0,6119534080.0
6048.275662,51.7,6120534016.0
6049.286042,52.0,6121584128.0
6050.299931,52.1,6122584064.0
6051.308649,52.1,6123584000.0
6052.315672,52.2,6124583936.0
6053.323662,52.1,6125583872.0
6054.334251,52.0,6126633984.0
6055.348443,52.2,6127633920.0
6056.358102,52.2,6128633856.0
6057.366265,52.0,6129634304.0
6058.374437,51.8,6130633728.0
6059.385564,51.9,6131683840.0
6060.400094,51.9,6132683776.0
6061.408650,51.9,6133684224.0
6062.415430,51.8,6134683648.0
6063.423101,52.2,6135684096.0
6064.432718,52.3,6136733696.0
6065.448199,52.0,6137733632.0
6066.457117,52.3,6138734080.0
6067.463661,52.0,6139733504.0
6068.471821,52.2,6140733952.0
6069.480676,52.1,6141733376.0
6070.490316,51.8,6142783488.0
6071.502388,52.0,6143783936.0
6072.511656,52.1,6144783360.0
6073.518665,52.2,6145783808.0
6074.525660,52.0,6146783744.0
6075.536278,51.8,6147833344.0
6076.549641,52.0,6148833280.0
6077.557657,52.1,6149833216.0
6078.564644,52.0,6150833664.0
6079.571823,51.8,6151833600.0
6080.581827,51.9,6152833536.0
6081.591237,52.3,6153883648.0
6082.602647,52.0,6154883584.0
6083.609687,51.8,6155883520.0
6084.616662,52.0,6156883456.0
6085.623677,52.1,6157883392.0
6086.633654,51.9,6158932992.0
6087.648198,52.2,6159932928.0
6088.657941,52.1,6160932864.0
6089.664682,52.0,6161933312.0
6090.671668,52.1,6162933248.0
6091.682936,52.1,6163933696.0
6092.693488,52.2,6164984320.0
6093.705674,52.2,6165983232.0
6094.713428,52.0,6166983168.0
6095.720881,51.6,6167983104.0
6096.728656,52.0,6168983552.0
6097.738510,52.0,6170033664.0
6098.753584,52.2,6171033600.0
6099.761374,52.0,6172033536.0
6100.769409,52.2,6173033472.0
6101.775663,52.0,6174033408.0
6102.787660,52.1,6175083520.0
6103.801532,52.2,6176083456.0
6104.810654,52.2,6177083392.0
6105.817760,51.9,6178083328.0
6106.826666,52.0,6179083264.0
6107.836703,52.0,6180132864.0
6108.850314,52.1,6181133312.0
6109.859684,52.0,6182133248.0
6110.868660,,
6113.938084,,
6119.945648,,
6125.952181,52.3,6198233088.0
6126.961643,52.2,6199233024.0
6127.968723,52.1,6200232960.0
6128.976593,52.1,6201232384.0
6129.987202,51.8,6202283008.0
6131.000871,52.0,6203282432.0
6132.010696,52.3,6204283392.0
6133.018647,52.1,6205283328.0
6134.026075,52.1,6206283776.0
6135.037132,52.0,6207333376.0
6136.051761,52.2,6208332800.0
6137.060654,52.2,6209333248.0
6138.068082,52.0,6210332672.0
6139.076684,52.3,6211332608.0
6140.088394,52.1,6212382720.0
6141.100659,51.9,6213382656.0
6142.110512,52.0,6214382592.0
6143.118994,52.0,6215382528.0
6144.127501,52.0,6216382976.0
6145.137897,52.0,6217433088.0
6146.151696,51.9,6218433536.0
6147.160663,52.1,6219432960.0
6148.167666,52.1,6220432384.0
6149.174845,51.8,6221432832.0
6150.185878,52.0,6222482944.0
6151.199664,52.3,6223482880.0
6152.208670,52.2,6224482304.0
6153.216196,51.8,6225482752.0
6154.225139,51.9,6226482688.0
6155.236240,52.1,6227532800.0
6156.250657,52.1,6228532736.0
6157.260444,52.2,6229532672.0
6158.269187,52.1,6230533120.0
6159.277791,52.1,6231532544.0
6160.290145,52.1,6232582656.0
6161.304646,52.1,6233582592.0
6162.312654,52.4,6234583552.0
6163.319656,51.8,6235582976.0
6164.328287,52.1,6236582400.0
6165.339843,52.0,6237632000.0
6166.354140,52.0,6238632448.0
6167.362794,52.1,6239633408.0
6168.369654,51.8,6240632320.0
6169.377665,51.7,6241632256.0
6170.389049,51.8,6242682368.0
6171.402661,52.0,6243682304.0
6172.410709,52.1,6244682752.0
6173.418793,52.3,6245682688.0
6174.426388,52.2,6246683136.0
6175.436650,52.1,6247682560.0
6176.450992,52.1,6248732672.0
6177.461681,51.9,6249732608.0
6178.470458,52.4,6250732032.0
6179.478584,52.0,6251732480.0
6180.489417,51.9,6252782592.0
6181.503404,52.1,6253782016.0
6182.513232,52.0,6254781952.0
6183.521261,51.9,6255782912.0
6184.529480,51.9,6256782336.0
6185.539656,51.7,6257832448.0
6186.553763,52.0,6258832384.0
6187.562661,51.9,6259832832.0
6188.569661,52.1,6260832256.0
6189.576396,51.9,6261832192.0
6190.586663,52.0,6262832128.0
6191.595687,51.9,6263882240.0
6192.605692,51.9,6264882176.0
6193.614564,52.0,6265881600.0
6194.621747,52.1,6266882048.0
6195.630654,52.0,6267881984.0
6196.640797,51.9,6268932096.0
6197.655328,52.3,6269932544.0
6198.663670,52.4,6270931968.0
6199.671430,52.1,6271931904.0
6200.679658,52.2,6272932352.0
6201.691074,52.1,6273982464.0
6202.705644,52.2,6274981888.0
6203.715113,52.0,6275981824.0
6204.723045,52.0,6276981760.0
6205.730641,51.8,6277982208.0
6206.739658,51.8,6279032832.0
6207.752650,52.1,6280033280.0
6208.761712,52.3,6281031680.0
6209.768661,51.9,6282032128.0
6210.776369,52.0,6283032064.0
6211.787654,51.9,6284032512.0
6212.801664,52.0,6285081600.0
6213.810685,52.0,6286082048.0
6214.817644,51.9,6287082496.0
6215.826365,51.9,6288082432.0
6216.836654,52.2,6289081856.0
6217.847276,51.8,6290131968.0
6218.857910,52.0,6291132416.0
6219.865689,51.8,6292131840.0
6220.873264,52.2,6293132288.0
6221.881597,52.1,6294131712.0
6222.891344,52.0,6295182336.0
6223.904660,52.0,6296181760.0
6224.913411,52.2,6297181696.0
6225.921659,52.0,6298681344.0
6227.426660,52.1,6300731904.0
6229.472708,52.3,6301731840.0
6230.480664,52.1,6303682048.0
6232.425831,52.1,6304681472.0
6233.434063,52.2,6305681920.0
6234.443470,51.9,6306732032.0
6235.458654,51.9,6307731968.0
6236.465664,52.0,6309732352.0
6238.503660,52.3,6310781952.0
6239.512984,52.3,6311781888.0
6240.520646,52.1,6313681408.0
6242.426721,51.9,6315732992.0
6244.454654,51.8,6316731392.0
6245.463669,52.1,6317731840.0
6246.472212,52.2,6318731264.0
6247.479702,52.1,6319731712.0
6248.491676,52.1,6320781824.0
6249.505869,52.1,6321782272.0
6250.514645,52.1,6322781184.0
6251.522401,52.2,6323781632.0
6252.529904,51.9,6324781568.0
6253.540967,52.2,6325831680.0
6254.554299,52.1,6326831616.0
6255.563313,51.8,6327831552.0
6256.572448,52.2,6328832000.0
6257.580887,52.0,6329831936.0
6258.592148,51.9,6330881024.0
6259.606013,51.9,6332681216.0
6261.426651,52.1,6334731776.0
6263.459463,51.8,6335731712.0
6264.467002,52.4,6336731648.0
6265.473666,51.9,6337731072.0
6266.480894,52.0,6338731008.0
6267.491098,52.1,6339781632.0
6268.505661,52.1,6340781056.0
6269.513885,52.1,6341780992.0
6270.522961,52.3,6342780928.0
6271.531369,51.9,6343780864.0
6272.543701,52.2,6344830976.0
6273.557837,51.8,6345831424.0
6274.566253,52.0,6346831872.0
6275.574682,52.3,6347831808.0
6276.583447,,
6282.592647,,
6288.600662,52.1,6361931776.0
6290.660420,51.9,6362931712.0
6291.668040,52.1,6363931136.0
6292.677248,52.3,6364930560.0
6293.688170,51.9,6365931008.0
6294.698385,52.2,6366981632.0
6295.710698,52.1,6367980544.0
6296.719583,52.1,6368980992.0
6297.729022,52.2,6369980928.0
6298.740178,52.0,6371031040.0
6299.755687,52.0,6372030976.0
6300.764684,52.2,6373030912.0
6301.771615,52.3,6374031360.0
6302.778725,52.3,6375031296.0
6303.788672,52.1,6376031232.0
6304.805423,51.9,6377081344.0
6305.814468,51.8,6378080256.0
6306.823463,52.5,6379080704.0
6307.831556,52.2,6380080640.0
6308.841681,52.0,6381131264.0
6309.855648,51.9,6382130688.0
6310.864957,52.0,6383130624.0
6311.872255,52.1,6384130560.0
6312.880412,52.1,6385131520.0
6313.891171,52.2,6386181120.0
6314.906996,52.1,6387180544.0
6315.916610,52.3,6388180480.0
6316.924666,51.9,6389180928.0
6317.932620,52.3,6390181376.0
6318.945703,52.2,6391230464.0
6319.959680,51.8,6392230912.0
6320.967574,52.1,6393230848.0
6321.975555,52.1,6394230784.0
6322.984057,51.9,6395230720.0
6323.995643,52.0,6396280832.0
6325.009655,51.8,6397280768.0
6326.016642,52.2,6398280704.0
6327.024598,52.0,6399280128.0
6328.032661,51.8,6400280064.0
6329.043223,52.2,6401330688.0
6330.056661,52.2,6402330112.0
6331.065666,52.2,6403329536.0
6332.071658,52.0,6404329984.0
6333.078653,51.9,6405329920.0
6334.087760,52.1,6406329856.0
6335.097949,52.3,6407381504.0
6336.112133,52.1,6408379392.0
6337.119672,52.1,6409379840.0
6338.128907,52.0,6410380800.0
6339.137889,51.9,6411380224.0
6340.148141,52.1,6412430848.0
6341.161527,52.2,6413430272.0
6342.169310,52.2,6414430208.0
6343.177539,52.0,6415430656.0
6344.185502,52.3,6416430592.0
6345.196615,52.2,6417481216.0
6346.212673,52.0,6418480640.0
6347.220118,52.2,6419480576.0
6348.228532,52.0,6420481024.0
6349.236408,52.4,6421479936.0
6350.245881,52.0,6422530560.0
6351.260013,,
6357.269294,,
6363.278224,52.2,6438630912.0
6367.396356,52.2,6439680000.0
6368.410543,52.1,6440680448.0
6369.420537,52.1,6441679872.0
6370.429615,52.0,6442680320.0
6371.439681,52.1,6443680256.0
6372.450052,52.2,6444729344.0
6373.461981,52.2,6445729280.0
6374.471400,52.4,6446729216.0
6375.479812,52.0,6447729152.0
6376.491666,51.8,6448730112.0
6377.500674,51.8,6449780736.0
6378.515397,51.9,6450780160.0
6379.522858,51.9,6451779584.0
6380.530391,51.9,6452780032.0
6381.538675,52.0,6453780480.0
6382.548723,52.2,6454829568.0
6383.562394,52.3,6455830016.0
6384.570663,52.0,6456829440.0
6385.579671,52.1,6457830400.0
6386.587061,52.1,6458829312.0
6387.597681,52.1,6459879936.0
6388.611697,52.3,6460879872.0
6389.619547,52.1,6461879808.0
6390.627650,52.2,6462879744.0
6391.634709,52.3,6463879680.0
6392.645159,52.5,6464928768.0
6393.659033,52.1,6465929728.0
6394.668522,52.0,6466929152.0
6395.678674,51.9,6467929600.0
6396.687905,52.4,6468930048.0
6397.698668,52.0,6469979648.0
6398.713289,52.1,6470980608.0
6399.720377,52.0,6471979008.0
6400.729298,52.2,6472979456.0
6401.737810,52.2,6473979392.0
6402.747714,52.0,6475029504.0
6403.761652,52.3,6476028928.0
6404.769661,52.1,6477029376.0
6405.777215,51.9,6478029824.0
6406.784832,52.4,6479029248.0
6407.795539,52.2,6480079360.0
6408.810180,52.0,6481080320.0
6409.819487,51.9,6482080256.0
6410.828502,52.2,6483079680.0
6411.836908,52.1,6484079104.0
6412.847681,52.1,6485129216.0
6413.863234,52.3,6486129152.0
6414.872362,52.0,6487129088.0
6415.880693,52.3,6488129536.0
6416.890842,52.4,6489129472.0
6417.901734,52.2,6490179584.0
6418.914659,52.1,6491179008.0
6419.922538,52.1,6492179456.0
6420.931819,52.0,6493179392.0
6421.941062,52.0,6494179328.0
6422.951350,52.2,6495229440.0
6423.964268,51.9,6496228864.0
6424.972754,52.3,6497229824.0
6425.979644,52.3,6498229248.0
6426.988204,52.2,6499229184.0
6427.998758,52.4,6500279808.0
6429.013678,52.3,6501278720.0
6430.020688,52.3,6502279168.0
6431.028646,52.4,6503279104.0
6432.035970,51.8,6504279552.0
6433.046660,52.0,6505329152.0
6434.059539,52.3,6506329088.0
6435.069882,52.4,6507329024.0
6436.076663,52.4,6508328960.0
6437.083844,52.1,6509328896.0
6438.094227,51.9,6510328832.0
6439.104483,52.1,6511378944.0
6440.114950,52.3,6512378880.0
6441.123389,52.4,6513378816.0
6442.131972,52.2,6514379264.0
6443.140092,52.0,6515378688.0
6444.150896,52.3,6516428800.0
6445.165224,52.5,6517429248.0
6446.173996,52.2,6518429184.0
6447.183647,52.1,6519429120.0
6448.192648,52.1,6520429056.0
6449.203006,52.2,6521478656.0
6450.216228,52.0,6522479104.0
6451.223914,51.9,6523478528.0
6452.233327,52.1,6524479488.0
6453.243649,52.1,6525478912.0
6454.253534,52.0,6526528000.0
6455.266231,52.0,6527527936.0
6456.274776,52.2,6528527872.0
6457.284061,51.7,6529528832.0
6458.295339,52.3,6530578944.0
6459.311035,52.0,6531578880.0
6460.320723,52.0,6532577792.0
6461.328680,52.2,6533577728.0
6462.337080,52.3,6534578688.0
6463.348460,52.4,6535627776.0
6464.362681,52.0,6536628736.0
6465.371455,51.9,6537629184.0
6466.379653,52.2,6538629632.0
6467.386884,52.3,6539628544.0
6468.398784,51.8,6540679168.0
6469.413030,51.9,6541678080.0
6470.422817,52.1,6542678016.0
6471.431189,,
6477.438957,,
6483.445649,52.3,6557728256.0
6486.499660,52.1,6558778368.0
6487.513654,52.0,6559778304.0
6488.522539,52.3,6560778752.0
6489.531391,52.2,6561778688.0
6490.540464,52.2,6562778624.0
6491.551353,52.2,6563828736.0
6492.566365,52.5,6564828160.0
6493.574895,52.2,6565828608.0
6494.584657,52.2,6566828544.0
6495.594649,52.0,6567827968.0
6496.604259,52.2,6568877568.0
6497.616579,52.2,6569877504.0
6498.625596,51.8,6570877440.0
6499.635034,52.1,6571878400.0
6500.644861,51.9,6572878336.0
6501.655004,52.0,6573928448.0
6502.666671,52.3,6574928384.0
6503.674838,51.9,6575928832.0
6504.682718,52.4,6576928256.0
6505.690752,52.1,6577929216.0
6506.701966,52.0,6578978304.0
6507.716151,51.7,6579978752.0
6508.724590,52.1,6580978688.0
6509.734679,52.3,6581978624.0
6510.744654,51.9,6582978560.0
6511.755205,52.1,6584028672.0
6512.768664,52.3,6585028608.0
6513.775957,52.3,6586028544.0
6514.784318,52.2,6587027456.0
6515.795694,52.2,6588027392.0
6516.806540,52.4,6589077504.0
6517.816509,52.1,6590077440.0
6518.825114,52.1,6591077376.0
6519.834310,52.0,6592077312.0
6520.843227,52.1,6593077248.0
6521.852474,52.3,6594127872.0
6522.865426,52.3,6595127296.0
6523.873454,52.4,6596127232.0
6524.881345,52.4,6597127168.0
6525.890240,52.2,6598128128.0
6526.899648,52.4,6599177216.0
6527.914033,52.2,6600177152.0
6528.922956,52.0,6601177088.0
6529.930212,52.0,6602177024.0
6530.938838,52.1,6603176960.0
6531.949335,52.3,6604228096.0
6532.963448,52.0,6605227520.0
6533.973373,52.1,6606228480.0
6534.981826,52.4,6607227904.0
6535.990963,52.2,6608228352.0
6537.002508,52.1,6609277952.0
6538.017651,52.3,6610277888.0
6539.026670,52.2,6611277824.0
6540.035699,52.1,6612277760.0
6541.045786,52.0,6613277696.0
6542.055410,52.0,6614327296.0
6543.066649,52.3,6615327744.0
6544.074656,52.0,6616327680.0
6545.083190,52.2,6617328128.0
6546.091312,52.2,6618328064.0
6547.101654,52.1,6619378176.0
6548.114662,52.2,6620377600.0
6549.123960,52.1,6621377536.0
6550.130718,52.0,6622377472.0
6551.138168,52.2,6623378432.0
6552.147650,52.0,6624377856.0
6553.156659,52.3,6625427456.0
6554.167661,52.2,6626426880.0
6555.174668,51.8,6627427840.0
6556.182158,52.3,6628426752.0
6557.190085,52.3,6629426688.0
6558.199961,52.1,6630476288.0
6559.212669,52.3,6631476224.0
6560.222006,52.1,6632477696.0
6561.229999,51.9,6633476608.0
6562.239436,52.1,6634476544.0
6563.250447,52.2,6635527168.0
6564.264280,52.2,6636527616.0
6565.274074,52.2,6637527040.0
6566.282439,52.3,6638526976.0
6567.291649,52.2,6639527424.0
6568.301648,52.1,6640577536.0
6569.314692,52.3,6641576448.0
6570.323101,52.1,6642576896.0
6571.329649,52.1,6643576832.0
6572.336652,52.5,6644577280.0
6573.345021,52.3,6645576704.0
6574.353658,52.1,6646627328.0
6575.369161,52.2,6647627264.0
6576.377277,52.1,6648627200.0
6577.384653,51.9,6649627136.0
6578.390685,52.3,6650627072.0
6579.401465,51.9,6651676672.0
6580.415900,52.3,6652677120.0
6581.424661,52.2,6653677056.0
6582.433657,51.9,6654676992.0
6583.440820,52.1,6655677440.0
6584.449653,52.1,6656676864.0
6585.463673,52.2,6657728000.0
6586.475683,52.3,6658727424.0
6587.483740,52.3,6659727872.0
6588.490647,51.9,6660727808.0
6589.499662,52.2,6661777408.0
6590.514128,52.3,6662778880.0
6591.522737,52.2,6663777280.0
6592.529641,52.2,6664777728.0
6593.537765,51.9,6665778176.0
6594.547649,52.2,6666776576.0
6595.556283,52.1,6667826688.0
6596.568647,52.3,6668827136.0
6597.576378,52.2,6669827072.0
6598.584380,52.0,6670827520.0
6599.590647,52.4,6671827456.0
6600.601672,52.1,6672877568.0
6601.615594,52.0,6673876992.0
6602.625660,52.0,6674876928.0
6603.632901,52.2,6675876864.0
6604.640700,52.1,6677676544.0
6606.427517,52.3,6678676480.0
6607.438652,52.1,6679676416.0
6608.448651,52.1,6680676352.0
6609.456658,51.9,6681727488.0
6610.469663,52.3,6682727424.0
6611.476651,52.3,6683727360.0
6612.482653,51.8,6684727296.0
6613.489942,52.0,6685727744.0
6614.498659,52.1,6686727680.0
6615.507646,52.3,6687777280.0
6616.519647,52.2,6688776704.0
6617.526661,52.3,6689777664.0
6618.535244,52.3,6690776576.0
6619.542656,52.2,6691777024.0
6620.552663,52.3,6692826624.0
6621.564663,52.1,6693827072.0
6622.574723,52.3,6694827008.0
6623.581815,51.9,6695826432.0
6624.588685,52.3,6696826368.0
6625.598660,52.1,6697826816.0
6626.607605,52.2,6698876416.0
6627.619980,52.2,6699876352.0
6628.628765,52.0,6700876288.0
6629.638251,,
6635.647595,,
6641.655696,52.0,6716976128.0
6645.728673,52.4,6717976064.0
6646.736668,51.8,6718975488.0
6647.743660,52.1,6719975936.0
6648.753650,52.0,6721026560.0
6649.767858,52.3,6722025984.0
6650.776718,52.1,6723026432.0
6651.784774,52.3,6724026368.0
6652.792675,51.9,6725026304.0
6653.802676,52.4,6726075904.0
6654.815668,51.9,6727076352.0
6655.825660,52.1,6728075776.0
6656.833234,52.1,6729076224.0
6657.840647,52.3,6730076160.0
6658.850044,52.1,6731076608.0
6659.859412,52.3,6732126208.0
6660.871650,51.9,6733126656.0
6661.878653,52.2,6734125568.0
6662.885683,52.2,6735126016.0
6663.894645,52.4,6736126464.0
6664.904660,51.9,6737176576.0
6665.916647,52.5,6738176512.0
6666.925700,52.3,6739175936.0
6667.932849,52.2,6740176384.0
6668.940656,52.1,6741175808.0
6669.949688,52.2,6742175744.0
6670.960352,52.2,6743226368.0
6671.971659,52.3,6744225792.0
6672.980080,52.2,6745226240.0
6673.987737,52.2,6746225664.0
6674.995645,52.3,6747225600.0
6676.004674,52.4,6748276224.0
6677.018691,52.1,6749275648.0
6678.027687,52.1,6750276096.0
6679.034662,51.9,6751275520.0
6680.042642,52.1,6752275968.0
6681.051662,51.9,6753326080.0
6682.066684,51.9,6754325504.0
6683.075652,52.4,6755325440.0
6684.082503,51.8,6756325376.0
6685.089661,52.3,6757325824.0
6686.096662,52.2,6758325760.0
6687.105647,52.0,6759375872.0
6688.119669,52.3,6760375808.0
6689.127658,52.1,6761375744.0
6690.135772,52.2,6762375680.0
6691.145687,52.1,6763375616.0
6692.155657,52.3,6764425728.0
6693.169667,52.4,6765425664.0
6694.177702,52.0,6766425600.0
6695.185702,52.3,6767425536.0
6696.192690,52.0,6768425472.0
6697.202688,52.1,6769475584.0
6698.216945,51.7,6770476032.0
6699.225657,52.1,6771474944.0
6700.232679,52.5,6772474880.0
6701.241257,52.3,6773475328.0
6702.251471,52.2,6774524928.0
6703.265661,51.9,6775524352.0
6704.274643,52.2,6776525312.0
6705.280676,52.2,6777525248.0
6706.288679,52.1,6778525696.0
6707.296856,52.3,6779524096.0
6708.306653,52.5,6780574720.0
6709.320653,52.0,6781575680.0
6710.328686,52.2,6782575616.0
6711.335652,,
6717.343656,,
6723.350907,52.4,6798675456.0
6727.459647,52.0,6799725568.0
6728.472706,52.0,6800724992.0
6729.482180,52.4,6801724928.0
6730.489657,52.4,6802724864.0
6731.496646,52.3,6803724800.0
6732.506643,52.5,6804774912.0
6733.520673,52.0,6805775360.0
6734.529658,52.4,6806774784.0
6735.537481,52.0,6807775232.0
6736.545718,52.1,6808775168.0
6737.556659,52.2,6809824768.0
6738.570658,52.1,6810824704.0
6739.579296,52.1,6811825152.0
6740.585645,52.1,6812824576.0
6741.591662,52.6,6813824512.0
6742.602104,51.9,6814824960.0
6743.610642,52.3,6815874560.0
6744.622642,52.2,6816874496.0
6745.629642,52.0,6817874944.0
6746.636392,52.4,6818874880.0
6747.644649,52.4,6819875328.0
6748.653086,52.0,6820874752.0
6749.662661,52.2,6821925376.0
6750.673692,52.1,6822925312.0
6751.680649,52.2,6823924736.0
6752.687885,52.2,6824924672.0
6753.695677,52.2,6825924608.0
6754.705665,52.1,6826974720.0
6755.718657,51.9,6827975168.0
6756.727954,52.5,6828974592.0
6757.734637,52.0,6829975552.0
6758.742645,52.2,6830974976.0
6759.752642,51.7,6831975424.0
6760.762663,52.2,6833025024.0
6761.773459,52.0,6834025472.0
6762.780651,52.0,6835024384.0
6763.787646,52.2,6836024320.0
6764.794650,52.4,6837024768.0
6765.803436,52.3,6838024704.0
6766.812693,52.0,6839074816.0
6767.823641,52.2,6840074752.0
6768.831738,52.1,6841074176.0
6769.838667,52.2,6842074112.0
6770.846650,52.4,6843074560.0
6771.856641,52.2,6844124160.0
6772.869877,52.4,6845124608.0
6773.879662,52.1,6846124544.0
6774.886649,52.2,6847124480.0
6775.892671,52.3,6848123904.0
6776.900944,52.2,6849124864.0
6777.909660,52.1,6850174464.0
6778.923584,52.3,6851173888.0
6779.931658,52.0,6852173312.0
6780.938670,52.2,6853174272.0
6781.946665,52.3,6854174208.0
6782.956662,52.1,6855224320.0
6783.970158,52.4,6856224768.0
6784.979647,52.1,6857224192.0
6785.985652,51.8,6858224128.0
6786.992650,52.3,6859224576.0
6788.000674,52.2,6860224000.0
6789.010080,51.9,6861274624.0
6790.022672,51.9,6862274048.0
6791.030737,52.4,6863274496.0
6792.038657,52.4,6864273920.0
6793.047002,52.0,6865273856.0
6794.056657,52.3,6866323968.0
6795.069661,52.1,6867323904.0
6796.078647,52.0,6868324352.0
6797.084658,51.9,6869323776.0
6798.092686,52.2,6870324224.0
6799.101926,52.5,6871324160.0
6800.112684,52.1,6872374272.0
6801.124083,52.2,6873374208.0
6802.131680,52.0,6874374144.0
6803.139146,52.3,6875374592.0
6804.146654,52.4,6876374016.0
6805.157126,52.5,6877424640.0
6806.170418,52.2,6878424064.0
6807.178678,52.3,6879423488.0
6808.185645,52.1,6880423424.0
6809.193483,52.1,6881423872.0
6810.202285,52.2,6882423808.0
6811.211664,52.3,6883473920.0
6812.224678,52.2,6884473344.0
6813.232691,52.1,6885472768.0
6814.240112,52.4,6886473728.0
6815.247662,52.1,6887473664.0
6816.259433,52.2,6888523776.0
6817.272689,52.2,6889523712.0
6818.281668,52.4,6890523648.0
6819.288643,52.0,6891524096.0
6820.295658,52.2,6892523520.0
6821.307041,52.3,6893573632.0
6822.321920,52.1,6894573056.0
6823.330658,52.1,6895573504.0
6824.337745,51.9,6896573440.0
6825.347641,51.9,6897573376.0
6826.356654,52.0,6898624000.0
6827.370641,52.0,6899622912.0
6828.379640,51.8,6900623360.0
6829.386655,52.1,6901623296.0
6830.394645,52.1,6902623744.0
6831.404799,,
6837.409175,,
6843.416687,52.2,6917724160.0
6846.496652,52.1,6918723584.0
6847.508460,52.0,6919773696.0
6848.522341,52.1,6920773632.0
6849.531807,52.3,6921773568.0
6850.538939,52.5,6922773504.0
6851.546646,52.0,6923773440.0
6852.556561,52.2,6924773376.0
6853.571455,52.0,6925824000.0
6854.580834,52.3,6926823936.0
6855.588237,52.1,6927823360.0
6856.595912,52.5,6928824320.0
6857.606376,52.2,6929873408.0
6858.621168,52.1,6930874368.0
6859.630686,52.2,6931873792.0
6860.638156,52.4,6932873728.0
6861.646216,52.2,6933873664.0
6862.655851,52.4,6934873600.0
6863.666097,52.2,6935922688.0
6864.676649,52.2,6936923648.0
6865.683707,52.0,6937923072.0
6866.690655,52.1,6938923520.0
6867.697697,52.2,6939923456.0
6868.708502,51.8,6940973056.0
6869.721902,52.0,6941972992.0
6870.731663,52.0,6942972928.0
6871.739655,52.5,6943973376.0
6872.748407,52.2,6944973312.0
6873.758650,52.6,6946023424.0
6874.772275,52.3,6947022848.0
6875.781712,52.0,6948022784.0
6876.789907,52.1,6949023232.0
6877.798648,52.5,6950023168.0
6878.809662,52.2,6951073280.0
6879.822652,52.3,6952073216.0
6880.831640,52.0,6953073152.0
6881.837727,52.0,6954073600.0
6882.845285,52.1,6955073024.0
6883.854692,52.2,6956073472.0
6884.864003,51.9,6957123072.0
6885.876647,52.2,6958122496.0
6886.883202,52.4,6959123456.0
6887.890984,52.4,6960122368.0
6888.899414,52.2,6961122816.0
6889.909648,52.3,6962172416.0
6890.922908,52.1,6963173376.0
6891.932693,52.3,6964173312.0
6892.940907,52.3,6965172224.0
6893.949529,52.3,6966173184.0
6894.960020,52.4,6967222272.0
6895.973806,52.1,6968222720.0
6896.982650,52.3,6969222656.0
6897.989638,52.3,6970222592.0
6898.997665,52.2,6971223040.0
6900.008038,52.4,6972222464.0
6901.022387,52.1,6973272576.0
6902.031653,52.4,6974273536.0
6903.037657,52.4,6975272960.0
6904.044676,52.3,6976272896.0
6905.052040,52.3,6977272832.0
6906.061675,52.0,6978323968.0
6907.074640,52.1,6979322880.0
6908.084357,52.1,6980322816.0
6909.091748,52.2,6981322752.0
6910.099256,52.2,6982322688.0
6911.109701,52.3,6983373312.0
6912.123653,52.3,6984373248.0
6913.133645,52.2,6985372672.0
6914.139784,52.1,6986372608.0
6915.147646,52.2,6987373056.0
6916.157677,52.1,6988372480.0
6917.171647,51.5,6989422592.0
6918.179667,52.2,6990422528.0
6919.187428,52.2,6991422464.0
6920.194675,52.2,6992422912.0
6921.202655,52.1,6993422848.0
6922.213794,52.6,6994472960.0
6923.227477,52.1,6995472896.0
6924.235327,52.4,6996472320.0
6925.242934,51.9,6997472768.0
6926.252190,52.1,6998472704.0
6927.261676,52.0,6999522816.0
6928.276082,52.0,7000522752.0
6929.285297,52.1,7001523200.0
6930.293880,52.2,7002522624.0
6931.301650,52.1,7003522048.0
6932.311666,52.2,7004573184.0
6933.326671,52.1,7005572608.0
6934.334680,51.9,7006572032.0
6935.342702,52.0,7007572480.0
6936.350664,52.4,7008572416.0
6937.361702,52.1,7009622016.0
6938.375515,51.9,7010622464.0
6939.385374,52.2,7011622400.0
6940.393519,52.2,7012622848.0
6941.403664,52.3,7013622272.0
6942.414647,52.1,7014672896.0
6943.427670,52.4,7015672832.0
6944.435662,52.5,7016672256.0
6945.442642,52.1,7017672704.0
6946.450743,52.5,7018672128.0
6947.462113,52.1,7019722752.0
6948.476088,51.9,7020722688.0
6949.485080,52.3,7021722624.0
6950.492590,,
6956.500048,,
6962.506934,52.4,7037872640.0
6966.630059,52.3,7038871552.0
6967.639264,52.2,7039871488.0
6968.647562,52.3,7040871936.0
6969.657655,52.4,7041872384.0
6970.666644,52.2,7042921984.0
6971.680619,52.1,7043921920.0
6972.688091,51.9,7044921856.0
6973.695702,52.2,7045921792.0
6974.703189,52.1,7046922240.0
6975.713972,52.3,7047971840.0
6976.727509,51.8,7048972288.0
6977.736651,52.5,7049972224.0
6978.744021,52.2,7050972160.0
6979.752395,52.3,7051972096.0
6980.762697,52.5,7053022208.0
6981.776325,51.9,7054022144.0
6982.784645,52.2,7055021568.0
6983.791677,52.4,7056021504.0
6984.799929,52.1,7057021952.0
6985.809701,52.2,7058021888.0
6986.819518,52.1,7059071488.0
6987.828677,52.1,7060071936.0
6988.837114,52.3,7061072384.0
6989.844484,52.2,7062071808.0
6990.853937,52.6,7063071744.0
6991.864800,52.1,7064121856.0
6992.878647,52.4,7065121792.0
6993.887648,52.5,7066121728.0
6994.894661,52.1,7067121664.0
6995.903023,52.1,7068121600.0
6996.912646,52.0,7069171200.0
6997.925657,52.4,7070171648.0
6998.934664,52.5,7071171584.0
6999.940766,52.4,7072171520.0
7000.948178,51.9,7073171456.0
7001.956674,52.3,7074171392.0
7002.965688,52.1,7075221504.0
7003.980541,51.8,7076221440.0
7004.988440,52.2,7077221888.0
7005.995644,52.2,7078221312.0
7007.004264,52.3,7079221248.0
7008.013648,52.2,7080271872.0
7009.027446,52.3,7081271296.0
7010.036543,52.4,7082271744.0
7011.043647,52.4,7083271680.0
7012.050652,52.1,7084271616.0
7013.059862,52.2,7085271552.0
7014.074523,52.0,7086321664.0
7015.083638,52.1,7087321600.0
7016.090547,51.8,7088321536.0
7017.099665,52.3,7089320960.0
7018.110358,52.3,7090321408.0
7019.119650,52.1,7091371008.0
7020.130666,52.0,7092371456.0
7021.138688,52.3,7093371904.0
7022.146650,52.0,7094370816.0
7023.155647,52.3,7095370752.0
7024.164673,52.3,7096420864.0
7025.177755,52.0,7097420800.0
7026.185641,52.1,7098420736.0
7027.191652,52.3,7099420672.0
7028.198295,52.3,7100421632.0
7029.206073,52.0,7101421568.0
7030.216013,52.3,7102470656.0
7031.229018,52.3,7103471104.0
7032.237671,52.0,7104471040.0
7033.245151,52.2,7105470976.0
7034.253651,52.0,7106471424.0
7035.263312,52.5,7107521024.0
7036.277545,52.2,7108520960.0
7037.287678,52.4,7109520896.0
7038.294646,52.1,7110521344.0
7039.301556,52.3,7111522304.0
7040.310944,52.1,7112521216.0
7041.320740,52.3,7113571328.0
7042.334388,52.2,7114571264.0
7043.342146,52.4,7115570688.0
7044.349684,52.2,7116571136.0
7045.358889,52.2,7117571584.0
7046.368948,52.2,7118620672.0
7047.382649,51.9,7119621632.0
7048.390663,52.5,7120621056.0
7049.397639,52.2,7121620480.0
7050.404654,52.2,7122621440.0
7051.415945,52.5,7123671040.0
7052.429700,52.2,7124670976.0
7053.437734,52.2,7125671424.0
7054.446470,52.2,7126670848.0
7055.455985,52.3,7127670784.0
7056.466721,52.3,7128721408.0
7057.480861,51.8,7129721344.0
7058.490360,52.5,7130720768.0
7059.497861,52.5,7131721216.0
7060.505137,52.4,7132721152.0
7061.514646,52.2,7133772288.0
7062.529205,52.3,7134771200.0
7063.538448,52.3,7135770624.0
7064.544641,52.4,7136771072.0
7065.551305,52.2,7137771008.0
7066.561948,52.3,7138771456.0
7067.576664,51.6,7139821056.0
7068.585646,51.8,7140820992.0
7069.592851,52.4,7141820928.0
7070.600977,,
7076.607650,,
7082.615328,52.4,7157920768.0
7086.690036,52.3,7158920192.0
7087.699310,52.2,7159920128.0
7088.707656,52.1,7160920064.0
7089.718218,52.3,7161970176.0
7090.731066,52.0,7162970624.0
7091.740006,52.5,7163970048.0
7092.747665,52.5,7164969984.0
7093.756686,52.0,7165969920.0
7094.767674,51.9,7167020032.0
7095.780694,52.0,7168019968.0
7096.788661,52.2,7169020416.0
7097.795644,52.0,7170019840.0
7098.802970,52.4,7171019776.0
7099.813666,52.1,7172019712.0
7100.827520,52.3,7173069824.0
7101.836785,52.5,7174069760.0
7102.842664,52.2,7175069696.0
7103.850672,52.2,7176071680.0
7104.859986,51.9,7177071104.0
7105.870458,52.2,7178120704.0
7106.884254,52.0,7179120128.0
7107.892179,52.1,7180120576.0
7108.899791,52.1,7181120512.0
7109.907766,52.3,7182119936.0
7110.918140,52.4,7183170560.0
7111.933103,52.3,7184169984.0
7112.941403,52.2,7185170432.0
7113.949620,52.1,7186170368.0
7114.959202,52.3,7187171840.0
7115.968697,52.3,7188220416.0
7116.982844,52.3,7189220864.0
7117.991172,52.0,7190220288.0
7119.000001,52.3,7191220736.0
7120.009909,52.1,7192219648.0
7121.020918,52.3,7193270784.0
7122.035074,52.3,7194270720.0
7123.042649,52.2,7195270656.0
7124.051833,52.6,7196270592.0
7125.062661,52.1,7197271552.0
7126.072605,52.2,7198320128.0
7127.084452,52.3,7199320064.0
7128.092670,51.9,7200320512.0
7129.102490,52.1,7201320960.0
7130.113584,52.4,7202320896.0
7131.123340,52.1,7203369984.0
7132.134423,52.3,7204370432.0
7133.143445,52.3,7205370880.0
7134.151764,52.3,7206369792.0
7135.162676,52.4,7207370240.0
7136.179014,52.2,7208420352.0
7137.188022,52.6,7209419776.0
7138.194681,52.2,7210419712.0
7139.203335,52.1,7211420160.0
7140.214646,52.2,7212419072.0
7141.228605,52.4,7213470208.0
7142.238120,52.5,7214470144.0
7143.245815,52.3,7215469568.0
7144.254048,52.2,7216470016.0
7145.264543,52.5,7217469440.0
7146.279586,52.4,7218520576.0
7147.289910,52.3,7219519488.0
7148.298663,52.3,7220519936.0
7149.306689,52.2,7221518848.0
7150.317303,52.5,7222568960.0
7151.330651,52.2,7223569920.0
7152.339676,52.2,7224569856.0
7153.346869,52.4,7225569792.0
7154.354681,51.9,7226569728.0
7155.365289,52.4,7227619840.0
7156.378658,52.4,7228618752.0
7157.388288,52.3,7229619712.0
7158.395663,52.4,7230619136.0
7159.404685,52.4,7231620096.0
7160.415509,52.1,7232619008.0
7161.429250,52.0,7233671168.0
7162.439489,52.3,7234669568.0
7163.445686,52.2,7235670016.0
7164.454031,52.4,7236670976.0
7165.465672,52.4,7237720064.0
7166.480911,52.1,7238720000.0
7167.489652,52.3,7239719424.0
7168.497073,52.2,7240719360.0
7169.505021,52.3,7241719808.0
7170.516565,52.1,7242769920.0
7171.531250,52.3,7243769344.0
7172.539230,52.1,7244769280.0
7173.545646,52.3,7245769728.0
7174.553294,52.4,7246769152.0
7175.563792,52.0,7247769600.0
7176.574411,52.0,7248819712.0
7177.586502,52.3,7249819136.0
7178.594683,52.5,7250819584.0
7179.602676,52.3,7251819008.0
7180.611748,52.3,7252819456.0
7181.620989,52.3,7253869568.0
7182.635526,52.3,7254869504.0
7183.643796,52.3,7255869440.0
7184.653057,51.9,7256869376.0
7185.664548,52.3,7257868800.0
7186.674143,52.1,7258920448.0
7187.687284,52.4,7259919360.0
7188.695915,51.9,7260918784.0
7189.703650,52.3,7261919232.0
7190.712672,,
7196.721315,,
7202.729782,52.2,7278019072.0
7206.819837,52.1,7279069696.0
7207.832955,52.1,7280068608.0
7208.841665,52.3,7281069056.0
7209.848490,52.2,7282068992.0
7210.855651,52.1,7283067904.0
7211.866733,51.9,7284118528.0
7212.880703,52.4,7285117952.0
7213.889694,52.1,7286118400.0
7214.897222,52.3,7287117824.0
7215.905490,52.1,7288118784.0
7216.916459,52.5,7289168896.0
7217.932301,52.3,7290169344.0
7218.942757,52.1,7291168768.0
7219.951513,52.3,7292168704.0
7220.960904,52.1,7293168640.0
7221.971183,52.1,7294218752.0
7222.985471,52.0,7295218688.0
7223.994093,52.4,7296218624.0
7225.001688,52.3,7297218048.0
7226.010050,52.2,7298218496.0
7227.020795,52.1,7299269120.0
7228.034659,52.4,7300268544.0
7229.043992,52.4,7301268480.0
7230.051993,52.2,7302268928.0
7231.059667,52.3,7303268864.0
7232.070301,52.6,7304318464.0
7233.084419,52.2,7305318400.0
7234.092713,52.2,7306318336.0
7235.100925,52.1,7307318272.0
7236.108911,52.4,7308318208.0
7237.120335,52.3,7309368320.0
7238.135353,52.1,7310368256.0
7239.144620,52.5,7311368704.0
7240.152893,52.2,7312368640.0
7241.161678,52.3,7313368576.0
7242.170664,52.3,7314418688.0
7243.184777,52.4,7315418624.0
7244.193644,52.3,7316418560.0
7245.201158,52.2,7317419008.0
7246.208808,52.4,7318417920.0
7247.218683,52.3,7319468544.0
7248.232429,52.1,7320468480.0
7249.242217,52.2,7321468416.0
7250.250669,52.3,7322468352.0
7251.258282,52.2,7323468800.0
7252.268999,52.1,7324518912.0
7253.284056,52.5,7325518336.0
7254.292662,51.8,7326518784.0
7255.300476,52.4,7327518208.0
7256.309005,52.1,7328518144.0
7257.320200,52.2,7329568768.0
7258.333925,51.9,7330568704.0
7259.344661,52.3,7331568640.0
7260.352215,52.4,7332568576.0
7261.361149,52.2,7333568512.0
7262.370672,52.3,7334618624.0
7263.384860,52.2,7335618560.0
7264.394615,52.1,7336618496.0
7265.402420,52.0,7337618432.0
7266.411188,52.2,7338618880.0
7267.423726,52.3,7339668992.0
7268.439652,52.0,7340668928.0
7269.446831,51.9,7341668352.0
7270.454659,52.3,7342668288.0
