elapsed_seconds,cpuTemp,cpuTime
0.000093,28.6,93683408.0
1.008551,28.2,94683328.0
2.017531,28.5,95733472.0
3.028229,28.4,96733480.0
4.036378,28.6,98183416.0
5.480656,28.5,99183120.0
6.488940,28.5,100183576.0
7.496119,28.5,102183144.0
9.496851,28.7,103183336.0
10.504919,28.6,104184024.0
11.514357,28.6,106033584.0
13.363116,28.7,107083592.0
14.377555,28.6,108083464.0
15.385523,28.7,109083112.0
16.393684,28.6,110083360.0
17.400370,28.2,111083552.0
18.408528,28.7,112083352.0
19.416455,28.5,113133080.0
20.427064,28.7,114133312.0
21.435852,28.3,115133472.0
22.444640,28.7,116133984.0
23.451950,28.8,117133560.0
24.460540,28.8,118183344.0
25.473811,29.0,119183120.0
26.483265,28.5,120183520.0
27.490737,28.8,121183064.0
28.496523,29.0,122182944.0
29.503408,28.9,123183048.0
30.512333,28.7,124233424.0
31.525828,28.9,125233376.0
32.535324,28.6,126233176.0
33.543534,28.8,127233048.0
34.550837,29.0,128232792.0
35.560533,28.9,129283304.0
36.572517,29.1,130283320.0
37.581668,29.0,131283056.0
38.589823,29.3,132283040.0
39.596970,29.0,133283064.0
40.605282,29.0,134282864.0
41.614345,28.9,135333696.0
42.628286,28.9,136333328.0
43.636234,29.0,137333152.0
44.644145,28.9,138333424.0
45.651239,28.9,139332640.0
46.661286,29.1,140383472.0
47.674845,,
53.684513,29.0,148433360.0
55.723101,29.3,149433120.0
56.732621,29.4,150433024.0
57.740315,29.4,151432752.0
58.747071,29.3,152433072.0
59.755602,29.2,153433184.0
60.764450,29.3,154482960.0
61.776506,29.3,155482864.0
62.784551,29.0,156482864.0
63.793237,29.3,157482784.0
64.800910,29.5,158482736.0
65.810858,29.4,159533536.0
66.824987,29.2,160532464.0
67.833531,29.5,161532928.0
68.841350,29.2,162533184.0
69.849823,29.4,163533792.0
70.859830,29.3,164582976.0
71.873033,29.4,165582944.0
72.882162,29.4,166582848.0
73.889915,29.7,167582640.0
74.895851,29.7,168583024.0
75.903745,29.5,169583440.0
76.912760,29.7,170633136.0
77.925558,29.4,171632480.0
78.934148,29.8,172632592.0
79.941095,29.5,173632128.0
80.948452,29.8,174632736.0
81.957542,29.8,175632784.0
82.965869,29.7,176682448.0
83.975517,29.8,177682976.0
84.984021,29.7,178682368.0
85.992602,29.7,179682608.0
86.998523,29.7,180682400.0
88.007749,29.6,181732688.0
89.020730,29.7,182732848.0
90.029508,29.7,183732928.0
91.036985,29.9,184732704.0
92.044518,29.9,185732928.0
93.051348,29.3,186732400.0
94.060690,29.9,187782576.0
95.073866,29.6,188782544.0
96.083838,29.7,189782592.0
97.091536,29.7,190782448.0
98.098581,29.8,191782768.0
99.108613,29.7,192833008.0
100.122073,29.9,193832544.0
101.131543,29.7,194832864.0
102.139589,29.7,195832704.0
103.147576,29.7,196832880.0
104.156536,29.9,197833120.0
105.169127,29.9,198882624.0
106.178439,29.9,199882448.0
107.187640,30.1,200882720.0
108.195200,29.8,201882592.0
109.203662,30.1,202882112.0
110.212518,30.1,203931840.0
111.224644,29.8,204932320.0
112.233666,29.8,205932848.0
113.242541,30.0,206932784.0
114.250311,30.3,207932896.0
115.260305,,
121.266092,,
127.274482,30.5,224082512.0
131.371906,30.3,225082480.0
132.380534,29.9,226082368.0
133.388525,30.3,227082320.0
134.394555,30.7,228081728.0
135.402890,30.4,229082160.0
136.412282,30.7,230132176.0
137.423552,30.1,231132704.0
138.431677,30.5,232132160.0
139.439805,30.5,233132784.0
140.448514,30.5,234131872.0
141.458524,30.9,235181840.0
142.469543,30.9,236182480.0
143.477536,30.6,237182048.0
144.484524,30.7,238182768.0
145.492237,30.4,239181840.0
146.499521,30.8,240181488.0
147.507516,31.1,241182768.0
148.519518,30.7,242232144.0
149.528532,30.4,243232336.0
150.535072,31.0,244231920.0
151.542572,30.8,245231872.0
152.550281,30.9,246232048.0
153.559994,31.0,247282176.0
154.573275,30.8,248281520.0
155.582152,30.9,249281760.0
156.589993,30.5,250281456.0
157.597927,30.9,251282304.0
158.607915,30.5,252331440.0
159.620670,30.9,253331856.0
160.629518,30.9,254331328.0
161.635518,30.8,255331792.0
162.641520,30.8,256331888.0
163.648300,30.9,257331856.0
164.657939,31.0,258382304.0
165.671037,30.9,259381632.0
166.680279,30.8,260381696.0
167.688675,31.0,261382016.0
168.697098,30.7,262381600.0
169.706553,31.0,263432000.0
170.719569,31.0,264431712.0
171.730293,30.7,265431616.0
172.737977,30.8,266431856.0
173.745555,31.0,267431568.0
174.755450,30.9,268481824.0
175.767548,31.1,269481728.0
176.776539,30.7,270481504.0
177.783418,31.2,271481760.0
178.790155,30.8,272481696.0
179.797230,31.4,273481664.0
180.808204,30.9,274531776.0
181.821399,31.1,275531776.0
182.829533,31.3,276531744.0
183.838366,31.0,277531456.0
184.845716,31.3,278531456.0
185.855338,31.2,279531616.0
186.868332,31.3,280581344.0
187.878066,31.1,281581792.0
188.886560,31.3,282581312.0
189.893452,31.0,283581152.0
190.902514,31.4,284581312.0
191.910520,31.4,285631552.0
192.922514,31.1,286631776.0
193.931342,31.5,287631488.0
194.938283,31.5,288631552.0
195.945774,31.1,289631328.0
196.954802,31.4,290631136.0
197.967523,31.5,291681824.0
198.976929,31.7,292681216.0
199.984151,31.5,293681568.0
200.991531,31.1,294681408.0
201.998772,31.2,295681088.0
203.008832,31.5,296731360.0
204.021598,31.3,297731712.0
205.031427,31.5,298731840.0
206.039487,31.5,299731648.0
207.046747,31.7,300731360.0
208.055517,32.0,301731424.0
209.064708,31.7,302780992.0
210.074747,31.8,303780800.0
211.082488,31.3,304781344.0
212.090062,31.5,305781088.0
213.098472,31.5,306781152.0
214.107946,31.0,307831360.0
215.119567,31.6,308831136.0
216.129820,31.5,309831520.0
217.138203,31.7,310831168.0
218.145936,31.9,311831360.0
219.156112,31.3,312881280.0
220.168527,31.9,313882176.0
221.177515,31.5,314881088.0
222.184151,31.9,315880896.0
223.191421,31.8,316881120.0
224.199520,32.0,317880544.0
225.207570,31.9,318931712.0
226.219571,31.6,320931296.0
228.263074,32.2,321981632.0
229.273646,31.6,322981152.0
230.282472,32.5,323982080.0
231.290531,32.0,324981408.0
232.297622,31.9,325981536.0
233.307485,31.7,327030848.0
234.319903,31.8,328031168.0
235.329572,31.5,329031008.0
236.337183,31.6,330031328.0
237.344358,31.7,331031328.0
238.353347,32.0,332031904.0
239.362664,32.0,333081344.0
240.373785,32.0,334081184.0
241.382402,32.0,335081536.0
242.389939,31.8,336080864.0
243.396540,32.0,337081664.0
244.406148,32.8,338131712.0
245.418681,31.8,339131072.0
246.428639,31.6,340130944.0
247.436545,32.1,341131200.0
248.443774,32.0,342130912.0
249.453298,32.2,343131040.0
250.466246,32.6,344180768.0
251.476661,32.1,345181408.0
252.484585,32.3,346180672.0
253.491483,32.3,347181408.0
254.499436,32.5,348181184.0
255.509554,32.3,349230944.0
256.522677,32.2,350230912.0
257.531415,31.5,351230688.0
258.539387,32.2,352230944.0
259.547061,32.3,353231392.0
260.557238,32.1,354280896.0
261.570112,32.0,355281312.0
262.579630,32.2,356281472.0
263.587265,32.2,357280576.0
264.594538,32.8,358280544.0
265.604201,32.6,359331328.0
266.617950,32.4,360330496.0
267.627780,32.2,361330912.0
268.634958,32.3,362330880.0
269.642363,32.2,363330976.0
270.651768,32.5,364330784.0
271.661561,32.6,365380768.0
272.672214,32.0,366380032.0
273.680739,32.5,367380736.0
274.688441,32.9,368380704.0
275.695708,32.5,369380480.0
276.706321,32.8,370431072.0
277.718868,32.3,371431072.0
278.727542,32.3,372430944.0
279.734585,32.5,373430496.0
280.740526,33.2,374430848.0
281.747538,32.9,375430496.0
282.756538,32.5,376480480.0
283.768040,33.0,377480384.0
284.776524,32.3,378480640.0
285.782514,32.8,379480832.0
286.788510,33.0,380480768.0
287.795211,32.3,381480672.0
288.804338,32.9,382530208.0
289.817366,32.7,383530976.0
290.827371,33.1,384530752.0
291.833963,32.7,385531200.0
292.841804,32.8,386530336.0
293.849803,32.8,387530400.0
294.858986,33.0,388580384.0
295.871851,33.4,389580512.0
296.880616,33.1,390580544.0
297.888800,32.9,391580320.0
298.896528,33.0,392580320.0
299.906148,33.0,393631200.0
300.918782,32.5,394630496.0
301.927587,32.8,395630336.0
302.934679,32.7,396630400.0
303.941765,33.2,397630560.0
304.950208,33.0,398630784.0
305.959246,33.1,399680352.0
306.971097,33.1,400680032.0
307.979996,33.1,401680320.0
308.987974,33.1,402680384.0
309.995454,33.2,403680512.0
311.005434,33.0,404730752.0
312.018879,33.2,405730304.0
313.029366,33.3,406730432.0
314.037296,33.2,407730208.0
315.045215,33.2,408730048.0
316.055062,33.2,409780576.0
317.067668,33.1,410780576.0
318.077843,33.2,411780800.0
319.085745,33.0,412780352.0
320.093418,33.0,413780096.0
321.102136,33.2,414780576.0
322.110617,33.3,415830144.0
323.120869,33.2,416830720.0
324.129825,33.3,417830048.0
325.136804,33.2,418830048.0
326.143599,33.4,419830624.0
327.152722,33.5,420830112.0
328.165423,33.4,421880480.0
329.174552,33.2,422880096.0
330.180705,33.2,423880064.0
331.188219,33.4,424880128.0
332.196770,33.0,425880640.0
333.206018,33.5,426930432.0
334.218565,33.2,428930144.0
336.232528,33.3,429930496.0
337.238525,33.4,430930592.0
338.245550,33.2,431929856.0
339.255571,33.6,432980736.0
340.269114,33.2,433980448.0
341.278841,33.2,434980416.0
342.286549,33.3,435980640.0
343.293739,33.5,436980416.0
344.303099,33.3,438030176.0
345.316180,33.6,439030176.0
346.326286,33.4,440029952.0
347.332537,33.6,441029984.0
348.339771,33.7,442030432.0
349.348088,33.5,443030208.0
350.356812,33.5,444080000.0
351.369708,33.4,445080320.0
352.379278,33.9,446080128.0
353.387635,33.5,447079808.0
354.394147,33.3,448080320.0
355.404536,33.5,449130176.0
356.416953,34.0,450130528.0
357.426080,33.5,451130432.0
358.433390,33.4,452130048.0
359.441061,33.7,453130784.0
360.450599,33.3,454130208.0
361.459965,33.6,455180192.0
362.471109,33.6,456179840.0
363.478512,33.8,457180288.0
364.486141,34.0,458180384.0
365.492516,33.9,459179840.0
366.501527,33.5,460179872.0
367.510784,34.0,461229760.0
368.520529,33.8,462230048.0
369.528523,33.9,463230400.0
370.535676,33.9,464229824.0
371.542519,33.6,465230048.0
372.553016,33.7,466280096.0
373.565962,33.7,467279808.0
374.575810,33.7,468280064.0
375.584373,34.0,469279840.0
376.590558,33.9,470280032.0
377.599784,33.5,471280128.0
378.607519,33.9,472330176.0
379.620603,33.7,473329952.0
380.629535,33.7,474329984.0
381.636527,33.8,475329856.0
382.643097,33.8,476330208.0
383.651537,33.9,477329792.0
384.663531,34.0,478380896.0
385.672652,34.0,479380352.0
386.679516,33.7,480379840.0
387.686836,33.7,481379872.0
388.693710,34.1,482379904.0
389.703266,34.1,483429696.0
390.715434,33.9,484429792.0
391.723703,33.8,485430176.0
392.731438,33.7,486430304.0
393.738257,33.9,487429632.0
394.745515,33.9,488429600.0
395.754612,33.9,489479712.0
396.766524,33.9,490479744.0
397.776514,34.2,491479616.0
398.783533,33.9,492479840.0
399.790550,33.8,493479296.0
400.799518,33.9,494479360.0
401.807539,34.0,495530080.0
402.819510,34.1,496529632.0
403.827526,33.9,497529824.0
404.834041,34.0,498529632.0
405.840239,34.1,499529536.0
406.847533,34.1,500530144.0
407.856049,34.1,501579776.0
408.867533,34.2,502579840.0
409.877153,34.2,503579520.0
410.884526,34.2,504579584.0
411.890526,34.3,505579616.0
412.899068,34.0,506580000.0
413.907539,34.0,507629632.0
414.920400,34.5,508629792.0
415.927551,34.1,509629152.0
416.934917,34.4,510629632.0
417.941755,34.0,511628800.0
418.949535,34.5,512629888.0
419.958198,34.3,513679360.0
420.969530,34.2,514678816.0
421.977535,34.4,515680000.0
422.985347,34.4,516679360.0
423.992545,34.3,517678848.0
425.002098,34.4,518729824.0
426.014538,34.4,519729632.0
427.023315,34.2,520729184.0
428.030534,34.3,521729408.0
429.037595,34.2,522729376.0
430.045195,34.3,523728640.0
431.054576,34.4,524778848.0
432.067979,34.7,525779872.0
433.077456,34.3,526779808.0
434.085215,34.7,527778944.0
435.091551,34.3,528779808.0
436.100813,34.4,529779360.0
437.109368,34.7,530829312.0
438.120016,,
444.128669,,
450.133378,34.6,545929472.0
453.223727,34.6,546930048.0
454.231797,34.5,547929024.0
455.238580,34.9,548928768.0
456.246553,34.7,549928768.0
457.255259,34.8,550979392.0
458.267529,34.6,551977984.0
459.275527,34.8,552979840.0
460.281527,34.8,553978944.0
461.288777,34.8,554979200.0
462.295792,34.8,555978688.0
463.304601,34.6,557029952.0
464.317443,34.9,558028672.0
465.326795,34.7,559028928.0
466.334487,34.6,560029632.0
467.341302,34.9,561028736.0
468.350737,34.9,562029504.0
469.360116,35.0,563079424.0
470.370342,34.8,564078976.0
471.378929,34.6,565079488.0
472.387634,35.0,566079488.0
473.394538,34.9,567078720.0
474.404326,34.7,568129216.0
475.417897,34.9,569129280.0
476.426719,35.3,570128704.0
477.435082,35.0,571128768.0
478.442529,34.9,572129024.0
479.452426,35.1,573179072.0
480.464515,35.0,574178688.0
481.473526,35.0,575178816.0
482.480759,35.0,576179200.0
483.487525,35.0,577179776.0
484.493511,35.0,578178944.0
485.502919,34.7,579228864.0
486.514530,35.1,580229120.0
487.524057,35.0,581228928.0
488.530957,35.1,582229760.0
489.538518,35.0,583229824.0
490.545553,35.0,584229504.0
491.554064,34.9,585278976.0
492.566572,35.1,586278656.0
493.575952,34.9,587278976.0
494.585517,35.2,588278464.0
495.592911,34.9,589278848.0
496.602818,35.0,590329152.0
497.615834,35.0,591328640.0
498.624555,34.9,592328896.0
499.632422,35.2,593328512.0
500.639541,35.3,594328768.0
501.649230,34.9,595329152.0
502.658199,35.3,596378496.0
503.669358,35.5,597379136.0
504.677531,35.2,598378880.0
505.685526,35.3,599378880.0
506.692515,35.3,600379072.0
507.701742,35.2,601428736.0
508.714528,35.5,602429120.0
509.723669,35.1,603428928.0
510.730862,35.3,604428928.0
511.738837,35.0,605428608.0
512.748193,35.1,606428672.0
513.757071,35.6,607478464.0
514.769641,35.4,608478528.0
515.777545,35.3,609478400.0
516.785905,35.2,610478720.0
517.793218,35.4,611478592.0
518.802570,35.2,612528576.0
519.814552,35.0,613528896.0
520.823514,35.2,614528640.0
521.830737,35.4,615528832.0
522.838388,35.4,616528576.0
523.846618,35.5,617528384.0
524.855530,35.4,618578496.0
525.868338,35.2,619578688.0
526.877060,35.2,620578560.0
527.885525,35.6,621578624.0
528.892433,35.6,622578688.0
529.902432,35.3,623628352.0
530.915591,35.5,624628416.0
531.925118,35.5,625628224.0
532.932589,35.3,626628480.0
533.939867,35.8,627628608.0
534.948958,35.5,628628544.0
535.956949,,
541.969193,,
547.977380,35.6,644728384.0
552.037593,35.5,645728128.0
553.045544,35.7,646728512.0
554.053830,35.6,647778432.0
555.066515,36.0,648778432.0
556.074520,35.6,649778304.0
557.081533,35.5,650778944.0
558.088530,35.7,651778816.0
559.096566,35.6,652778368.0
560.104164,35.7,653828160.0
561.118701,35.7,654828480.0
562.127375,35.9,655828672.0
563.135548,35.7,656828032.0
564.142524,35.7,657828160.0
565.151525,35.6,658878848.0
566.165174,35.8,659878016.0
567.174245,35.8,660878080.0
568.181850,35.6,661878016.0
569.188860,35.8,662878976.0
570.196551,35.7,663878336.0
571.205767,35.6,664928448.0
572.218970,35.9,665928512.0
573.227180,35.7,666927936.0
574.236340,36.0,667928064.0
575.243460,36.0,668928768.0
576.253377,35.6,669978112.0
577.266904,35.8,670978496.0
578.276443,35.8,671977728.0
579.285109,35.8,672978048.0
580.292206,35.6,673978048.0
581.302854,36.0,675028672.0
582.316084,35.7,676028608.0
583.325347,35.9,677027776.0
584.333225,36.0,678027840.0
585.340429,36.0,679027776.0
586.349533,35.8,680028608.0
587.358592,36.1,681078592.0
588.369684,36.1,682078016.0
589.377533,36.2,683077632.0
590.385542,36.0,684077888.0
591.393677,35.7,685078208.0
592.402591,36.2,686128832.0
593.415963,35.6,687127872.0
594.426037,36.2,688128448.0
595.433924,36.0,689127808.0
596.440529,35.9,690127616.0
597.449729,36.2,691127616.0
598.463358,36.0,692178496.0
599.472540,36.2,693178368.0
600.480864,36.2,694177728.0
601.488073,35.9,695177600.0
602.496297,35.9,696178112.0
603.504520,36.2,697228032.0
604.517681,36.3,698228416.0
605.525576,35.8,699227584.0
606.533838,36.0,700227776.0
607.540531,36.2,701228480.0
608.550534,36.2,702278016.0
609.563261,36.0,703277504.0
610.572712,36.4,704278144.0
611.580083,36.1,705277184.0
612.587910,36.1,706277760.0
613.596515,36.2,707277440.0
614.604962,35.8,708328192.0
615.617536,36.4,709328704.0
616.626067,36.1,710328640.0
617.633524,36.0,711327872.0
618.640311,36.4,712327808.0
619.649524,36.1,713327936.0
620.663593,36.6,714377856.0
621.672909,36.2,715378496.0
622.680171,36.2,716377728.0
623.687528,36.4,717378176.0
624.694531,36.3,718377472.0
625.702536,36.2,719428288.0
626.715255,36.4,720428416.0
627.724853,36.5,721428160.0
628.732824,36.3,722427776.0
629.740347,36.3,723427712.0
630.750586,36.4,724477888.0
631.764012,36.7,725478144.0
632.772976,36.5,726477760.0
633.780402,36.3,727477888.0
634.788400,36.4,728477440.0
635.797387,36.4,729477760.0
636.805859,36.4,730527936.0
637.819005,36.7,731527744.0
638.827086,36.5,732527744.0
639.835366,36.5,733528064.0
640.843270,36.2,734527744.0
641.852536,36.5,735577728.0
642.864529,36.5,736577792.0
643.873117,36.1,737577472.0
644.881550,36.5,738577536.0
645.888522,36.6,739577600.0
646.896291,36.5,740577792.0
647.905730,36.5,741627712.0
648.918513,36.7,742627648.0
649.926671,36.7,743627776.0
650.934656,36.4,744627392.0
651.941948,36.4,745627584.0
652.951426,36.7,746677760.0
653.964065,36.8,747677696.0
654.974010,36.5,748677056.0
655.980560,,
661.990696,,
667.998517,37.0,764776960.0
672.102517,36.8,765827968.0
673.115394,36.8,766827456.0
674.124569,36.8,767827968.0
675.131532,36.7,768827648.0
676.137534,36.8,769827840.0
677.145563,36.6,770827648.0
678.154255,36.8,771877440.0
679.167532,36.7,772877440.0
680.175522,36.8,773877056.0
681.184077,36.7,774877376.0
682.191514,37.0,775877888.0
683.201238,36.7,776928064.0
684.213520,36.8,777927808.0
685.221522,36.8,778927424.0
686.228431,37.0,779927232.0
687.235578,36.8,780927680.0
688.243789,36.7,781927360.0
689.253308,37.1,782977152.0
690.267518,36.9,783977024.0
691.275650,36.7,784977152.0
692.284482,36.8,785977152.0
693.291558,36.7,786977472.0
694.301734,36.8,788027456.0
695.314386,36.7,789027456.0
696.324175,36.8,790027584.0
697.331433,37.1,791027328.0
698.338171,37.0,792027776.0
699.348537,37.1,793027584.0
700.356602,37.0,794077440.0
701.368429,37.3,795077568.0
702.376516,36.8,796076480.0
703.383537,37.2,797077376.0
704.390543,36.9,798077568.0
705.400293,36.9,799127360.0
706.413526,37.2,800127552.0
707.422915,36.9,801127680.0
708.430447,36.7,802126336.0
709.437936,37.1,803127040.0
710.445724,36.9,804127360.0
711.455170,37.2,805176704.0
712.467565,37.0,806177216.0
713.476031,37.3,807177088.0
714.484476,36.9,808176704.0
715.491688,37.2,809177152.0
716.500558,37.0,810227456.0
717.513547,37.5,811226816.0
718.522815,36.9,812226752.0
719.529537,37.3,813226752.0
720.536530,37.2,814226624.0
721.543515,36.9,815226752.0
722.551520,37.2,816276800.0
723.564434,37.4,817277376.0
724.573515,37.4,818276800.0
725.579583,37.1,819276288.0
726.586512,37.3,820276736.0
727.592537,37.5,821277120.0
728.602185,37.1,822326976.0
729.614546,37.3,823327360.0
730.623516,37.5,824326848.0
731.629532,37.2,825327424.0
732.636399,37.3,826326592.0
733.643263,37.2,827326784.0
734.651517,37.1,828376960.0
735.664535,37.4,829376640.0
736.674457,37.6,830376128.0
737.682611,37.5,831376512.0
738.689522,37.6,832376512.0
739.697576,37.0,833376448.0
740.709459,37.4,834426368.0
741.718753,37.7,835426176.0
742.726629,37.6,836427008.0
743.734911,37.3,837427136.0
744.742754,37.4,838425984.0
745.751991,37.4,839476416.0
746.764462,37.5,840477184.0
747.774550,37.5,841476160.0
748.782522,37.7,842476352.0
749.789899,37.7,843476352.0
750.799723,37.0,844526464.0
751.812737,37.6,845526656.0
752.822161,37.6,846526784.0
753.829769,37.6,847526144.0
754.836515,37.6,848526400.0
755.843637,37.6,849527104.0
756.852534,37.6,850576640.0
757.865606,37.1,851576320.0
758.874509,37.7,852577152.0
759.881439,37.4,853576192.0
760.888796,37.7,854576320.0
761.899041,37.8,855576512.0
762.912229,37.4,856626432.0
763.921377,37.7,857626176.0
764.929689,37.8,858626304.0
765.937197,37.7,859626880.0
766.944540,37.8,860626368.0
767.953172,37.6,861676288.0
768.967156,37.6,862676288.0
769.976354,37.7,863676736.0
770.984735,37.8,864676544.0
771.991529,37.9,865676416.0
773.001086,37.5,866726144.0
774.013552,37.4,867726016.0
775.022520,37.9,868725824.0
776.029523,,
782.036060,,
788.044032,37.9,884775872.0
792.102523,37.6,885825664.0
793.114914,38.0,886825920.0
794.124555,37.9,887826496.0
795.132516,37.7,888826304.0
796.139448,37.8,889826304.0
797.148514,38.2,890825984.0
798.161239,38.3,891875840.0
799.171832,37.7,892876160.0
800.179514,37.8,893875840.0
801.186528,37.8,894875776.0
802.195017,38.0,895876352.0
803.204403,38.0,896926080.0
804.217051,37.9,897926080.0
805.225091,38.0,898926144.0
806.233049,37.9,899925632.0
807.240761,38.1,900925568.0
808.251333,37.8,901976192.0
809.265611,37.9,902975744.0
810.275025,38.2,903975872.0
811.281512,38.1,904975936.0
812.287524,38.0,905975808.0
813.294554,38.1,906975808.0
814.302532,37.8,908025472.0
815.315530,38.3,909025792.0
816.324772,38.1,910025856.0
817.332438,37.9,911025728.0
818.339918,38.1,912025600.0
819.350118,38.2,913075648.0
820.363389,38.1,914075776.0
821.372924,37.9,915075584.0
822.381930,38.1,916075584.0
823.389604,38.3,917075712.0
824.398543,38.2,918125888.0
825.412105,38.0,919126080.0
826.421473,38.2,920125760.0
827.428578,38.0,921126080.0
828.437188,38.2,922125440.0
829.446588,38.3,923125696.0
830.455980,38.3,924175872.0
831.466537,37.9,925175552.0
832.475278,38.3,926175552.0
833.482517,38.1,927175680.0
834.488561,38.4,928176384.0
835.497567,,
841.505886,,
847.514360,38.6,944325568.0
851.623267,38.2,945325376.0
852.631516,38.1,946325760.0
853.637510,38.4,947325760.0
854.645567,38.6,948325440.0
855.654514,38.3,949375360.0
856.666507,38.5,950375424.0
857.675187,38.5,951375232.0
858.682530,38.3,952375488.0
859.688525,38.5,953375680.0
860.696561,38.5,954375040.0
861.705364,38.1,955424896.0
862.716062,38.2,956425408.0
863.724962,38.4,957425600.0
864.732239,38.5,958424896.0
865.739288,38.5,959424768.0
866.749346,38.5,960475712.0
867.762644,38.6,961475520.0
868.772165,38.4,962475392.0
869.779464,38.4,963475328.0
870.787252,38.9,964475200.0
871.795537,38.5,965475456.0
872.804204,38.6,966525184.0
873.816943,38.3,967524992.0
874.825993,38.9,968524992.0
875.833512,38.4,969525376.0
876.840711,38.3,970525056.0
877.850854,38.4,971576000.0
878.863658,38.8,972574912.0
879.872963,38.7,973575552.0
880.881070,38.6,974575488.0
881.888952,38.6,975574848.0
882.899053,38.5,976625088.0
883.911927,38.5,977625408.0
884.921526,38.6,978625344.0
885.929168,38.5,979625152.0
886.936523,38.6,980624384.0
887.944768,38.3,981625408.0
888.953519,38.4,982675648.0
889.966548,38.7,983674624.0
890.974519,38.5,984675136.0
891.981514,38.6,985675392.0
892.987520,38.6,986674944.0
893.996718,38.7,987674624.0
895.005599,38.9,988724480.0
896.015983,38.8,989724800.0
897.024970,38.8,990725504.0
898.032531,38.6,991724928.0
899.039967,38.7,992725184.0
900.050546,38.5,993774976.0
901.064545,38.7,994774848.0
902.073933,38.6,995775168.0
903.081540,38.5,996775104.0
904.089018,38.7,997775680.0
905.098536,38.8,998775360.0
906.111086,38.8,999824768.0
907.120978,38.9,1000824768.0
908.127723,38.6,1001825088.0
909.135114,38.8,1002824832.0
910.141547,38.5,1003825216.0
911.150852,39.1,1004874368.0
912.163440,38.7,1005875008.0
913.173535,38.6,1006874816.0
914.181529,38.9,1007875392.0
915.188344,38.7,1008874432.0
916.197384,38.6,1009875200.0
917.206530,38.8,1010924672.0
918.216060,39.2,1011925120.0
919.223553,39.1,1012924544.0
920.232148,38.8,1013924608.0
921.240031,38.9,1014924544.0
922.250244,38.6,1015974720.0
923.263683,39.0,1016974528.0
924.273290,39.1,1017974528.0
925.280984,38.9,1018975424.0
926.288144,38.9,1019975040.0
927.298199,38.7,1020975040.0
928.310519,38.9,1022024960.0
929.319221,39.0,1023024576.0
930.326513,39.2,1024024512.0
931.332553,38.8,1025024576.0
932.339453,39.0,1026024832.0
933.349141,39.0,1027074880.0
934.363006,39.0,1028074432.0
935.372418,38.9,1029075584.0
936.379609,39.0,1030074816.0
937.388590,39.2,1031074816.0
938.398466,39.0,1032124608.0
939.412018,38.8,1033124608.0
940.422288,39.0,1034124800.0
941.429517,39.2,1035124544.0
942.435523,39.0,1036124416.0
943.443280,39.3,1037124736.0
944.451529,38.9,1038174656.0
945.463518,39.0,1039174464.0
946.471523,39.1,1040174208.0
947.478528,39.0,1041174400.0
948.486289,39.2,1042174592.0
949.494249,39.4,1043174080.0
950.503474,39.4,1044223936.0
951.515543,39.1,1045224448.0
952.524202,39.3,1046224320.0
953.531891,39.1,1047224192.0
954.539596,39.2,1048224128.0
955.549977,,
961.558845,39.4,1055274304.0
962.567560,39.3,1056274752.0
963.575147,39.3,1057274944.0
964.582566,39.2,1058274304.0
965.589511,39.2,1059274112.0
966.598531,39.1,1060324416.0
967.611312,39.3,1061324736.0
968.620522,39.3,1062324096.0
969.627552,39.5,1063324416.0
970.634881,39.3,1064324608.0
971.642530,39.0,1065324736.0
972.651464,39.0,1066374080.0
973.665714,39.2,1067374592.0
974.674562,39.0,1068374720.0
975.682784,39.0,1069374400.0
976.689600,39.2,1070374592.0
977.699679,39.2,1071424128.0
978.712560,39.2,1072424000.0
979.722907,39.6,1073424064.0
980.730556,39.2,1074424064.0
981.737685,39.4,1075423616.0
982.745923,39.2,1076424448.0
983.754401,39.4,1077473920.0
984.766172,39.6,1078474624.0
985.774365,39.5,1079474560.0
986.782217,39.3,1080474112.0
987.789447,39.4,1081473664.0
988.798970,39.5,1082523904.0
989.812150,39.4,1083524352.0
990.821635,39.6,1084524416.0
991.828991,39.6,1085523840.0
992.836315,39.6,1086524800.0
993.844365,39.4,1087524096.0
994.852521,39.4,1088574080.0
995.864763,39.5,1089574144.0
996.874098,39.6,1090574208.0
997.882298,39.4,1091574016.0
998.889534,39.6,1092573952.0
999.899077,39.3,1093624320.0
1000.912003,39.3,1094624256.0
1001.921521,39.9,1095624576.0
1002.928756,39.8,1096624000.0
1003.936179,39.3,1097624576.0
1004.944315,39.6,1098624128.0
1005.953620,39.7,1099674112.0
1006.965538,39.4,1100674432.0
1007.973547,39.5,1101674368.0
1008.980843,39.7,1102674432.0
1009.988889,39.6,1103673856.0
1010.997524,39.4,1104674432.0
1012.010177,39.5,1105723904.0
1013.020199,39.4,1106724096.0
1014.028613,39.4,1107723520.0
1015.035944,39.5,1108723968.0
1016.045647,,
1022.055017,,
1028.063434,39.8,1124873984.0
1032.166683,39.4,1125873536.0
1033.175347,39.8,1126873600.0
1034.182538,39.7,1127873792.0
1035.189858,39.8,1128873984.0
1036.199889,39.4,1129923712.0
1037.212961,39.9,1130923648.0
1038.222512,39.5,1131923584.0
1039.229480,39.7,1132923392.0
1040.236553,39.9,1133923712.0
1041.245356,39.6,1134923648.0
1042.254201,39.6,1135973760.0
1043.266462,39.9,1136973312.0
1044.273517,39.6,1137975424.0
1045.281063,39.8,1139873280.0
1047.168530,39.7,1140873344.0
1048.182423,39.7,1142924672.0
1050.216757,39.7,1143924736.0
1051.224820,39.8,1144924160.0
1052.232665,39.6,1145924096.0
1053.239447,40.2,1146924544.0
1054.249163,39.7,1147974784.0
1055.261528,39.6,1148973824.0
1056.269858,39.8,1149974016.0
1057.277541,39.9,1150974848.0
1058.285543,39.7,1151973760.0
1059.294131,39.8,1152973952.0
1060.302950,39.9,1154024192.0
1061.316397,39.8,1155023616.0
1062.324542,40.1,1156023552.0
1063.332152,39.8,1157024128.0
1064.339563,39.8,1158023680.0
1065.350070,39.8,1159073792.0
1066.363034,39.9,1160073344.0
1067.372951,40.0,1161073408.0
1068.380851,39.8,1162073472.0
1069.388537,39.7,1163073408.0
1070.398250,40.2,1164123520.0
1071.411626,40.0,1165123328.0
1072.421043,39.8,1166123520.0
1073.428545,40.1,1167123328.0
1074.435524,40.0,1168123776.0
1075.442110,39.9,1169123456.0
1076.451053,39.8,1170173440.0
1077.463520,40.2,1171173376.0
1078.473279,40.2,1172174336.0
1079.481186,40.1,1173173888.0
1080.488650,40.0,1174173952.0
1081.498632,40.1,1175223424.0
1082.512367,39.8,1176223360.0
1083.522034,40.0,1177223296.0
1084.529366,40.0,1178223104.0
1085.536530,40.0,1179223424.0
1086.544556,40.1,1180223232.0
1087.553189,40.1,1181273472.0
1088.565554,40.2,1182273664.0
1089.574164,40.0,1183273600.0
1090.582605,40.0,1184273408.0
1091.589523,40.2,1185273984.0
1092.598829,40.3,1186323712.0
1093.612527,39.9,1187323392.0
1094.620651,39.9,1188323328.0
1095.628433,40.2,1189323648.0
1096.635524,39.9,1190323200.0
1097.643395,40.2,1191322880.0
1098.652650,40.3,1192373120.0
1099.666069,40.5,1193372928.0
1100.674385,40.1,1194373376.0
1101.682352,40.0,1195373440.0
1102.689538,40.4,1196373504.0
1103.699107,40.0,1197423488.0
1104.712182,40.2,1198422784.0
1105.721595,40.1,1199423488.0
1106.728932,40.4,1200423424.0
1107.736065,40.4,1201422976.0
1108.745563,40.0,1202422912.0
1109.755655,40.2,1203473920.0
1110.765544,40.3,1204473216.0
1111.774075,40.1,1205472896.0
1112.782233,40.2,1206473344.0
1113.789446,40.3,1207473408.0
1114.798516,40.2,1208522880.0
1115.811319,40.4,1209522816.0
1116.820301,40.1,1210522880.0
1117.828197,40.2,1211522688.0
1118.834537,40.2,1212522880.0
1119.841859,40.2,1213523456.0
1120.851311,40.4,1214573440.0
1121.865017,40.1,1215572992.0
1122.874229,40.2,1216572800.0
1123.881753,40.2,1217572992.0
1124.889478,40.3,1218572928.0
1125.898513,40.2,1219623040.0
1126.911122,40.5,1220622848.0
1127.920659,40.6,1221623168.0
1128.928382,40.4,1222622848.0
1129.934529,40.3,1223623168.0
1130.941141,40.4,1224623360.0
1131.950034,40.6,1225672960.0
1132.963551,40.4,1226672768.0
1133.973271,40.4,1227673088.0
1134.981896,40.3,1228672640.0
1135.989067,40.2,1229672704.0
1136.999355,40.5,1230722688.0
1138.012069,40.4,1231722880.0
1139.021849,40.7,1232722560.0
1140.029891,40.4,1233723008.0
1141.037402,40.7,1234722304.0
1142.047455,40.5,1235723264.0
1143.061219,40.2,1236772992.0
1144.070612,40.6,1237772672.0
1145.077524,40.5,1238772736.0
1146.084452,40.2,1239772800.0
1147.092398,40.4,1240772736.0
1148.100512,40.4,1241822976.0
1149.112658,40.6,1242822656.0
1150.122877,40.8,1243822976.0
1151.130529,40.3,1244822656.0
1152.136534,40.2,1245822848.0
1153.145506,40.5,1246823040.0
1154.152523,40.4,1247873024.0
1155.165651,40.8,1248872576.0
1156.173528,40.6,1249872896.0
1157.180527,40.5,1250872448.0
1158.187925,40.7,1251872512.0
1159.198363,40.6,1252923136.0
1160.211552,40.4,1253922944.0
1161.220465,40.8,1254922880.0
1162.227702,40.3,1255923072.0
1163.235270,40.7,1256922880.0
1164.243813,40.7,1257922688.0
1165.252521,40.7,1258973056.0
1166.264835,40.9,1259973376.0
1167.274150,40.8,1260972672.0
1168.281106,40.3,1261972736.0
1169.288511,40.5,1262972800.0
1170.296506,40.7,1263972736.0
1171.305004,40.9,1265022592.0
1172.314528,41.0,1266022784.0
1173.322914,40.7,1267022464.0
1174.330787,40.8,1268022528.0
1175.337533,40.6,1269022720.0
1176.347542,40.7,1270022528.0
1177.360221,40.5,1271072896.0
1178.369998,40.8,1272072704.0
1179.377996,40.6,1273073024.0
1180.386172,40.6,1274072448.0
1181.396194,41.0,1275072768.0
1182.405529,41.1,1276122624.0
1183.414538,40.8,1277122688.0
1184.423620,40.6,1278122240.0
1185.430534,40.9,1279122560.0
1186.438600,40.7,1280122368.0
1187.448547,41.1,1281172480.0
1188.461157,41.1,1282172416.0
1189.469512,40.9,1283171968.0
1190.476545,41.0,1284172160.0
1191.482572,40.7,1285172096.0
1192.489575,40.9,1286173184.0
1193.498521,41.1,1287222272.0
1194.510935,40.7,1288222848.0
1195.519675,40.8,1289222400.0
1196.526943,40.9,1290222336.0
1197.534183,40.9,1291222528.0
1198.547534,41.0,1292272512.0
1199.560473,41.2,1293272192.0
1200.571039,41.0,1294272512.0
1201.578586,40.7,1295272064.0
1202.586483,41.2,1296272000.0
1203.595556,40.7,1297272576.0
1204.604534,40.6,1298322560.0
1205.615519,40.9,1299321984.0
1206.623527,41.0,1300322432.0
1207.631154,40.9,1301322752.0
1208.638363,41.1,1302321792.0
1209.647543,40.9,1303321984.0
1210.660568,41.3,1304372480.0
1211.670513,41.0,1305372288.0
1212.676530,40.9,1306372608.0
1213.683085,40.9,1307372416.0
1214.690693,40.9,1308372096.0
1215.700268,40.8,1309422336.0
1216.713445,41.2,1310422400.0
1217.722526,41.1,1311422336.0
1218.729561,41.0,1312422400.0
1219.736875,41.0,1313422080.0
1220.745267,41.1,1314422016.0
1221.755017,40.8,1315472000.0
1222.765165,41.0,1316472448.0
1223.773792,41.1,1317472000.0
1224.780558,41.2,1318472576.0
1225.788805,41.1,1319471744.0
1226.797530,41.3,1320472960.0
1227.811176,41.2,1321522560.0
1228.821058,41.0,1322522368.0
1229.828119,41.3,1323522688.0
1230.835483,41.2,1324521728.0
1231.842520,41.2,1325522176.0
1232.850521,41.0,1326571648.0
1233.863429,41.0,1327571968.0
1234.871526,41.0,1328572032.0
1235.878537,41.2,1329572352.0
1236.885528,41.1,1330571776.0
1237.894522,41.1,1331571840.0
1238.903538,41.5,1332621952.0
1239.915171,41.2,1333621760.0
1240.922524,41.2,1334622080.0
1241.930226,41.2,1335622656.0
1242.937739,41.4,1336621824.0
1243.946523,41.2,1337671808.0
1244.960134,41.5,1338672128.0
1245.969957,41.1,1339671936.0
1246.977089,41.3,1340672000.0
1247.984285,41.0,1341671936.0
1248.992823,41.3,1342671744.0
1250.001533,41.3,1343722496.0
1251.014131,41.0,1344722176.0
1252.022511,41.2,1345721856.0
1253.029549,41.4,1346721664.0
1254.036255,40.9,1347721984.0
1255.044942,41.2,1348721536.0
1256.053955,41.4,1349771776.0
1257.064844,41.1,1350772096.0
1258.072532,41.4,1351771648.0
1259.079531,41.3,1352771584.0
1260.087178,41.1,1353771904.0
1261.097192,41.4,1354822016.0
1262.110532,41.4,1355821184.0
1263.118517,41.3,1356822528.0
1264.125934,41.3,1357821184.0
1265.132801,41.0,1358821632.0
1266.139515,41.6,1359822080.0
1267.148568,41.4,1360871552.0
1268.160565,41.4,1361871488.0
1269.169951,41.4,1362871680.0
1270.176789,41.4,1363871616.0
1271.182628,41.2,1364872064.0
1272.190650,41.1,1365871744.0
1273.200928,41.3,1366921344.0
1274.213543,41.5,1367921664.0
1275.222398,41.3,1368921600.0
1276.230662,41.5,1369921536.0
1277.238382,41.2,1370921472.0
1278.247550,41.3,1371971584.0
1279.260267,41.5,1372971648.0
1280.270032,41.5,1373971968.0
1281.277723,41.3,1374971520.0
1282.285519,41.6,1375971712.0
1283.293227,41.2,1376972288.0
1284.301540,41.4,1378021504.0
1285.314379,41.3,1379021568.0
1286.322524,41.5,1380021888.0
1287.329527,41.3,1381021440.0
1288.336056,41.6,1382021504.0
1289.345447,41.5,1383021824.0
1290.353663,41.4,1384071040.0
1291.365212,41.1,1385071488.0
1292.373743,41.5,1386071552.0
1293.381512,41.7,1387072000.0
1294.389257,41.4,1388072320.0
1295.399310,41.4,1389121920.0
1296.412059,41.3,1390121344.0
1297.421938,41.8,1391121664.0
1298.428551,41.7,1392121472.0
1299.434530,41.5,1393121408.0
1300.441217,41.6,1394122368.0
1301.450693,41.7,1395172352.0
1302.463538,41.8,1396171776.0
1303.472739,41.5,1397171968.0
1304.479514,41.5,1398171264.0
1305.487062,41.5,1399171712.0
1306.496377,41.7,1400171264.0
1307.508568,41.6,1401221760.0
1308.518440,41.5,1402221824.0
1309.525560,41.5,1403221120.0
1310.532234,41.8,1404221312.0
1311.538535,41.7,1405221632.0
1312.549134,41.6,1406271872.0
1313.562141,41.6,1407271168.0
1314.571899,41.6,1408271488.0
1315.579099,41.8,1409271424.0
1316.586536,41.7,1410271360.0
1317.595514,41.7,1411271552.0
1318.604050,41.7,1412321536.0
1319.615507,41.5,1413321088.0
1320.623345,41.4,1414321152.0
1321.630791,41.6,1415321088.0
1322.638805,41.9,1416321536.0
1323.647619,41.8,1417371520.0
1324.660881,41.8,1418371328.0
1325.670072,41.6,1419371520.0
1326.677181,41.7,1420371456.0
1327.684706,41.6,1421371392.0
1328.693281,41.7,1422371072.0
1329.701783,41.8,1423421056.0
1330.714347,42.0,1424420992.0
1331.722985,41.6,1425421056.0
1332.729815,41.8,1426420864.0
1333.735511,41.9,1427420800.0
1334.743215,42.0,1428420864.0
1335.752577,41.7,1429470976.0
1336.764649,41.8,1430470912.0
1337.773415,41.7,1431470848.0
1338.780569,41.7,1432471040.0
1339.788162,41.8,1433471488.0
1340.797616,41.8,1434521472.0
1341.810967,41.9,1435520768.0
1342.820934,41.7,1436521472.0
1343.828204,42.0,1437520640.0
1344.835262,41.7,1438521216.0
1345.843887,41.8,1439520640.0
1346.852842,42.0,1440571520.0
1347.865864,41.7,1441570816.0
1348.874665,41.8,1442571392.0
1349.881819,42.1,1443571072.0
1350.889240,41.7,1444571392.0
1351.899185,41.6,1445620864.0
1352.911531,41.8,1446620928.0
1353.921206,42.0,1447620864.0
1354.927527,41.7,1448621696.0
1355.934523,42.0,1449621248.0
1356.941907,41.7,1450620672.0
1357.951100,42.1,1451670656.0
1358.964322,42.0,1452670720.0
1359.973289,42.1,1453671040.0
1360.980532,41.9,1454671360.0
1361.988677,41.9,1455670656.0
1362.997553,42.0,1456720896.0
1364.010745,41.8,1457720960.0
1365.020652,42.0,1458721408.0
1366.028525,42.0,1459720704.0
1367.034664,42.0,1460721152.0
1368.043716,41.8,1461720960.0
1369.052549,41.9,1462770432.0
1370.065140,42.1,1463771392.0
1371.074081,42.1,1464770688.0
1372.081544,42.5,1465770624.0
1373.089555,42.0,1466770688.0
1374.099154,41.7,1467820544.0
1375.111894,42.1,1468820480.0
1376.121476,42.2,1469821824.0
1377.129380,41.8,1470820608.0
1378.136593,42.1,1471820800.0
1379.145080,41.7,1472820608.0
1380.153822,41.9,1473870336.0
1381.164331,42.0,1474870656.0
1382.173304,42.0,1475870592.0
1383.181467,42.1,1476870656.0
1384.189538,42.2,1477870592.0
1385.199123,42.0,1478920960.0
1386.210509,42.0,1479920384.0
1387.219545,42.2,1480921344.0
1388.227076,42.0,1481920640.0
1389.233517,42.1,1482920576.0
1390.239528,42.2,1483920512.0
1391.249154,42.0,1484971008.0
1392.261532,42.2,1485970560.0
1393.270636,42.7,1486971008.0
1394.277509,42.3,1487970688.0
1395.283519,42.3,1488970368.0
1396.289534,42.2,1489970560.0
1397.299643,42.2,1491020928.0
1398.313253,42.1,1492020608.0
1399.323317,42.0,1493020032.0
1400.330644,42.2,1494020608.0
1401.338482,42.2,1495020544.0
1402.348554,42.5,1496071168.0
1403.361223,42.1,1497070720.0
1404.371690,42.3,1498070272.0
1405.379775,42.3,1499070720.0
1406.386770,42.0,1500070528.0
1407.394565,42.2,1501070592.0
1408.402520,42.0,1502121088.0
1409.415311,42.1,1503120768.0
1410.423531,42.0,1504120448.0
1411.429838,42.1,1505120384.0
1412.436465,42.2,1506120704.0
1413.445803,42.1,1507120768.0
1414.455378,42.2,1508170496.0
1415.465329,42.0,1509170560.0
1416.474349,42.2,1510170496.0
1417.482541,42.2,1511170560.0
1418.490546,42.2,1512170368.0
1419.498531,42.6,1513220480.0
1420.511613,42.1,1514220544.0
1421.520407,42.5,1515220480.0
1422.527601,42.5,1516220416.0
1423.535123,42.2,1517220352.0
1424.544544,42.7,1518221312.0
1425.552677,42.3,1519270400.0
1426.565327,42.3,1520270208.0
1427.574096,42.5,1521270016.0
1428.581837,42.5,1522270080.0
1429.590374,42.3,1523270144.0
1430.598550,42.3,1524320512.0
1431.610528,42.1,1525320832.0
1432.619525,42.3,1526320000.0
1433.627061,42.5,1527320192.0
1434.633985,42.3,1528320256.0
1435.641207,42.1,1529320192.0
1436.650665,42.3,1530370688.0
1437.665045,42.2,1531370368.0
1438.673784,42.4,1532370304.0
1439.681683,42.3,1533370368.0
1440.690527,42.2,1534370432.0
1441.700215,42.2,1535420544.0
1442.713359,42.3,1536420736.0
1443.722744,42.5,1537420800.0
1444.731076,42.5,1538420608.0
1445.738923,42.4,1539420544.0
1446.748906,42.5,1540470400.0
1447.761432,42.8,1541470592.0
1448.770524,42.4,1542470528.0
1449.777484,42.3,1543470848.0
1450.784934,42.5,1544470144.0
1451.793520,42.4,1545470080.0
1452.802847,42.3,1546519936.0
1453.815097,42.5,1547520128.0
1454.822650,42.7,1548519808.0
1455.830262,42.8,1549520512.0
1456.837586,42.5,1550520704.0
1457.846505,42.5,1551520128.0
1458.855124,42.4,1552570496.0
1459.865961,42.7,1553570688.0
1460.873554,42.3,1554569984.0
1461.881295,42.3,1555570432.0
1462.889106,42.7,1556570496.0
1463.898825,42.7,1557620224.0
1464.910516,42.5,1558619904.0
1465.918543,42.8,1559620480.0
1466.925529,42.7,1560620160.0
1467.933978,42.5,1561620096.0
1468.941522,42.7,1562620416.0
1469.950238,42.5,1563670144.0
1470.962825,42.8,1564669824.0
1471.971913,42.7,1565669632.0
1472.980511,42.8,1566669824.0
1473.987342,42.4,1567670016.0
1474.998190,42.6,1568720384.0
1476.010547,42.8,1569720448.0
1477.018561,42.8,1570720000.0
1478.026355,42.8,1571720320.0
1479.033825,42.5,1572720000.0
1480.043091,42.8,1573719680.0
1481.052388,42.9,1574769664.0
1482.065072,42.8,1575770368.0
1483.072584,42.5,1576770432.0
1484.080059,42.8,1577770496.0
1485.087539,42.7,1578769664.0
1486.097972,42.8,1579819904.0
1487.110542,42.9,1580820352.0
1488.118540,42.7,1581820160.0
1489.125557,42.7,1582819968.0
1490.133115,42.6,1583820160.0
1491.140609,42.4,1584820224.0
1492.149993,43.0,1585869696.0
1493.163526,42.8,1586869888.0
1494.171551,43.0,1587870080.0
1495.179206,42.8,1588869888.0
1496.186054,42.8,1589870080.0
1497.195143,43.1,1590870144.0
1498.203934,42.8,1591920128.0
1499.215400,42.9,1592919168.0
1500.223529,42.5,1593920384.0
1501.231386,42.5,1594919808.0
1502.238997,42.6,1595920512.0
1503.249232,43.4,1596969984.0
1504.261813,42.8,1597969408.0
1505.271521,42.6,1598969600.0
1506.278589,42.8,1599969792.0
1507.286068,43.0,1600970624.0
1508.295366,42.9,1601970048.0
1509.303516,42.8,1603019776.0
1510.314719,42.8,1604019712.0
1511.323119,42.9,1605019648.0
1512.329593,43.0,1606019840.0
1513.336894,43.0,1607019648.0
1514.346180,43.0,1608019456.0
1515.355091,43.0,1609069568.0
1516.365249,42.8,1610069760.0
1517.372578,43.0,1611069440.0
1518.379555,43.1,1612069376.0
1519.386530,42.8,1613069440.0
1520.395563,42.9,1614069504.0
1521.404573,43.0,1615119360.0
1522.415282,42.6,1616119552.0
1523.423609,43.2,1617119872.0
1524.430532,42.8,1618119680.0
1525.437340,42.9,1619119104.0
1526.446204,42.5,1620119424.0
1527.458463,43.0,1621169536.0
1528.467781,42.8,1622169856.0
1529.476078,42.7,1623169408.0
1530.483287,42.8,1624169344.0
1531.493282,43.0,1625170432.0
1532.502437,43.0,1626218880.0
1533.514451,43.0,1627219456.0
1534.522189,43.2,1628219776.0
1535.530401,43.3,1629218944.0
1536.536549,43.2,1630219648.0
1537.546095,43.0,1631219584.0
1538.559306,43.0,1632269056.0
1539.568187,43.3,1633270144.0
1540.576290,43.0,1634268928.0
1541.582534,42.6,1635269632.0
1542.590131,42.9,1636269312.0
1543.599614,43.0,1637319808.0
1544.612807,43.3,1638319872.0
1545.621512,43.0,1639318656.0
1546.627527,43.2,1640318848.0
1547.634770,43.0,1641319168.0
1548.644892,43.0,1642319360.0
1549.654547,43.0,1643368832.0
1550.665381,43.4,1644369536.0
1551.673962,43.2,1645369088.0
1552.681865,43.2,1646368896.0
1553.689520,42.9,1647369472.0
1554.697822,43.0,1648418816.0
1555.709510,43.3,1649419136.0
1556.717533,43.2,1650418944.0
1557.724971,43.2,1651418752.0
1558.731518,43.5,1652419840.0
1559.737541,43.2,1653419392.0
1560.746533,43.0,1654419328.0
1561.759512,43.3,1655469952.0
1562.768268,43.0,1656468992.0
1563.776158,43.3,1657468800.0
1564.783428,43.3,1658469504.0
1565.791512,43.2,1659468928.0
1566.800068,43.3,1660519168.0
1567.813662,43.0,1661519104.0
1568.822692,43.3,1662518784.0
1569.831161,43.5,1663518848.0
1570.837717,43.3,1664518912.0
1571.847098,43.0,1665569152.0
1572.860583,43.3,1666569088.0
1573.870652,43.3,1667569920.0
1574.877917,43.3,1668569088.0
1575.884516,43.1,1669568768.0
1576.893444,43.2,1670568832.0
1577.902040,43.5,1671618560.0
1578.915010,43.0,1672618752.0
1579.923473,43.6,1673618944.0
1580.931897,43.3,1674619008.0
1581.939264,43.7,1675619072.0
1582.949108,43.3,1676668800.0
1583.961675,43.4,1677668608.0
1584.970553,43.5,1678669056.0
1585.977533,43.5,1679668480.0
1586.984430,43.7,1680668800.0
1587.993151,43.8,1681668864.0
1589.001560,43.4,1682718720.0
1590.014723,43.8,1683718656.0
1591.023584,43.4,1684719104.0
1592.030532,43.5,1685718784.0
1593.037513,43.7,1686718336.0
1594.047471,44.1,1687768960.0
1595.060522,43.7,1688769280.0
1596.069542,43.3,1689768576.0
1597.076642,43.8,1690769664.0
1598.084567,44.3,1691768448.0
1599.093887,44.1,1692768384.0
1600.101538,43.8,1693818624.0
1601.114202,43.8,1694818816.0
1602.123070,43.3,1695818496.0
1603.130793,43.4,1696818560.0
1604.138119,44.3,1697818752.0
1605.148078,43.3,1698868480.0
1606.160644,43.5,1699868800.0
1607.170179,43.5,1700869504.0
1608.177859,43.3,1701868416.0
1609.184664,43.1,1702869376.0
1610.193888,43.3,1703868544.0
1611.202745,43.7,1704918400.0
1612.213927,43.5,1705918848.0
1613.221525,44.3,1706918144.0
1614.227538,43.5,1707919744.0
1615.234562,43.4,1708918784.0
1616.242904,43.8,1709919104.0
1617.251528,44.1,1710968576.0
1618.264529,44.2,1711968896.0
1619.272697,43.8,1712968448.0
1620.280536,43.7,1713968512.0
1621.286533,43.5,1714968704.0
1622.295168,44.2,1715968512.0
1623.303512,43.6,1717018624.0
1624.314533,43.8,1718018304.0
1625.322729,43.7,1719018112.0
1626.330383,44.0,1720018432.0
1627.338283,44.0,1721018368.0
1628.348688,43.8,1722068480.0
1629.361211,43.7,1723069056.0
1630.371036,43.7,1724068224.0
1631.378584,43.8,1725069056.0
1632.385950,43.6,1726068224.0
1633.395691,43.4,1727068544.0
1634.405375,43.8,1728118400.0
1635.414523,43.5,1729118720.0
1636.423343,43.8,1730118272.0
1637.431483,43.9,1731118592.0
1638.438512,43.6,1732118656.0
1639.448336,43.6,1733168384.0
1640.460836,44.0,1734168576.0
1641.470532,44.0,1735168896.0
1642.478539,44.1,1736169344.0
1643.485528,44.0,1737168128.0
1644.495782,43.5,1738167936.0
1645.503528,44.3,1739218176.0
1646.514524,43.8,1740218368.0
1647.522533,44.0,1741218048.0
1648.528529,43.7,1742218240.0
1649.535803,43.9,1743217792.0
1650.543538,43.9,1744218112.0
1651.551862,43.7,1745268352.0
1652.564482,44.2,1746268672.0
1653.573995,44.2,1747268096.0
1654.580534,44.1,1748267904.0
1655.586714,43.8,1749268608.0
1656.596532,43.8,1750268416.0
1657.605753,43.8,1751318400.0
1658.617296,44.0,1752318848.0
1659.625858,44.3,1753318400.0
1660.632521,44.0,1754318336.0
1661.639911,43.9,1755318400.0
1662.649654,43.6,1756368128.0
1663.662776,43.8,1757367936.0
1664.671531,43.8,1758368640.0
1665.678921,44.3,1759368192.0
1666.686936,44.2,1760368000.0
1667.695535,44.0,1761367936.0
1668.703883,44.3,1762417792.0
1669.717311,44.0,1763418112.0
1670.726031,43.9,1764418432.0
1671.733559,43.8,1765417856.0
1672.740550,43.5,1766418560.0
1673.751315,44.3,1767467904.0
1674.764284,44.5,1768468608.0
1675.773726,44.3,1769467776.0
1676.781572,44.2,1770467968.0
1677.789169,44.3,1771467904.0
1678.799052,43.5,1772467968.0
1679.807539,44.3,1773517824.0
1680.819276,44.1,1774517504.0
1681.827650,44.7,1775517696.0
1682.833514,43.5,1776517888.0
1683.839973,43.9,1777518464.0
1684.848556,44.2,1778517760.0
1685.857264,44.7,1779567616.0
1686.869363,44.1,1780567936.0
1687.877877,44.5,1781567872.0
1688.885024,43.6,1782567808.0
1689.892522,44.3,1783567872.0
1690.901568,44.2,1784567936.0
1691.914648,44.5,1785618432.0
1692.923526,44.3,1786617984.0
1693.930241,44.3,1787617920.0
1694.937545,44.0,1788617984.0
1695.944954,44.5,1789617664.0
1696.954798,44.5,1790667520.0
1697.968134,44.1,1791667584.0
1698.978023,44.8,1792667776.0
1699.985539,43.6,1793668480.0
1700.992569,44.5,1794668544.0
1702.002829,44.3,1795717504.0
1703.015893,43.8,1796718208.0
1704.025693,44.0,1797717888.0
1705.033318,44.3,1798717696.0
1706.041203,44.5,1799718656.0
1707.050637,44.5,1800717696.0
1708.059982,44.3,1801768448.0
1709.070874,44.5,1802768000.0
1710.079527,44.3,1803767808.0
1711.087424,44.6,1804767744.0
1712.094911,44.4,1805767552.0
1713.104129,44.7,1806818048.0
1714.117265,44.5,1807817472.0
1715.126766,44.5,1808818048.0
1716.134522,44.7,1809817856.0
1717.141002,44.1,1810818048.0
1718.148715,44.5,1811817856.0
1719.156716,44.3,1812867968.0
1720.168520,44.4,1813867904.0
1721.177410,44.6,1814867712.0
1722.185177,44.8,1815867904.0
1723.192954,44.2,1816867328.0
1724.202320,44.7,1817868544.0
1725.211048,44.5,1818917376.0
1726.223046,44.5,1819917952.0
1727.232065,44.6,1820918144.0
1728.240153,44.1,1821917696.0
1729.247728,44.3,1822918144.0
1730.257609,44.5,1823967744.0
1731.270583,44.3,1824967424.0
1732.279687,44.7,1825967744.0
1733.287642,44.6,1826967552.0
1734.294097,44.3,1827968000.0
1735.304147,44.3,1828967552.0
1736.316513,44.7,1830018560.0
1737.325539,44.6,1831017600.0
1738.333441,44.8,1832017664.0
1739.341333,44.5,1833016960.0
1740.348531,44.5,1834017536.0
1741.357535,44.2,1835067776.0
1742.370687,44.3,1836067200.0
1743.379511,44.6,1837068032.0
1744.386048,44.6,1838067712.0
1745.391525,44.5,1839068032.0
1746.398563,44.3,1840067456.0
1747.408242,44.5,1841117312.0
1748.421145,44.8,1842117504.0
1749.430140,44.9,1843117952.0
1750.437552,44.8,1844117120.0
1751.444700,44.7,1845117440.0
1752.453062,44.4,1846117504.0
1753.461481,45.1,1847166720.0
1754.473794,44.5,1848167808.0
1755.482968,44.7,1849167360.0
1756.490732,44.5,1850167552.0
1757.498249,44.8,1851168128.0
1758.508518,44.5,1852217472.0
1759.519514,44.8,1853217408.0
1760.527856,44.9,1854217216.0
1761.535537,44.7,1855217792.0
1762.542986,44.6,1856217216.0
1763.550679,45.0,1857217664.0
1764.559707,44.6,1858267520.0
1765.572529,44.5,1859267712.0
1766.582219,44.5,1860267264.0
1767.590533,44.9,1861267456.0
1768.597734,44.7,1862267392.0
1769.608163,45.0,1863268096.0
1770.620745,44.7,1864317696.0
1771.630529,44.7,1865318016.0
1772.638029,44.7,1866317696.0
1773.645245,44.6,1867317504.0
1774.654003,44.7,1868317824.0
1775.663382,44.7,1869367552.0
1776.676645,44.9,1870367616.0
1777.685261,44.7,1871367552.0
1778.692410,45.0,1872367616.0
1779.699512,44.7,1873368576.0
1780.709265,44.9,1874417664.0
1781.721541,44.5,1875417344.0
1782.730279,44.7,1876417536.0
1783.738109,44.8,1877417472.0
1784.744514,44.8,1878417664.0
1785.752073,45.0,1879417472.0
1786.760582,44.5,1880467840.0
1787.773478,44.5,1881467008.0
1788.782953,45.0,1882467456.0
1789.790652,45.0,1883467648.0
1790.798295,45.2,1884467328.0
1791.808446,44.9,1885467136.0
1792.821973,44.9,1886516864.0
1793.830868,44.7,1887517440.0
1794.838310,44.5,1888517504.0
1795.844551,44.9,1889517056.0
1796.851618,44.8,1890517120.0
1797.860855,44.8,1891566848.0
1798.873705,44.8,1892567040.0
1799.883104,44.9,1893567488.0
1800.891264,45.0,1894566784.0
1801.899248,44.6,1895566848.0
1802.909689,44.9,1896567296.0
1803.918034,45.0,1897617408.0
1804.928113,45.1,1898617088.0
1805.936546,44.9,1899616768.0
1806.942525,45.0,1900616320.0
1807.949530,45.0,1901616640.0
1808.958769,45.0,1902616832.0
1809.967322,45.2,1903666816.0
1810.978892,44.7,1904667008.0
1811.987661,44.8,1905667456.0
1812.995986,44.9,1906666624.0
1814.003070,45.0,1907666560.0
1815.012846,45.1,1908716672.0
1816.025824,44.9,1909716352.0
1817.035118,44.8,1910717184.0
1818.043062,45.0,1911716736.0
1819.049544,45.0,1912716672.0
1820.057341,45.0,1913717120.0
1821.066113,44.9,1914766720.0
1822.079762,44.8,1915766144.0
1823.088443,45.2,1916766720.0
1824.096349,44.9,1917766784.0
1825.103526,44.9,1918766720.0
1826.113316,45.0,1919816832.0
1827.126761,44.8,1920816640.0
1828.135617,44.8,1921816704.0
1829.142247,45.4,1922816896.0
1830.148532,44.9,1923816704.0
1831.155228,45.1,1924816384.0
1832.164361,45.1,1925866496.0
1833.176509,45.1,1926866432.0
1834.185749,45.2,1927866496.0
1835.194233,45.0,1928866432.0
1836.201460,45.1,1929866880.0
1837.211700,45.0,1930866560.0
1838.224520,44.8,1931917184.0
1839.233626,45.0,1932916608.0
1840.241519,45.0,1933916672.0
1841.247535,45.1,1934916608.0
1842.254237,45.2,1935916544.0
1843.264259,45.0,1936967168.0
1844.277478,44.9,1937966208.0
1845.287396,45.0,1938966272.0
1846.295530,45.1,1939966208.0
1847.302793,45.1,1940966016.0
1848.312990,45.2,1942016512.0
1849.326543,45.0,1943016576.0
1850.335722,45.1,1944016128.0
1851.343731,44.9,1945016064.0
1852.350725,45.1,1946016512.0
1853.357409,45.3,1947016576.0
1854.366939,45.4,1948066432.0
1855.380633,45.4,1949066624.0
1856.389534,44.8,1950066560.0
1857.397083,45.1,1951066496.0
1858.404092,45.1,1952066432.0
1859.413922,45.1,1953116544.0
1860.426995,45.0,1954116096.0
1861.437093,45.1,1955116800.0
1862.444708,45.1,1956115968.0
1863.450572,45.1,1957116416.0
1864.457912,45.3,1958115968.0
1865.467549,45.2,1959166720.0
1866.480110,45.1,1960166400.0
1867.489598,45.2,1961165952.0
1868.497185,45.2,1962166400.0
1869.504684,45.2,1963165952.0
1870.514398,45.2,1964166144.0
1871.527851,45.0,1965216000.0
1872.537316,45.0,1966216064.0
1873.545010,45.2,1967215872.0
1874.551557,45.4,1968216448.0
1875.558204,45.2,1969216128.0
1876.567608,45.1,1970267136.0
1877.580353,45.3,1971265920.0
1878.589553,45.5,1972266368.0
1879.596855,45.1,1973265664.0
1880.604294,45.2,1974265728.0
1881.614544,45.3,1975266176.0
1882.623993,45.3,1976316672.0
1883.634247,45.1,1977315968.0
1884.641906,45.1,1978316032.0
1885.648516,45.4,1979316352.0
1886.655528,45.1,1980315776.0
1887.665647,44.9,1981366144.0
1888.679537,45.2,1982365824.0
1889.689350,45.1,1983366144.0
1890.697438,45.3,1984365952.0
1891.704539,45.3,1985366400.0
1892.713766,45.2,1986365824.0
1893.723249,45.1,1987415808.0
1894.733602,45.5,1988416512.0
1895.741977,45.3,1989415808.0
1896.749368,45.2,1990415872.0
1897.756839,45.3,1991415808.0
1898.766561,45.1,1992416000.0
1899.779826,45.1,1993465472.0
1900.789600,44.9,1994466176.0
1901.797865,45.1,1995465728.0
1902.805650,45.5,1996466048.0
1903.815754,45.5,1997465984.0
1904.824672,45.4,1998515840.0
1905.835337,45.4,1999515904.0
1906.842688,45.1,2000515968.0
1907.851160,45.4,2001515648.0
1908.858588,45.9,2002515712.0
1909.868148,45.2,2003566208.0
1910.880672,45.3,2004566144.0
1911.890368,45.5,2005565568.0
1912.897856,45.7,2006566016.0
1913.904743,45.3,2007565952.0
1914.913079,45.3,2008565632.0
1915.921542,45.2,2009615744.0
1916.934538,45.6,2010616064.0
1917.943481,45.3,2011615616.0
1918.951440,45.6,2012615552.0
1919.958560,45.4,2013615616.0
1920.968613,45.6,2014665984.0
1921.980558,45.3,2015665536.0
1922.989889,45.4,2016665984.0
1923.998091,45.6,2017665536.0
1925.005925,45.6,2018665984.0
1926.016338,45.4,2019665280.0
1927.024993,45.3,2020715392.0
1928.036011,45.3,2021715584.0
1929.044960,45.5,2022715520.0
1930.052263,45.5,2023715712.0
1931.059812,45.3,2024715648.0
1932.069953,45.6,2025765888.0
1933.082531,45.5,2026765824.0
1934.091538,45.5,2027765376.0
1935.098427,45.7,2028766336.0
1936.105534,45.7,2029765504.0
1937.112942,45.6,2030765056.0
1938.121733,45.5,2031815808.0
1939.134736,45.5,2032815360.0
1940.144101,45.5,2033815808.0
1941.151654,45.6,2034815744.0
1942.159300,45.4,2035815680.0
1943.167507,45.6,2036815232.0
1944.175573,45.5,2037865472.0
1945.187366,45.8,2038865664.0
1946.196124,45.7,2039865600.0
1947.203341,45.4,2040865408.0
1948.209523,45.8,2041865472.0
1949.219167,45.4,2042915712.0
1950.232203,45.6,2043915648.0
1951.241076,45.9,2044915328.0
1952.249573,45.5,2045915648.0
1953.257257,45.4,2046915456.0
1954.265901,45.7,2047915520.0
1955.274526,45.7,2048965248.0
1956.286528,45.6,2049965312.0
1957.294527,46.0,2050965376.0
1958.302039,45.6,2051965440.0
1959.308515,45.7,2052965376.0
1960.317184,45.7,2053965568.0
1961.326264,45.3,2055015424.0
1962.338528,45.7,2056015488.0
1963.347245,45.6,2057015936.0
1964.355240,45.5,2058015360.0
1965.362551,46.0,2059015424.0
1966.371522,45.6,2060065664.0
1967.383569,46.0,2061065344.0
1968.393019,45.6,2062065536.0
1969.400627,45.6,2063065472.0
1970.408052,45.7,2064065024.0
1971.417174,45.4,2065065344.0
1972.425323,45.8,2066115200.0
1973.438516,45.8,2067115136.0
1974.446718,45.8,2068115584.0
1975.453972,45.3,2069114880.0
1976.461124,46.0,2070115072.0
1977.470698,45.8,2071165184.0
1978.483856,45.8,2072165504.0
1979.493139,46.2,2073165440.0
1980.500906,45.5,2074165376.0
1981.508547,45.4,2075164672.0
1982.515528,45.7,2076164864.0
1983.524400,45.8,2077215488.0
1984.537747,45.7,2078215424.0
1985.546700,46.0,2079215616.0
1986.553935,45.5,2080214528.0
1987.560515,46.0,2081215104.0
1988.568793,45.8,2082214912.0
1989.577532,45.8,2083264768.0
1990.589130,45.9,2084265344.0
1991.597543,45.7,2085265536.0
1992.604554,45.9,2086264960.0
1993.611755,45.8,2087264896.0
1994.621439,45.7,2088315008.0
1995.634533,45.8,2089314816.0
1996.643907,46.1,2090315904.0
1997.651471,46.0,2091315456.0
1998.658175,45.8,2092314368.0
1999.664541,45.8,2093315072.0
2000.674576,46.2,2094364672.0
2001.688078,45.6,2095365120.0
2002.697535,45.8,2096364928.0
2003.704516,46.1,2097364864.0
2004.711161,46.1,2098364800.0
2005.720907,46.1,2099364992.0
2006.729933,46.0,2100414592.0
2007.739890,45.8,2101415040.0
2008.748922,46.0,2102414336.0
2009.755535,46.0,2103415424.0
2010.763160,45.7,2104414976.0
2011.771517,46.1,2105414784.0
2012.779532,46.0,2106464640.0
2013.790447,46.2,2107464704.0
2014.798653,45.8,2108464640.0
2015.806351,45.6,2109464576.0
2016.813842,45.9,2110464384.0
2017.824749,45.9,2111514880.0
2018.837875,45.8,2112514560.0
2019.847522,45.8,2113514496.0
2020.854861,46.0,2114515072.0
2021.863016,46.1,2115514496.0
2022.872730,46.2,2116564992.0
2023.886574,46.1,2117564416.0
2024.896382,46.3,2118564992.0
2025.904194,46.2,2119564800.0
2026.910538,45.9,2120565376.0
2027.917530,45.9,2121564544.0
2028.925509,45.9,2122614784.0
2029.937530,45.8,2123614592.0
2030.945557,45.8,2124614528.0
2031.952508,46.3,2125615104.0
2032.959541,46.2,2126614912.0
2033.966508,46.0,2127614464.0
2034.975603,46.3,2128664832.0
2035.987516,45.9,2129664512.0
2036.995527,46.2,2130664448.0
2038.003756,46.0,2131664640.0
2039.010946,46.2,2132664832.0
2040.018552,45.6,2133664768.0
2041.027527,46.1,2134714624.0
2042.040896,46.4,2135715456.0
2043.049520,46.1,2136714752.0
2044.056866,46.2,2137714816.0
2045.064168,46.0,2138714368.0
2046.073811,46.2,2139714432.0
2047.087410,46.2,2140764800.0
2048.096750,46.3,2141764736.0
2049.104519,46.2,2142764672.0
2050.111942,45.9,2143764352.0
2051.121381,46.0,2144764544.0
2052.130661,45.9,2145814400.0
2053.142524,46.5,2146814464.0
2054.150511,46.3,2147814400.0
2055.156539,46.3,2148815104.0
2056.162903,46.1,2149814528.0
2057.170510,46.0,2150814464.0
2058.177513,45.9,2151865088.0
2059.189644,45.9,2152864512.0
2060.198526,46.1,2153864448.0
2061.205526,45.7,2154864384.0
2062.212782,46.2,2155864832.0
2063.222099,46.3,2156864768.0
2064.230524,46.0,2157914624.0
2065.243540,46.0,2158914048.0
2066.251552,46.2,2159914496.0
2067.259608,46.0,2160914432.0
2068.265523,46.0,2161914880.0
2069.274170,46.2,2162913792.0
2070.286370,46.3,2163964416.0
2071.294759,46.5,2164964096.0
2072.302793,46.3,2165964032.0
2073.309547,46.3,2166963968.0
2074.316922,46.3,2167963904.0
2075.327515,46.4,2169014016.0
2076.339898,46.1,2170014208.0
2077.348520,46.2,2171014400.0
2078.355403,46.4,2172014080.0
2079.362530,46.4,2173014016.0
2080.369100,46.4,2174014208.0
2081.378485,46.3,2175064832.0
2082.391220,46.3,2176064256.0
2083.400513,46.3,2177064704.0
2084.406568,46.2,2178064128.0
2085.413667,46.2,2179064064.0
2086.420257,46.1,2180064000.0
2087.429603,46.3,2181114112.0
2088.442556,45.9,2182114304.0
2089.452098,46.2,2183113984.0
2090.459532,46.3,2184114176.0
2091.466574,46.0,2185113856.0
2092.476246,46.3,2186163968.0
2093.489239,46.5,2187164416.0
2094.499049,46.1,2188164096.0
2095.507153,46.3,2189163776.0
2096.514691,46.4,2190163968.0
2097.523884,46.3,2191164160.0
2098.532592,46.6,2192214528.0
2099.545215,46.0,2193213952.0
2100.553536,46.3,2194213888.0
2101.561045,46.1,2195213568.0
2102.568934,46.5,2196214272.0
2103.579088,46.1,2197264384.0
2104.591527,46.3,2198264576.0
2105.601561,46.3,2199264000.0
2106.608793,46.6,2200263680.0
2107.616488,46.4,2201263360.0
2108.627102,46.5,2202313728.0
2109.640440,46.4,2203313664.0
2110.649666,46.4,2204314112.0
2111.656945,46.4,2205313792.0
2112.664483,46.2,2206313472.0
2113.672239,46.5,2207313920.0
2114.681484,46.6,2208364032.0
2115.694436,46.3,2209364480.0
2116.703547,46.5,2210363648.0
2117.711605,46.4,2211363840.0
2118.719184,46.8,2212363776.0
2119.730266,46.1,2213413888.0
2120.743539,46.3,2214413568.0
2121.753599,46.6,2215414528.0
2122.762295,46.3,2216413440.0
2123.770141,46.3,2217414400.0
2124.779938,46.6,2218463488.0
2125.792365,46.5,2219463424.0
2126.801600,46.5,2220463616.0
2127.808539,46.2,2221463552.0
2128.815513,46.3,2222463488.0
2129.821531,46.6,2223463424.0
2130.831264,46.8,2224513536.0
2131.844556,46.4,2225514752.0
2132.854061,46.5,2226513664.0
2133.861231,46.4,2227514112.0
2134.868867,46.4,2228513536.0
2135.878708,46.3,2229563648.0
2136.891932,46.3,2230563584.0
2137.901417,46.3,2231563776.0
2138.909209,46.5,2232563712.0
2139.915533,46.5,2233563392.0
2140.922718,46.2,2234563328.0
2141.931955,46.6,2235613696.0
2142.944516,46.6,2236613376.0
2143.953511,46.4,2237613568.0
2144.961139,46.7,2238613760.0
2145.968617,46.5,2239613696.0
2146.977637,46.5,2240614144.0
2147.991197,46.3,2241663744.0
2149.001130,46.5,2242663424.0
2150.007546,46.5,2243663616.0
2151.014756,46.3,2244663296.0
2152.022160,46.9,2245663232.0
2153.031521,46.7,2246714112.0
2154.044434,46.4,2247713792.0
2155.054162,46.6,2248713216.0
2156.061622,46.5,2249713408.0
2157.069381,46.4,2250713344.0
2158.078917,46.5,2251763456.0
2159.092339,46.6,2252763392.0
2160.101517,46.7,2253763328.0
2161.109403,46.6,2254763264.0
2162.115522,46.7,2255763712.0
2163.122807,46.7,2256763392.0
2164.132246,46.0,2257813504.0
2165.145308,46.5,2258813440.0
2166.155468,46.6,2259813376.0
2167.164790,46.5,2260813312.0
2168.171531,46.6,2261813504.0
2169.181366,46.7,2262863872.0
2170.195146,46.5,2263863296.0
2171.204551,46.6,2264863232.0
2172.212233,46.6,2265863424.0
2173.219851,46.7,2266863104.0
2174.228559,46.4,2267863808.0
2175.237529,46.7,2268912896.0
2176.247559,46.7,2269913344.0
2177.256450,46.6,2270913024.0
2178.264598,46.7,2271913472.0
2179.272052,46.6,2272913408.0
2180.282445,46.4,2273963520.0
2181.295108,46.5,2274962944.0
2182.304978,46.5,2275963648.0
2183.313199,46.6,2276963072.0
2184.320097,46.5,2277963008.0
2185.329674,46.4,2278963200.0
2186.342424,46.6,2280013568.0
2187.351545,46.5,2281013504.0
2188.359232,47.0,2282012928.0
2189.366660,46.7,2283013376.0
2190.373541,46.6,2284013312.0
2191.382529,46.4,2285063424.0
2192.395844,46.8,2286063104.0
2193.405029,46.6,2287063552.0
2194.412362,46.7,2288063488.0
2195.419382,46.8,2289062912.0
2196.429463,46.6,2290063104.0
2197.442452,46.5,2291113472.0
2198.452123,46.7,2292113152.0
2199.460246,46.4,2293112576.0
2200.467225,46.4,2294112768.0
2201.474324,46.7,2295113472.0
2202.483747,47.0,2296163840.0
2203.496521,47.0,2297163008.0
2204.505530,46.4,2298163200.0
2205.513242,46.5,2299163136.0
2206.521069,46.7,2300163328.0
2207.531180,47.0,2301213440.0
2208.545922,46.8,2302212864.0
2209.555566,46.7,2303213312.0
2210.562686,47.2,2304212480.0
2211.570887,46.8,2305213696.0
2212.580376,46.8,2306212864.0
2213.594097,46.7,2307263232.0
2214.603863,46.9,2308262656.0
2215.611532,46.7,2309262848.0
2216.618993,46.7,2310262528.0
2217.625526,46.6,2311262464.0
2218.634687,46.9,2312313088.0
2219.647560,47.1,2313313024.0
2220.656522,47.0,2314312704.0
2221.662778,46.7,2315312896.0
2222.670477,46.9,2316313088.0
2223.679524,46.6,2317313536.0
2224.687557,46.7,2318362624.0
2225.698539,46.6,2319362560.0
2226.707308,47.0,2320362496.0
2227.713655,46.8,2321362688.0
2228.721818,46.7,2322362368.0
2229.732482,46.9,2323412992.0
2230.745930,46.9,2324412928.0
2231.754534,46.6,2325413376.0
2232.761873,46.8,2326413568.0
2233.769547,46.4,2327412736.0
2234.776524,46.7,2328412416.0
2235.784924,46.6,2329463296.0
2236.797265,47.0,2330463232.0
2237.807600,46.9,2331462656.0
2238.815441,46.8,2332462592.0
2239.822533,46.8,2333462272.0
2240.832425,47.1,2334462976.0
2241.845453,47.0,2335512576.0
2242.854723,47.0,2336512768.0
2243.863629,46.4,2337512448.0
2244.870363,46.7,2338512640.0
2245.877546,46.6,2339512832.0
2246.886866,47.1,2340562944.0
2247.899515,46.9,2341562368.0
2248.908197,47.0,2342562560.0
2249.916003,46.7,2343562496.0
2250.923847,46.6,2344562688.0
2251.934775,47.1,2345612544.0
2252.948197,46.7,2346613248.0
2253.958759,47.0,2347612416.0
2254.966616,46.9,2348612864.0
2255.973529,46.7,2349612544.0
2256.983556,46.8,2350662912.0
2257.996598,46.9,2351662848.0
2259.006354,46.6,2352662784.0
2260.014034,46.8,2353662464.0
2261.021476,46.9,2354662400.0
2262.030277,47.1,2355662336.0
2263.039006,47.1,2356712704.0
2264.051253,47.1,2357712896.0
2265.060021,47.0,2358713088.0
2266.066873,46.9,2359712512.0
2267.073536,46.9,2360712704.0
2268.082332,46.7,2361712896.0
2269.091330,46.8,2362763264.0
2270.102184,46.9,2363762432.0
2271.110652,47.1,2364762624.0
2272.117810,47.0,2365762560.0
2273.125448,47.1,2366762496.0
2274.135660,46.9,2367812352.0
2275.149825,47.1,2368812032.0
2276.158518,47.2,2369812224.0
2277.166048,46.7,2370812416.0
2278.172556,47.2,2371812864.0
2279.181427,47.1,2372812544.0
2280.190539,46.9,2373862144.0
2281.201429,46.9,2374862336.0
2282.210021,47.3,2375862528.0
2283.216789,47.0,2376862208.0
2284.223518,47.1,2377862400.0
2285.233579,46.8,2378912256.0
2286.246567,47.1,2379912448.0
2287.255567,47.2,2380912128.0
2288.263173,46.9,2381912576.0
2289.270391,46.8,2382912768.0
2290.277297,46.9,2383912448.0
2291.286637,47.2,2384962560.0
2292.299555,46.6,2385962496.0
2293.309153,46.9,2386962432.0
2294.317239,47.2,2387962112.0
2295.325412,47.0,2388962048.0
2296.335950,47.3,2390012928.0
2297.349015,47.4,2391012096.0
2298.358506,47.2,2392011776.0
2299.364750,47.2,2393012480.0
2300.371300,47.1,2394012160.0
2301.379320,46.9,2395012608.0
2302.388294,47.0,2396061696.0
2303.401726,47.2,2397062656.0
2304.411101,47.0,2398062080.0
2305.418961,46.9,2399062528.0
2306.426400,47.0,2400061696.0
2307.437345,46.8,2401112832.0
2308.450532,47.1,2402112512.0
2309.459558,46.9,2403112448.0
2310.466450,47.3,2404111872.0
2311.473871,47.0,2405112576.0
2312.482514,47.1,2406112256.0
2313.490513,47.0,2407162368.0
2314.502542,47.0,2408162048.0
2315.510538,47.4,2409162496.0
2316.517518,47.1,2410161920.0
2317.523955,47.2,2411162624.0
2318.533514,47.0,2412162048.0
2319.541512,46.9,2413211904.0
2320.552686,47.1,2414211840.0
2321.560937,47.2,2415212288.0
2322.568051,47.1,2416212224.0
2323.574533,47.0,2417212416.0
2324.582528,47.2,2418212096.0
2325.590559,47.1,2419261952.0
2326.602958,47.1,2420262144.0
2327.610929,47.2,2421261824.0
2328.617779,47.3,2422262272.0
2329.624827,47.1,2423261952.0
2330.635136,47.0,2424312064.0
2331.647546,47.3,2425311488.0
2332.657825,47.4,2426311936.0
2333.665287,47.2,2427312384.0
2334.671520,47.1,2428312064.0
2335.678519,47.2,2429311744.0
2336.686544,47.6,2430362624.0
2337.698552,47.4,2431362048.0
2338.708481,47.1,2432362240.0
2339.715984,47.4,2433361920.0
2340.722513,47.2,2434361600.0
2341.729793,47.0,2435362304.0
2342.739529,47.1,2436411904.0
2343.752521,47.2,2437412608.0
2344.761676,47.3,2438412032.0
2345.768551,47.2,2439411968.0
2346.776190,47.1,2440412160.0
2347.785987,47.3,2441461760.0
2348.799245,47.4,2442461696.0
2349.809550,47.1,2443461632.0
2350.817001,47.4,2444461824.0
2351.824589,47.5,2445461504.0
2352.833909,47.3,2446461440.0
2353.843391,47.0,2447511808.0
2354.854040,47.3,2448512512.0
2355.862646,47.3,2449511424.0
2356.868534,47.3,2450511616.0
2357.875530,47.2,2451511808.0
2358.884351,47.2,2452512256.0
2359.893935,47.4,2453561600.0
2360.904347,47.3,2454561792.0
2361.912655,47.2,2455561472.0
2362.919579,47.4,2456561920.0
2363.927661,47.1,2457561600.0
2364.938555,47.1,2458611712.0
2365.951858,47.3,2459611392.0
2366.961674,47.3,2460611840.0
2367.968533,47.1,2461612032.0
2368.976845,47.0,2462611456.0
2369.986909,47.4,2463611648.0
2371.000112,47.3,2464661760.0
2372.010372,47.2,2465661440.0
2373.018063,47.6,2466661632.0
2374.025342,47.2,2467660800.0
2375.034046,47.1,2468661504.0
2376.042878,47.0,2469711104.0
2377.054599,47.3,2470711040.0
2378.062811,47.5,2471711488.0
2379.071548,47.4,2472711936.0
2380.079374,47.4,2473711616.0
2381.089604,47.1,2474761728.0
2382.102546,47.2,2475761664.0
2383.111609,47.3,2476761088.0
2384.119527,47.3,2477761536.0
2385.126599,47.5,2478761216.0
2386.137277,47.1,2479811584.0
2387.150800,47.6,2480811520.0
2388.159537,47.2,2481810944.0
2389.166465,47.5,2482811648.0
2390.172561,47.1,2483811328.0
2391.180567,47.2,2484811520.0
2392.189935,47.3,2485861376.0
2393.202512,47.5,2486861824.0
2394.212198,47.5,2487862016.0
2395.219389,47.5,2488861184.0
2396.226736,47.3,2489861120.0
2397.235992,47.4,2490861312.0
2398.245543,47.3,2491911168.0
2399.256079,47.4,2492910848.0
2400.264677,47.7,2493911296.0
2401.272959,47.5,2494910976.0
2402.280563,47.5,2495911936.0
2403.290962,47.7,2496961280.0
2404.305549,47.3,2497961728.0
2405.314107,47.3,2498961664.0
2406.322872,47.4,2499961344.0
2407.330587,47.6,2500961792.0
2408.340787,47.5,2502011648.0
2409.353765,47.6,2503011840.0
2410.363240,47.4,2504011264.0
2411.370952,47.4,2505011200.0
2412.377695,47.4,2506011648.0
2413.387247,47.3,2507011072.0
2414.400165,47.3,2508060928.0
2415.410012,47.4,2509061632.0
2416.418247,47.8,2510061056.0
2417.425573,47.2,2511061248.0
2418.434724,47.6,2512060928.0
2419.443677,47.3,2513111040.0
2420.456209,47.5,2514111232.0
2421.465140,47.3,2515111424.0
2422.473284,47.5,2516111104.0
2423.480361,47.6,2517110784.0
2424.490962,47.5,2518161152.0
2425.504692,47.4,2519161088.0
2426.514213,47.6,2520161024.0
2427.521563,47.5,2521160960.0
2428.529013,47.4,2522160896.0
2429.538766,47.4,2523211008.0
2430.551087,47.3,2524211456.0
2431.560207,47.8,2525211392.0
2432.568233,47.6,2526211584.0
2433.575521,47.4,2527211776.0
2434.583615,47.7,2528211456.0
2435.592885,47.7,2529260800.0
2436.605992,47.6,2530261248.0
2437.615314,47.6,2531260928.0
2438.622808,47.6,2532260608.0
2439.630699,47.3,2533261056.0
2440.641437,47.6,2534310912.0
2441.654519,47.6,2535311104.0
2442.664384,47.7,2536310528.0
2443.670544,47.6,2537310976.0
2444.677888,47.4,2538310656.0
2445.687476,47.6,2539310592.0
2446.701471,47.7,2540360704.0
2447.710728,47.9,2541361920.0
2448.719205,47.8,2542360832.0
2449.725520,47.3,2543360768.0
2450.733138,47.7,2544360704.0
2451.742939,47.7,2545410560.0
2452.756810,47.3,2546410752.0
2453.765904,47.5,2547410688.0
2454.773269,47.4,2548411136.0
2455.781640,47.3,2549410816.0
2456.792149,47.8,2550461440.0
2457.805732,47.5,2551460864.0
2458.814890,47.6,2552460544.0
2459.822567,47.5,2553461248.0
2460.830648,47.7,2554460416.0
2461.840517,47.5,2555511296.0
2462.853332,47.6,2556510464.0
2463.863345,47.5,2557510656.0
2464.870512,47.9,2558510336.0
2465.876511,47.5,2559510784.0
2466.884262,47.7,2560510464.0
2467.893602,47.5,2561560576.0
2468.907552,47.8,2562561536.0
2469.915829,48.0,2563560704.0
2470.923417,48.0,2564560640.0
2471.929510,47.7,2565560576.0
2472.937516,47.6,2566560512.0
2473.944517,47.3,2567610368.0
2474.956509,47.8,2568610304.0
2475.964507,47.6,2569610240.0
2476.971143,47.7,2570610688.0
2477.978845,47.6,2571610624.0
2478.987534,47.9,2572610304.0
2479.996521,47.9,2573660416.0
2481.008055,47.3,2574660608.0
2482.017297,47.9,2575660544.0
2483.024842,47.6,2576660736.0
2484.031533,47.7,2577660672.0
2485.041519,47.7,2578710784.0
2486.053540,47.7,2579710720.0
2487.062218,47.9,2580710400.0
2488.069560,47.8,2581710592.0
2489.076523,47.7,2582710784.0
2490.082551,47.8,2583710464.0
2491.091900,47.7,2584760832.0
2492.104531,47.4,2585760256.0
2493.112536,48.0,2586760704.0
2494.120057,47.5,2587760640.0
2495.127526,47.7,2588760576.0
2496.142339,47.6,2589810944.0
2497.154557,47.8,2590810368.0
2498.163551,47.7,2591810560.0
2499.171424,47.6,2592810240.0
2500.179217,47.5,2593810432.0
2501.188535,47.7,2594810112.0
2502.197138,47.7,2595860992.0
2503.208511,47.9,2596860416.0
2504.216480,47.6,2597860352.0
2505.224192,47.6,2598860544.0
2506.232321,47.7,2599860480.0
2507.243136,47.9,2600910336.0
2508.255720,47.7,2601910528.0
2509.265638,47.6,2602910464.0
2510.273554,47.5,2603910400.0
2511.279511,47.6,2604910336.0
2512.288037,47.9,2605910528.0
2513.297340,47.9,2606960384.0
2514.308600,47.8,2607960576.0
2515.317325,47.8,2608961280.0
2516.325428,47.6,2609960192.0
2517.332552,47.6,2610960384.0
2518.342554,47.5,2612010752.0
2519.355074,47.6,2613010432.0
2520.368151,47.8,2614010112.0
2521.375959,48.2,2615010560.0
2522.382558,47.8,2616010496.0
2523.391554,47.7,2617060096.0
2524.404059,47.6,2618060288.0
2525.413525,47.4,2619060480.0
2526.421438,47.7,2620060416.0
2527.428930,48.0,2621060608.0
2528.439176,47.8,2622060288.0
2529.448520,47.7,2623110400.0
2530.459117,47.8,2624110592.0
2531.467534,47.9,2625110528.0
2532.475382,47.9,2626110464.0
2533.481549,47.7,2627110400.0
2534.490832,48.0,2628160256.0
2535.504622,47.6,2629160704.0
2536.514036,47.8,2630160128.0
2537.522036,47.8,2631160576.0
2538.529572,48.1,2632160768.0
2539.538430,48.0,2633160192.0
2540.547549,48.0,2634210048.0
2541.559482,47.9,2635210240.0
2542.567957,47.9,2636210176.0
2543.574539,47.8,2637209856.0
2544.581774,47.9,2638210048.0
2545.591527,47.9,2639210240.0
2546.604721,47.9,2640260864.0
2547.614265,48.1,2641260288.0
2548.621584,48.2,2642260480.0
2549.628923,47.8,2643260416.0
2550.635536,47.7,2644260096.0
2551.644861,47.8,2645310464.0
2552.658023,48.0,2646310144.0
2553.667392,47.8,2647309824.0
2554.675549,47.6,2648310528.0
2555.682549,47.8,2649310464.0
2556.692529,47.9,2650360832.0
2557.705189,48.0,2651360256.0
2558.714862,48.1,2652360192.0
2559.722650,48.2,2653359872.0
2560.729525,48.0,2654360064.0
2561.737512,48.0,2655359744.0
2562.746702,48.0,2656410624.0
2563.759221,47.9,2657409792.0
2564.767522,48.0,2658410240.0
2565.774542,48.2,2659409664.0
2566.781408,47.7,2660410112.0
2567.790909,48.0,2661410304.0
2568.800179,48.0,2662459904.0
2569.810088,47.8,2663460096.0
2570.818408,48.0,2664460032.0
2571.826316,47.6,2665459712.0
2572.832526,48.0,2666459648.0
2573.841355,47.7,2667459840.0
2574.853908,47.9,2668509696.0
2575.863050,48.2,2669510144.0
2576.869520,47.9,2670509824.0
2577.876529,47.9,2671509760.0
2578.883557,47.9,2672510720.0
2579.893540,47.7,2673559808.0
2580.905552,47.9,2674560512.0
2581.914827,47.9,2675559680.0
2582.922421,48.0,2676559616.0
2583.929516,48.1,2677559808.0
2584.936527,47.9,2678560000.0
2585.945840,48.1,2679609856.0
2586.959320,48.3,2680609792.0
2587.967538,47.8,2681610240.0
2588.975148,47.7,2682609664.0
2589.983135,48.4,2683610112.0
2590.992604,47.8,2684659712.0
2592.005518,48.0,2685659904.0
2593.014580,48.0,2686659584.0
2594.022534,47.9,2687659776.0
2595.029524,47.8,2688659712.0
2596.037922,47.9,2689659648.0
2597.047533,48.0,2690709760.0
2598.060901,48.1,2691709696.0
2599.070000,48.3,2692709632.0
2600.078077,48.2,2693709824.0
2601.084575,48.3,2694709760.0
2602.093519,48.1,2695709952.0
2603.106093,47.9,2696759808.0
2604.115106,48.2,2697760000.0
2605.123211,48.3,2698759680.0
2606.130683,48.1,2699759872.0
2607.139460,48.2,2700759552.0
2608.148544,47.9,2701810176.0
2609.161527,48.0,2702809600.0
2610.170128,47.9,2703809280.0
2611.177815,48.0,2704809728.0
2612.184522,48.1,2705809664.0
2613.193526,48.1,2706809600.0
2614.206125,48.0,2707859456.0
2615.215320,48.1,2708860160.0
2616.223706,48.2,2709859328.0
2617.231633,47.9,2710860032.0
2618.241519,48.1,2711860480.0
2619.249525,47.9,2712909568.0
2620.261520,48.0,2713909504.0
2621.269813,48.3,2714909440.0
2622.276560,48.1,2715909376.0
2623.284100,48.3,2716909568.0
2624.294273,48.3,2717960448.0
2625.307318,48.1,2718959872.0
2626.317212,48.3,2719960064.0
2627.324618,48.3,2720959744.0
2628.331564,47.9,2721959424.0
2629.339514,48.1,2722959616.0
2630.348237,48.2,2724009472.0
2631.361261,48.3,2725009152.0
2632.370039,48.1,2726010112.0
2633.377550,48.1,2727009024.0
2634.383512,48.3,2728009728.0
2635.392239,48.3,2729008896.0
2636.401547,48.0,2730059008.0
2637.411956,48.3,2731059456.0
2638.419531,48.4,2732059392.0
2639.426539,48.2,2733059840.0
2640.433518,48.4,2734059520.0
2641.443095,48.0,2735059456.0
2642.451516,48.2,2736109568.0
2643.462125,48.2,2737109248.0
2644.469520,48.4,2738108928.0
2645.477175,48.2,2739109120.0
2646.484018,48.3,2740109056.0
2647.493512,48.4,2741108992.0
2648.502535,48.3,2742158848.0
2649.512741,48.2,2743159040.0
2650.522045,48.1,2744160256.0
2651.530538,48.2,2745158656.0
2652.537532,48.3,2746159104.0
2653.547295,48.0,2747209216.0
2654.560620,48.1,2748208896.0
2655.569536,48.3,2749209600.0
2656.576554,48.1,2750208512.0
2657.582565,48.4,2751209728.0
2658.591510,48.1,2752208640.0
2659.599524,48.1,2753258752.0
2660.611514,48.2,2754258944.0
2661.619537,48.1,2755258880.0
2662.626520,48.1,2756258816.0
2663.633377,48.3,2757259520.0
2664.642521,48.1,2758258688.0
2665.652423,48.5,2759308800.0
2666.662672,48.2,2760308992.0
2667.670569,48.6,2761308928.0
2668.677540,48.3,2762309120.0
2669.685016,48.1,2763309056.0
2670.695255,48.2,2764358912.0
2671.708396,48.1,2765358848.0
2672.718352,48.1,2766358784.0
2673.726190,48.2,2767359488.0
2674.733455,48.1,2768359680.0
2675.742434,48.1,2769358848.0
2676.750543,48.4,2770408960.0
2677.762548,48.4,2771408896.0
2678.770524,48.4,2772408832.0
2679.778283,48.5,2773408512.0
2680.785552,48.2,2774408704.0
2681.795529,48.3,2775458816.0
2682.807524,48.1,2776459008.0
2683.816869,48.4,2777458944.0
2684.824407,48.2,2778458368.0
2685.831097,48.2,2779459072.0
2686.838045,48.3,2780459520.0
2687.847915,48.3,2781509632.0
2688.861089,48.4,2782508800.0
2689.870566,48.4,2783508736.0
2690.878176,48.3,2784508928.0
2691.885390,48.2,2785508608.0
2692.894534,48.2,2786508800.0
2693.907556,48.5,2787558656.0
2694.916923,48.5,2788558592.0
2695.924303,48.3,2789559040.0
2696.931720,48.3,2790558720.0
2697.938543,48.2,2791558656.0
2698.948531,48.3,2792608512.0
2699.962253,48.2,2793608704.0
2700.971101,48.4,2794608384.0
2701.977589,48.1,2795608576.0
2702.983562,48.3,2796608512.0
2703.991826,48.5,2797607936.0
2704.999553,48.5,2798658560.0
2706.012530,48.2,2799659008.0
2707.021454,47.9,2800658688.0
2708.029532,48.3,2801658624.0
2709.036752,48.3,2802658304.0
2710.047370,48.5,2803708160.0
2711.060674,48.6,2804708608.0
2712.069577,48.6,2805708544.0
2713.077096,48.6,2806708736.0
2714.084543,48.4,2807708416.0
2715.094368,48.4,2808708352.0
2716.102786,48.3,2809758464.0
2717.113812,48.5,2810758400.0
2718.122961,48.5,2811758080.0
2719.129542,48.5,2812758272.0
2720.136455,48.3,2813758208.0
2721.146102,48.7,2814808832.0
2722.159419,48.4,2815808256.0
2723.169508,48.4,2816808704.0
2724.175954,48.3,2817808384.0
2725.183137,48.6,2818808832.0
2726.190894,48.5,2819808512.0
2727.199882,48.3,2820858368.0
2728.213009,48.3,2821858304.0
2729.221659,48.4,2822858496.0
2730.228508,48.4,2823858176.0
2731.234530,48.6,2824858112.0
2732.243527,48.5,2825858304.0
2733.252562,48.4,2826908928.0
2734.264540,48.4,2827909120.0
2735.273187,48.4,2828908544.0
2736.280132,48.6,2829907968.0
2737.286906,48.5,2830908672.0
2738.295533,48.5,2831908096.0
2739.309057,48.0,2832957696.0
2740.318870,48.6,2833958400.0
2741.325456,48.2,2834958336.0
2742.332705,48.5,2835958528.0
2743.340178,48.5,2836958464.0
2744.350047,48.6,2838008320.0
2745.363690,48.4,2839008256.0
2746.372748,48.2,2840008704.0
2747.379517,48.5,2841008640.0
2748.386269,48.5,2842008064.0
2749.395931,48.1,2843058432.0
2750.409369,48.4,2844058112.0
2751.418377,48.3,2845058048.0
2752.425518,48.3,2846057984.0
2753.432145,48.6,2847057920.0
2754.438367,48.4,2848058112.0
2755.448821,48.7,2849108480.0
2756.462566,48.5,2850108160.0
2757.471877,48.3,2851108096.0
2758.479280,48.7,2852108288.0
2759.486712,48.5,2853107968.0
2760.497280,48.5,2854157824.0
2761.509696,48.6,2855158784.0
2762.519565,48.2,2856157952.0
2763.526538,48.6,2857157632.0
2764.533554,48.6,2858158848.0
2765.540521,48.4,2859158016.0
2766.548556,48.7,2860207872.0
2767.560554,48.4,2861208576.0
2768.570326,48.4,2862207744.0
2769.577518,48.5,2863208192.0
2770.584614,48.6,2864208640.0
2771.593764,48.4,2865207808.0
2772.602422,48.4,2866257664.0
2773.614289,48.4,2867257856.0
2774.622679,48.6,2868257792.0
2775.629536,48.5,2869257984.0
2776.636047,48.5,2870257664.0
2777.645611,48.5,2871307520.0
2778.662590,48.6,2872307712.0
2779.671519,48.6,2873307648.0
2780.679118,48.5,2874308608.0
2781.686425,48.7,2875307776.0
2782.695545,48.6,2876307712.0
2783.705193,48.7,2877358336.0
2784.715536,48.5,2878357760.0
2785.723588,48.5,2879357952.0
2786.731365,48.6,2880357888.0
2787.738524,48.6,2881357568.0
2788.748633,48.7,2882407936.0
2789.761618,48.5,2883407616.0
2790.770525,48.4,2884407808.0
2791.777527,48.6,2885408000.0
2792.784508,48.6,2886408448.0
2793.791183,48.7,2887408128.0
2794.799557,48.3,2888457984.0
2795.811511,48.5,2889458432.0
2796.820389,48.6,2890458112.0
2797.827534,48.6,2891457792.0
2798.834528,48.5,2892458240.0
2799.842938,48.5,2893457920.0
2800.852098,48.6,2894509568.0
2801.865196,48.5,2895507968.0
2802.873651,48.4,2896509184.0
2803.880533,48.6,2897508096.0
2804.886536,48.6,2898508288.0
2805.895516,48.7,2899507712.0
2806.902930,48.8,2900557568.0
2807.914631,48.8,2901557504.0
2808.923541,48.3,2902558208.0
2809.931310,48.5,2903557888.0
2810.938169,48.7,2904558080.0
2811.947541,48.6,2905607936.0
2812.959570,48.9,2906608384.0
2813.967513,48.7,2907607552.0
2814.974566,48.9,2908607744.0
2815.981581,48.5,2909607680.0
2816.989191,48.7,2910607616.0
2817.997529,48.9,2911657728.0
2819.010560,48.5,2912657664.0
2820.020096,48.9,2913658112.0
2821.026538,48.4,2914657536.0
2822.033417,48.9,2915657984.0
2823.040821,48.7,2916657152.0
2824.051372,48.6,2917707264.0
2825.064287,48.4,2918707456.0
2826.073094,48.6,2919707648.0
2827.080435,48.4,2920707328.0
2828.086833,48.6,2921707520.0
2829.096528,48.6,2922707968.0
2830.105726,48.7,2923757824.0
2831.115756,48.7,2924757504.0
2832.124104,48.6,2925758208.0
2833.132537,48.5,2926758144.0
2834.140030,48.9,2927758336.0
2835.149681,48.7,2928807936.0
2836.161536,48.8,2929807360.0
2837.170587,48.6,2930808064.0
2838.177731,48.6,2931807744.0
2839.184046,48.3,2932807168.0
2840.190930,48.6,2933807616.0
2841.200672,48.7,2934858496.0
2842.212527,48.6,2935858432.0
2843.221507,48.5,2936857856.0
2844.227517,49.0,2937857792.0
2845.234284,48.7,2938857216.0
2846.241682,48.6,2939857408.0
2847.251388,49.1,2940907520.0
2848.264333,49.0,2941907456.0
2849.273373,48.7,2942907904.0
2850.281186,48.7,2943907584.0
2851.287812,48.9,2944907776.0
2852.296796,48.7,2945907968.0
2853.305800,48.7,2946957312.0
2854.315527,48.7,2947957760.0
2855.322987,48.7,2948957440.0
2856.329597,48.7,2949957632.0
2857.336395,48.9,2950957568.0
2858.344968,48.6,2951957504.0
2859.354418,48.7,2953007616.0
2860.367075,48.8,2954007296.0
2861.375961,48.7,2955007232.0
2862.383785,48.8,2956007424.0
2863.391231,48.8,2957007360.0
2864.401047,48.6,2958057728.0
2865.413519,48.8,2959056896.0
2866.423088,48.8,2960057856.0
2867.431465,48.6,2961057280.0
2868.439212,48.7,2962057472.0
2869.449705,48.7,2963107584.0
2870.462527,49.1,2964107264.0
2871.471387,48.4,2965107712.0
2872.478573,48.8,2966107392.0
2873.485534,48.6,2967108096.0
2874.492517,48.6,2968107776.0
2875.500531,48.7,2969157632.0
2876.513296,48.6,2970157312.0
2877.522975,48.6,2971156992.0
2878.530440,48.9,2972157184.0
2879.538432,49.0,2973157632.0
2880.548097,48.8,2974207488.0
2881.561514,48.8,2975207424.0
2882.570435,49.0,2976207616.0
2883.578029,48.8,2977207040.0
2884.584888,48.9,2978207232.0
2885.592331,48.9,2979206656.0
2886.601846,49.1,2980256768.0
2887.615558,48.7,2981256704.0
2888.624563,48.8,2982257408.0
2889.632245,48.8,2983257088.0
2890.638552,49.3,2984256768.0
2891.648237,49.1,2985307136.0
2892.662075,48.7,2986307328.0
2893.670545,49.0,2987306752.0
2894.678056,48.8,2988307200.0
2895.684531,48.6,2989306880.0
2896.691347,48.9,2990306816.0
2897.700671,48.8,2991356672.0
2898.712759,49.0,2992356864.0
2899.721529,48.7,2993357056.0
2900.728537,48.7,2994356480.0
2901.735517,48.9,2995357696.0
2902.742385,48.9,2996356608.0
2903.751511,48.8,2997406464.0
2904.763973,49.2,2998406656.0
2905.773920,49.0,2999406592.0
2906.782230,48.7,3000406784.0
2907.789529,48.7,3001406464.0
2908.799959,48.8,3002456832.0
2909.813052,48.8,3003456768.0
2910.822520,49.1,3004456704.0
2911.829528,48.8,3005456640.0
2912.837052,48.8,3006456320.0
2913.844538,49.2,3007456512.0
2914.853544,48.8,3008507136.0
2915.865817,49.1,3009506816.0
2916.875422,48.7,3010506240.0
2917.882654,48.8,3011506432.0
2918.889978,48.8,3012506624.0
2919.899523,48.9,3013506816.0
2920.911564,48.9,3014556160.0
2921.920751,48.9,3015556608.0
2922.928538,49.1,3016556544.0
2923.936138,48.9,3017556480.0
2924.944526,49.1,3018556416.0
2925.954135,48.7,3019606272.0
2926.967346,48.8,3020606976.0
2927.976039,48.9,3021606912.0
2928.983557,48.9,3022606592.0
2929.989510,48.8,3023607040.0
2930.997920,49.2,3024606208.0
2932.006766,49.0,3025656320.0
2933.017871,49.1,3026656768.0
2934.026559,49.1,3027656960.0
2935.034515,49.0,3028656384.0
2936.041297,48.9,3029656832.0
2937.051163,49.0,3030706944.0
2938.064267,49.2,3031706880.0
2939.073562,49.2,3032706304.0
2940.080565,48.8,3033706496.0
2941.086527,49.0,3034706944.0
2942.093416,48.9,3035706624.0
2943.102590,48.8,3036757504.0
2944.115735,49.1,3037756672.0
2945.125094,48.9,3038756352.0
2946.132611,49.3,3039756544.0
2947.139830,49.0,3040756224.0
2948.149692,49.0,3041806336.0
2949.163028,48.8,3042806528.0
2950.172179,48.8,3043806208.0
2951.179394,48.9,3044806656.0
2952.186334,49.0,3045806336.0
2953.192518,49.0,3046806784.0
2954.202397,49.0,3047856128.0
2955.215435,49.1,3048856064.0
2956.225549,49.1,3049856768.0
2957.232686,49.1,3050856960.0
2958.239520,49.1,3051857408.0
2959.247519,48.8,3052857088.0
2960.256290,48.9,3053906944.0
2961.268531,48.9,3054906624.0
2962.276826,49.4,3055906560.0
2963.284544,49.2,3056906240.0
2964.292013,49.2,3057907200.0
2965.301526,49.2,3058956544.0
2966.313517,48.9,3059955968.0
2967.323121,48.8,3060957440.0
2968.330527,48.9,3061955840.0
2969.336521,49.3,3062956544.0
2970.343531,49.1,3063955968.0
2971.352805,49.3,3065006336.0
2972.365530,49.1,3066006272.0
2973.374525,48.7,3067005952.0
2974.381234,49.2,3068006400.0
2975.388730,49.0,3069006592.0
2976.397294,49.2,3070005760.0
2977.405814,49.0,3071056128.0
2978.418382,49.0,3072055808.0
2979.426695,48.8,3073056768.0
2980.433536,49.1,3074055936.0
2981.440671,48.8,3075055616.0
2982.450237,48.8,3076057088.0
2983.463925,49.3,3077105920.0
2984.473198,49.1,3078105856.0
2985.480522,48.8,3079105792.0
2986.487486,49.2,3080105216.0
2987.494821,49.1,3081105920.0
2988.503759,49.0,3082155776.0
2989.516521,48.9,3083155968.0
2990.525529,49.1,3084156672.0
2991.533420,49.2,3085156608.0
2992.540450,49.0,3086156288.0
2993.549527,49.2,3087155968.0
2994.563166,49.0,3088205568.0
2995.573006,49.2,3089205760.0
2996.579963,49.0,3090205952.0
2997.586537,49.3,3091206144.0
2998.594346,49.2,3092206080.0
2999.603511,49.1,3093255936.0
3000.615548,49.2,3094255872.0
3001.624516,49.2,3095255552.0
3002.631523,49.0,3096255744.0
3003.638727,49.2,3097256192.0
3004.646514,49.0,3098255360.0
3005.656207,49.2,3099305984.0
3006.668560,49.0,3100305408.0
3007.677681,49.1,3101305600.0
3008.685526,49.1,3102305792.0
3009.693043,49.1,3103305472.0
3010.702536,49.0,3104356352.0
3011.715431,49.2,3105355520.0
3012.724607,49.2,3106356480.0
3013.732914,48.9,3107355904.0
3014.739637,49.3,3108355328.0
3015.748516,49.1,3109355776.0
3016.757926,,
3022.766528,,
3028.774863,49.2,3125505792.0
3032.870651,49.4,3126505472.0
3033.877565,49.5,3127505408.0
3034.884533,49.3,3128505088.0
3035.890560,49.4,3129505792.0
3036.898513,49.3,3130505216.0
3037.906819,49.2,3131554816.0
3038.918513,49.3,3132555264.0
3039.926736,49.3,3133555456.0
3040.933526,49.4,3134555648.0
3041.940808,49.1,3135555584.0
3042.949522,49.3,3136555776.0
3043.957514,49.2,3137605632.0
3044.969780,49.0,3138605312.0
3045.977769,49.0,3139604992.0
3046.984524,49.6,3140605440.0
3047.991790,49.5,3141605120.0
3049.001481,49.3,3142606080.0
3050.010538,49.4,3143655168.0
3051.020087,49.4,3144655360.0
3052.028826,49.0,3145655552.0
3053.035508,49.4,3146654976.0
3054.042024,49.1,3147655424.0
3055.051554,49.2,3148705280.0
3056.064533,49.3,3149705472.0
3057.073544,49.3,3150705408.0
3058.082287,49.2,3151705088.0
3059.089532,49.3,3152705536.0
3060.098575,49.3,3153704960.0
3061.106519,49.3,3154755584.0
3062.118551,49.5,3155755520.0
3063.127528,49.2,3156755712.0
3064.134516,49.4,3157755648.0
3065.141273,49.2,3158755072.0
3066.150542,49.3,3159755008.0
3067.164379,49.3,3160805120.0
3068.173247,49.2,3161805056.0
3069.180027,49.3,3162804992.0
3070.186399,49.2,3163804928.0
3071.193275,49.4,3164805632.0
3072.202550,49.3,3165855488.0
3073.215782,49.4,3166855168.0
3074.224765,49.3,3167854848.0
3075.232512,49.5,3168855040.0
3076.239282,49.4,3169855232.0
3077.245536,49.3,3170855168.0
3078.255246,49.3,3171905024.0
3079.268526,49.4,3172905728.0
3080.277517,49.2,3173905664.0
3081.284553,49.1,3174905088.0
3082.290512,49.3,3175904512.0
3083.297540,49.2,3176904960.0
3084.306159,49.3,3177955072.0
3085.317520,49.6,3178955008.0
3086.326357,49.5,3179955200.0
3087.333527,49.4,3180955136.0
3088.340374,49.3,3181954816.0
3089.348843,49.3,3182954496.0
3090.357521,49.2,3184005376.0
3091.370923,49.4,3185004800.0
3092.379611,49.2,3186004736.0
3093.385553,49.2,3187004928.0
3094.392586,49.5,3188005632.0
3095.401805,49.2,3189005568.0
3096.414336,49.4,3190055680.0
3097.423720,49.2,3191055104.0
3098.431472,49.1,3192055040.0
3099.438906,49.3,3193054720.0
3100.445890,49.5,3194054656.0
3101.455025,49.2,3195105280.0
3102.467520,49.5,3196104704.0
3103.476939,49.5,3197105408.0
3104.485074,49.2,3198104832.0
3105.492668,49.7,3199105536.0
3106.505510,49.3,3200154624.0
3107.518783,49.5,3201154560.0
3108.528751,49.4,3202155008.0
3109.536553,49.2,3203154688.0
3110.544190,49.4,3204154368.0
3111.553555,49.2,3205205248.0
3112.567259,49.4,3206204672.0
3113.576457,49.3,3207204352.0
3114.584537,49.3,3208205568.0
3115.592223,,
3121.599987,,
3127.607515,49.6,3224304640.0
3131.685946,49.3,3225304576.0
3132.693518,49.4,3226304768.0
3133.701519,49.4,3227304704.0
3134.710488,49.3,3228354560.0
3135.720516,49.3,3229354496.0
3136.728902,49.3,3230354944.0
3137.735520,49.3,3231355392.0
3138.741529,49.3,3232355584.0
3139.751716,49.4,3233354240.0
3140.765765,49.3,3234404096.0
3141.775614,49.6,3235404032.0
3142.783007,49.4,3236404480.0
3143.789542,49.5,3237404672.0
3144.796551,49.3,3238404096.0
3145.805516,49.4,3239454720.0
3146.817544,49.2,3240454144.0
3147.826837,49.6,3241454592.0
3148.833521,49.5,3242455040.0
3149.841141,49.4,3243454720.0
3150.850352,49.5,3244454400.0
3151.859549,49.4,3245504000.0
3152.870712,49.5,3246503424.0
3153.878524,49.5,3247504384.0
3154.885528,49.1,3248504320.0
3155.892727,49.3,3249504256.0
3156.902940,49.5,3250504192.0
3157.915537,49.3,3251554304.0
3158.924472,49.5,3252554240.0
3159.932325,49.6,3253554432.0
3160.940233,49.3,3254554368.0
3161.948635,49.6,3255555328.0
3162.957509,49.7,3256604672.0
3163.970532,49.6,3257603840.0
3164.979339,49.3,3258604288.0
3165.986514,49.4,3259604224.0
3166.993815,49.4,3260604160.0
3168.003600,49.6,3261654016.0
3169.016535,49.6,3262654720.0
3170.026441,49.4,3263654144.0
3171.033876,49.5,3264654336.0
3172.040514,49.9,3265654272.0
3173.047511,49.4,3266654464.0
3174.055529,49.2,3267704064.0
3175.068314,49.3,3268704256.0
3176.077521,49.5,3269704448.0
3177.084718,49.8,3270704384.0
3178.090511,49.7,3271703808.0
3179.097022,49.4,3272704512.0
3180.105550,49.5,3273754368.0
3181.118554,49.2,3274754048.0
3182.128199,49.6,3275753728.0
3183.135782,49.6,3276754176.0
3184.142526,49.6,3277753856.0
3185.152326,49.3,3278803712.0
3186.166487,49.4,3279803904.0
3187.176513,49.4,3280804352.0
3188.182550,49.3,3281804032.0
3189.189600,49.5,3282804736.0
3190.196438,49.6,3283803904.0
3191.205515,49.8,3284854016.0
3192.218419,49.7,3285854464.0
3193.227557,49.7,3286853632.0
3194.234512,49.7,3287854080.0
3195.241231,49.7,3288853760.0
3196.248313,49.7,3289854208.0
3197.257476,49.7,3290904064.0
3198.270374,49.5,3291904000.0
3199.279552,49.6,3292904192.0
3200.286534,49.5,3293903872.0
3201.293070,49.6,3294903552.0
3202.302363,49.5,3295904000.0
3203.311235,49.5,3296953600.0
3204.322142,49.4,3297954048.0
3205.330859,49.4,3298953728.0
3206.338441,49.5,3299953664.0
3207.345187,49.7,3300954112.0
3208.354948,49.7,3302003712.0
3209.368538,49.6,3303003648.0
3210.378254,49.7,3304003840.0
3211.385510,49.8,3305003520.0
3212.391947,49.5,3306003712.0
3213.400893,49.5,3307003648.0
3214.409518,49.5,3308053760.0
3215.421725,49.7,3309053696.0
3216.430564,49.6,3310053632.0
3217.439113,49.6,3311053568.0
3218.446605,49.4,3312053504.0
3219.456444,49.5,3313103360.0
3220.469149,49.5,3314103552.0
3221.479200,49.6,3315103488.0
3222.486547,49.8,3316103936.0
3223.494093,49.6,3317103360.0
3224.503698,49.5,3318103552.0
3225.516310,49.6,3319153920.0
3226.525562,49.6,3320153600.0
3227.532956,49.4,3321153536.0
3228.540103,49.7,3322153728.0
3229.547318,49.6,3323153664.0
3230.556821,49.4,3324203520.0
3231.570822,49.6,3325203712.0
3232.579870,49.4,3326203904.0
3233.587637,49.4,3327203584.0
3234.595439,49.7,3328203520.0
3235.606071,,
3241.615041,,
3247.621523,49.8,3344303104.0
3251.685472,49.6,3345303296.0
3252.692450,49.2,3346303488.0
3253.700897,49.5,3347303424.0
3254.709424,49.7,3348353280.0
3255.721521,49.7,3349353984.0
3256.731140,49.3,3350353408.0
3257.741064,49.7,3351353856.0
3258.747862,49.7,3352353792.0
3259.757165,49.5,3353403136.0
3260.770538,49.8,3354403584.0
3261.779525,49.6,3355403776.0
3262.786560,49.6,3356403456.0
3263.794275,49.7,3357403392.0
3264.802522,49.5,3358403328.0
3265.811088,49.8,3359452928.0
3266.821508,49.7,3360453632.0
3267.829576,49.8,3361453056.0
3268.836524,49.7,3362453248.0
3269.843266,49.9,3363453440.0
3270.851538,49.7,3364453376.0
3271.860099,49.7,3365504000.0
3272.873749,49.7,3366503680.0
3273.883080,49.6,3367503360.0
3274.890512,49.7,3368503040.0
3275.897356,49.8,3369503488.0
3276.907414,50.1,3370553600.0
3277.920401,49.8,3371553536.0
3278.929551,49.9,3372553472.0
3279.937094,49.7,3373552896.0
3280.944508,49.7,3374553600.0
3281.952931,49.8,3375552768.0
3282.962514,49.8,3376603392.0
3283.974551,49.5,3377603328.0
3284.983549,49.9,3378603008.0
3285.989519,49.7,3379603200.0
3286.996323,49.9,3380603392.0
3288.005548,49.5,3381653248.0
3289.018533,49.6,3382653440.0
3290.026563,49.6,3383653632.0
3291.034441,49.8,3384653568.0
3292.040547,49.6,3385652992.0
3293.047641,49.6,3386652928.0
3294.057880,49.8,3387703808.0
3295.072153,49.6,3388703744.0
3296.081517,49.9,3389702912.0
3297.088645,49.4,3390702848.0
3298.095851,49.7,3391703296.0
3299.105920,49.8,3392752896.0
3300.118310,49.8,3393753600.0
3301.127535,50.0,3394753280.0
3302.134837,49.8,3395752960.0
3303.142971,49.9,3396753152.0
3304.151575,50.0,3397753088.0
3305.160537,49.8,3398803456.0
3306.173585,49.7,3399803136.0
3307.181962,49.7,3400802816.0
3308.188534,49.8,3401803008.0
3309.194550,49.7,3402802688.0
3310.204433,49.6,3403802880.0
3311.213514,49.4,3404852736.0
3312.223566,49.9,3405852672.0
3313.232540,49.7,3406852864.0
3314.239568,49.6,3407852800.0
3315.246954,49.7,3408852736.0
3316.256511,49.6,3409902848.0
3317.269542,49.9,3410902784.0
3318.278852,49.7,3411902720.0
3319.285771,49.7,3412902912.0
3320.291523,49.8,3413902848.0
3321.297519,49.6,3414902784.0
3322.307249,49.3,3415952896.0
3323.320575,49.8,3416952832.0
3324.330853,49.7,3417952768.0
3325.338383,49.6,3418952704.0
3326.345768,50.3,3419952384.0
3327.355314,49.9,3420953600.0
3328.365332,49.8,3422002688.0
3329.375296,49.8,3423002624.0
3330.383049,49.7,3424002816.0
3331.390646,49.8,3425003520.0
3332.397544,49.9,3426002944.0
3333.408316,49.8,3427053568.0
3334.422421,49.6,3428052480.0
3335.431743,49.9,3429052928.0
3336.439592,49.6,3430052608.0
3337.446769,49.9,3431053056.0
3338.455950,49.8,3432102912.0
3339.470179,49.7,3433102336.0
3340.479695,50.0,3434102528.0
3341.486857,49.7,3435102464.0
3342.493826,49.5,3436102144.0
3343.501810,49.9,3437102848.0
3344.510013,49.9,3438152960.0
3345.523455,49.8,3439152384.0
3346.532831,49.8,3440152576.0
3347.540535,50.1,3441152512.0
3348.547684,49.8,3442152448.0
3349.556525,49.6,3443202816.0
3350.569534,49.6,3444203008.0
3351.578389,49.8,3445202688.0
3352.586505,50.0,3446202624.0
3353.593810,50.0,3447202304.0
3354.601873,49.8,3448202752.0
3355.610881,,
3361.624032,,
3367.632535,49.9,3464352512.0
3371.749259,50.0,3465352448.0
3372.759542,49.8,3466402304.0
3373.773530,49.7,3467402240.0
3374.782463,49.7,3468402432.0
3375.789327,49.8,3469402368.0
3376.797167,50.0,3470402304.0
3377.807691,49.9,3471452416.0
3378.820550,49.6,3472452352.0
3379.829551,50.1,3473452288.0
3380.837032,49.7,3474452224.0
3381.844517,49.8,3475452416.0
3382.853037,49.7,3476452608.0
3383.861522,49.9,3477502464.0
3384.874898,49.9,3478502144.0
3385.883555,50.2,3479502336.0
3386.891745,49.6,3480502272.0
3387.899294,49.8,3481501952.0
3388.908664,50.0,3482552832.0
3389.922318,50.0,3483553024.0
3390.932300,49.9,3484552192.0
3391.940190,50.0,3485552896.0
3392.948233,50.0,3486552320.0
3393.958745,50.1,3487602688.0
3394.972553,50.0,3488602112.0
3395.982335,49.8,3489602816.0
3396.988584,49.8,3490602240.0
3397.994511,49.7,3491602688.0
3399.001536,49.9,3492602112.0
3400.010531,50.0,3493652480.0
3401.022529,50.1,3494651904.0
3402.031568,49.6,3495652608.0
3403.038479,49.8,3496652032.0
3404.044512,49.8,3497651712.0
3405.051552,50.0,3498652416.0
3406.060114,50.0,3499702528.0
3407.073385,50.2,3500701952.0
3408.081528,50.2,3501702144.0
3409.089220,50.0,3502702080.0
3410.097193,50.0,3503701760.0
3411.105591,49.8,3504701952.0
3412.115172,50.0,3505752320.0
3413.124537,49.9,3506752000.0
3414.132558,50.0,3507752192.0
3415.139574,50.0,3508752640.0
3416.146922,49.8,3509752064.0
3417.156524,50.1,3510752512.0
3418.170140,50.2,3511801856.0
3419.179579,49.9,3512802560.0
3420.186906,50.1,3513802496.0
3421.193530,49.8,3514801664.0
3422.199516,50.0,3515801856.0
3423.208518,50.2,3516852224.0
3424.220549,50.2,3517852416.0
3425.228969,50.0,3518852864.0
3426.236351,50.0,3519852032.0
3427.242522,50.1,3520852480.0
3428.249131,49.9,3521851904.0
3429.258913,50.4,3522901760.0
3430.271965,50.0,3523901952.0
3431.281037,49.8,3524901888.0
3432.287840,50.1,3525901824.0
3433.294556,49.9,3526901760.0
3434.305047,50.1,3527902208.0
3435.313987,50.0,3528951552.0
3436.324562,49.9,3529952000.0
3437.332515,50.0,3530951936.0
3438.339273,50.3,3531952384.0
3439.346618,49.6,3532950784.0
3440.356783,49.8,3534001152.0
3441.370515,50.0,3535001600.0
3442.380309,50.1,3536001792.0
3443.388014,50.1,3537001984.0
3444.395195,50.0,3538001664.0
3445.403382,50.6,3539001856.0
3446.410706,50.1,3540051712.0
3447.423402,50.1,3541051904.0
3448.433294,50.3,3542052096.0
3449.440514,50.1,3543051776.0
3450.446528,50.3,3544051712.0
3451.454534,50.3,3545051904.0
3452.462514,50.1,3546101504.0
3453.475235,50.2,3547101952.0
3454.483949,50.2,3548101632.0
3455.491063,50.1,3549101568.0
3456.499530,50.1,3550102016.0
3457.509551,50.1,3551151616.0
3458.521985,50.0,3552151296.0
3459.531940,50.2,3553151744.0
3460.539519,49.9,3554151424.0
3461.546425,49.9,3555151872.0
3462.555345,49.8,3556151808.0
3463.563511,49.8,3557201408.0
3464.575743,50.3,3558201600.0
3465.584561,50.3,3559202048.0
3466.592262,50.4,3560201728.0
3467.599266,50.3,3561201408.0
3468.609526,49.9,3562251776.0
3469.621560,49.6,3563251712.0
3470.631527,50.2,3564251648.0
3471.639291,50.2,3565251584.0
3472.646513,49.9,3566251520.0
3473.654827,49.9,3567251968.0
3474.663814,50.5,3568301312.0
3475.675699,,
3481.684252,,
3487.691063,50.3,3584351488.0
3491.747560,49.8,3585351680.0
3492.757383,50.4,3586401536.0
3493.771519,49.9,3587401472.0
3494.780464,50.1,3588401408.0
3495.786512,49.9,3589401600.0
3496.792542,50.4,3590401280.0
3497.799526,49.8,3591400960.0
3498.809515,49.9,3592451584.0
3499.821915,50.1,3593451776.0
3500.831477,50.4,3594451200.0
3501.838290,50.1,3595451648.0
3502.844520,50.4,3596451584.0
3503.851544,50.0,3597451776.0
3504.859516,50.4,3598501376.0
3505.872795,50.3,3599501568.0
3506.881849,50.0,3600500992.0
3507.888213,50.4,3601501440.0
3508.895479,50.5,3602501632.0
3509.902678,50.3,3603501824.0
3510.911983,50.0,3604551680.0
3511.925428,50.2,3605551616.0
3512.934708,50.0,3606551552.0
3513.941712,50.5,3607551744.0
3514.948522,50.2,3608551424.0
3515.957770,50.0,3609551104.0
3516.970553,50.6,3610601472.0
3517.980182,50.0,3611600640.0
3518.987087,50.4,3612600832.0
3519.993572,50.1,3613601536.0
3521.001136,50.6,3614600704.0
3522.010327,50.5,3615651584.0
3523.022841,49.8,3616651520.0
3524.032010,49.9,3617650944.0
3525.038777,50.1,3618651648.0
3526.046137,50.1,3619651072.0
3527.054853,50.6,3620650496.0
3528.062552,50.6,3621701376.0
3529.075687,50.1,3622701312.0
3530.084622,50.1,3623700992.0
3531.091531,50.5,3624701440.0
3532.098834,50.0,3625701120.0
3533.108462,50.5,3626750976.0
3534.121532,50.4,3627752192.0
3535.130546,50.1,3628750848.0
3536.138241,50.4,3629751040.0
3537.145338,49.9,3630751232.0
3538.153376,50.3,3631751168.0
3539.162224,50.4,3632800768.0
3540.174529,50.6,3633801472.0
3541.183526,50.2,3634801664.0
3542.191418,50.3,3635800576.0
3543.197551,50.3,3636800768.0
3544.205552,50.6,3637800704.0
3545.214591,50.0,3638851072.0
3546.226926,50.3,3639851008.0
3547.235524,50.6,3640850688.0
3548.242182,50.3,3641851392.0
3549.247518,50.1,3642851328.0
3550.255573,50.6,3643850752.0
3551.263526,50.5,3644900608.0
3552.276533,50.0,3645900800.0
3553.284559,50.4,3646900480.0
3554.291797,50.7,3647901184.0
3555.298516,50.2,3648900608.0
3556.307325,50.3,3649900544.0
3557.316533,50.1,3650951168.0
3558.327511,50.4,3651950592.0
3559.335509,50.2,3652950528.0
3560.342517,50.2,3653950720.0
3561.349521,50.0,3654950656.0
3562.357523,50.6,3655950336.0
3563.365531,50.4,3657000448.0
3564.377346,50.5,3658000384.0
3565.385636,50.2,3659000832.0
3566.392922,50.2,3660000000.0
3567.400675,50.2,3661000192.0
3568.410539,50.4,3662050304.0
3569.422546,50.6,3663050752.0
3570.432037,50.6,3664050944.0
3571.439522,50.3,3665050112.0
3572.445513,50.1,3666050304.0
3573.451525,50.5,3667050240.0
3574.460518,50.7,3668100864.0
3575.472536,50.6,3669100800.0
3576.481878,50.6,3670100736.0
3577.489208,50.4,3671100672.0
3578.495754,50.2,3672100864.0
3579.503105,50.2,3673100544.0
3580.512619,49.9,3674150400.0
3581.526235,50.6,3675150080.0
3582.535677,50.3,3676150016.0
3583.542565,50.0,3677150720.0
3584.549960,50.3,3678150656.0
3585.560043,50.7,3679200256.0
3586.572736,50.1,3680200448.0
3587.582339,49.8,3681200640.0
3588.589434,50.2,3682200320.0
3589.596581,50.6,3683200256.0
3590.604289,50.1,3684200448.0
3591.613196,50.2,3685250816.0
3592.626139,50.2,3686250496.0
3593.635664,50.2,3687250432.0
3594.643513,50.1,3688250368.0
3595.649516,,
3601.657802,,
3607.664560,50.2,3704350464.0
3611.748518,50.2,3705350400.0
3612.757856,50.3,3706350336.0
3613.766512,50.4,3707400704.0
3614.778362,50.5,3708400384.0
3615.787323,50.4,3709400832.0
3616.794904,50.5,3710400256.0
3617.802516,50.4,3711400192.0
3618.811552,50.6,3712450560.0
3619.824520,50.6,3713450496.0
3620.832537,50.3,3714450432.0
3621.841024,50.3,3715451136.0
3622.848348,50.3,3716450304.0
3623.856564,50.3,3717450752.0
3624.865224,50.5,3718500096.0
3625.878556,50.5,3719501056.0
3626.887749,50.3,3720500224.0
3627.894538,50.7,3721500672.0
3628.901505,50.3,3722500864.0
3629.909510,50.4,3723500800.0
3630.916518,50.3,3724550144.0
3631.928025,50.2,3725550592.0
3632.937044,50.6,3726550016.0
3633.945087,50.1,3727550464.0
3634.951535,50.1,3728550144.0
3635.961436,50.1,3729600512.0
3636.975004,50.6,3730600448.0
3637.984282,50.1,3731600640.0
3638.991767,50.4,3732600320.0
3639.998482,50.5,3733600256.0
3641.007026,50.6,3734600960.0
3642.015539,50.2,3735651072.0
3643.029062,50.2,3736650752.0
3644.038232,50.4,3737650176.0
3645.044814,50.3,3738649600.0
3646.052180,50.7,3739650816.0
3647.061033,50.8,3740650240.0
3648.073983,49.9,3741700352.0
3649.082531,50.6,3742700800.0
3650.090811,50.3,3743699968.0
3651.098118,50.6,3744700416.0
3652.105532,50.2,3745700096.0
3653.113530,50.6,3746750720.0
3654.127161,50.5,3747750144.0
3655.135506,50.2,3748750080.0
3656.141530,50.7,3749750272.0
3657.148513,50.2,3750750464.0
3658.155551,50.5,3751750144.0
3659.163526,50.3,3752799744.0
3660.176530,50.4,3753800192.0
3661.186256,50.6,3754800384.0
3662.194239,50.5,3755799808.0
3663.201656,50.5,3756799744.0
3664.212123,50.8,3757850368.0
3665.225302,50.5,3758849792.0
3666.235076,50.5,3759849728.0
3667.242525,50.3,3760849920.0
3668.248513,50.7,3761849856.0
3669.256529,50.6,3762850048.0
3670.264535,50.8,3763899904.0
3671.278733,50.8,3764899584.0
3672.286934,50.8,3765900288.0
3673.294545,50.3,3766900224.0
3674.301889,50.9,3767899904.0
3675.312191,50.5,3768949760.0
3676.325526,50.7,3769950464.0
3677.334553,50.2,3770950656.0
3678.341514,50.5,3771949568.0
3679.347552,50.6,3772950528.0
3680.355633,50.2,3773949952.0
3681.363550,50.3,3774999552.0
3682.376945,50.5,3775999744.0
3683.386893,50.5,3776999680.0
3684.394286,50.3,3777999872.0
3685.401259,50.3,3778999808.0
3686.410534,50.3,3779999488.0
3687.423586,50.7,3781049344.0
3688.432868,50.2,3782049792.0
3689.440528,50.6,3783050752.0
3690.446537,50.7,3784049664.0
3691.452509,50.9,3785049600.0
3692.462042,50.4,3786100224.0
3693.475077,50.5,3787099904.0
3694.484787,50.2,3788100096.0
3695.492467,50.4,3789099264.0
3696.500248,50.3,3790100224.0
3697.508557,50.6,3791099904.0
3698.516528,50.7,3792149760.0
3699.529524,50.4,3793149696.0
3700.537431,50.4,3794150144.0
3701.545272,50.5,3795149824.0
3702.552462,50.6,3796149504.0
3703.561408,50.3,3797199616.0
3704.574509,50.9,3798199552.0
3705.583541,50.6,3799199744.0
3706.590524,51.0,3800199680.0
3707.597568,50.9,3801199872.0
3708.605548,50.8,3802199552.0
3709.614382,50.3,3803250688.0
3710.626527,50.4,3804250112.0
3711.635515,50.8,3805249536.0
3712.642536,50.7,3806249472.0
3713.649782,50.5,3807250176.0
3714.659226,50.7,3808249856.0
3715.668144,,
3721.679531,,
3727.687791,50.9,3824349696.0
3731.748761,50.9,3825349632.0
3732.755532,50.7,3826349056.0
3733.764744,50.7,3827399168.0
3734.779304,50.5,3828399104.0
3735.787887,50.5,3829399296.0
3736.795747,50.5,3830399744.0
3737.802515,50.9,3831398912.0
3738.811244,50.4,3832399104.0
3739.821020,50.7,3833449472.0
3740.830940,50.6,3834449408.0
3741.838946,50.6,3835449088.0
3742.846717,50.3,3836449536.0
3743.853545,50.9,3837449472.0
3744.863827,50.8,3838498816.0
3745.876551,50.6,3839499520.0
3746.886311,50.8,3840499456.0
3747.893652,51.0,3841499136.0
3748.899529,50.4,3842499072.0
3749.906540,50.8,3843499008.0
3750.915533,50.5,3844549376.0
3751.928841,50.8,3845549568.0
3752.937972,50.5,3846548992.0
3753.945827,50.2,3847548928.0
3754.953851,50.2,3848549376.0
3755.964404,50.8,3849598720.0
3756.977841,50.4,3850598912.0
3757.988070,50.8,3851598592.0
3758.996183,50.4,3852598784.0
3760.003615,50.6,3853599488.0
3761.013723,50.8,3854649600.0
3762.026708,50.8,3855649024.0
3763.037165,50.4,3856649216.0
3764.045245,50.6,3857649152.0
3765.052456,50.7,3858649088.0
3766.061556,50.3,3859649024.0
3767.069514,50.9,3860699136.0
3768.082036,50.4,3861699328.0
3769.089516,50.7,3862699264.0
3770.096585,50.6,3863699200.0
3771.104523,50.7,3864699136.0
3772.114024,50.6,3865748992.0
3773.126648,50.7,3866748672.0
3774.136155,50.8,3867748608.0
3775.144209,50.8,3868748544.0
3776.151896,50.7,3869748992.0
3777.161631,50.6,3870748928.0
3778.169691,50.7,3871798784.0
3779.180513,50.7,3872798720.0
3780.189173,50.9,3873798656.0
3781.196118,50.6,3874798848.0
3782.203439,51.2,3875798784.0
3783.213946,50.7,3876848896.0
3784.227880,50.6,3877848576.0
3785.237680,50.8,3878848512.0
3786.246728,50.8,3879848448.0
3787.254346,50.5,3880848640.0
3788.264865,50.7,3881898752.0
3789.278000,50.7,3882898944.0
3790.286797,50.6,3883899136.0
3791.293564,51.0,3884898560.0
3792.300926,50.9,3885898496.0
3793.309545,50.7,3886898944.0
3794.317549,50.6,3887948800.0
3795.329527,50.9,3888949248.0
3796.338937,51.2,3889948416.0
3797.345524,50.7,3890948864.0
3798.351527,51.1,3891948800.0
3799.359555,50.9,3892948736.0
3800.366612,50.7,3893999360.0
3801.378953,50.7,3894999040.0
3802.388526,50.8,3896000256.0
3803.395699,50.7,3896999680.0
3804.402510,51.0,3897999104.0
3805.411508,50.6,3898998528.0
3806.419721,50.7,3900048640.0
3807.431850,51.2,3901048320.0
3808.440841,50.9,3902048256.0
3809.447957,50.7,3903047680.0
3810.455274,50.9,3904048640.0
3811.465819,51.0,3905098496.0
3812.478607,51.0,3906098176.0
3813.488526,50.9,3907097600.0
3814.495721,50.8,3908097792.0
3815.502788,50.8,3909098752.0
3816.510891,50.9,3910098432.0
3817.520552,51.0,3911148544.0
3818.532507,50.7,3912149248.0
3819.540946,50.9,3913148928.0
3820.548535,50.7,3914148608.0
3821.555408,50.7,3915148032.0
3822.564892,50.7,3916198400.0
3823.577808,50.6,3917198336.0
3824.586534,51.1,3918198528.0
3825.593523,50.8,3919198720.0
3826.601351,50.8,3920198656.0
3827.609552,50.7,3921197824.0
3828.618303,51.1,3922248704.0
3829.631782,50.8,3923248128.0
3830.641280,50.8,3924248064.0
3831.648373,50.8,3925248000.0
3832.656086,50.8,3926248448.0
3833.665717,50.9,3927298048.0
3834.678543,51.0,3928297728.0
3835.687561,50.8,3929298432.0
3836.694520,51.2,3930298112.0
3837.701443,50.5,3931298560.0
3838.708542,50.9,3932298240.0
3839.716799,50.8,3933348096.0
3840.729830,50.8,3934348800.0
3841.739668,50.8,3935348224.0
3842.747537,50.7,3936348160.0
3843.755065,50.6,3937348096.0
3844.764528,51.1,3938348288.0
3845.772985,51.2,3939398400.0
3846.783940,50.7,3940398336.0
3847.793258,51.0,3941397760.0
3848.801026,51.0,3942397952.0
3849.809043,51.0,3943397888.0
3850.818853,50.8,3944448512.0
3851.831530,50.8,3945447936.0
3852.841321,50.9,3946447872.0
3853.848530,50.9,3947448576.0
3854.854537,50.8,3948448256.0
3855.863614,50.4,3949447936.0
3856.872012,50.7,3950498560.0
3857.884480,51.0,3951498240.0
3858.893649,50.7,3952498432.0
3859.899567,50.8,3953497856.0
3860.906801,51.0,3954497792.0
3861.917480,51.1,3955548160.0
3862.929547,51.0,3956547840.0
3863.938541,50.9,3957547776.0
3864.945574,50.5,3958548480.0
3865.953373,50.6,3959548160.0
3866.961724,,
3872.971066,,
3878.976547,50.7,3975648256.0
3883.045454,51.0,3976647936.0
3884.052523,51.0,3977647872.0
3885.058512,51.0,3978647808.0
3886.067833,51.1,3979698176.0
3887.081381,50.8,3980697856.0
3888.091476,50.6,3981697536.0
3889.099351,50.8,3982697984.0
3890.106257,51.0,3983697920.0
3891.115648,50.7,3984697856.0
3892.129537,51.0,3985747968.0
3893.139345,51.2,3986747648.0
3894.147204,50.6,3987748608.0
3895.154846,50.6,3988748032.0
3896.164269,51.2,3989747712.0
3897.173473,51.1,3990797824.0
3898.185140,50.7,3991798016.0
3899.193994,50.9,3992797696.0
3900.201919,50.7,3993797632.0
3901.210011,51.1,3994798080.0
3902.219700,50.9,3995847680.0
3903.233330,50.7,3996848128.0
3904.242850,50.9,3997848064.0
3905.251714,51.0,3998848512.0
3906.259183,50.7,3999848192.0
3907.269308,51.0,4000898048.0
3908.283539,50.9,4001897984.0
3909.292847,50.9,4002897664.0
3910.300448,50.7,4003897856.0
3911.308160,50.9,4004897792.0
3912.317747,51.1,4005947904.0
3913.330876,50.9,4006947840.0
3914.340512,50.8,4007948288.0
3915.348323,50.9,4008947712.0
3916.355560,50.5,4009948160.0
3917.364610,50.9,4010948096.0
3918.374219,50.9,4011997696.0
3919.387075,51.3,4012997632.0
3920.394806,50.9,4013998080.0
3921.402533,51.1,4014997504.0
3922.410087,50.6,4015998208.0
3923.420261,50.9,4017048064.0
3924.434330,50.9,4018048512.0
3925.444041,51.1,4019047936.0
3926.452100,50.6,4020047616.0
3927.458758,51.0,4021047808.0
3928.469549,51.2,4022097664.0
3929.483554,51.0,4023097088.0
3930.492731,51.1,4024097536.0
3931.500733,51.0,4025097984.0
3932.508313,50.9,4026097920.0
3933.518284,50.7,4027147520.0
3934.531460,51.1,4028147456.0
3935.540559,50.6,4029147648.0
3936.548329,50.9,4030147328.0
3937.555966,50.8,4031147776.0
3938.564439,51.0,4032147200.0
3939.573314,51.2,4033197824.0
3940.586846,51.1,4034198528.0
3941.595580,51.4,4035197184.0
3942.603457,50.8,4036197376.0
3943.611405,50.7,4037197824.0
3944.621075,51.2,4038247680.0
3945.634611,51.0,4039247360.0
3946.644683,50.9,4040248064.0
3947.653454,51.1,4041247488.0
3948.661024,51.1,4042247424.0
3949.671032,51.2,4043297536.0
3950.685546,51.0,4044297216.0
3951.694548,51.0,4045297920.0
3952.702334,51.0,4046297344.0
3953.709833,51.1,4047297536.0
3954.718526,50.8,4048297728.0
3955.731617,,
3961.740904,,
3967.750220,50.9,4064397568.0
3971.812365,51.1,4065397248.0
3972.822555,51.1,4066447872.0
3973.836044,50.7,4067447296.0
3974.845452,51.0,4068447744.0
3975.853487,50.9,4069447680.0
3976.861049,50.7,4070447616.0
3977.871302,50.8,4071497472.0
3978.884934,50.9,4072496640.0
3979.894807,51.1,4073496832.0
3980.902546,51.1,4074497024.0
3981.910155,50.8,4075496960.0
3982.920561,51.1,4076547584.0
3983.934066,51.0,4077546496.0
3984.944020,50.9,4078546688.0
3985.952106,51.0,4079546880.0
3986.959486,51.0,4080547328.0
3987.969236,50.9,4081597440.0
3988.981527,50.9,4082596864.0
3989.990630,50.4,4083597056.0
3990.998933,51.3,4084597248.0
3992.006770,51.1,4085597440.0
3993.015235,50.7,4086596864.0
3994.024345,51.0,4087646720.0
3995.037012,51.3,4088646656.0
3996.046018,51.4,4089646336.0
3997.053644,51.0,4090646784.0
3998.061467,51.1,4091646976.0
3999.070514,51.0,4092697344.0
4000.083507,51.0,4093696512.0
4001.092930,51.1,4094696960.0
4002.100609,51.1,4095696640.0
4003.108241,51.1,4096696320.0
4004.117704,51.1,4097696512.0
4005.128095,51.2,4098746624.0
4006.138226,51.1,4099747584.0
4007.147574,50.7,4100747008.0
4008.154550,50.9,4101746432.0
4009.162166,51.1,4102746368.0
4010.170516,51.0,4103796736.0
4011.183174,51.1,4104796672.0
4012.192860,51.2,4105796608.0
4013.200225,51.3,4106796288.0
4014.207719,51.3,4107796480.0
4015.216962,51.2,4108796672.0
4016.226154,51.0,4109846784.0
4017.238295,51.1,4110847232.0
4018.247194,50.9,4111846400.0
4019.255172,51.0,4112846848.0
4020.262109,51.2,4113846528.0
4021.272125,51.2,4114896640.0
4022.286033,50.9,4115896320.0
4023.295874,50.9,4116896512.0
4024.303052,51.1,4117896448.0
4025.310719,51.2,4118896128.0
4026.320964,51.1,4119947008.0
4027.333529,51.1,4120946944.0
4028.342638,51.0,4121945600.0
4029.349277,51.2,4122946560.0
4030.356360,51.3,4123945984.0
4031.364102,51.2,4124946432.0
4032.373405,51.2,4125996288.0
4033.387795,51.0,4126996736.0
4034.396910,51.3,4127996160.0
4035.404336,51.2,4128995584.0
4036.411894,51.2,4129995776.0
4037.421786,50.6,4131045888.0
4038.435131,51.2,4132046080.0
4039.444655,51.1,4133046528.0
4040.452839,51.2,4134046208.0
4041.459957,51.1,4135046656.0
4042.469549,51.0,4136046592.0
4043.483175,51.0,4137095680.0
4044.492906,51.3,4138096128.0
4045.500552,51.2,4139097344.0
4046.508180,51.1,4140096512.0
4047.517309,51.0,4141095936.0
4048.526607,51.0,4142146304.0
4049.538611,51.0,4143146496.0
4050.546743,51.1,4144146176.0
4051.554106,51.1,4145146368.0
4052.562298,51.1,4146146560.0
4053.572319,50.9,4147196160.0
4054.585755,51.2,4148196096.0
4055.596051,51.2,4149196544.0
4056.603561,51.2,4150197248.0
4057.611343,51.1,4151196160.0
4058.622060,50.9,4152246272.0
4059.635960,51.2,4153246720.0
4060.645521,50.9,4154245632.0
4061.652407,50.7,4155245824.0
4062.659757,50.9,4156246016.0
4063.668835,51.1,4157246208.0
4064.677793,51.1,4158295552.0
4065.688910,51.0,4159296256.0
4066.697690,51.2,4160295936.0
4067.704560,51.0,4161295616.0
4068.711910,51.1,4162296064.0
4069.721439,51.0,4163346688.0
4070.734623,50.9,4164347392.0
4071.743965,51.2,4165346048.0
4072.752059,50.7,4166345728.0
4073.759370,51.5,4167345920.0
4074.768307,51.1,4168345856.0
4075.776763,,
4081.788333,51.0,4175396096.0
4082.797472,51.1,4176396032.0
4083.805157,51.1,4177395968.0
4084.812205,51.0,4178395904.0
4085.821076,51.2,4179395840.0
4086.834872,51.3,4180445696.0
4087.844550,51.0,4181445888.0
4088.852431,51.3,4182445824.0
4089.859677,51.0,4183445760.0
4090.868660,51.2,4184445440.0
4091.877770,51.1,4185495808.0
4092.890643,51.0,4186495488.0
4093.899585,51.2,4187495936.0
4094.907809,51.1,4188495104.0
4095.915544,51.1,4189495552.0
4096.925269,51.2,4190545408.0
4097.938335,51.2,4191545600.0
4098.947685,50.9,4192546048.0
4099.956020,51.1,4193545472.0
4100.965732,51.0,4194545664.0
4101.974527,51.5,4195596032.0
4102.989543,51.3,4196595968.0
4103.998295,51.3,4197596672.0
4105.004711,51.2,4198596608.0
4106.012514,50.9,4199596544.0
4107.022761,51.5,4200646656.0
4108.037161,51.2,4201646592.0
4109.046434,51.2,4202646272.0
4110.052516,51.1,4203646208.0
4111.059509,50.9,4204646912.0
4112.069038,51.1,4205646848.0
4113.078823,51.4,4206696704.0
4114.092656,51.3,4207696896.0
4115.099509,51.1,4208696832.0
4116.107437,51.1,4209695232.0
4117.114433,51.0,4210696192.0
4118.124588,51.0,4211746560.0
4119.140457,51.4,4212746752.0
4120.149127,51.0,4213746688.0
4121.156556,51.2,4214746624.0
4122.164256,51.1,4215746048.0
4123.175380,51.0,4216796160.0
4124.191065,51.2,4217796608.0
4125.199136,51.1,4218796032.0
4126.207225,51.3,4219796480.0
4127.214924,51.4,4220795904.0
4128.226372,51.1,4221846272.0
4129.242087,51.2,4222846208.0
4130.250267,51.0,4223846144.0
4131.257853,51.1,4224846080.0
4132.265961,51.1,4225846528.0
4133.277703,51.4,4226896128.0
4134.292903,51.2,4227896576.0
4135.301129,50.9,4228896000.0
4136.308854,50.9,4229896704.0
4137.319993,51.1,4230896384.0
4138.329943,51.2,4231946240.0
4139.341522,51.3,4232946432.0
4140.349521,51.1,4233945856.0
4141.356867,51.0,4234946304.0
4142.363564,51.2,4235945472.0
4143.374286,51.2,4236995584.0
4144.388514,50.9,4237995520.0
4145.397535,51.0,4238995968.0
4146.404729,51.2,4239996160.0
4147.412516,51.0,4240995840.0
4148.421511,51.1,4241996544.0
4149.436533,51.1,4243044864.0
4150.445912,51.2,4244045312.0
4151.451512,50.8,4245045504.0
4152.458539,50.9,4246045696.0
4153.465511,51.4,4247044864.0
4154.474522,51.0,4248095744.0
4155.487088,51.0,4249095424.0
4156.495748,51.3,4250094848.0
4157.503050,51.3,4251095552.0
4158.510806,51.3,4252095232.0
4159.519800,51.3,4253095424.0
4160.528505,51.1,4254144768.0
4161.540143,50.7,4255145472.0
4162.549038,51.1,4256145408.0
4163.557241,51.2,4257145088.0
4164.564550,51.1,4258145536.0
4165.574542,51.1,4259195904.0
4166.586541,51.3,4260195072.0
4167.594537,51.1,4261195520.0
4168.601566,51.3,4262195456.0
4169.608525,51.2,4263195392.0
4170.614878,51.0,4264194816.0
4171.625044,51.2,4265245184.0
4172.639686,50.8,4266244608.0
4173.649118,51.2,4267244800.0
4174.656784,51.1,4268245504.0
4175.664745,51.1,4269245440.0
4176.674895,51.2,4270295040.0
4177.688077,51.1,4271295232.0
4178.697550,51.1,4272295680.0
4179.705539,51.2,4273294848.0
4180.713057,51.0,4274295296.0
4181.722723,51.3,4275295488.0
4182.735452,51.3,4276344832.0
4183.744791,51.2,4277345280.0
4184.752402,51.4,4278344704.0
4185.759523,50.8,4279344896.0
4186.766452,51.3,4280344832.0
4187.776114,51.2,4281394944.0
4188.789808,51.1,4282395136.0
4189.798561,51.1,4283394560.0
4190.805552,51.1,4284395008.0
4191.812710,51.4,4285394944.0
4192.821449,51.6,4286395136.0
4193.830548,51.2,4287445248.0
4194.842406,51.1,4288444928.0
4195.850798,,
4201.859563,,
4207.868205,51.6,4304544768.0
4211.943461,51.0,4305544704.0
4212.952306,51.2,4306545152.0
4213.960415,51.2,4307544576.0
4214.967556,51.2,4308544512.0
4215.976399,51.0,4309594624.0
4216.990328,51.2,4310594560.0
4217.999606,51.1,4311594496.0
4219.006990,51.1,4312595456.0
4220.014347,51.3,4313594368.0
4221.024486,51.2,4314644480.0
4222.036535,51.3,4315644928.0
4223.045437,51.1,4316644352.0
4224.053068,51.2,4317644800.0
4225.060302,51.2,4318644736.0
4226.067855,51.2,4319644672.0
4227.077011,51.1,4320694784.0
4228.091531,51.3,4321694208.0
4229.100520,51.2,4322694144.0
4230.107683,51.3,4323694592.0
4231.114751,51.4,4324694016.0
4232.125319,51.5,4325744640.0
4233.138847,51.3,4326744576.0
4234.149209,51.3,4327744512.0
4235.157004,51.1,4328744960.0
4236.164561,51.3,4329744896.0
4237.174146,51.2,4330744832.0
4238.187317,51.3,4331794432.0
4239.197629,51.2,4332794880.0
4240.205293,51.2,4333794304.0
4241.212762,51.5,4334794240.0
4242.220789,51.2,4335794688.0
4243.230544,51.3,4336844288.0
4244.242459,51.5,4337844224.0
4245.251672,51.5,4338845184.0
4246.259071,51.3,4339844608.0
4247.266878,51.0,4340844544.0
4248.277279,51.2,4341894144.0
4249.292203,51.2,4342894080.0
4250.301449,51.2,4343894528.0
4251.308856,51.1,4344893952.0
4252.316011,51.5,4345894912.0
4253.325511,51.6,4346944000.0
4254.338460,51.3,4347943936.0
4255.348536,51.3,4348944384.0
4256.356034,51.2,4349944320.0
4257.363838,51.3,4350944256.0
4258.373359,51.6,4351944192.0
4259.382636,51.6,4352994816.0
4260.394244,51.4,4353994240.0
4261.402946,51.0,4354994688.0
4262.410536,51.1,4355994112.0
4263.418052,51.3,4356994560.0
4264.427892,51.1,4358044160.0
4265.440950,51.4,4359044096.0
4266.450821,51.3,4360044544.0
4267.458622,51.3,4361043968.0
4268.465644,51.4,4362044928.0
4269.474927,51.6,4363044864.0
4270.487516,51.3,4364093952.0
4271.497101,51.5,4365094400.0
4272.504565,51.3,4366094336.0
4273.511796,51.4,4367094272.0
4274.519225,51.1,4368094720.0
4275.528958,51.5,4369144320.0
4276.542339,51.4,4370144256.0
4277.551582,51.2,4371144192.0
4278.559362,51.5,4372144640.0
4279.567181,51.4,4373144576.0
4280.577281,51.2,4374194176.0
4281.590323,51.3,4375193600.0
4282.600758,51.4,4376194560.0
4283.608442,51.2,4377193472.0
4284.614514,51.4,4378193920.0
4285.623831,51.5,4379193856.0
4286.632809,51.6,4380243968.0
4287.643647,51.4,4381244416.0
4288.652436,51.3,4382244352.0
4289.659555,51.3,4383245312.0
4290.665525,51.3,4384244224.0
4291.675198,51.4,4385293824.0
4292.688412,51.2,4386294272.0
4293.698132,51.1,4387294208.0
4294.706132,51.3,4388294656.0
4295.713070,51.0,4389293568.0
4296.720701,51.5,4390294528.0
4297.730162,51.6,4391343616.0
4298.742919,51.4,4392344064.0
4299.751747,51.4,4393344000.0
4300.759213,51.6,4394343936.0
4301.766040,51.5,4395343872.0
4302.775265,51.4,4396344320.0
4303.788009,51.5,4397393920.0
4304.798365,51.3,4398393856.0
4305.806023,51.1,4399393792.0
4306.813348,51.3,4400394240.0
4307.821562,51.3,4401393664.0
4308.830975,51.4,4402443776.0
4309.842982,51.3,4403443712.0
4310.852372,51.2,4404444160.0
4311.859515,51.3,4405443584.0
4312.866030,51.3,4406443520.0
4313.877087,51.3,4407494144.0
4314.889748,51.5,4408493568.0
4315.898903,51.4,4409493504.0
4316.906336,51.2,4410493952.0
4317.913318,51.4,4411493888.0
4318.920476,51.4,4412493824.0
4319.930046,51.3,4413543936.0
4320.943302,51.2,4414543872.0
4321.950922,51.3,4415543296.0
4322.958550,51.1,4416543232.0
4323.965534,51.3,4417543680.0
4324.974873,51.5,4418543616.0
4325.983810,51.4,4419593728.0
4326.994732,51.5,4420593664.0
4328.003693,51.5,4421594112.0
4329.010538,51.2,4422593536.0
4330.017518,51.6,4423593472.0
4331.026157,51.7,4424643584.0
4332.039514,51.6,4425644032.0
4333.047838,51.5,4426643456.0
4334.055095,51.2,4427643904.0
4335.062545,51.4,4428643328.0
4336.069116,51.1,4429643776.0
4337.077522,51.1,4430693888.0
4338.089514,51.2,4431693824.0
4339.098458,51.5,4432693760.0
4340.105569,51.4,4433693696.0
4341.111519,51.5,4434693632.0
4342.118089,51.4,4435693568.0
4343.127514,51.3,4436743680.0
4344.139592,51.6,4437743616.0
4345.149558,51.6,4438743552.0
4346.155524,51.4,4439743488.0
4347.162513,51.2,4440743424.0
4348.168526,51.1,4441744384.0
4349.177531,51.2,4442793984.0
4350.192516,51.3,4443792896.0
4351.202536,51.4,4444793856.0
4352.209526,51.4,4445793280.0
4353.216404,51.7,4446793216.0
4354.229531,51.4,4447843840.0
4355.241529,51.4,4448843776.0
4356.249524,51.5,4449843712.0
4357.257147,51.3,4450843648.0
4358.265231,51.4,4451843584.0
4359.274249,51.3,4452843008.0
4360.284046,51.4,4453893632.0
4361.295380,51.3,4454893568.0
4362.302788,51.6,4455893504.0
4363.310531,51.5,4456893440.0
4364.317579,51.5,4457893888.0
4365.327404,51.2,4458944000.0
4366.339547,51.4,4460743168.0
4368.167528,51.5,4461743104.0
4369.178535,51.7,4462793728.0
4370.191414,51.2,4463793664.0
4371.200520,51.2,4464793088.0
4372.206842,51.3,4465793536.0
4373.213545,51.4,4466793984.0
4374.220536,51.5,4467792896.0
4375.229718,51.4,4468844032.0
4376.242578,51.5,4469844480.0
4377.251122,51.9,4470843392.0
4378.258524,51.6,4472743424.0
4380.166524,51.4,4473743360.0
4381.177543,51.3,4474793472.0
4382.190811,51.5,4475793920.0
4383.202332,51.1,4476794368.0
4384.210213,51.4,4477793792.0
4385.216562,51.5,4478793216.0
4386.226028,51.3,4479793152.0
4387.236462,51.5,4480843776.0
4388.245508,51.4,4481842688.0
4389.253943,51.6,4482844160.0
4390.261533,51.7,4483844096.0
4391.268482,51.3,4484843520.0
4392.278074,51.5,4485843456.0
4393.291186,51.5,4486893568.0
4394.301526,51.5,4487892992.0
4395.309052,51.5,4488893440.0
4396.316424,51.4,4490743296.0
4398.167374,51.5,4491742720.0
4399.178983,51.3,4492792832.0
4400.191551,51.3,4494743040.0
4402.166525,51.6,4496793600.0
4404.198539,51.5,4497793536.0
4405.205524,51.4,4498793472.0
4406.212529,51.5,4499793408.0
4407.218517,51.5,4500792832.0
4408.227536,51.2,4501793280.0
4409.235711,51.5,4502843392.0
4410.245516,51.5,4504742912.0
4412.165512,51.5,4505742848.0
4413.178191,51.5,4506793472.0
4414.190549,51.2,4507792896.0
4415.199699,51.5,4508792832.0
4416.207031,51.7,4509793280.0
4417.213528,51.6,4510792704.0
4418.220039,51.6,4511793152.0
4419.229617,,
4425.237510,,
4431.245326,51.6,4527943168.0
4435.363516,51.8,4528943104.0
4436.369537,51.4,4529942528.0
4437.379029,51.4,4530992640.0
4438.392288,51.1,4531992576.0
4439.402529,51.1,4532992512.0
4440.409521,51.3,4533992448.0
4441.416529,51.4,4534992896.0
4442.424512,51.4,4535992832.0
4443.432591,51.6,4537042944.0
4444.445530,51.5,4538042368.0
4445.453538,51.4,4539042816.0
4446.461131,51.5,4540042752.0
4447.467742,51.5,4541042688.0
4448.475510,51.4,4542043136.0
4449.483874,51.3,4543092736.0
4450.497288,51.5,4544092672.0
4451.505387,51.3,4545092096.0
4452.512076,51.6,4546092544.0
4453.519445,51.4,4547092480.0
4454.529074,51.8,4548142592.0
4455.540510,51.3,4549142528.0
4456.548530,51.5,4550142464.0
4457.560418,51.4,4551142912.0
4458.567320,51.7,4552142848.0
4459.577261,51.6,4553142272.0
4460.586392,51.7,4554192384.0
4461.597458,51.3,4555192320.0
4462.605802,51.4,4556192768.0
4463.614137,51.5,4557192192.0
4464.621313,51.5,4558192128.0
4465.630512,51.6,4559242752.0
4466.643012,51.6,4560243200.0
4467.652271,51.7,4561242624.0
4468.659517,51.4,4562242560.0
4469.666023,51.5,4563242496.0
4470.672641,51.5,4564242432.0
4471.681509,51.4,4565292032.0
4472.693552,51.4,4566292992.0
4473.702536,51.5,4567292928.0
4474.709517,51.4,4568292352.0
4475.715727,51.4,4569292288.0
4476.723757,51.7,4570292224.0
4477.732183,51.5,4571342848.0
4478.744523,51.6,4572342784.0
4479.753815,51.5,4573342720.0
4480.760551,51.7,4574342144.0
4481.767285,51.4,4575341568.0
4482.775348,51.6,4576342528.0
4483.783542,51.3,4577392640.0
4484.797958,51.5,4578392576.0
4485.805538,51.2,4579392000.0
4486.811553,51.6,4580392960.0
4487.818414,51.4,4581392384.0
4488.826549,51.5,4582391808.0
4489.835101,51.5,4583441920.0
4490.846510,51.6,4584442880.0
4491.854485,51.4,4585442304.0
4492.861581,51.6,4586441728.0
4493.867539,51.5,4587442176.0
4494.876466,51.4,4588442624.0
4495.885789,,
4501.896528,,
4507.903509,51.4,4604541952.0
4511.971520,51.5,4605541888.0
4512.981580,51.6,4606592512.0
4513.994352,51.2,4607591936.0
4515.003517,51.6,4608591872.0
4516.009532,51.5,4609592320.0
4517.016506,51.6,4610591744.0
4518.022508,51.6,4611592704.0
4519.031535,51.6,4612642304.0
4520.043509,51.6,4613641728.0
4521.052411,51.5,4614642176.0
4522.059518,51.9,4615642112.0
4523.065513,51.6,4616642048.0
4524.071520,51.6,4617642496.0
4525.079570,51.7,4618692608.0
4526.092539,51.8,4619692032.0
4527.102557,51.6,4620691968.0
4528.109583,51.5,4621691392.0
4529.115542,51.4,4622691840.0
4530.122536,51.7,4623692288.0
4531.131561,51.5,4624742912.0
4532.144543,51.6,4625741824.0
4533.153572,51.6,4626742272.0
4534.162548,51.8,4627742208.0
4535.170522,51.5,4628741632.0
4536.180823,51.6,4629791744.0
4537.194589,51.6,4630791680.0
4538.204919,51.6,4631791616.0
4539.212590,51.4,4632791552.0
4540.220005,51.6,4633792000.0
4541.229216,51.6,4634791936.0
4542.237574,51.6,4635841536.0
4543.247848,51.3,4636841984.0
4544.255562,51.5,4637841920.0
4545.262528,51.6,4638841856.0
4546.269050,51.8,4639841792.0
4547.277534,51.8,4640842240.0
4548.286387,51.7,4641891840.0
4549.297524,51.9,4642891776.0
4550.305651,52.1,4643892736.0
4551.313244,51.7,4644891648.0
4552.319524,51.8,4645891584.0
4553.328839,51.5,4646891520.0
4554.336508,51.9,4647941632.0
4555.347509,51.6,4648942080.0
4556.356102,51.7,4649941504.0
4557.362528,51.6,4650941952.0
4558.368509,51.9,4651941888.0
4559.375507,52.0,4652941824.0
4560.383509,51.4,4653991936.0
4561.394567,51.8,4654991872.0
4562.404525,51.3,4655991808.0
4563.411555,51.8,4656992256.0
4564.418523,51.9,4657991680.0
4565.426463,51.7,4658991616.0
4566.435403,51.9,4660041728.0
4567.448235,51.5,4661041152.0
4568.456545,51.7,4662041600.0
4569.464296,51.9,4663041536.0
4570.471314,51.9,4664041984.0
4571.479534,51.3,4665041920.0
4572.488166,51.5,4666092032.0
4573.498511,51.5,4667091456.0
4574.506342,51.6,4668091392.0
4575.512536,51.4,4669091840.0
4576.519874,51.9,4670091264.0
4577.528810,51.6,4671091200.0
4578.537537,51.4,4672141824.0
4579.548517,51.7,4673141248.0
4580.555810,51.7,4674141184.0
4581.562526,51.8,4675141632.0
4582.569439,51.7,4676142080.0
4583.576811,51.6,4677141504.0
4584.584511,51.5,4678191616.0
4585.596318,51.8,4679191552.0
4586.605960,51.6,4680191488.0
4587.612520,51.6,4681191424.0
4588.618509,51.9,4682191872.0
4589.626045,51.8,4683191808.0
4590.634518,51.5,4684241408.0
4591.646541,51.6,4685241344.0
4592.655545,51.6,4686241280.0
4593.662513,51.4,4687241728.0
4594.668528,51.6,4688241152.0
4595.677278,51.6,4689241600.0
4596.684536,51.7,4690291712.0
4597.697344,51.6,4691291136.0
4598.706563,51.8,4692291584.0
4599.714576,51.6,4693291520.0
4600.721531,51.9,4694291968.0
4601.730521,51.6,4695291904.0
4602.742530,51.7,4696341504.0
4603.751534,51.7,4697341440.0
4604.759853,51.7,4698340864.0
4605.767660,51.7,4699341312.0
4606.775522,51.7,4700341248.0
4607.784483,51.9,4701391872.0
4608.797523,51.9,4702390784.0
4609.805526,51.9,4703391232.0
4610.812403,51.5,4704391680.0
4611.819392,51.8,4705391104.0
4612.827524,51.7,4706391040.0
4613.835537,51.7,4707441152.0
4614.848388,51.6,4708441088.0
4615.856981,,
4621.862652,,
4627.869531,51.8,4724540928.0
4631.972355,51.6,4725541376.0
4632.981553,51.7,4726590976.0
4633.994904,51.5,4727590912.0
4635.004898,51.8,4728591360.0
4636.011573,51.5,4729590784.0
4637.017525,51.8,4730590720.0
4638.023542,51.6,4731590656.0
4639.032647,51.7,4732640768.0
4640.045811,51.7,4733641216.0
4641.054628,51.7,4734641664.0
4642.061963,51.7,4735640576.0
4643.068505,51.7,4736640512.0
4644.075191,51.9,4737640960.0
4645.085383,51.7,4738690560.0
4646.098512,51.7,4739691520.0
4647.108200,51.5,4740690944.0
4648.115805,51.5,4741691392.0
4649.123528,51.5,4742690816.0
4650.133508,51.6,4743741952.0
4651.147231,51.7,4744741376.0
4652.155921,51.9,4745741312.0
4653.163876,51.7,4746741248.0
4654.170904,52.0,4747741696.0
4655.180598,51.9,4748791296.0
4656.196116,51.8,4749791744.0
4657.206779,51.5,4750791680.0
4658.215512,51.6,4751791616.0
4659.221525,51.8,4752791552.0
4660.230855,51.6,4753790976.0
4661.244920,51.9,4754841600.0
4662.253534,51.8,4755841536.0
4663.261453,51.6,4756841472.0
4664.268872,51.7,4757840896.0
4665.277884,51.6,4758841344.0
4666.287194,51.6,4759890944.0
4667.301486,51.9,4760890880.0
4668.309574,51.7,4761891328.0
4669.316767,51.7,4762891264.0
4670.324688,51.8,4763891200.0
4671.334993,51.6,4764941312.0
4672.350041,51.6,4765940736.0
4673.358914,51.8,4766941184.0
4674.366044,51.7,4767941120.0
4675.375126,51.8,4768941056.0
4676.384947,51.8,4769991168.0
4677.400194,51.9,4770991104.0
4678.408322,51.8,4771991040.0
4679.416043,51.8,4772991488.0
4680.422519,51.7,4773991424.0
4681.431514,51.6,4774990848.0
4682.446535,51.6,4776041472.0
4683.456208,51.8,4777041408.0
4684.463449,51.9,4778040832.0
4685.471514,51.8,4779040768.0
4686.481515,51.9,4780041216.0
4687.496122,51.6,4781090816.0
4688.507410,51.4,4782090752.0
4689.515809,51.9,4783090688.0
4690.523594,51.7,4784090624.0
4691.534058,51.9,4785141760.0
4692.548536,51.9,4786140672.0
4693.557428,51.9,4787141120.0
4694.565634,51.8,4788141056.0
4695.572537,52.0,4789140480.0
4696.582510,51.7,4790190592.0
4697.596758,51.7,4791191040.0
4698.605563,51.8,4792190976.0
4699.612236,51.8,4793190912.0
4700.620123,51.9,4794191360.0
4701.629332,51.6,4795191296.0
4702.638125,51.9,4796240896.0
4703.652638,51.7,4797241344.0
4704.660703,51.8,4798240768.0
4705.666911,51.5,4799241216.0
4706.674652,52.0,4800241152.0
4707.685528,51.7,4801291264.0
4708.699856,51.8,4802290688.0
4709.709089,51.9,4803290624.0
4710.716937,51.7,4804290560.0
4711.723527,51.9,4805291008.0
4712.733633,51.8,4806341632.0
4713.747764,52.0,4807340544.0
4714.756990,51.8,4808341504.0
4715.764133,51.5,4809340928.0
4716.771232,51.7,4810341376.0
4717.779869,52.0,4811341312.0
4718.789710,51.9,4812390912.0
4719.804525,51.7,4813390848.0
4720.810528,51.7,4814390784.0
4721.817534,51.6,4815391232.0
4722.826168,51.7,4816391168.0
4723.836163,51.5,4817441280.0
4724.849549,52.1,4818441216.0
4725.858706,51.9,4819441152.0
4726.866299,51.9,4820441088.0
4727.873894,51.6,4821440512.0
4728.883561,51.8,4822491648.0
4729.898522,52.1,4823491584.0
4730.907533,51.9,4824492032.0
4731.914535,51.8,4825490944.0
4732.921553,51.7,4826490880.0
4733.932518,51.8,4827490816.0
4734.947520,51.7,4828540928.0
4735.956770,51.6,4829541376.0
4736.964599,51.9,4830540800.0
4737.971704,51.7,4831541248.0
4738.981527,51.8,4832540672.0
4739.990534,51.8,4833590784.0
4741.002684,51.8,4834590720.0
4742.010583,52.0,4835591168.0
4743.018331,51.9,4836590592.0
4744.026084,51.9,4837591040.0
4745.036536,51.9,4838641152.0
4746.051077,51.7,4839641088.0
4747.059462,51.7,4840641024.0
4748.067276,52.1,4841640960.0
4749.075533,51.5,4842641408.0
4750.085524,52.0,4843691520.0
4751.099097,51.7,4844690432.0
4752.108556,52.1,4845690880.0
4753.116646,51.8,4846690816.0
4754.123978,51.8,4847690240.0
4755.133521,51.8,4848740352.0
4756.147532,51.7,4849740288.0
4757.156652,51.8,4850739712.0
4758.163510,51.9,4851739648.0
4759.169522,51.9,4852740096.0
4760.177547,51.9,4853741568.0
4761.187828,51.6,4854789632.0
4762.207045,52.1,4855790080.0
4763.216574,51.7,4856791040.0
4764.236548,51.7,4857840640.0
4765.255535,51.8,4858841088.0
4766.263531,52.0,4859840512.0
4767.273543,52.0,4860840448.0
4768.287603,51.9,4861891072.0
4769.304549,51.9,4862891008.0
4770.311528,52.0,4863890432.0
4771.318873,51.7,4864890880.0
4772.325559,51.6,4865890304.0
4773.335977,52.0,4866940928.0
4774.348529,52.2,4867940864.0
4775.356512,52.0,4868940800.0
4776.363330,51.7,4869940736.0
4777.369543,51.9,4870940672.0
4778.376540,52.1,4871940608.0
4779.386511,51.8,4872991232.0
4780.400331,52.3,4873989632.0
4781.409086,52.0,4874989568.0
4782.416573,52.1,4875990528.0
4783.424918,51.9,4876990464.0
4784.435311,51.8,4878041088.0
4785.448928,51.9,4879040512.0
4786.457916,52.1,4880040448.0
4787.464512,52.0,4881040896.0
4788.470514,52.0,4882040320.0
4789.479515,51.8,4883040256.0
4790.489004,52.0,4884090368.0
4791.503183,52.0,4885090304.0
4792.511709,51.8,4886090752.0
4793.519519,51.9,4887090176.0
4794.526513,51.7,4888090624.0
4795.536100,,
4801.539995,,
4807.548071,52.2,4904189952.0
4811.620944,52.1,4905190400.0
4812.628531,52.1,4906190336.0
4813.637734,52.0,4907240448.0
4814.650511,52.0,4908240384.0
4815.659519,52.1,4909240832.0
4816.666516,51.9,4910240256.0
4817.674512,52.1,4911240192.0
4818.683551,52.1,4912290304.0
4819.698615,51.9,4913290240.0
4820.707521,52.0,4914290176.0
4821.716012,52.1,4915290112.0
4822.722516,52.0,4916290048.0
4823.730576,51.8,4917289984.0
4824.739550,52.0,4918340096.0
4825.752518,51.9,4919340544.0
4826.759511,52.1,4920339968.0
4827.766521,52.0,4921340416.0
4828.773542,52.3,4922339840.0
4829.782528,51.9,4923340288.0
4830.797513,52.0,4924389888.0
4831.806977,52.0,4925389824.0
4832.814513,52.0,4926390784.0
4833.821529,52.0,4927390720.0
4834.829530,51.8,4928389632.0
4835.838514,52.2,4929440256.0
4836.852974,51.9,4930439680.0
4837.860527,51.9,4931440128.0
4838.868470,52.2,4932440576.0
4839.875510,52.0,4933440000.0
4840.885795,51.9,4934489600.0
4841.899524,51.8,4935489536.0
4842.909165,51.9,4936489984.0
4843.916559,51.8,4937490432.0
4844.924528,51.8,4938489856.0
4845.936531,52.1,4939539968.0
4846.950521,52.1,4940539392.0
4847.959553,51.9,4941539840.0
4848.966589,51.9,4942539776.0
4849.972515,51.7,4943540736.0
4850.981516,52.1,4944539648.0
4851.990543,51.8,4945590784.0
4853.008815,51.8,4946589696.0
4854.015531,51.8,4947590144.0
4855.022536,51.9,4948589568.0
4856.032535,52.0,4949589504.0
4857.041525,51.7,4950639616.0
4858.053509,51.7,4951639552.0
4859.061642,52.1,4952639488.0
4860.069314,51.8,4953639936.0
4861.076996,51.9,4954639872.0
4862.088520,52.1,4955689472.0
4863.103922,52.2,4956689408.0
4864.111510,51.7,4957689344.0
4865.119510,52.2,4958689792.0
4866.126231,51.9,4959689728.0
4867.136911,51.6,4960739328.0
4868.150535,52.2,4961739776.0
4869.159519,52.1,4962739712.0
4870.166549,52.2,4963739648.0
4871.173509,52.1,4964739584.0
4872.182326,52.0,4965740544.0
4873.192549,51.8,4966789120.0
4874.203518,51.8,4967789568.0
4875.211808,51.8,4968789504.0
4876.220524,51.9,4969790464.0
4877.227526,52.1,4970789888.0
4878.238536,52.3,4971839488.0
4879.252524,52.0,4972838912.0
4880.260526,51.9,4973839360.0
4881.268035,52.0,4974839296.0
4882.274757,52.0,4975839744.0
4883.284531,51.9,4976839168.0
4884.297527,52.0,4977889792.0
4885.307543,51.9,4978889728.0
4886.314607,51.9,4979889664.0
4887.322516,52.2,4980889600.0
4888.330529,52.1,4981889536.0
4889.341990,51.7,4982939136.0
4890.353509,51.9,4983939584.0
4891.361327,52.0,4984939520.0
4892.369177,52.1,4985939456.0
4893.377541,51.9,4986939392.0
4894.388688,52.2,4987989504.0
4895.403392,52.2,4988989440.0
4896.412638,51.6,4989989376.0
4897.422551,52.0,4990989312.0
4898.430541,51.8,4991989248.0
4899.439641,52.1,4993039360.0
4900.452531,52.1,4994039296.0
4901.460538,52.1,4995039232.0
4902.468530,51.9,4996039168.0
4903.475538,52.0,4997039104.0
4904.486207,52.0,4998089216.0
4905.502785,51.8,4999088640.0
4906.513090,52.0,5000088576.0
4907.519586,52.2,5001089024.0
4908.526208,52.2,5002088448.0
4909.536925,52.0,5003139072.0
4910.550520,51.9,5004139520.0
4911.559547,52.0,5005139456.0
4912.566520,51.8,5006138880.0
4913.574530,51.9,5007139328.0
4914.583737,51.9,5008138752.0
4915.592564,,
4921.603802,,
4927.611522,52.0,5024239104.0
4931.688253,51.7,5025288704.0
4932.702157,52.0,5026289152.0
4933.711528,52.2,5027289088.0
4934.718543,52.3,5028289024.0
4935.726153,52.1,5029288960.0
4936.736649,52.0,5030338560.0
4937.751525,52.1,5031339520.0
4938.761626,52.1,5032338944.0
4939.768509,51.9,5033338368.0
4940.775538,52.1,5034338816.0
4941.785771,52.1,5035388416.0
4942.800549,51.8,5036389376.0
4943.810701,52.0,5037387776.0
4944.818077,52.1,5038388736.0
4945.826518,52.0,5039388672.0
4946.836005,52.3,5040438784.0
4947.850614,51.9,5041438720.0
4948.859523,52.0,5042439168.0
4949.866375,52.3,5043438592.0
4950.873517,52.2,5044438528.0
4951.883043,52.0,5045438976.0
4952.893501,52.1,5046488576.0
4953.905435,52.2,5047489024.0
4954.913535,52.3,5048488960.0
4955.920531,52.3,5049488896.0
4956.928527,52.0,5050489344.0
4957.939255,52.1,5051538944.0
4958.952544,52.4,5052538880.0
4959.960518,52.1,5053539840.0
4960.968947,52.0,5054538752.0
4961.976550,52.0,5055538688.0
4962.987534,51.9,5056588800.0
4964.001398,52.2,5057588736.0
4965.011517,52.1,5058587648.0
4966.018844,52.1,5059589632.0
4967.027612,51.8,5060588544.0
4968.038012,52.3,5061638656.0
4969.051509,52.0,5062638592.0
4970.061531,52.0,5063638016.0
4971.068524,52.2,5064637952.0
4972.076399,52.2,5065637888.0
4973.086477,51.9,5066689024.0
4974.100518,51.9,5067688448.0
4975.109523,52.0,5068688896.0
4976.116512,51.7,5069688320.0
4977.123559,51.8,5070688768.0
4978.131548,52.0,5071689216.0
4979.141626,52.1,5072738816.0
4980.155510,52.1,5073737728.0
4981.162529,52.1,5074737664.0
4982.169510,51.7,5075739648.0
4983.175563,52.1,5076738560.0
4984.186515,52.1,5077738496.0
4985.200728,52.0,5078788608.0
4986.211231,52.0,5079788032.0
4987.218481,52.2,5080788992.0
4988.225526,52.0,5081788416.0
4989.235511,52.0,5082788352.0
4990.250508,52.2,5083838976.0
4991.259732,52.0,5084838400.0
4992.266552,51.9,5085838848.0
4993.278508,52.1,5086838784.0
4994.289312,52.3,5087889408.0
4995.302533,51.9,5088888832.0
4996.311583,52.2,5089888256.0
4997.318520,52.2,5090888704.0
4998.326776,52.2,5091888640.0
4999.337732,52.1,5092938752.0
5000.351535,52.1,5093938688.0
5001.360517,51.9,5094939136.0
5002.367379,51.7,5095938560.0
5003.374512,52.2,5096938496.0
5004.381865,51.9,5097937920.0
5005.390550,52.2,5098988544.0
5006.404519,52.1,5099988480.0
5007.412539,52.2,5100988416.0
5008.420569,52.1,5101988352.0
5009.427765,52.2,5102988288.0
5010.437664,52.1,5104038400.0
5011.451514,52.2,5105038848.0
5012.460551,52.0,5106038272.0
5013.466531,52.2,5107038720.0
5014.474512,52.0,5108038656.0
5015.483522,52.1,5109038592.0
5016.492533,52.0,5110088192.0
5017.507537,52.2,5111088640.0
5018.514551,52.2,5112088576.0
5019.521521,52.1,5113088000.0
5020.527535,52.1,5114088960.0
5021.538285,52.0,5115139072.0
5022.552517,52.2,5116136960.0
5023.561515,52.0,5117136896.0
5024.568527,52.0,5118137344.0
5025.575513,52.3,5119138816.0
5026.585725,51.8,5120138240.0
5027.595547,51.9,5121188864.0
5028.607854,52.1,5122188800.0
5029.615447,52.0,5123189248.0
5030.622531,52.1,5124188672.0
5031.629527,52.0,5125188096.0
5032.640506,52.1,5126238720.0
5033.653528,52.0,5127237120.0
5034.662604,52.4,5128238080.0
5035.670540,,
5041.679535,,
5047.686636,51.9,5144338432.0
5051.756508,52.3,5145338368.0
5052.764400,52.2,5146337792.0
5053.772567,51.8,5147338240.0
5054.780634,52.3,5148338688.0
5055.791571,52.2,5149388288.0
5056.806554,52.1,5150388224.0
5057.815546,52.0,5151388160.0
5058.824268,52.0,5152388096.0
5059.831535,52.2,5153388032.0
5060.842211,52.5,5154438656.0
5061.856543,51.9,5155438080.0
5062.865288,52.0,5156438016.0
5063.872613,52.1,5157437952.0
5064.880511,51.9,5158437888.0
5065.891522,52.0,5159487488.0
5066.905661,52.4,5160487424.0
5067.913519,52.2,5161487872.0
5068.919527,52.0,5162488832.0
5069.926538,52.0,5163487744.0
5070.936520,52.2,5164487680.0
5071.945529,52.1,5165538304.0
5072.957530,51.9,5166538240.0
5073.964532,52.2,5167538688.0
5074.971548,52.4,5168538112.0
5075.979540,52.1,5169538560.0
5076.990526,52.2,5170587648.0
5078.004554,52.0,5171588096.0
5079.013515,52.0,5172587520.0
5080.020528,51.9,5173587968.0
5081.028552,52.2,5174587904.0
5082.038757,52.3,5175638528.0
5083.054507,52.1,5176637440.0
5084.063521,52.1,5177637888.0
5085.070528,52.3,5178637824.0
5086.076523,52.3,5179637760.0
5087.085520,52.4,5180637696.0
5088.093515,51.9,5181687808.0
5089.106533,52.2,5182688256.0
5090.114528,52.3,5183687680.0
5091.122535,52.1,5184687616.0
5092.129860,52.2,5185687552.0
5093.141019,52.1,5186738176.0
5094.154957,52.1,5187737600.0
5095.164521,52.4,5188737536.0
5096.171565,52.0,5189737472.0
5097.179166,51.9,5190737920.0
5098.189349,52.2,5191786496.0
5099.202857,52.0,5192787456.0
5100.212532,52.3,5193787904.0
5101.219523,52.0,5194787840.0
5102.226512,52.3,5195787264.0
5103.234540,52.0,5196787712.0
5104.244516,52.4,5197837824.0
5105.258548,52.0,5198837760.0
5106.265514,52.1,5199837184.0
5107.272508,52.0,5200837632.0
5108.279527,52.1,5201837568.0
5109.290408,52.0,5202887168.0
5110.305523,52.2,5203888128.0
5111.315248,52.4,5204887552.0
5112.322525,52.2,5205888512.0
5113.330547,52.2,5206886912.0
5114.341532,52.3,5207937536.0
5115.355514,52.4,5208936960.0
5116.363561,51.9,5209937408.0
5117.370512,52.3,5210936832.0
5118.377593,52.3,5211937792.0
5119.387522,52.1,5212937216.0
5120.401513,51.9,5213986816.0
5121.410369,52.1,5214988288.0
5122.418542,52.0,5215987712.0
5123.425508,52.0,5216986624.0
5124.432115,52.1,5217987584.0
5125.441577,51.9,5219037184.0
5126.455968,52.0,5220037120.0
5127.464613,51.9,5221036544.0
5128.472108,52.2,5222036992.0
5129.478519,52.1,5223037952.0
5130.488858,52.2,5224087040.0
5131.503813,52.1,5225086976.0
5132.513525,52.0,5226086400.0
5133.520760,51.9,5227086848.0
5134.528122,52.4,5228086784.0
5135.538601,51.9,5229136896.0
5136.553648,52.1,5230136832.0
5137.562554,51.8,5231137280.0
5138.568521,52.0,5232137216.0
5139.575036,52.0,5233137152.0
5140.582513,52.0,5234137088.0
5141.591533,52.2,5235187200.0
5142.605789,52.0,5236186624.0
5143.614787,52.3,5237187072.0
5144.622531,52.1,5238186496.0
5145.629970,52.1,5239186944.0
5146.641767,52.1,5240237056.0
5147.655153,52.1,5241236992.0
5148.664176,52.1,5242237440.0
5149.670998,52.5,5243237888.0
5150.678380,51.7,5244237312.0
5151.687958,52.1,5245236736.0
5152.697406,51.9,5246286848.0
5153.708509,51.9,5247286784.0
5154.717051,52.2,5248286720.0
5155.725276,,
5161.733129,,
5167.735541,52.0,5264386560.0
5171.814520,52.1,5265386496.0
5172.821534,52.2,5266386432.0
5173.828736,52.3,5267386880.0
5174.837653,51.9,5268386304.0
5175.845818,51.9,5269435904.0
5176.857556,52.2,5270435328.0
5177.865531,52.2,5271435776.0
5178.872531,52.1,5272436736.0
5179.881078,52.2,5273436672.0
5180.892456,51.9,5274486784.0
5181.905900,52.1,5275486720.0
5182.915539,52.0,5276486656.0
5183.923777,52.1,5277486592.0
5184.931556,52.1,5278486528.0
5185.941523,52.2,5279536640.0
5186.954515,52.1,5280537088.0
5187.963143,52.2,5281536512.0
5188.970810,52.0,5282536448.0
5189.977824,52.1,5283536384.0
5190.987520,52.1,5284536832.0
5191.996911,52.1,5285586944.0
5193.009134,52.1,5286586880.0
5194.016511,52.2,5287586304.0
5195.022543,52.2,5288586752.0
5196.029995,51.9,5289586688.0
5197.039921,51.9,5290586112.0
5198.054845,52.2,5291636736.0
5199.064549,52.0,5292636672.0
5200.072209,52.1,5293636608.0
5201.078519,52.0,5294635008.0
5202.085553,52.2,5295635456.0
5203.094345,52.1,5296686592.0
5204.107518,52.3,5297687040.0
5205.117196,52.3,5298686464.0
5206.124388,52.2,5299686400.0
5207.131448,52.1,5300686336.0
5208.142125,52.2,5301736960.0
5209.154532,52.1,5302736896.0
5210.162528,52.3,5303735808.0
5211.169105,51.9,5304736256.0
5212.176947,52.4,5305736192.0
5213.184981,52.0,5306736640.0
5214.194533,52.3,5307787776.0
5215.208888,52.6,5308786176.0
5216.217995,52.2,5309786112.0
5217.226689,52.4,5310786048.0
5218.235761,52.1,5311786496.0
5219.246446,52.2,5312836096.0
5220.259423,52.2,5313836032.0
5221.268189,52.1,5314836480.0
5222.276105,52.0,5315836416.0
5223.283530,52.3,5316835840.0
5224.294037,52.3,5317886464.0
5225.308536,52.0,5318886912.0
5226.317056,52.2,5319886336.0
5227.324082,52.4,5320886272.0
5228.331407,51.9,5321886208.0
5229.341545,51.9,5322936832.0
5230.355819,52.2,5323937280.0
5231.364932,52.0,5324936192.0
5232.372730,52.2,5325936128.0
5233.379538,52.2,5326936576.0
5234.389266,52.4,5327936000.0
5235.403801,52.2,5328986112.0
5236.413224,52.0,5329986048.0
5237.419508,52.2,5330986496.0
5238.426611,52.1,5331985920.0
5239.433528,52.0,5332985856.0
5240.443534,52.4,5334036480.0
5241.456518,52.1,5335035392.0
5242.465351,52.1,5336035840.0
5243.472531,52.5,5337036288.0
5244.478838,52.3,5338035712.0
5245.488704,52.3,5339036672.0
5246.497506,52.4,5340085760.0
5247.510005,52.5,5341086720.0
5248.518476,52.0,5342085632.0
5249.526403,52.2,5343085568.0
5250.534508,52.1,5344086016.0
5251.544434,52.3,5345135104.0
5252.558447,52.1,5346135552.0
5253.566568,52.2,5347134976.0
5254.574858,52.2,5348136448.0
5255.582531,52.4,5349135872.0
5256.593416,52.2,5350185984.0
5257.606510,52.2,5351185408.0
5258.615157,52.1,5352185344.0
5259.622756,52.1,5353185792.0
5260.630940,52.0,5354184704.0
5261.640433,52.1,5355185664.0
5262.653976,52.3,5356235264.0
5263.662912,52.4,5357235712.0
5264.670277,52.3,5358235648.0
5265.677524,52.1,5359235584.0
5266.683514,52.0,5360235520.0
5267.692518,52.2,5361286144.0
5268.706533,52.2,5362285568.0
5269.716035,52.3,5363285504.0
5270.723701,52.5,5364285440.0
5271.731624,52.1,5365285376.0
5272.742706,52.1,5366336000.0
5273.756527,52.4,5367335936.0
5274.765554,52.3,5368335360.0
5275.773958,,
5281.782517,,
5287.789654,52.6,5384435712.0
5291.876539,52.5,5385435136.0
5292.884687,52.1,5386435072.0
5293.893633,52.1,5387485696.0
5294.907129,52.5,5388485120.0
5295.916539,52.0,5389485568.0
5296.924522,52.3,5390485504.0
5297.931817,52.0,5391485440.0
5298.941851,52.0,5392535552.0
5299.955890,52.2,5393534976.0
5300.965061,52.5,5394535936.0
5301.971514,52.2,5395535360.0
5302.978527,52.5,5396535296.0
5303.987533,52.4,5397535744.0
5304.996792,52.1,5398585344.0
5306.010582,52.3,5399585280.0
5307.019031,52.4,5400585216.0
5308.026834,52.5,5401585664.0
5309.033549,52.2,5402585088.0
5310.043828,52.1,5403635712.0
5311.056723,52.2,5404635136.0
5312.065528,52.2,5405635072.0
5313.073518,52.2,5406635008.0
5314.080789,52.1,5407634944.0
5315.090792,51.9,5408634368.0
5316.103538,52.2,5409684992.0
5317.111520,52.3,5410684928.0
5318.120009,52.0,5411684864.0
5319.127538,52.4,5412684800.0
5320.134771,52.1,5413685248.0
5321.144957,52.3,5414735360.0
5322.159118,52.5,5415734784.0
5323.166634,52.4,5416734720.0
5324.173548,52.4,5417735680.0
5325.180966,52.0,5418735104.0
5326.190410,52.1,5419734528.0
5327.203270,52.3,5420785152.0
5328.212342,52.1,5421785088.0
5329.220422,52.3,5422785536.0
5330.227880,52.1,5423784960.0
5331.234736,52.5,5424784896.0
5332.243851,52.1,5425835008.0
5333.256952,52.2,5426834944.0
5334.266376,52.1,5427835392.0
5335.273690,52.5,5428836352.0
5336.281458,52.4,5429835264.0
5337.289979,52.0,5430835200.0
5338.298540,52.3,5431883776.0
5339.309550,52.2,5432884736.0
5340.317523,52.2,5433884672.0
5341.324509,52.1,5434884096.0
5342.330535,52.1,5435884544.0
5343.340574,52.0,5436885504.0
5344.349545,52.1,5437935104.0
5345.361029,52.2,5438935040.0
5346.368536,51.9,5439934464.0
5347.375535,52.3,5440934912.0
5348.382550,52.5,5441934848.0
5349.393527,52.2,5442984960.0
5350.406538,52.2,5443984896.0
5351.416524,52.4,5444985344.0
5352.423538,52.4,5445984768.0
5353.431102,52.2,5446984704.0
5354.440533,52.5,5447984640.0
5355.454550,52.4,5449034752.0
5356.463352,52.2,5450034688.0
5357.470547,52.6,5451034624.0
5358.477672,52.3,5452034560.0
5359.485115,52.2,5453034496.0
5360.496048,52.3,5454085120.0
5361.510020,52.4,5455085056.0
5362.518790,52.0,5456085504.0
5363.525511,52.6,5457085440.0
5364.533013,52.4,5458085376.0
5365.543549,52.3,5459134976.0
5366.558697,52.2,5460135424.0
5367.567767,52.2,5461134848.0
5368.574901,52.2,5462135296.0
5369.582683,52.2,5463134720.0
5370.593528,52.5,5464184832.0
5371.607527,52.2,5465184768.0
5372.616359,52.3,5466185216.0
5373.624081,52.3,5467184640.0
5374.631512,52.1,5468185088.0
5375.639512,52.4,5469184000.0
5376.648250,52.1,5470234624.0
5377.660484,52.3,5471235072.0
5378.668537,52.5,5472234496.0
5379.678379,52.0,5473234432.0
5380.688510,52.4,5474233856.0
5381.697637,52.3,5475284480.0
5382.710540,52.3,5476284928.0
5383.719538,52.4,5477284352.0
5384.727351,52.3,5478283776.0
5385.735114,52.2,5479283712.0
5386.744554,52.4,5480334336.0
5387.758293,52.1,5481334272.0
5388.767893,52.1,5482334208.0
5389.774719,52.2,5483334144.0
5390.783518,52.2,5484334592.0
5391.793340,52.1,5485384192.0
5392.807515,52.0,5486384640.0
5393.815523,52.3,5487385600.0
5394.822538,52.0,5488384512.0
5395.830228,,
5401.835846,,
5407.843783,52.3,5504484352.0
5411.944521,51.8,5505534976.0
5412.958529,52.6,5506534400.0
5413.967366,52.3,5507534336.0
5414.974531,52.3,5508534784.0
5415.981965,52.5,5509534720.0
5416.991510,52.5,5510534656.0
5418.000520,52.3,5511584256.0
5419.011508,52.2,5512584192.0
5420.019539,52.4,5513584128.0
5421.026521,52.3,5514583552.0
5422.034380,52.3,5515584512.0
5423.044539,52.5,5516634624.0
5424.057514,52.2,5517634560.0
5425.066351,52.2,5518635520.0
5426.073541,52.2,5519633920.0
5427.080844,52.3,5520633856.0
5428.090798,52.5,5521634304.0
5429.105535,52.4,5522683392.0
5430.115641,52.2,5523683840.0
5431.123538,52.2,5524684288.0
5432.130894,52.1,5525684224.0
5433.142212,52.3,5526684160.0
5434.155611,52.3,5527733760.0
5435.163522,52.3,5528734208.0
5436.170509,52.4,5529734144.0
5437.177436,52.4,5530734592.0
5438.184959,52.3,5531734016.0
5439.196516,52.2,5532784128.0
5440.211097,52.1,5533784064.0
5441.219204,52.5,5534784512.0
5442.226665,52.2,5535783936.0
5443.233529,52.2,5536783872.0
5444.243351,52.4,5537833984.0
5445.257072,52.3,5538833920.0
5446.266040,52.4,5539833856.0
5447.272520,52.5,5540834816.0
5448.278509,52.2,5541834240.0
5449.285220,52.3,5542834176.0
5450.295520,52.4,5543884288.0
5451.309678,52.2,5544884224.0
5452.318855,52.2,5545884160.0
5453.326336,52.3,5546884608.0
5454.333536,52.5,5547884544.0
5455.342518,52.3,5548884480.0
5456.357087,52.2,5549934080.0
5457.365882,52.2,5550934016.0
5458.373808,52.3,5551934464.0
5459.381158,52.1,5552934400.0
5460.390408,52.2,5553933824.0
5461.399536,52.2,5554984448.0
5462.414387,52.4,5555984896.0
5463.421536,52.2,5556983808.0
5464.429457,52.6,5557983744.0
5465.437416,52.4,5558984192.0
5466.447140,52.4,5560034304.0
5467.460510,52.4,5561034240.0
5468.468517,52.4,5562034176.0
5469.476055,52.2,5563034112.0
5470.483917,52.3,5564034048.0
5471.494525,52.3,5565084160.0
5472.508252,52.5,5566084096.0
5473.516542,52.4,5567084032.0
5474.523523,52.5,5568083968.0
5475.529540,52.2,5569083904.0
5476.537510,52.1,5570084352.0
5477.546513,52.5,5571134464.0
5478.561100,52.5,5572133888.0
5479.569291,52.1,5573134336.0
5480.576735,52.5,5574133760.0
5481.583746,52.1,5575134208.0
5482.593856,52.3,5576184320.0
5483.608752,52.3,5577184256.0
5484.617789,52.0,5578183680.0
5485.625364,52.3,5579183616.0
5486.632528,52.1,5580183552.0
5487.641699,52.2,5581184000.0
5488.657481,52.4,5582233600.0
5489.666668,52.3,5583234048.0
5490.673529,52.2,5584234496.0
5491.681473,52.1,5585234432.0
5492.690687,52.3,5586233344.0
5493.701073,52.4,5587283456.0
5494.713002,52.2,5588283904.0
5495.722698,52.3,5589283840.0
5496.729562,52.7,5590283776.0
5497.736562,52.4,5591284224.0
5498.746698,52.3,5592334336.0
5499.759573,52.3,5593334272.0
5500.768767,52.3,5594334208.0
5501.776597,52.2,5595334144.0
5502.784547,52.3,5596333568.0
5503.795603,52.2,5597383680.0
5504.811075,52.6,5598383616.0
5505.819707,52.4,5599383552.0
5506.828634,52.2,5600383488.0
5507.836636,52.5,5601383936.0
5508.847522,52.3,5602433536.0
5509.861381,52.6,5603433472.0
5510.871368,52.4,5604433408.0
5511.879304,52.4,5605433856.0
5512.887480,52.5,5606433280.0
5513.898529,52.3,5607483392.0
5514.914438,52.4,5608483328.0
5515.923262,52.5,5609483264.0
5516.932009,52.5,5610483712.0
5517.942096,52.5,5611483648.0
5518.951899,52.5,5612533760.0
5519.963753,52.5,5613533184.0
5520.973068,52.0,5614534144.0
5521.980586,52.1,5615533056.0
5522.988568,52.1,5616534016.0
5523.997521,52.6,5617583616.0
5525.010807,52.4,5618583552.0
5526.020840,52.1,5619582976.0
5527.029545,52.1,5620583424.0
5528.036700,52.2,5621583360.0
5529.047937,52.3,5622633472.0
5530.063119,52.7,5623633408.0
5531.071791,52.0,5624633344.0
5532.079391,52.5,5625633792.0
5533.088323,52.3,5626633728.0
5534.098745,52.6,5627683328.0
5535.112846,52.3,5628683264.0
5536.120946,52.2,5629683200.0
5537.128326,52.6,5630733312.0
5538.169572,52.3,5632783872.0
5540.209820,52.6,5633783808.0
5541.222099,52.2,5634783744.0
5542.229889,52.2,5635783680.0
5543.236518,52.2,5636783104.0
5544.245758,52.4,5637833728.0
5545.260319,52.3,5638833664.0
5546.269760,52.5,5639833600.0
5547.277955,52.5,5640834048.0
5548.285929,52.2,5641833984.0
5549.297244,52.6,5642882560.0
5550.313112,52.5,5643883008.0
5551.320478,52.2,5644883456.0
5552.329067,52.1,5645882880.0
5553.336223,52.1,5646882816.0
5554.346790,52.0,5647932928.0
5555.360350,,
5561.365338,,
5567.373276,52.3,5664032768.0
5571.497546,52.3,5665082880.0
5572.512250,52.1,5666083328.0
5573.521122,52.2,5667082752.0
5574.530173,52.4,5668083200.0
5575.538213,52.0,5669083136.0
5576.548674,52.2,5670133248.0
5577.563281,52.4,5671132672.0
5578.571538,52.4,5672132096.0
5579.578805,52.2,5673132544.0
5580.587298,52.6,5674132992.0
5581.597966,52.1,5675182592.0
5582.612352,52.2,5676182528.0
5583.621262,52.5,5677182464.0
5584.629712,52.1,5678182400.0
5585.638639,52.4,5679182336.0
5586.647538,52.3,5680232448.0
5587.660547,52.1,5681232384.0
5588.669532,51.9,5682231808.0
5589.677300,52.4,5683232256.0
5590.684524,52.1,5684232704.0
5591.694529,52.4,5685233152.0
5592.709195,52.3,5686282752.0
5593.718537,52.4,5687283200.0
5594.726749,52.1,5688283136.0
5595.733611,52.2,5689282560.0
5596.744393,52.4,5690283008.0
5597.759068,52.3,5691333120.0
5598.768903,52.1,5692333568.0
5599.776881,52.2,5693332480.0
5600.785011,52.7,5694333440.0
5601.794553,52.3,5695332352.0
5602.808888,52.1,5696382976.0
5603.818558,52.6,5697382912.0
5604.826902,52.7,5698382848.0
5605.833516,52.1,5699382784.0
5606.844514,52.4,5700383232.0
5607.854809,52.4,5701432832.0
5608.864549,52.4,5702432768.0
5609.872541,52.3,5703432704.0
5610.880552,52.4,5704432640.0
5611.888485,52.4,5705432576.0
5612.898520,52.3,5706482688.0
5613.911519,52.3,5707482624.0
5614.920736,52.4,5708483072.0
5615.928090,52.5,5709482496.0
5616.935530,52.2,5710482432.0
5617.946385,52.4,5711532544.0
5618.961156,52.7,5712532992.0
5619.970235,52.6,5713532416.0
5620.978608,52.4,5714532864.0
5621.986808,52.5,5715532800.0
5622.997515,52.2,5716582912.0
5624.011166,52.6,5717582848.0
5625.020552,52.3,5718582784.0
5626.028738,52.4,5719582208.0
5627.037308,52.2,5720582656.0
5628.048445,52.7,5721633792.0
5629.062542,52.6,5722633216.0
5630.071526,52.7,5723633152.0
5631.079247,52.3,5724633088.0
5632.087454,52.4,5725632512.0
5633.097565,52.1,5726683136.0
5634.111548,52.4,5727683072.0
5635.119563,52.2,5728682496.0
5636.127534,52.5,5730232320.0
5637.687525,52.2,5731231744.0
5638.696524,52.4,5732281856.0
5639.710543,52.3,5733282816.0
5640.719513,51.9,5734282240.0
5641.726531,52.4,5735283200.0
5642.734370,52.4,5736282112.0
5643.743835,52.1,5737282048.0
5644.753642,52.5,5738332672.0
5645.765530,52.5,5739332608.0
5646.773158,52.2,5740332544.0
5647.780627,52.4,5741332480.0
5648.789330,52.0,5742332416.0
5649.800645,52.4,5743382528.0
5650.815089,52.3,5744381952.0
5651.822519,52.5,5745382400.0
5652.830512,52.1,5746381824.0
5653.837526,52.1,5747382272.0
5654.848718,52.4,5748432384.0
5655.862816,52.4,5749432320.0
5656.871606,52.3,5750432256.0
5657.879106,52.2,5751432192.0
5658.888369,52.3,5752432128.0
5659.899723,52.3,5753482752.0
5660.913536,52.2,5754482688.0
5661.922944,52.3,5755482112.0
5662.930536,52.5,5756482048.0
5663.938282,52.5,5757481984.0
5664.948557,52.4,5758532096.0
5665.963486,52.4,5759532544.0
5666.972132,52.6,5760532480.0
5667.980576,52.4,5761532416.0
5668.988602,52.5,5762531840.0
5669.999193,52.3,5763582464.0
5671.014068,52.2,5764582400.0
5672.023710,52.1,5765582336.0
5673.031918,52.6,5766582784.0
5674.041174,51.9,5767582208.0
5675.052027,52.5,5768632320.0
5676.065724,52.2,5769632768.0
5677.074591,52.5,5770632192.0
5678.082521,52.5,5771632128.0
5679.090949,52.6,5772632576.0
5680.100525,52.4,5773682688.0
5681.113724,52.3,5774682624.0
5682.123062,52.4,5775682560.0
5683.131179,52.4,5776681984.0
5684.138540,52.2,5777682432.0
5685.149189,52.5,5778732544.0
5686.164542,52.5,5779731968.0
5687.172598,52.3,5780731904.0
5688.179780,52.3,5781731328.0
5689.188548,52.3,5782732288.0
5690.199535,52.3,5783782912.0
5691.212529,52.5,5784781824.0
5692.221458,52.3,5785782272.0
5693.231239,52.5,5786782720.0
5694.240161,52.3,5787782656.0
5695.250036,52.3,5788833280.0
5696.265448,52.6,5789833216.0
5697.273882,52.5,5790832640.0
5698.281423,52.4,5791832064.0
5699.289177,52.5,5792832000.0
5700.299848,52.4,5793882112.0
5701.314817,51.9,5794882048.0
5702.325292,52.5,5795881984.0
5703.332547,52.4,5796881920.0
5704.340632,52.3,5797882368.0
5705.350570,52.3,5798932992.0
5706.364960,52.3,5799931904.0
5707.373394,52.3,5800932352.0
5708.381835,52.5,5801932288.0
5709.390237,52.4,5802931712.0
5710.400627,52.5,5803981824.0
5711.416878,52.7,5804981760.0
5712.425439,52.3,5805981696.0
5713.432936,52.5,5806981632.0
5714.441740,52.8,5807982592.0
5715.452912,52.4,5809032192.0
5716.465512,52.2,5810032640.0
5717.474447,52.4,5811032064.0
5718.481959,52.3,5812030976.0
5719.489406,52.3,5813030912.0
5720.499862,52.4,5814081024.0
5721.513552,52.3,5815080960.0
5722.522567,52.5,5816080896.0
5723.530675,52.5,5817080832.0
5724.538522,52.5,5818080768.0
5725.547743,52.3,5819130880.0
5726.562983,52.5,5820131328.0
5727.571532,52.1,5821131776.0
5728.578648,52.3,5822131712.0
5729.586820,52.3,5823131136.0
5730.598067,52.2,5824181248.0
5731.613197,51.9,5825181696.0
5732.622293,52.3,5826181120.0
5733.630213,52.4,5827181568.0
5734.638955,52.4,5828182016.0
5735.651097,52.2,5829232128.0
5736.665780,52.8,5830731776.0
5738.169516,52.2,5831731200.0
5739.180183,52.6,5832732160.0
5740.186544,52.4,5833731584.0
5741.195526,52.5,5834731520.0
5742.204845,52.5,5835782656.0
5743.219046,52.5,5836782080.0
5744.226755,52.5,5837781504.0
5745.234055,,
5751.242935,52.4,5847831040.0
5755.303922,52.5,5848880640.0
5756.315545,52.3,5849881600.0
5757.324128,52.4,5850880512.0
5758.333831,52.0,5851880960.0
5759.345072,52.4,5852931072.0
5760.360401,52.4,5853930496.0
5761.370570,52.4,5854930944.0
5762.379159,52.3,5855930880.0
5763.387236,52.4,5856930816.0
5764.397735,52.4,5857980928.0
5765.412149,52.3,5858980864.0
5766.421252,52.4,5859981312.0
5767.430296,52.7,5860980736.0
5768.439034,52.2,5861980672.0
5769.450076,52.2,5863030272.0
5770.462813,52.4,5864030720.0
5771.472282,52.5,5865030656.0
5772.479561,52.4,5866031104.0
5773.488459,52.4,5867031552.0
5774.499965,52.4,5868081152.0
5775.515936,52.4,5869081088.0
5776.524197,52.4,5870081536.0
5777.533032,52.4,5871080960.0
5778.543054,52.3,5872080896.0
5779.552670,52.3,5873131008.0
5780.565176,52.3,5874130944.0
5781.573922,52.5,5875131904.0
5782.581513,52.7,5876131328.0
5783.590775,52.8,5877131264.0
5784.601087,52.1,5878181376.0
5785.614685,52.1,5879180800.0
5786.623580,52.6,5880181248.0
5787.631005,52.3,5881180672.0
5788.641791,52.5,5882181120.0
5789.651579,52.5,5883231232.0
5790.664618,52.4,5884231168.0
5791.673709,52.6,5885231616.0
5792.682556,52.5,5886231040.0
5793.692628,52.4,5887230976.0
5794.703352,52.2,5888281088.0
5795.714476,52.4,5889281024.0
5796.723386,52.4,5890281472.0
5797.731163,52.7,5891281408.0
5798.741029,52.5,5892281344.0
5799.751361,52.6,5893331456.0
5800.764431,52.4,5894331392.0
5801.772788,52.3,5895331328.0
5802.782066,52.3,5896330752.0
5803.791715,52.4,5897331200.0
5804.803630,52.5,5898380800.0
5805.814878,52.3,5899381760.0
5806.825739,52.3,5900381696.0
5807.834099,52.5,5901381120.0
5808.845029,52.5,5902431232.0
5809.860469,52.4,5903430656.0
5810.870371,52.6,5904431104.0
5811.879404,52.5,5905431040.0
5812.887751,52.1,5906430976.0
5813.898177,52.1,5907481600.0
5814.912434,52.8,5908481024.0
5815.921882,,
5821.930352,,
5827.939540,52.3,5924580864.0
5832.037525,52.2,5925580800.0
5833.047720,52.8,5926631424.0
5834.062647,52.5,5927631360.0
5835.071383,52.2,5928630784.0
5836.079204,52.1,5929630720.0
5837.088792,52.4,5930630656.0
5838.099297,52.5,5931680768.0
5839.113726,52.5,5932680704.0
5840.122365,52.6,5933680640.0
5841.130139,52.2,5934681088.0
5842.141739,52.4,5935681024.0
5843.151961,52.5,5936730624.0
5844.165595,52.4,5937731072.0
5845.172356,52.3,5938731008.0
5846.181240,52.2,5939730944.0
5847.191815,52.6,5940730880.0
5848.207446,52.7,5941780992.0
5849.216427,52.3,5942780416.0
5850.224150,52.4,5943781376.0
5851.231647,52.4,5944780800.0
5852.241857,52.4,5945780736.0
5853.252557,52.5,5946830848.0
5854.263403,52.1,5947830272.0
5855.271734,52.2,5948830720.0
5856.279983,52.4,5949830656.0
5857.289438,52.2,5950831104.0
5858.299514,52.1,5951881216.0
5859.313146,52.5,5952880640.0
5860.321971,52.2,5953880576.0
5861.329914,52.6,5954881024.0
5862.338597,52.5,5955880960.0
5863.348972,52.5,5956931072.0
5864.363581,52.4,5957931520.0
5865.372523,52.5,5958930944.0
5866.380595,52.4,5959930880.0
5867.392549,52.5,5960930816.0
5868.406514,52.3,5961980928.0
5869.414513,52.5,5962980352.0
5870.420522,52.2,5963980800.0
5871.428521,52.5,5964980736.0
5872.436159,52.7,5965980672.0
5873.445526,52.5,5967030784.0
5874.458531,52.4,5968030720.0
5875.466526,52.6,5969031168.0
5876.473525,52.6,5970030592.0
5877.482455,52.6,5971030528.0
5878.492023,52.3,5972030464.0
5879.502021,52.4,5973080576.0
5880.512405,52.3,5974080512.0
5881.520308,52.4,5975080448.0
5882.528198,52.5,5976080896.0
5883.537542,52.2,5977080320.0
5884.548128,52.3,5978130432.0
5885.560542,52.4,5979130368.0
5886.569290,52.4,5980131328.0
5887.577551,52.5,5981130752.0
5888.585563,52.5,5982130688.0
5889.596607,52.5,5983180288.0
5890.610143,52.8,5984180224.0
5891.618413,52.2,5985180672.0
5892.628076,52.2,5986180096.0
5893.635850,52.3,5987180544.0
5894.645479,52.4,5988230144.0
5895.659514,52.3,5989230592.0
5896.668718,52.7,5990231040.0
5897.677082,52.8,5991230464.0
5898.685580,52.2,5992230912.0
5899.696218,52.3,5993280000.0
5900.710298,52.4,5994280960.0
5901.718966,52.4,5995280384.0
5902.728910,52.5,5996280832.0
5903.738043,52.6,5997279744.0
5904.748525,52.4,5998330368.0
5905.762452,52.4,5999330816.0
5906.769533,52.4,6000330752.0
5907.777079,52.4,6001330176.0
5908.785454,52.5,6002330112.0
5909.795860,52.6,6003380224.0
5910.809530,52.3,6004380672.0
5911.818899,52.4,6005380096.0
5912.826520,52.2,6006380544.0
5913.833526,52.8,6007380480.0
5914.843513,52.6,6008430592.0
5915.857143,52.4,6009430016.0
5916.865558,52.3,6010429952.0
5917.872936,52.7,6011430912.0
5918.880698,52.5,6012430336.0
5919.891037,52.2,6013480448.0
5920.907563,52.7,6014480384.0
5921.917309,52.6,6015480320.0
5922.925957,52.6,6016480256.0
5923.934890,52.5,6017480192.0
5924.944958,52.5,6018530304.0
5925.959074,52.1,6019529728.0
5926.968821,52.4,6020531200.0
5927.976866,52.6,6021530112.0
5928.984481,52.3,6022529536.0
5929.994855,52.2,6023579648.0
5931.010207,52.3,6024580096.0
5932.019743,52.5,6025580544.0
5933.029754,52.5,6026579456.0
5934.040849,52.5,6027630080.0
5935.055950,52.3,6028630016.0
5936.065470,,
5942.075230,,
5948.083857,52.4,6044730368.0
5952.167405,52.6,6045729792.0
5953.175173,52.5,6046729728.0
5954.183427,52.3,6047729664.0
5955.194378,52.4,6048779264.0
5956.209676,52.3,6049780224.0
5957.218519,52.9,6050779648.0
5958.226357,52.3,6051779584.0
5959.237309,52.3,6052779520.0
5960.247188,52.5,6053829632.0
5961.259977,52.4,6054830080.0
5962.268174,52.3,6055831040.0
5963.277521,52.3,6056829440.0
5964.287277,52.5,6057829376.0
5965.298012,52.4,6058878976.0
5966.309468,52.5,6059880448.0
5967.318122,52.3,6060879360.0
5968.326237,52.3,6061879808.0
5969.336399,52.4,6062879744.0
5970.345722,52.6,6063929856.0
5971.359603,52.3,6064929792.0
5972.367542,52.3,6065929728.0
5973.374540,52.4,6066929664.0
5974.381808,52.6,6067930112.0
5975.392108,52.2,6068979712.0
5976.406594,52.4,6069979136.0
5977.416173,52.5,6070980608.0
5978.425620,52.3,6071979520.0
5979.434068,52.3,6072979456.0
5980.445538,52.7,6074029056.0
5981.459513,52.5,6075029504.0
5982.466530,52.4,6076030976.0
5983.475537,52.6,6077029376.0
5984.483527,52.5,6078029824.0
5985.493541,52.6,6079079936.0
5986.507551,52.5,6080079360.0
5987.516566,52.5,6081079296.0
5988.525527,52.4,6082079232.0
5989.532516,52.6,6083079680.0
5990.542571,52.6,6084129792.0
5991.557973,52.5,6085129216.0
5992.566856,52.6,6086129152.0
5993.575046,52.4,6087129088.0
5994.583780,52.6,6088129024.0
5995.594113,52.1,6089179136.0
5996.608892,52.5,6090179072.0
5997.617510,52.8,6091179008.0
5998.625757,52.3,6092179456.0
5999.633854,52.7,6093178880.0
6000.643701,52.5,6094228992.0
6001.658243,52.6,6095229440.0
6002.666521,52.7,6096228864.0
6003.674958,52.5,6097229312.0
6004.682565,52.6,6098229248.0
6005.692520,52.3,6099279360.0
6006.707888,52.3,6100279808.0
6007.715526,52.5,6101279744.0
6008.724390,52.4,6102279680.0
6009.733083,52.2,6103278592.0
6010.742790,52.6,6104329216.0
6011.756674,52.6,6105329152.0
6012.765350,52.2,6106329600.0
6013.774101,52.0,6107329024.0
6014.782060,52.4,6108329984.0
6015.793527,52.3,6109379072.0
6016.808431,52.3,6110379008.0
6017.817043,52.2,6111378944.0
6018.826155,52.8,6112378880.0
6019.837044,52.5,6113378816.0
6020.848378,52.2,6114428928.0
6021.859951,52.3,6115428864.0
6022.868416,52.7,6116428800.0
6023.876567,52.8,6117429248.0
6024.886254,52.5,6118429184.0
6025.895546,52.4,6119479296.0
6026.909518,52.5,6120479232.0
6027.917011,52.4,6121479168.0
6028.924516,52.5,6122479104.0
6029.930529,52.6,6123479040.0
6030.942531,52.4,6124529152.0
6031.956298,52.6,6125528576.0
6032.965523,52.6,6126529024.0
6033.972510,52.7,6127529472.0
6034.979319,52.5,6128528896.0
6035.989146,52.7,6129579520.0
6037.003732,52.4,6130578944.0
6038.012523,52.5,6131579392.0
6039.019525,52.5,6132578816.0
6040.026129,52.4,6133578240.0
6041.033544,52.5,6134579712.0
6042.042527,52.6,6135628800.0
6043.058406,52.5,6136628736.0
6044.066517,52.7,6137629184.0
6045.073531,52.8,6138628608.0
6046.080526,52.3,6139629056.0
6047.090528,52.6,6140679168.0
6048.104523,52.4,6141678592.0
6049.112512,52.2,6142679552.0
6050.120206,52.4,6143678464.0
6051.128530,52.7,6144678912.0
6052.139425,52.1,6145728512.0
6053.153677,52.2,6146728960.0
6054.162532,52.6,6147728896.0
6055.173588,52.4,6148728832.0
6056.181125,,
6062.190829,,
6068.199454,52.4,6163828736.0
6071.269426,52.4,6164829184.0
6072.277040,52.4,6165828608.0
6073.287661,52.3,6166828544.0
6074.302475,52.2,6167878144.0
6075.312232,52.5,6168878592.0
6076.319578,52.4,6169878528.0
6077.326527,52.5,6170878464.0
6078.334556,52.4,6171878400.0
6079.343514,52.6,6172929536.0
6080.357547,52.6,6173928448.0
6081.364515,52.4,6174929408.0
6082.371523,52.4,6175928832.0
6083.379519,52.4,6176928256.0
6084.389874,52.5,6177978880.0
6085.403524,52.5,6178978816.0
6086.412519,52.4,6179978752.0
6087.419524,52.6,6180978176.0
6088.426522,52.3,6181978624.0
6089.437567,52.3,6183028736.0
6090.452542,52.6,6184028672.0
6091.462516,52.6,6185028608.0
6092.468540,52.8,6186029568.0
6093.475644,52.5,6187028992.0
6094.485528,52.7,6188028928.0
6095.494555,52.4,6189078528.0
6096.507044,52.7,6190078976.0
6097.515515,52.7,6191078400.0
6098.523460,52.5,6192078848.0
6099.530655,52.6,6193078272.0
6100.541072,52.4,6194129408.0
6101.554518,52.6,6195128832.0
6102.562517,52.7,6196128768.0
6103.569631,52.8,6197128704.0
6104.576565,52.6,6198128640.0
6105.586536,52.5,6199128576.0
6106.602290,52.7,6200178176.0
6107.611548,52.6,6201178624.0
6108.620101,52.7,6202178560.0
6109.627994,52.6,6203178496.0
6110.637536,52.6,6204228608.0
6111.652134,52.5,6205229056.0
6112.662536,52.7,6206228480.0
6113.669522,52.4,6207228416.0
6114.676839,52.3,6208227840.0
6115.685556,52.6,6209227264.0
6116.695515,52.6,6210279424.0
6117.708154,52.4,6211279872.0
6118.716837,52.6,6212278272.0
6119.724570,52.4,6213278720.0
6120.735342,52.4,6214278144.0
6121.745523,52.8,6215328768.0
6122.757654,52.4,6216329216.0
6123.766360,52.3,6217327616.0
6124.774372,52.5,6218328576.0
6125.782733,52.5,6219328512.0
6126.792710,52.4,6220378112.0
6127.806650,52.8,6221378560.0
6128.814633,52.6,6222377984.0
6129.822901,52.3,6223378432.0
6130.831329,52.6,6224378368.0
6131.842257,52.6,6225427968.0
6132.856822,52.5,6226427904.0
6133.864764,52.7,6227427840.0
6134.873280,52.5,6228427776.0
6135.880999,52.8,6229427712.0
6136.891064,52.7,6230478336.0
6137.907178,52.6,6231478784.0
6138.917032,52.4,6232478720.0
6139.926035,52.7,6233478656.0
6140.936688,52.5,6234528256.0
6141.951966,52.5,6235527680.0
6142.961894,52.6,6236528128.0
6143.968520,52.8,6237528576.0
6144.975523,52.2,6238528512.0
6145.984166,52.6,6239527936.0
6146.994533,52.4,6240577536.0
6148.006560,52.5,6241577984.0
6149.013514,52.6,6242578432.0
6150.022187,52.4,6243578880.0
6151.030801,52.4,6244577792.0
6152.040844,52.1,6245627904.0
6153.057283,52.6,6246628864.0
6154.065788,52.6,6247628288.0
6155.073987,52.4,6248628224.0
6156.083295,52.5,6249627648.0
6157.094198,52.5,6250678272.0
6158.107577,52.4,6251678208.0
6159.115451,52.4,6252678656.0
6160.123298,52.5,6253677568.0
6161.132687,52.2,6254678016.0
6162.142674,52.5,6255728640.0
6163.155683,52.2,6256728064.0
6164.163541,52.6,6257728512.0
6165.171366,52.6,6258727936.0
6166.180304,52.4,6259727872.0
6167.192059,52.8,6260779008.0
6168.206739,52.7,6261778432.0
6169.215513,52.6,6262778880.0
6170.223361,52.4,6263777792.0
6171.230525,52.5,6264777216.0
6172.240616,52.7,6265827328.0
6173.256130,52.2,6266828288.0
6174.264109,52.8,6267828224.0
6175.271876,,
6181.280260,,
6187.288648,52.4,6283977728.0
6191.403156,52.3,6284977664.0
6192.411521,52.5,6285977600.0
6193.418523,52.7,6286978048.0
6194.426516,52.7,6287978496.0
6195.435508,52.9,6288977408.0
6196.445558,52.8,6290027520.0
6197.456989,52.7,6291027968.0
6198.465337,52.2,6292026880.0
6199.472564,52.2,6293027328.0
6200.482422,52.6,6294026752.0
6201.493050,52.7,6295077376.0
6202.506515,52.5,6296076800.0
6203.515562,52.4,6297077248.0
6204.524346,52.8,6298078208.0
6205.534927,52.4,6299077632.0
6206.545478,52.3,6300127232.0
6207.556036,52.6,6301127168.0
6208.565091,52.7,6302126592.0
6209.572535,52.4,6303127040.0
6210.580091,52.4,6304126976.0
6211.589658,52.3,6305177600.0
6212.603539,52.4,6306177536.0
6213.612406,52.3,6307177472.0
6214.621393,52.3,6308177408.0
6215.629838,52.5,6309177344.0
6216.639519,52.3,6310227456.0
6217.654268,52.9,6311227904.0
6218.663024,52.4,6312227328.0
6219.670797,52.5,6313228288.0
6220.678954,52.2,6314227712.0
6221.689403,52.6,6315277312.0
6222.702525,52.6,6316277248.0
6223.711542,52.5,6317276672.0
6224.719239,52.6,6318277120.0
6225.726964,52.3,6319277056.0
6226.737781,52.7,6320327168.0
6227.751524,52.5,6321327616.0
6228.761841,52.6,6322327040.0
6229.768535,52.4,6323326976.0
6230.775528,52.5,6324327424.0
6231.786521,52.4,6325377024.0
6232.800717,52.6,6326377984.0
6233.810258,52.6,6327376896.0
6234.818580,52.4,6328377344.0
6235.826524,,
6241.835821,,
6247.844335,52.4,6344477184.0
6251.944513,52.5,6345527296.0
6252.956542,52.5,6346526720.0
6253.964527,52.6,6347526656.0
6254.971521,52.6,6348526592.0
6255.978911,52.6,6349527040.0
6256.989953,52.5,6350577152.0
6258.006783,52.8,6351576576.0
6259.014511,52.6,6352577024.0
6260.022525,52.6,6353577472.0
6261.029509,52.6,6354576896.0
6262.039591,52.7,6355626496.0
6263.054025,52.4,6356626432.0
6264.061949,52.4,6357626880.0
6265.070003,52.3,6358626304.0
6266.077533,52.6,6359626752.0
6267.088278,52.6,6360676864.0
6268.104532,52.5,6361676288.0
6269.112796,52.5,6362676736.0
6270.122484,52.6,6363676672.0
6271.130085,52.6,6364677120.0
6272.139260,52.5,6365727232.0
6273.154979,52.4,6366727168.0
6274.162543,52.5,6367727104.0
6275.170266,52.4,6368726528.0
6276.178598,52.6,6369726976.0
6277.189509,52.4,6370776576.0
6278.204533,52.7,6371777024.0
6279.211520,52.6,6372776448.0
6280.221058,52.5,6373776896.0
6281.229305,52.5,6374777344.0
6282.240386,52.7,6375826432.0
6283.255270,52.3,6376826368.0
6284.262547,52.5,6377826816.0
6285.270195,52.6,6378826240.0
6286.278529,52.6,6379826688.0
6287.290257,52.4,6380876288.0
6288.304606,52.7,6381876736.0
6289.313142,52.5,6382876160.0
6290.320542,52.4,6383876096.0
6291.328316,52.6,6384876544.0
6292.339265,52.2,6385926656.0
6293.353795,52.3,6386926592.0
6294.362067,52.7,6387927040.0
6295.370363,52.3,6388926464.0
6296.377869,52.4,6389926912.0
6297.388854,52.7,6390976512.0
6298.404161,52.4,6391976448.0
6299.412597,52.7,6392976896.0
6300.421712,52.7,6393976320.0
6301.431363,52.4,6394976256.0
6302.441306,52.7,6396026368.0
6303.454524,52.6,6397026816.0
6304.461988,52.4,6398026752.0
6305.470841,52.7,6399026688.0
6306.479725,52.3,6400026112.0
6307.490605,52.5,6401076224.0
6308.506471,52.4,6402076672.0
6309.514840,52.6,6403076608.0
6310.522729,52.5,6404076544.0
6311.533141,52.7,6405076480.0
6312.543575,52.4,6406126080.0
6313.554845,52.5,6407126528.0
6314.562372,52.8,6408126976.0
6315.569608,52.5,6409126912.0
6316.577123,52.3,6410126336.0
6317.587798,52.6,6411176448.0
6318.602548,52.5,6412176384.0
6319.610541,52.7,6413176320.0
6320.619261,52.6,6414175232.0
6321.626541,52.5,6415176192.0
6322.637534,52.9,6416226304.0
6323.650524,52.6,6417225728.0
6324.660314,52.6,6418225152.0
6325.668526,52.5,6419226112.0
6326.677551,52.6,6420225536.0
6327.687794,52.7,6421275648.0
6328.701255,52.4,6422276096.0
6329.709530,52.5,6423276544.0
6330.717034,52.6,6424275968.0
6331.724522,52.4,6425275904.0
6332.735597,52.5,6426326528.0
6333.749520,52.6,6427325952.0
6334.759520,52.5,6428325888.0
6335.766436,52.4,6429326336.0
6336.774287,52.4,6430326272.0
6337.784950,52.7,6431326720.0
6338.800103,52.5,6432375808.0
6339.810136,52.5,6433375744.0
6340.818670,52.5,6434376192.0
6341.827627,52.6,6435376128.0
6342.839206,52.8,6436426752.0
6343.854909,52.8,6437426176.0
6344.863296,52.3,6438426112.0
6345.871755,52.6,6439426048.0
6346.881065,52.5,6440425984.0
6347.890763,52.7,6441476096.0
6348.904882,52.7,6442476544.0
6349.913880,52.5,6443475968.0
6350.922963,52.7,6444475904.0
6351.932862,52.6,6445475840.0
6352.942669,52.6,6446525952.0
6353.954974,52.7,6447525888.0
6354.963644,52.5,6448525824.0
6355.971515,,
6361.977545,,
6367.984515,52.4,6464625664.0
6372.068511,52.8,6465626112.0
6373.076211,52.7,6466625536.0
6374.087557,52.7,6467676160.0
6375.101785,52.9,6468675584.0
6376.110533,52.7,6469676032.0
6377.117526,52.6,6470675456.0
6378.125433,52.6,6471675904.0
6379.136354,52.6,6472726016.0
6380.150358,52.7,6473725952.0
6381.158559,52.4,6474725376.0
6382.164538,52.8,6475725824.0
6383.171525,52.7,6476726272.0
6384.177510,52.6,6477726208.0
6385.187749,52.5,6478775808.0
6386.202471,52.7,6479775744.0
6387.210518,52.3,6480775680.0
6388.219284,52.7,6481775616.0
6389.227267,52.5,6482775552.0
6390.236519,52.7,6483825664.0
6391.250074,52.8,6484826112.0
6392.260448,52.8,6485826048.0
6393.268139,52.6,6486825472.0
6394.275616,52.6,6487825920.0
6395.286536,52.9,6488875520.0
6396.300634,52.6,6489875456.0
6397.310257,52.5,6490875392.0
6398.318552,52.8,6491875328.0
6399.326941,52.5,6492875776.0
6400.337858,52.3,6493925376.0
6401.352887,52.7,6494925312.0
6402.361577,52.8,6495925248.0
6403.369463,52.9,6496925184.0
6404.376539,52.7,6497925632.0
6405.388527,52.9,6498976256.0
6406.403456,52.7,6499975168.0
6407.411623,52.7,6500975616.0
6408.419826,52.6,6501975552.0
6409.431235,52.5,6502975488.0
6410.442234,52.6,6504025600.0
6411.455093,52.7,6505025536.0
6412.463836,52.5,6506025472.0
6413.473071,52.6,6507025408.0
6414.485107,52.5,6508075520.0
6415.499928,52.6,6509075456.0
6416.509760,52.6,6510075392.0
6417.518227,52.6,6511075840.0
6418.527992,52.7,6512075264.0
6419.538210,52.7,6513125376.0
6420.554673,52.4,6514125312.0
6421.563456,52.5,6515125760.0
6422.571584,52.6,6516125184.0
6423.582763,52.5,6517125632.0
6424.593563,52.5,6518176256.0
6425.605910,52.6,6519175680.0
6426.612513,52.5,6520175616.0
6427.619967,52.6,6521176064.0
6428.629060,52.6,6522175488.0
6429.638630,52.7,6523225600.0
6430.653980,52.9,6524225536.0
6431.662564,52.8,6525225472.0
6432.670281,52.6,6526225408.0
6433.678731,52.8,6527225344.0
6434.689067,52.5,6528274944.0
6435.702967,52.8,6529275392.0
6436.712921,52.6,6530275328.0
6437.721640,52.7,6531275776.0
6438.731024,52.7,6532275200.0
6439.742134,52.6,6533325312.0
6440.753534,52.6,6534325248.0
6441.761819,52.7,6535325184.0
6442.769945,53.0,6536325120.0
6443.777977,52.5,6537325568.0
6444.788130,52.7,6538375168.0
6445.802953,52.3,6539375616.0
6446.813469,52.4,6540375040.0
6447.822352,52.5,6541374976.0
6448.832598,52.6,6542374912.0
6449.848415,52.7,6543425024.0
6450.858484,53.0,6544424448.0
6451.866879,52.7,6545424896.0
6452.873528,52.6,6546424832.0
6453.883811,52.5,6547425792.0
6454.893715,52.4,6548475904.0
6455.906198,52.7,6549474816.0
6456.914979,52.6,6550474752.0
6457.923513,52.6,6551475200.0
6458.932839,52.8,6552525824.0
6459.949045,52.6,6553524736.0
6460.959678,52.7,6554525184.0
6461.968322,52.3,6555525120.0
6462.976066,52.5,6556525056.0
6463.988374,52.5,6557575680.0
6465.002893,52.6,6558575104.0
6466.011563,52.6,6559575040.0
6467.019689,52.7,6560574464.0
6468.027790,52.3,6561574912.0
6469.037872,52.4,6562624512.0
6470.053039,52.6,6563624960.0
6471.062065,52.4,6564624896.0
6472.070150,52.4,6565624832.0
6473.077543,53.1,6566624768.0
6474.087527,52.4,6567674880.0
6475.102523,52.8,6568674816.0
6476.111044,,
6482.119527,,
6488.127631,52.5,6584775168.0
6492.204567,52.8,6585775104.0
6493.212549,52.5,6586775040.0
6494.219845,52.5,6587774464.0
6495.228539,52.5,6588774400.0
6496.238512,52.7,6589825024.0
6497.251535,52.5,6590824448.0
6498.260341,52.5,6591824896.0
6499.267561,52.6,6592824832.0
6500.275421,52.5,6593824256.0
6501.285516,52.7,6594874880.0
6502.298510,52.6,6595874304.0
6503.307079,52.6,6596874240.0
6504.314518,52.6,6597874688.0
6505.322993,52.5,6598874112.0
6506.334303,52.6,6599924736.0
6507.348524,52.8,6600925184.0
6508.360740,52.6,6601925120.0
6509.368550,52.8,6602925568.0
6510.375526,52.4,6603924480.0
6511.385517,52.6,6604974592.0
6512.398515,52.7,6605974528.0
6513.408926,52.5,6606974464.0
6514.415525,52.6,6607974400.0
6515.423809,52.4,6608974336.0
6516.434051,52.3,6610024448.0
6517.448518,52.3,6611023872.0
6518.456786,52.6,6612024832.0
6519.463524,52.7,6613024768.0
6520.470541,52.7,6614024192.0
6521.477525,52.7,6615024128.0
6522.487817,52.5,6616074240.0
6523.501523,52.3,6617075200.0
6524.511034,52.5,6618074624.0
6525.518524,52.4,6619074560.0
6526.526186,52.7,6620074496.0
6527.536530,52.7,6621124608.0
6528.550545,52.8,6622124544.0
6529.561136,52.5,6623124480.0
6530.569708,52.6,6624123904.0
6531.576538,52.8,6625124352.0
6532.587534,52.7,6626174464.0
6533.602528,52.4,6627174400.0
6534.610896,52.5,6628173824.0
6535.619526,52.6,6629174272.0
6536.626532,52.5,6630174208.0
6537.636558,52.8,6631224832.0
6538.651440,52.5,6632224768.0
6539.659539,52.5,6633224704.0
6540.668567,52.8,6634224128.0
6541.676618,52.6,6635224576.0
6542.687570,52.6,6636274688.0
6543.701520,52.7,6637274112.0
6544.710201,52.9,6638274048.0
6545.718521,52.5,6639273984.0
6546.725964,52.6,6640274432.0
6547.736530,52.8,6641324032.0
6548.750524,52.6,6642324480.0
6549.759566,52.6,6643323904.0
6550.766537,52.8,6644323840.0
6551.774283,52.5,6645323776.0
6552.784518,52.8,6646374400.0
6553.799526,52.6,6647374336.0
6554.807752,52.8,6648373760.0
6555.815530,52.8,6649374208.0
6556.823701,52.6,6650374144.0
6557.833531,52.4,6651374080.0
6558.848528,52.9,6652424192.0
6559.857624,52.8,6653423616.0
6560.864528,52.5,6654423552.0
6561.873042,52.5,6655424000.0
6562.882514,52.5,6656424960.0
6563.893169,52.3,6657474048.0
6564.902525,52.7,6658473984.0
6565.911727,52.4,6659473920.0
6566.919525,52.3,6660473856.0
6567.926679,52.6,6661474816.0
6568.936884,53.0,6662524416.0
6569.950513,52.4,6663523840.0
6570.960150,52.6,6664523776.0
6571.967513,52.7,6665524224.0
6572.975414,52.6,6666523648.0
6573.986357,52.7,6667574784.0
6574.999508,52.6,6668573696.0
6576.008680,52.8,6669573632.0
6577.015523,52.6,6670573568.0
6578.023837,52.6,6671573504.0
6579.034373,52.4,6672624128.0
6580.048530,52.8,6673624064.0
6581.057924,52.6,6674623488.0
6582.065521,52.3,6675623424.0
6583.073227,52.4,6676623872.0
6584.082525,52.6,6677623808.0
6585.092058,52.5,6678673920.0
6586.104549,52.8,6679673856.0
6587.112226,52.7,6680674304.0
6588.120080,52.3,6681674240.0
6589.127113,53.0,6682674176.0
6590.136551,52.9,6683723776.0
6591.149517,52.4,6684723712.0
6592.158533,52.7,6685723648.0
6593.166523,52.8,6686723584.0
6594.173515,52.5,6687723520.0
6595.182517,52.7,6688723968.0
6596.191818,,
6602.201526,,
6608.209160,52.6,6703873536.0
6611.303527,52.6,6704873472.0
6612.311454,52.6,6705873408.0
6613.318531,52.3,6706873344.0
6614.326370,52.5,6707873792.0
6615.337594,52.3,6708923392.0
6616.351516,52.7,6709923328.0
6617.359758,52.5,6710924288.0
6618.366515,52.6,6711923200.0
6619.373767,52.6,6712923648.0
6620.386291,52.4,6713973760.0
6621.399514,52.8,6714973184.0
6622.407541,52.7,6715973632.0
6623.414530,52.5,6716973568.0
6624.422508,52.5,6717973504.0
6625.434338,52.6,6719023104.0
6626.448544,52.8,6720023552.0
6627.457531,52.7,6721023488.0
6628.465527,52.9,6722023424.0
6629.473556,52.6,6723022848.0
6630.483527,52.8,6724024320.0
6631.498547,52.8,6725073408.0
6632.508085,52.6,6726073344.0
6633.516545,52.8,6727073280.0
6634.524928,52.6,6728073216.0
6635.537747,52.7,6729123840.0
6636.552533,52.9,6730123264.0
6637.560945,52.5,6731123200.0
6638.570376,52.6,6732123136.0
6639.578325,53.0,6733123072.0
6640.587515,52.7,6734173696.0
6641.600515,52.5,6735173120.0
6642.609802,52.6,6736173056.0
6643.617807,52.6,6737172992.0
6644.628070,52.6,6738173440.0
6645.638132,52.4,6739223552.0
6646.652518,52.6,6740223488.0
6647.660156,52.6,6741223424.0
6648.667516,52.6,6742223360.0
6649.674534,52.9,6743223296.0
6650.684513,52.7,6744273408.0
6651.699524,52.6,6745273344.0
6652.708526,52.6,6746273792.0
6653.715546,52.5,6747273216.0
6654.724568,52.4,6748273152.0
6655.736459,52.7,6749323264.0
6656.750529,52.8,6750323200.0
6657.760045,52.4,6751323136.0
6658.767523,53.0,6752323584.0
6659.774707,52.7,6753323008.0
6660.784513,52.7,6754373120.0
6661.797522,52.8,6755373568.0
6662.807412,53.0,6756373504.0
6663.814535,52.7,6757372928.0
6664.823617,52.5,6758373376.0
6665.834160,52.8,6759423488.0
6666.848558,52.6,6760422912.0
6667.859942,52.9,6761422848.0
6668.867524,52.7,6762423296.0
6669.875040,52.6,6763423232.0
6670.885513,52.8,6764473344.0
6671.898539,52.5,6765473280.0
6672.908298,52.5,6766473216.0
6673.915526,52.6,6767473152.0
6674.922531,52.8,6768473088.0
6675.933519,52.7,6769473024.0
6676.947545,52.6,6770523136.0
6677.956513,52.4,6771523072.0
6678.963536,52.8,6772523008.0
6679.971527,52.8,6773522944.0
6680.980546,52.9,6774522880.0
6681.990522,52.7,6775572992.0
6683.002521,52.6,6776572928.0
6684.009527,52.6,6777573376.0
6685.017541,52.8,6778572800.0
6686.024511,52.7,6779573248.0
6687.034069,52.4,6780622848.0
6688.047518,52.8,6781623296.0
6689.056956,52.7,6782623232.0
6690.064555,52.4,6783622656.0
6691.071525,52.8,6784622592.0
6692.079577,52.7,6785623552.0
6693.088539,52.7,6786672640.0
6694.102511,52.5,6787672576.0
6695.109047,52.8,6788674048.0
6696.117508,52.6,6789672960.0
6697.125980,52.5,6790672896.0
6698.137514,52.7,6791723520.0
6699.151527,52.5,6792722944.0
6700.159395,52.4,6793722880.0
6701.167539,52.7,6794722816.0
6702.175459,52.3,6795722752.0
6703.186512,52.7,6796772864.0
6704.201581,52.7,6797772800.0
6705.209776,52.7,6798773248.0
6706.217517,52.6,6799773696.0
6707.225557,52.8,6800773120.0
6708.236517,52.7,6801823232.0
6709.250525,52.8,6802823168.0
6710.258514,52.5,6803822592.0
6711.265289,52.9,6804822528.0
6712.273245,52.7,6805822464.0
6713.284535,52.5,6806873088.0
6714.298518,52.8,6807872512.0
6715.308092,52.6,6808872960.0
6716.315519,52.6,6809872896.0
6717.323252,52.5,6810872320.0
6718.333553,52.9,6811922944.0
6719.347555,52.7,6812922880.0
6720.356714,52.7,6813922304.0
6721.364265,52.7,6814923264.0
6722.371524,52.7,6815922688.0
6723.380635,52.7,6816922624.0
6724.391537,52.5,6817972736.0
6725.403428,52.5,6818972672.0
6726.410536,52.5,6819972608.0
6727.418161,52.8,6820972544.0
6728.426471,52.7,6821972480.0
6729.436531,52.5,6823023104.0
6730.449521,52.7,6824022528.0
6731.459104,52.9,6825022976.0
6732.466657,52.8,6826022400.0
6733.474530,52.7,6827022848.0
6734.485868,52.6,6828072448.0
6735.499544,52.6,6829072384.0
6736.508451,53.0,6830072832.0
6737.516534,52.5,6831072256.0
6738.524532,52.9,6832072704.0
6739.535522,52.7,6833122816.0
6740.549516,52.7,6834122240.0
6741.559131,52.7,6835123200.0
6742.566512,52.7,6836123648.0
6743.573865,52.4,6837122560.0
6744.584519,52.7,6838172672.0
6745.598586,52.9,6839173120.0
6746.608681,52.7,6840173056.0
6747.615518,52.5,6841171968.0
6748.624052,52.6,6842172928.0
6749.633531,52.8,6843223040.0
6750.649521,52.7,6844222464.0
6751.658528,52.7,6845222912.0
6752.665524,52.5,6846222336.0
6753.672523,52.7,6847222272.0
6754.682550,52.6,6848222208.0
6755.697537,52.8,6849272320.0
6756.706533,52.8,6850272256.0
6757.714324,52.8,6851272192.0
6758.721754,52.9,6852272640.0
6759.731285,52.5,6853272576.0
6760.741528,52.8,6854322688.0
6761.754523,52.6,6855322624.0
6762.762744,52.7,6856322048.0
6763.769523,52.6,6857323008.0
6764.778071,52.4,6858322432.0
6765.787857,52.2,6859372032.0
6766.801515,52.8,6860371968.0
6767.809518,52.7,6861371904.0
6768.816538,53.1,6862372352.0
6769.826047,52.7,6863372288.0
6770.835548,52.5,6864422400.0
6771.849514,52.9,6865422336.0
6772.860614,52.8,6866422272.0
6773.867551,52.4,6867421696.0
6774.874536,52.8,6868422144.0
6775.884562,,
6781.893038,,
6787.901540,52.6,6884521984.0
6791.972511,52.5,6885522432.0
6792.982086,52.4,6886572544.0
6793.998979,52.5,6887571968.0
6795.008821,52.8,6888572416.0
6796.016529,52.7,6889572352.0
6797.025635,52.6,6890571776.0
6798.036535,52.4,6891621888.0
6799.050559,52.7,6892621824.0
6800.058532,52.9,6893621760.0
6801.065547,52.6,6894621696.0
6802.072553,52.6,6895622144.0
6803.083548,52.7,6896672256.0
6804.098192,52.7,6897672192.0
6805.108421,52.8,6898672128.0
6806.115549,52.9,6899672576.0
6807.123529,52.7,6900671488.0
6808.134515,52.5,6901721600.0
6809.148132,52.6,6902722048.0
6810.157548,52.7,6903721984.0
6811.165005,52.8,6904721920.0
6812.173228,52.9,6905722368.0
6813.183551,52.5,6906771968.0
6814.198141,52.3,6907771904.0
6815.208523,52.7,6908771840.0
6816.215530,52.6,6909771776.0
6817.224514,52.7,6910771712.0
6818.233566,52.7,6911822336.0
6819.248475,52.7,6912821760.0
6820.259228,52.6,6913821696.0
6821.265532,52.7,6914822144.0
6822.273226,52.4,6915822080.0
6823.284586,52.5,6916871680.0
6824.298548,53.0,6917871616.0
6825.308957,52.7,6918872064.0
6826.316531,52.6,6919872000.0
6827.325222,52.9,6920871936.0
6828.336525,52.6,6921922560.0
6829.349542,52.7,6922921984.0
6830.358965,52.4,6923921920.0
6831.367544,52.6,6924921856.0
6832.375058,52.7,6925921280.0
6833.386524,52.6,6926971392.0
6834.399553,52.8,6927971840.0
6835.409398,52.7,6928971776.0
6836.416548,53.1,6929971712.0
6837.423554,52.6,6930971648.0
6838.434513,52.7,6932022272.0
6839.448538,52.7,6933021696.0
6840.458521,52.7,6934022144.0
6841.466569,52.7,6935021568.0
6842.474934,52.7,6936021504.0
6843.485365,52.8,6937071616.0
6844.500523,52.5,6938072064.0
6845.509540,52.8,6939072512.0
6846.517531,52.5,6940071936.0
6847.525529,52.6,6941072384.0
6848.535545,52.8,6942123008.0
6849.549550,52.7,6943121920.0
6850.559478,52.7,6944121344.0
6851.566536,52.8,6945121280.0
6852.574370,52.5,6946121216.0
6853.585524,52.6,6947170816.0
6854.599120,52.7,6948171776.0
6855.608522,52.6,6949171200.0
6856.616270,52.7,6950171136.0
6857.625211,52.7,6951170560.0
6858.635525,52.5,6952220672.0
6859.650527,52.7,6953220608.0
6860.659435,52.7,6954220544.0
6861.667552,52.6,6955220480.0
6862.675556,52.6,6956220416.0
6863.685514,52.7,6957271040.0
6864.698636,52.6,6958270976.0
6865.708564,52.6,6959270912.0
6866.716338,52.7,6960271872.0
6867.726533,52.7,6961271296.0
6868.736536,52.7,6962321408.0
6869.750548,52.5,6963321344.0
6870.760272,52.9,6964321792.0
6871.768516,52.9,6965321216.0
6872.776631,52.4,6966321664.0
6873.787169,52.5,6967371776.0
6874.802820,52.6,6968371200.0
6875.810810,52.6,6969371136.0
6876.818542,52.7,6970371584.0
6877.826719,52.5,6971371008.0
6878.836530,52.4,6972421632.0
6879.850950,52.7,6973421568.0
6880.858531,52.7,6974420992.0
6881.865546,52.7,6975421440.0
6882.872524,52.3,6976420864.0
6883.882018,52.6,6977421312.0
6884.898306,52.7,6978471424.0
6885.909352,52.6,6979471360.0
6886.917555,52.9,6980470784.0
6887.926095,52.7,6981471232.0
6888.937515,52.8,6982521344.0
6889.952541,52.5,6983521280.0
6890.960000,52.5,6984521728.0
6891.968110,52.7,6985521152.0
6892.975955,52.7,6986521600.0
6893.986520,52.7,6987571712.0
6895.001532,53.1,6988570624.0
6896.012596,,
6902.020513,,
6908.028658,52.5,7004670976.0
6912.103535,52.7,7005670912.0
6913.112478,52.7,7006670848.0
6914.119654,52.7,7007671296.0
6915.129541,52.9,7008670720.0
6916.139522,52.7,7009721344.0
6917.153515,53.1,7010720768.0
6918.161530,52.8,7011721216.0
6919.168510,52.6,7012720640.0
6920.175514,52.9,7013720576.0
6921.185524,52.3,7014770688.0
6922.198534,52.8,7015771136.0
6923.208612,52.3,7016771584.0
6924.215526,52.9,7017771008.0
6925.222515,53.0,7018770944.0
6926.231510,52.7,7019770880.0
6927.242945,52.6,7020821504.0
6928.253528,52.9,7021820928.0
6929.260528,52.6,7022821376.0
6930.267554,52.4,7023820800.0
6931.274531,52.7,7024820736.0
6932.285568,52.8,7025871360.0
6933.299529,52.9,7026871296.0
6934.309053,52.8,7027871232.0
6935.315551,52.8,7028870656.0
6936.321515,52.9,7029870592.0
6937.330734,52.9,7030871040.0
6938.340441,52.7,7031921152.0
6939.353530,52.7,7032920576.0
6940.361786,52.6,7033921024.0
6941.369549,52.8,7034920960.0
6942.377809,52.7,7035920896.0
6943.387516,52.8,7036971008.0
6944.401564,52.5,7037970432.0
6945.410532,52.8,7038970880.0
6946.417548,52.7,7039970816.0
6947.426562,52.8,7040970752.0
6948.437555,52.6,7042020864.0
6949.452206,52.9,7043021312.0
6950.460321,52.5,7044020736.0
6951.468883,52.5,7045020672.0
6952.477157,52.8,7046021120.0
6953.486859,52.7,7047070720.0
6954.500928,52.6,7048070656.0
6955.510734,52.8,7049070592.0
6956.519530,52.7,7050070528.0
6957.527748,53.0,7051071488.0
6958.538549,52.7,7052120576.0
6959.552465,52.6,7053121024.0
6960.560630,52.7,7054120960.0
6961.568246,52.7,7055121408.0
6962.576583,52.8,7056120832.0
6963.586816,52.9,7057170944.0
6964.602512,52.5,7058170368.0
6965.610528,52.5,7059170816.0
6966.618259,52.9,7060770816.0
6968.229286,52.6,7061770752.0
6969.239560,52.7,7062820864.0
6970.252512,52.9,7063820800.0
6971.259526,52.7,7064821760.0
6972.266534,52.4,7065821184.0
6973.273805,52.8,7066821120.0
6974.283737,52.5,7067870720.0
6975.298360,52.7,7068870144.0
6976.306540,52.7,7069870592.0
6977.313891,52.6,7070870528.0
6978.321414,52.8,7071870976.0
6979.331451,52.7,7072870400.0
6980.342523,52.7,7074920448.0
6982.372592,52.6,7075921920.0
6983.382510,52.7,7076920320.0
6984.391948,52.9,7077971456.0
6985.405215,53.0,7078970880.0
6986.412506,52.5,7079971840.0
6987.420028,52.7,7080971264.0
6988.430565,52.9,7081971712.0
6989.440824,52.8,7083020800.0
6990.452972,52.8,7084020224.0
6991.461543,52.7,7085021696.0
6992.468525,52.8,7086721024.0
6994.168555,52.7,7087720960.0
6995.177514,52.5,7088720896.0
6996.186521,52.8,7089772032.0
6997.200539,52.8,7090771456.0
6998.208532,53.0,7091771392.0
6999.215538,52.8,7092771840.0
7000.222517,52.9,7093771776.0
7001.232035,52.7,7095720448.0
7003.167534,53.0,7096720384.0
7004.179547,52.7,7097720320.0
7005.187517,52.6,7099720704.0
7007.166524,52.6,7100719616.0
7008.180523,52.8,7101719552.0
7009.190521,52.9,7102769664.0
7010.203550,52.8,7103770112.0
7011.210532,52.5,7104772608.0
7012.218516,52.8,7105772032.0
7013.226525,52.6,7106770944.0
7014.236522,52.7,7107820544.0
7015.251379,52.7,7108819968.0
7016.259508,52.6,7109819904.0
7017.267023,53.1,7111720448.0
7019.167555,52.6,7112720896.0
7020.178520,52.6,7113720832.0
7021.188519,52.8,7114771456.0
7022.201549,52.7,7115770880.0
7023.211532,52.5,7116771840.0
7024.219133,52.6,7117771264.0
7025.226519,52.9,7118770688.0
7026.237515,52.7,7119820288.0
7027.251038,52.4,7120821248.0
7028.260109,52.7,7121820672.0
7029.267563,52.7,7122821120.0
7030.275098,52.7,7123820544.0
7031.285598,52.9,7124870144.0
7032.299527,52.8,7125870080.0
7033.308515,52.9,7126871040.0
7034.315731,52.9,7127869952.0
7035.323516,52.7,7128870912.0
7036.333724,53.1,7129869824.0
7037.347524,52.9,7130919936.0
7038.356517,52.8,7131919872.0
7039.363521,52.8,7132919808.0
7040.371521,52.7,7133919232.0
7041.379536,52.7,7134920192.0
7042.388547,52.7,7135970304.0
7043.403527,52.9,7136968704.0
7044.411811,52.8,7137968640.0
7045.419522,52.6,7138969088.0
7046.428685,52.6,7139969024.0
7047.438245,52.5,7141018624.0
7048.452527,52.9,7142019072.0
7049.460488,52.8,7143019008.0
7050.467551,,
7056.474513,,
7062.481839,52.6,7159169536.0
7066.603014,52.5,7160169472.0
7067.610524,52.8,7161169920.0
7068.618387,52.7,7162169344.0
7069.626530,53.0,7163169792.0
7070.637543,52.8,7164219392.0
7071.651533,52.8,7165219328.0
7072.659932,52.7,7166219776.0
7073.667703,52.5,7167219200.0
7074.675543,52.6,7168219136.0
7075.686529,52.9,7169269760.0
7076.700720,52.7,7170269184.0
7077.709530,52.8,7171269120.0
7078.718538,52.7,7172269568.0
7079.727561,52.7,7173270016.0
7080.737520,52.8,7174320128.0
7081.750903,52.6,7175319552.0
7082.760536,52.5,7176320000.0
7083.768565,52.7,7177319424.0
7084.777184,52.5,7178319360.0
7085.786545,52.4,7179369984.0
7086.802326,52.6,7180369408.0
7087.810522,52.5,7181369344.0
7088.818669,52.7,7182368768.0
7089.826524,53.0,7183370240.0
7090.836538,52.7,7184419840.0
7091.850523,52.8,7185419264.0
7092.859532,52.7,7186419200.0
7093.867535,52.7,7187419648.0
7094.874520,52.9,7188419072.0
7095.884847,52.7,7189469184.0
7096.898964,52.5,7190469120.0
7097.908558,53.0,7191469568.0
7098.915740,52.5,7193718784.0
7101.168967,52.5,7194719232.0
7102.179525,52.8,7195719680.0
7103.189276,52.7,7196769792.0
7104.203529,52.6,7197770752.0
7105.212178,52.6,7198768640.0
7106.227517,52.6,7199769088.0
7107.236534,52.6,7200819200.0
7108.249516,52.9,7201820672.0
7109.257904,52.8,7202819584.0
7110.263538,52.8,7203819520.0
7111.270475,52.7,7204818944.0
7112.282032,52.5,7205818880.0
7113.292374,52.7,7206869504.0
7114.304471,52.8,7207868928.0
7115.313761,52.6,7208869376.0
7116.321431,52.8,7209869312.0
7117.332321,52.7,7210869248.0
7118.342513,52.8,7211919360.0
7119.356071,52.8,7212919296.0
7120.363251,52.4,7213919744.0
7121.370554,52.4,7214919168.0
7122.379525,52.8,7215919104.0
7123.387533,52.6,7216969728.0
7124.401550,52.7,7217969664.0
7125.411522,52.5,7218969600.0
7126.418965,52.8,7219969536.0
7127.427591,53.0,7220968960.0
7128.438534,52.7,7222019584.0
7129.453271,52.9,7223019520.0
7130.461732,52.7,7224019456.0
7131.469616,52.6,7225018880.0
7132.477598,52.6,7226019328.0
7133.487632,52.8,7227069440.0
7134.501550,52.6,7228068864.0
7135.511509,52.8,7229068800.0
7136.518550,52.6,7230069248.0
7137.526841,52.9,7231069696.0
7138.537485,52.5,7232119296.0
7139.551527,53.0,7233118720.0
7140.559691,52.8,7234119168.0
7141.567730,52.7,7235119104.0
7142.575293,52.7,7236118528.0
7143.584508,52.7,7237168640.0
7144.599386,52.7,7238169088.0
7145.608523,52.5,7239169024.0
7146.615518,52.6,7240168960.0
7147.621526,52.7,7241168896.0
7148.631535,52.8,7242168320.0
7149.641510,52.5,7243218432.0
7150.653115,52.6,7244219392.0
7151.661057,52.8,7245218816.0
7152.668538,53.0,7246219264.0
7153.674531,52.8,7247218176.0
7154.685512,52.9,7248268288.0
7155.698093,53.1,7249268736.0
7156.708539,52.6,7250268160.0
7157.716651,52.7,7251269120.0
7158.724437,52.9,7252268544.0
7159.735622,52.8,7253318656.0
7160.748521,52.6,7254318080.0
7161.757348,52.7,7255318528.0
7162.763554,52.7,7256318976.0
7163.770525,52.7,7257318400.0
7164.777525,52.8,7258318848.0
7165.787530,52.8,7259368448.0
7166.801060,52.7,7260368896.0
7167.809514,52.9,7261368320.0
7168.816990,52.7,7262368256.0
7169.824948,52.8,7263368704.0
7170.835858,52.4,7264418304.0
7171.848531,53.0,7265418752.0
7172.857925,52.6,7266418176.0
7173.865526,52.7,7267418624.0
7174.872926,52.9,7268419584.0
7175.883470,52.6,7269417984.0
7176.896536,52.3,7270468096.0
7177.906749,53.0,7271468544.0
7178.914081,52.6,7272468480.0
7179.922510,53.0,7273468416.0
7180.932531,52.6,7274468864.0
7181.941823,52.6,7275518976.0
7182.954350,52.6,7276518400.0
7183.963100,52.8,7277518336.0
7184.971447,52.7,7278518272.0
7185.979566,52.4,7279518720.0
7186.988556,53.0,7280567808.0
7188.003608,52.7,7281568768.0
7189.012120,53.0,7282568704.0
7190.019522,52.5,7283569152.0
7191.026532,52.6,7284568576.0
7192.037686,52.8,7285618176.0
7193.051522,52.5,7286618624.0
7194.059510,52.9,7287618048.0
7195.066921,52.7,7288619008.0
7196.074221,52.8,7289617920.0
7197.083527,53.0,7290618368.0
7198.096518,52.5,7291667968.0
7199.104561,52.8,7292668416.0
7200.113544,52.9,7293668352.0
7201.120531,53.1,7294668288.0
7202.130104,52.6,7295668736.0
7203.140511,52.8,7296718336.0
7204.152996,52.8,7297718784.0
7205.161482,52.7,7298718720.0
7206.169196,52.5,7299718144.0
7207.177223,52.8,7300718592.0
7208.187513,52.6,7301768704.0
7209.199517,52.5,7302767616.0
7210.208526,52.9,7303768064.0
7211.215383,52.7,7304768000.0
7212.224519,52.9,7305767936.0
7213.234542,52.7,7306818560.0
7214.247926,52.9,7307818496.0
7215.256513,52.8,7308818432.0
7216.264024,52.8,7309818368.0
7217.271526,52.6,7310818816.0
7218.280555,52.6,7311818752.0
7219.291538,52.8,7312868352.0
7220.304341,52.6,7313867776.0
7221.311508,52.6,7314868736.0
7222.318479,52.7,7315868160.0
7223.325523,52.6,7316868096.0
7224.335427,52.6,7317918720.0
7225.354530,52.7,7318919168.0
7226.362528,52.7,7319918592.0
7227.370165,52.8,7320918528.0
7228.377515,52.5,7321918464.0
7229.387518,52.4,7322970112.0
7230.400515,52.8,7323968000.0
7231.408537,52.9,7324968448.0
7232.415292,52.7,7325969920.0
7233.422527,52.7,7326968832.0
7234.433529,52.8,7327968768.0
7235.443516,52.8,7329017856.0
7236.453529,52.7,7330017792.0
7237.460519,52.6,7331018752.0
7238.467798,52.6,7332018688.0
7239.474544,52.8,7333018112.0
7240.484532,52.6,7334067712.0
7241.498542,52.6,7335067648.0
7242.508273,52.6,7336069120.0
7243.515604,52.5,7337068544.0
7244.522516,52.6,7338068480.0
7245.532537,52.7,7339068416.0
7246.542406,52.8,7340118528.0
7247.554883,52.6,7341117952.0
7248.562548,52.8,7342117888.0
7249.569523,52.9,7343117824.0
7250.575529,52.8,7344118272.0
7251.586421,52.9,7345168896.0
7252.599534,52.8,7346167808.0
7253.608555,52.7,7347167744.0
7254.617276,52.7,7348168192.0
7255.625528,52.9,7349168128.0
7256.636508,52.7,7350217728.0
7257.649067,52.6,7351217664.0
7258.657808,52.7,7352217600.0
7259.664539,52.5,7353218048.0
7260.671548,52.7,7354217984.0
7261.680531,52.6,7355217920.0
7262.691172,52.8,7356267520.0
7263.702552,52.7,7357267968.0
7264.711464,52.7,7358267392.0
7265.719528,52.6,7359267840.0
7266.728850,52.9,7360267776.0
7267.738539,52.4,7361317888.0
7268.752372,53.0,7362318336.0
7269.760525,52.9,7363317248.0
7270.768545,53.0,7364318208.0
7271.775540,52.6,7365317632.0
7272.786579,52.7,7366367744.0
7273.801227,52.8,7367367680.0
7274.809538,52.8,7368367616.0
7275.817566,52.8,7369367552.0
7276.824513,52.8,7370368000.0
7277.835382,52.8,7371417600.0
7278.849534,52.4,7372417536.0
7279.858528,52.8,7373417472.0
7280.867214,52.8,7374416896.0
7281.875519,52.7,7375417344.0
7282.886765,52.5,7376467456.0
7283.900523,53.0,7377467392.0
7284.909668,52.7,7378467840.0
7285.916515,52.6,7379466752.0
7286.922521,52.4,7380467712.0
7287.933556,52.5,7381467136.0
7288.947512,53.0,7382517248.0
7289.957281,52.8,7383517184.0
7290.964427,52.9,7384517632.0
7291.971547,52.7,7385517568.0
7292.979509,52.7,7386516992.0
7293.988530,52.7,7387567616.0
7295.002412,52.8,7388567552.0
7296.010530,52.5,7389567488.0
7297.017330,52.6,7390567424.0
7298.024508,52.8,7391567360.0
7299.033526,53.1,7392616960.0
7300.048233,52.6,7393617408.0
7301.057579,52.8,7394617344.0
7302.065064,52.7,7395616768.0
7303.072529,53.0,7396617216.0
7304.082532,52.7,7397617152.0
7305.091518,52.8,7398667264.0
7306.102536,52.9,7399666688.0
7307.110514,52.6,7400667648.0
7308.118518,52.7,7401667072.0
7309.124513,52.8,7402667008.0
7310.134523,52.9,7403667456.0
7311.147771,52.7,7404716544.0
7312.157514,53.0,7405716992.0
7313.163526,52.7,7406716928.0
7314.170527,52.7,7407717376.0
7315.177878,52.8,7408717824.0
7316.188544,52.9,7409766400.0
7317.202148,52.7,7410766848.0
7318.210536,52.5,7411766784.0
7319.216540,52.7,7412767232.0
7320.224535,52.6,7413767168.0
7321.235565,52.8,7414817792.0
7322.249513,52.8,7415817216.0
7323.257531,52.7,7416816640.0
7324.264510,52.9,7417816576.0
7325.270516,52.7,7418816512.0
7326.276507,52.6,7419816960.0
7327.286897,52.8,7420867072.0
7328.299525,52.9,7421866496.0
7329.307524,52.6,7422866944.0
7330.314580,52.8,7423866880.0
7331.322561,52.8,7424866816.0
7332.334483,52.9,7426916864.0
7334.372539,52.9,7427917312.0
7335.380513,52.9,7428917760.0
7336.389882,52.8,7429967360.0
7337.403524,53.2,7430967296.0
7338.412351,52.7,7431968256.0
7339.420526,52.8,7432968192.0
7340.427622,52.6,7433968640.0
7341.437510,52.7,7435017216.0
7342.451569,52.6,7436017664.0
7343.462524,52.8,7437018112.0
7344.469538,52.5,7438017024.0
7345.476531,52.8,7439016960.0
7346.488585,52.8,7440067584.0
7347.503521,52.8,7441067008.0
7348.511039,52.8,7442066944.0
7349.518545,52.9,7443066880.0
7350.526486,52.7,7444066816.0
7351.537530,52.9,7445116928.0
7352.551558,52.8,7446117376.0
7353.559533,52.6,7447117312.0
7354.567111,52.7,7448117248.0
7355.574540,52.9,7449145856.0
7356.590570,53.2,7450145280.0
7357.602265,53.0,7451145728.0
7358.611508,53.3,7452145152.0
7359.618530,53.3,7453195264.0
7360.630534,53.2,7454196224.0
7361.641049,53.2,7455196672.0
7362.651531,53.6,7456195584.0
7363.660513,53.4,7457234944.0
7364.669536,53.5,7458245632.0
7365.682538,53.5,7459245568.0
7366.692547,53.6,7460246016.0
7367.703107,53.5,7461245440.0
7368.713194,53.5,7462245376.0
7369.720512,53.6,7463296512.0
7370.734338,53.4,7464295424.0
7371.743527,53.4,7465295872.0
7372.754231,53.2,7466317312.0
7373.762526,53.4,7467316736.0
7374.769796,53.1,7468316672.0
7375.777181,53.0,7469316608.0
7376.786532,53.3,7470366720.0
7377.799509,53.0,7471366656.0
7378.808658,52.9,7472366592.0
7379.816017,53.1,7473366528.0
7380.822522,53.0,7474366976.0
7381.832755,52.7,7475366400.0
7382.842529,52.9,7476416512.0
7383.854111,52.8,7477416960.0
7384.862396,53.0,7478416896.0
7385.869639,52.8,7479416832.0
7386.877348,52.8,7480416256.0
7387.887185,52.7,7481466880.0
7388.901557,52.9,7482466816.0
7389.909516,52.9,7483466752.0
7390.916371,52.9,7484466688.0
7391.923519,52.8,7485766144.0
7393.231196,52.8,7486766592.0
7394.240509,52.9,7487816192.0
7395.253512,52.9,7488816128.0
7396.261528,52.9,7489816576.0
7397.270534,53.0,7490816512.0
7398.277523,52.7,7491816448.0
7399.288513,52.7,7492866560.0
7400.303042,52.7,7493867008.0
7401.310531,52.8,7494866432.0
7402.318538,52.7,7495866368.0
7403.324507,52.8,7496866816.0
7404.334539,53.0,7498916864.0
7406.372524,52.9,7499916288.0
7407.380527,53.0,7500916224.0
7408.389527,53.0,7501966336.0
7409.403894,52.8,7502966784.0
7410.411560,52.7,7503967232.0
7411.418536,52.9,7504966656.0
7412.425534,52.7,7505966592.0
7413.437559,52.9,7507016192.0
7414.451556,52.7,7508016128.0
7415.460588,52.5,7509016576.0
7416.468518,53.0,7510016000.0
7417.475630,53.0,7511016448.0
7418.486545,52.7,7512066560.0
7419.502246,52.8,7513065984.0
7420.510533,52.8,7514065920.0
7421.517988,53.0,7515066368.0
7422.524514,52.8,7516066304.0
7423.534903,52.9,7517116416.0
7424.548525,52.4,7518116352.0
7425.557764,52.9,7519116288.0
7426.564914,52.8,7520115712.0
7427.571518,52.6,7521116160.0
7428.578511,52.8,7522116096.0
7429.587515,53.0,7523165696.0
7430.600510,52.9,7524166656.0
7431.608535,53.0,7525166080.0
7432.616727,52.8,7526166016.0
7433.623521,53.0,7527165952.0
7434.633142,52.8,7528166400.0
7435.648512,52.9,7529216512.0
7436.656542,52.9,7530216448.0
7437.663745,52.9,7531215872.0
7438.671037,52.8,7532215808.0
7439.678536,52.8,7533216256.0
7440.687569,52.8,7534266880.0
7441.700514,52.7,7535265792.0
7442.709525,52.8,7536715776.0
7444.165515,53.1,7537716736.0
7445.175516,52.8,7538716160.0
7446.184528,52.8,7539716608.0
7447.199509,52.6,7540767232.0
7448.207565,52.8,7541767168.0
7449.214521,52.7,7542766592.0
7450.221172,52.8,7543765504.0
7451.234039,52.9,7544765952.0
7452.247541,52.9,7545816576.0
7453.257861,52.6,7546816512.0
7454.264528,52.8,7547815936.0
7455.271516,52.9,7548815872.0
7456.277527,52.9,7549816832.0
7457.288001,53.0,7550866944.0
7458.301512,53.1,7551866368.0
7459.309537,52.9,7552866816.0
7460.316510,52.9,7553866240.0
7461.322546,52.7,7554867200.0
7462.333488,53.0,7556715520.0
7464.168554,52.5,7557715968.0
7465.184565,52.7,7558716928.0
7466.196963,52.8,7559767040.0
7467.206518,52.6,7560766976.0
7468.214350,52.6,7561766912.0
7469.227543,52.6,7562766848.0
7470.238993,53.1,7563816960.0
7471.252835,52.7,7564815872.0
7472.261359,53.0,7565815808.0
7473.269181,52.7,7566816256.0
7474.275531,53.0,7567815680.0
7475.284522,52.6,7568815616.0
7476.298533,52.7,7569865728.0
7477.308129,52.5,7570865664.0
7478.316982,52.9,7571866112.0
7479.324823,52.6,7572866048.0
7480.335533,52.8,7573915648.0
7481.349509,52.9,7574916096.0
7482.358526,52.7,7575916032.0
7483.366346,52.8,7576915968.0
7484.373907,52.4,7577915392.0
7485.383637,52.8,7578915840.0
7486.392880,52.9,7579965440.0
7487.403558,52.8,7580965888.0
7488.411586,52.9,7581965824.0
7489.419316,52.8,7582965760.0
7490.426510,53.2,7583965696.0
7491.438236,52.7,7585015808.0
7492.453399,52.8,7586015744.0
7493.466211,52.7,7587015680.0
7494.474068,52.6,7588016128.0
7495.485802,53.1,7589065216.0
7496.500531,52.9,7590065664.0
7497.509183,52.9,7591065088.0
7498.517300,52.6,7592065536.0
7499.524546,53.0,7593065472.0
7500.534527,53.1,7594115584.0
7501.549334,52.8,7595115008.0
7502.558784,52.9,7596115456.0
7503.567535,52.9,7597115392.0
7504.574533,52.7,7598115328.0
7505.585641,52.7,7599164928.0
7506.601151,52.7,7600164864.0
7507.609517,52.6,7601165312.0
7508.616086,53.0,7602165760.0
7509.622363,52.9,7603165184.0
7510.632028,52.9,7604165632.0
7511.640512,52.9,7605215744.0
7512.655974,52.7,7606215680.0
7513.663856,52.7,7607215104.0
7514.671246,52.9,7608216064.0
7515.677557,52.9,7609215488.0
7516.689105,52.8,7610265600.0
7517.702518,52.8,7611265536.0
7518.710299,52.9,7612265984.0
7519.717537,52.8,7613265408.0
7520.724535,52.8,7614264832.0
7521.734375,53.1,7615265280.0
7522.743530,52.7,7616314880.0
7523.754537,52.7,7617315328.0
7524.763036,52.8,7618315264.0
7525.771395,52.7,7619315200.0
7526.779532,52.9,7620315136.0
7527.788798,52.7,7621365248.0
7528.803243,52.5,7622365184.0
7529.811328,52.8,7623365632.0
7530.818511,52.9,7624365056.0
7531.826517,53.0,7625364992.0
7532.838537,52.8,7626415104.0
7533.853534,52.6,7627415040.0
7534.860550,52.6,7628415488.0
7535.867931,52.8,7629414912.0
7536.875554,52.9,7630415360.0
7537.885703,52.8,7631464960.0
7538.899513,,
7544.907959,,
7550.915531,52.9,7647515136.0
7554.984116,52.8,7648515072.0
7555.999508,52.9,7649565184.0
7557.008554,52.9,7650565120.0
7558.015876,53.0,7651565568.0
7559.023787,52.8,7652564992.0
7560.036539,52.9,7653615104.0
7561.050676,52.6,7654615040.0
7562.060084,52.7,7655615488.0
7563.069133,52.9,7656614912.0
7564.079409,53.0,7657614848.0
7565.089718,52.7,7658665472.0
7566.104645,53.0,7659665408.0
7567.113529,52.8,7660664320.0
7568.121130,53.1,7661664768.0
7569.128101,52.8,7662664704.0
7570.139764,52.7,7663713792.0
7571.154057,52.8,7664714752.0
7572.161516,52.9,7665764352.0
7573.226511,52.6,7666763776.0
7574.236712,52.8,7667814400.0
7575.249531,52.8,7668814336.0
7576.258527,52.9,7669814272.0
7577.264518,52.6,7670814208.0
7578.271318,52.9,7671814144.0
7579.281229,52.9,7672814592.0
7580.289544,52.6,7673864192.0
7581.303325,52.9,7674864128.0
7582.312689,53.0,7675864576.0
7583.320024,52.9,7676865024.0
7584.327718,52.8,7677864448.0
7585.339521,52.9,7678915072.0
7586.354527,52.7,7679915008.0
7587.362525,53.0,7680913920.0
