elapsed_seconds,cpuTemp,cpuTime
0.000090,36.8,164201696.0
1.013727,36.9,165201232.0
2.022183,36.9,166201168.0
3.030121,37.0,167201264.0
4.040121,37.1,168201840.0
5.048436,36.8,169251696.0
6.061785,36.9,170251232.0
7.069860,36.9,171251184.0
8.077780,37.0,172251056.0
9.087073,36.8,173251552.0
10.096410,36.9,174302256.0
11.110645,36.8,175301200.0
12.119713,37.1,176301504.0
13.126664,36.9,177301008.0
14.132391,37.0,178301744.0
15.142539,37.0,179301168.0
16.152076,37.0,180351168.0
17.163316,36.9,181352480.0
18.171395,37.0,182351136.0
19.178456,37.0,183350672.0
20.187761,36.9,184350992.0
21.196223,37.1,185401040.0
22.209391,37.2,186400992.0
23.218205,37.1,187400784.0
24.225895,37.4,188400640.0
25.232430,36.9,189400768.0
26.241871,37.2,190400656.0
27.252272,37.2,191451168.0
28.263046,37.2,192451824.0
29.271071,37.1,193451168.0
30.278534,37.0,194450720.0
31.287698,37.2,195450512.0
32.296465,37.2,196500992.0
33.310514,37.2,197500880.0
34.319225,36.9,198500192.0
35.326825,37.1,199501216.0
36.334016,37.1,200499728.0
37.342390,37.4,201500704.0
38.351079,37.3,202551520.0
39.362751,37.3,203551424.0
40.370658,37.6,204550736.0
41.378038,37.7,205550080.0
42.386691,37.4,206550608.0
43.396090,37.4,207600784.0
44.410440,37.3,208600672.0
45.420132,37.3,209600576.0
46.427405,37.4,210600240.0
47.433394,37.7,211600800.0
48.442415,37.2,212601024.0
49.452022,37.4,213650960.0
50.462995,37.4,214650768.0
51.471612,37.4,215650208.0
52.479604,37.4,216650192.0
53.490042,37.5,217650400.0
54.498557,37.5,218700640.0
55.512294,37.5,219700992.0
56.520952,37.6,220700528.0
57.528677,37.6,221700576.0
58.537783,37.2,222701264.0
59.546920,37.2,223750432.0
60.560715,37.4,224749648.0
61.570432,37.4,225749168.0
62.578503,37.5,226748912.0
63.588296,37.2,227749168.0
64.597593,37.9,228800912.0
65.611392,37.6,229801120.0
66.618422,37.6,230801552.0
67.626027,37.6,231801040.0
68.633211,37.8,232801232.0
69.642591,37.7,233801072.0
70.653576,37.7,234850480.0
71.665304,37.6,235849824.0
72.673002,37.5,236849760.0
73.680476,37.6,237849408.0
74.690514,37.7,238850704.0
75.699447,37.9,239901152.0
76.712591,37.6,240900672.0
77.720581,37.8,241899824.0
78.727768,37.5,242900576.0
79.736413,37.8,243899712.0
80.745019,37.9,244950656.0
81.759052,37.6,245949392.0
82.768321,37.5,246950976.0
83.776452,37.8,247949696.0
84.783903,37.7,248949696.0
85.793608,37.9,250000240.0
86.808048,37.7,250999216.0
87.817831,38.0,251999568.0
88.825789,38.0,252999472.0
89.832409,38.1,253999424.0
90.842327,37.9,255050032.0
91.855775,37.7,256049824.0
92.865943,37.9,257050832.0
93.874148,37.5,258049632.0
94.880785,38.0,259049664.0
95.891763,37.9,260099472.0
96.906839,37.8,261099552.0
97.916458,38.1,262099136.0
98.924231,37.9,263099232.0
99.931415,38.0,264099440.0
100.941294,38.1,265149552.0
101.954618,38.0,266149520.0
102.964691,38.1,267149440.0
103.972414,38.0,268149600.0
104.980414,38.0,269149472.0
105.989920,38.1,270149184.0
106.998410,38.2,271199392.0
108.010865,37.9,272200512.0
109.019797,38.1,273200544.0
110.027579,38.6,274202112.0
111.037344,38.4,275202560.0
112.046213,38.5,276251872.0
113.059509,38.1,277250080.0
114.068124,38.3,278250112.0
115.075862,38.4,279251552.0
116.083936,38.3,280251232.0
117.093728,38.4,281301632.0
118.108243,38.2,282299392.0
119.117173,38.4,283298976.0
120.125101,38.3,284301568.0
121.132652,38.2,285301088.0
122.143570,38.2,286350688.0
123.157652,38.4,287351648.0
124.166410,38.3,288351072.0
125.174199,38.5,289350624.0
126.181340,38.4,290351232.0
127.191632,38.5,291399232.0
128.206403,38.2,292400192.0
129.216355,38.6,293402368.0
130.222990,38.6,294401824.0
131.230347,38.2,295399136.0
132.240447,38.1,296400864.0
133.250146,38.2,297451904.0
134.262634,38.6,298451552.0
135.271036,38.5,299451072.0
136.278698,,
142.281831,,
148.290176,38.7,315601184.0
152.412424,38.7,316601088.0
153.419426,38.8,317600896.0
154.426573,38.7,318601600.0
155.435408,38.6,319601216.0
156.444422,38.6,320651840.0
157.457272,38.6,321651616.0
158.466392,38.7,322651488.0
159.472421,39.0,323650496.0
160.479392,38.8,324649376.0
161.489056,38.8,325651552.0
162.498572,38.7,326701568.0
163.511965,38.7,327700384.0
164.519694,38.7,328701376.0
165.528000,38.8,329701408.0
166.537414,38.8,330700704.0
167.546327,38.8,331751072.0
168.560254,38.7,332751552.0
169.569159,39.2,333749920.0
170.576157,38.8,334751008.0
171.583485,38.7,335751136.0
172.592900,38.6,336800576.0
173.607052,38.9,337800416.0
174.617312,38.6,338799776.0
175.624414,38.9,339798816.0
176.630334,38.9,340798048.0
177.639609,38.7,341798176.0
178.649753,39.1,342850912.0
179.661489,39.0,343849792.0
180.670166,39.0,344850112.0
181.678035,38.9,345850752.0
182.687458,38.9,346851776.0
183.697291,38.9,347900864.0
184.711599,38.8,348900256.0
185.720811,38.9,349901152.0
186.728439,39.2,350900992.0
187.738027,39.2,351900416.0
188.747289,39.1,352951424.0
189.761542,39.0,353950624.0
190.770435,38.5,354950432.0
191.777925,39.1,355951424.0
192.787938,39.1,356951264.0
193.797308,39.0,358000896.0
194.811629,39.0,359000928.0
195.820177,39.1,360000480.0
196.829035,39.3,360997696.0
197.839007,39.2,362001440.0
198.848510,38.9,363048000.0
199.858409,39.2,364048000.0
200.867113,39.2,365048224.0
201.874951,39.2,366048192.0
202.882982,39.1,367050688.0
203.893418,39.3,368101664.0
204.907335,38.9,369097600.0
205.917046,39.2,370100576.0
206.924466,39.2,371100064.0
207.932457,39.2,372099616.0
208.941779,39.4,373150272.0
209.955393,39.4,374149760.0
210.965415,39.3,375147936.0
211.973141,39.3,376150784.0
212.980310,39.3,377150176.0
213.990976,39.3,378150592.0
215.005322,39.3,379198560.0
216.015280,39.1,380197792.0
217.022837,39.4,381198016.0
218.030508,39.3,382200160.0
219.040629,39.2,383248512.0
220.054549,39.2,384248192.0
221.064486,39.3,385247840.0
222.072988,39.3,386247744.0
223.080242,39.5,387250176.0
224.090119,39.2,388250176.0
225.100985,39.4,389298528.0
226.110394,,
232.119271,,
238.125426,39.2,405350112.0
242.198397,39.4,406400384.0
243.212338,39.3,407399808.0
244.219412,39.6,408399616.0
245.226422,39.7,409397888.0
246.235550,39.8,410399232.0
247.244574,39.6,411450752.0
248.258820,39.7,412449440.0
249.268007,39.3,413449504.0
250.275403,39.8,414449600.0
251.282417,39.6,415450368.0
252.291279,39.7,416450112.0
253.305411,39.5,417500000.0
254.314401,39.7,419098848.0
255.937099,39.9,420100256.0
256.947401,39.8,421150208.0
257.959455,39.7,422147872.0
258.971406,39.6,423146976.0
259.978419,39.7,424149920.0
260.987392,39.6,425149472.0
261.995391,39.6,426200512.0
263.011397,39.6,427200736.0
264.018395,39.6,429099552.0
265.938418,39.8,430098240.0
266.951437,39.7,431149632.0
267.961398,39.6,433099776.0
269.937393,39.7,434097184.0
270.945416,40.0,435150592.0
271.959446,39.6,436149920.0
272.967976,39.7,438099232.0
274.937393,40.0,439099584.0
275.950401,40.0,440149504.0
276.959398,39.8,441149440.0
277.967405,39.9,442149184.0
278.974261,39.9,443149696.0
279.980419,39.8,444149600.0
280.990727,40.0,445147648.0
282.003684,39.7,446198528.0
283.013390,39.9,447201184.0
284.020335,39.9,448200192.0
285.027424,40.0,449199936.0
286.037008,39.8,450200768.0
287.045409,39.8,451250016.0
288.057407,39.7,452250240.0
289.066410,40.1,453250016.0
290.073413,39.9,455099232.0
291.938408,39.9,456148608.0
292.953395,39.9,457149248.0
293.961404,39.9,458149024.0
294.968412,40.1,459149152.0
295.975483,39.7,460148960.0
296.984797,40.2,461148192.0
297.992909,40.0,462200320.0
299.006517,40.3,463198432.0
300.015818,39.9,464199552.0
301.022966,40.4,465199232.0
302.029694,40.3,467099744.0
303.938402,40.0,469200544.0
306.010613,39.9,470200224.0
307.018062,40.2,472099584.0
308.937444,40.2,473100544.0
309.950103,40.2,474149216.0
310.959727,,
316.968580,,
322.977244,40.7,490247712.0
327.063392,40.7,491246816.0
328.069392,40.7,492246912.0
329.076126,40.1,493246784.0
330.084999,40.8,494246272.0
331.093142,40.3,495296608.0
332.107416,40.5,496298656.0
333.116117,40.2,497298816.0
334.123591,40.4,498299936.0
335.128953,40.5,499299488.0
336.138987,40.6,500346944.0
337.152826,40.7,501346752.0
338.163250,40.5,502348096.0
339.170934,40.5,503347456.0
340.178751,40.7,504349152.0
341.189608,40.9,505348128.0
342.200100,40.7,506399072.0
343.212960,40.6,507399840.0
344.221130,40.4,508399648.0
345.228503,40.8,509400064.0
346.239545,40.6,510397920.0
347.249866,40.6,511448544.0
348.260248,40.4,512449184.0
349.268355,40.6,513448576.0
350.275399,40.5,514449056.0
351.284578,41.2,515450208.0
352.293394,40.5,516498816.0
353.307063,40.5,517498848.0
354.315502,40.5,518498816.0
355.323119,40.7,519498528.0
356.330673,40.7,520497856.0
357.339520,40.4,521547104.0
358.352423,40.8,522550336.0
359.361402,40.7,523548128.0
360.368737,40.4,524549184.0
361.375436,40.8,525548640.0
362.385286,41.0,526548576.0
363.394702,40.7,527599072.0
364.409481,40.4,528599552.0
365.417391,41.3,529598752.0
366.424740,40.8,530599168.0
367.433415,41.1,531598560.0
368.442530,41.2,532649056.0
369.455433,40.8,533648864.0
370.464427,40.8,534648192.0
371.472540,41.1,535649152.0
372.480979,41.6,536648608.0
373.489395,41.2,537648640.0
374.500012,41.1,538699072.0
375.510413,40.8,539698240.0
376.517405,40.8,540698048.0
377.525366,41.2,541698496.0
378.534403,40.7,542699072.0
379.543671,40.9,543749056.0
380.557855,40.9,544748992.0
381.566266,41.3,545748544.0
382.574006,41.2,546747712.0
383.583928,41.0,547748736.0
384.593256,41.1,548798784.0
385.606410,41.3,549798784.0
386.615392,41.1,550798592.0
387.622867,41.3,551798656.0
388.631396,40.9,552798080.0
389.639397,41.4,553798272.0
390.648397,41.2,554848640.0
391.659630,41.1,555849600.0
392.667979,41.2,556847872.0
393.675408,41.1,557848000.0
394.685252,41.3,558848896.0
395.694935,41.0,559898112.0
396.709110,41.4,560898816.0
397.717559,41.4,561898176.0
398.725484,41.2,562898432.0
399.735234,41.2,563897792.0
400.744333,41.2,564947648.0
401.757946,41.1,565948928.0
402.766949,41.4,566949056.0
403.774430,41.0,567948864.0
404.783672,41.3,568949056.0
405.791947,41.3,569998080.0
406.806210,,
412.814940,,
418.820397,41.6,586099200.0
422.936150,41.4,587095488.0
423.945397,41.4,588146880.0
424.957402,41.2,589147904.0
425.965418,41.7,590148736.0
426.973072,41.4,591149504.0
427.980426,42.0,592147840.0
428.989395,41.7,593148544.0
429.999659,41.2,594196608.0
431.009931,41.7,595198912.0
432.018248,41.6,596197760.0
433.026281,41.8,597197888.0
434.036514,42.1,598197696.0
435.045300,41.9,599248448.0
436.058565,41.7,600248064.0
437.067413,41.6,601248448.0
438.076294,41.6,602247680.0
439.086562,41.6,603248064.0
440.096291,41.6,604297984.0
441.109387,41.4,605297792.0
442.116401,41.9,606298432.0
443.124644,41.9,607297856.0
444.134392,42.1,608298752.0
445.143822,42.1,609347648.0
446.158091,41.6,610347520.0
447.166900,41.5,611348416.0
448.174459,41.8,612347584.0
449.184768,41.6,613347840.0
450.193456,41.9,614397568.0
451.208592,41.7,615397056.0
452.216410,42.0,616398528.0
453.223763,41.7,617398272.0
454.234414,42.0,618397952.0
455.243625,41.9,619447744.0
456.257731,42.0,620447616.0
457.266282,41.7,621447168.0
458.274405,41.8,622448128.0
459.284454,42.0,623447872.0
460.293555,42.1,624498176.0
461.307395,41.5,625497600.0
462.315290,41.9,626497920.0
463.322964,42.3,627498560.0
464.332412,42.0,628497600.0
465.342072,41.9,629547648.0
466.356634,42.0,630547200.0
467.365404,42.1,631546624.0
468.372412,41.8,632546944.0
469.380582,42.4,633547072.0
470.390299,41.8,634597632.0
471.404155,42.2,635596736.0
472.413353,42.2,636597568.0
473.421400,42.2,637596864.0
474.428743,42.3,638597120.0
475.438296,42.1,639596544.0
476.452031,42.0,640647168.0
477.461347,42.1,641647808.0
478.468323,41.9,642647488.0
479.475533,42.2,643646912.0
480.485319,41.7,644647616.0
481.493614,42.3,645695104.0
482.507135,41.9,646694976.0
483.515312,42.2,647697216.0
484.522599,41.9,648697024.0
485.529393,41.9,649697984.0
486.537409,42.2,650697408.0
487.546692,42.3,651748480.0
488.559513,42.2,652748416.0
489.567446,42.2,653747392.0
490.574430,42.1,654747520.0
491.584316,42.2,655747648.0
492.593423,42.4,656797504.0
493.607403,42.3,657796288.0
494.614516,42.1,658796800.0
495.622027,42.2,659797184.0
496.630278,42.4,660797056.0
497.640017,42.1,661796928.0
498.654000,42.4,662847744.0
499.664160,42.5,663847424.0
500.671406,42.1,664847488.0
501.678242,42.3,665846784.0
502.687408,42.1,666847040.0
503.696031,42.3,667897088.0
504.710281,42.4,668897152.0
505.718416,42.6,669896512.0
506.725887,42.2,670896832.0
507.735835,42.8,671896832.0
508.744980,42.4,672947520.0
509.758034,42.6,673946944.0
510.767133,42.4,674946560.0
511.774997,42.4,675946880.0
512.785496,42.5,676946944.0
513.794409,42.3,677998592.0
514.807402,42.3,678996800.0
515.815658,42.3,679996800.0
516.823776,42.5,680997376.0
517.833820,42.8,681997056.0
518.842758,42.5,683047616.0
519.856568,42.3,684046528.0
520.864590,42.5,685047552.0
521.872622,42.6,686047936.0
522.880449,42.7,687046912.0
523.890008,42.8,688097088.0
524.903557,42.6,689096512.0
525.913276,42.7,690096192.0
526.920629,,
532.928018,,
538.936427,43.0,706195904.0
543.003397,42.6,707196928.0
544.012781,42.7,708198656.0
545.020420,42.5,709196096.0
546.026531,42.8,710196224.0
547.036637,43.0,711197376.0
548.044921,43.2,712245760.0
549.058151,42.8,713247104.0
550.066813,42.5,714245888.0
551.075342,42.4,715247104.0
552.086067,42.4,716246720.0
553.095017,42.7,717296576.0
554.108775,42.9,718296256.0
555.115388,42.8,719296896.0
556.121412,42.7,720296640.0
557.128884,42.7,721296448.0
558.138558,43.3,722297024.0
559.152703,42.3,723344512.0
560.162840,42.7,724345408.0
561.170825,43.1,725346944.0
562.177667,43.5,726345984.0
563.185694,43.2,727346496.0
564.195110,42.8,728396544.0
565.209467,43.3,729396800.0
566.217527,43.2,730396864.0
567.225336,42.6,731396864.0
568.235502,42.7,732396416.0
569.244427,42.6,733446144.0
570.257069,43.1,734446464.0
571.264416,43.0,735447552.0
572.272018,43.0,736443904.0
573.280316,43.3,737444160.0
574.288829,43.1,738496448.0
575.303263,42.8,739496128.0
576.312412,43.2,740496128.0
577.319902,43.1,741496256.0
578.326691,43.2,742496192.0
579.337098,43.3,743495744.0
580.346907,42.8,744546688.0
581.358364,42.8,745546048.0
582.366401,43.3,746546752.0
583.373098,43.5,747546112.0
584.383312,42.9,748545984.0
585.391632,43.0,749596864.0
586.404402,43.0,750596096.0
587.413720,43.2,751597184.0
588.421712,43.2,752596416.0
589.430307,43.5,753596416.0
590.439417,42.8,754646016.0
591.453238,43.2,755645824.0
592.462411,43.2,756646208.0
593.469396,43.2,757643776.0
594.476450,43.5,758646080.0
595.486417,43.3,759646080.0
596.494813,43.0,760694784.0
597.507418,42.9,761696640.0
598.515415,43.2,762696128.0
599.523105,43.5,763695168.0
600.532402,43.3,764695808.0
601.540397,43.3,765744000.0
602.553122,43.6,766745856.0
603.563412,43.4,767746624.0
604.571214,43.7,768745920.0
605.578848,43.4,769745792.0
606.588398,43.4,770745984.0
607.602098,43.7,771795584.0
608.612829,43.0,772795904.0
609.621183,43.5,773795392.0
610.628426,43.4,774795264.0
611.637406,43.0,775795584.0
612.645866,43.2,776844672.0
613.656405,43.3,777846528.0
614.664442,43.2,778845760.0
615.672433,43.8,779846016.0
616.682347,43.2,780845888.0
617.691201,43.5,781895168.0
618.705269,43.0,782895872.0
619.715326,43.2,783896128.0
620.724163,43.7,784896128.0
621.733218,44.0,785894592.0
622.742555,43.5,786945536.0
623.756923,43.6,787945216.0
624.764991,43.6,788945920.0
625.773054,43.8,789945216.0
626.782576,43.6,790945024.0
627.790408,43.3,791995520.0
628.802392,43.7,792995968.0
629.811807,43.5,793995264.0
630.819991,43.7,794995072.0
631.827408,43.8,795995136.0
632.836813,43.7,796994176.0
633.846409,43.7,798044672.0
634.856410,43.5,799045952.0
635.864196,44.0,800044928.0
636.871396,43.5,801046016.0
637.878471,43.8,802045760.0
638.888910,43.9,803094144.0
639.902446,43.4,804092928.0
640.911423,43.8,805094848.0
641.918448,43.5,806094208.0
642.925690,44.0,807094080.0
643.936010,44.0,808095552.0
644.945200,43.7,809145600.0
645.958075,43.7,810145024.0
646.966452,,
652.975404,,
658.982399,43.9,825194496.0
662.039439,44.0,826245568.0
663.053443,43.9,827244800.0
664.063236,43.8,828245440.0
665.071279,44.0,829245376.0
666.079394,43.7,830244928.0
667.088181,43.9,831246208.0
668.103016,43.9,832294656.0
669.112409,44.0,833294976.0
670.120059,43.7,834296384.0
671.127687,43.8,835294912.0
672.137577,44.0,836295104.0
673.151313,44.0,837345152.0
674.161346,43.8,838345024.0
675.169032,44.0,839346496.0
676.176568,44.0,840344256.0
677.186405,43.8,841345792.0
678.196016,43.7,842395136.0
679.208396,43.9,843395072.0
680.216156,43.8,844395200.0
681.223736,44.3,845394816.0
682.232405,44.0,846394432.0
683.240916,44.0,847444928.0
684.252413,44.2,848445248.0
685.261410,44.2,849444224.0
686.268683,43.9,850445248.0
687.275588,44.1,851445184.0
688.284816,44.2,852444928.0
689.293437,44.0,853495552.0
690.308161,43.9,854495168.0
691.316187,44.0,855494976.0
692.324197,44.3,856494720.0
693.334443,44.4,857495168.0
694.343229,44.3,858544192.0
695.356489,44.1,859544064.0
696.365001,44.5,860545216.0
697.374028,43.8,861543808.0
698.384780,44.2,862544512.0
699.393718,44.2,863593856.0
700.407925,44.3,864593728.0
701.415459,44.3,865593472.0
702.422560,44.3,866595072.0
703.432427,44.0,867594176.0
704.441752,44.5,868644736.0
705.455643,44.3,869644096.0
706.463943,,
712.473602,,
718.477406,44.4,885744512.0
722.583635,44.5,886744064.0
723.592739,44.2,887793664.0
724.606546,44.3,888793664.0
725.614600,44.5,889793536.0
726.622095,44.2,890794944.0
727.632143,44.9,891793920.0
728.641684,44.5,892843456.0
729.655403,44.5,893844608.0
730.663935,44.2,894843712.0
731.671394,44.5,895844672.0
732.678400,44.3,896843776.0
733.687413,44.7,897844992.0
734.702508,44.3,898893504.0
735.713292,44.5,899894592.0
736.721667,44.3,900893952.0
737.729424,44.6,901894784.0
738.738187,44.9,902943872.0
739.751437,44.8,903943424.0
740.760489,44.7,904943936.0
741.768420,44.4,905943744.0
742.775394,44.3,906943872.0
743.785100,44.6,907943744.0
744.794447,44.5,908992896.0
745.805430,44.7,909993152.0
746.814174,44.5,910991424.0
747.821422,44.4,911994240.0
748.830428,44.9,912992448.0
749.838403,44.6,914044224.0
750.852404,44.4,915043648.0
751.861987,44.5,916043968.0
752.868445,44.5,917043392.0
753.875388,44.7,918044032.0
754.884401,44.5,919044160.0
755.893027,44.5,920094400.0
756.906307,44.7,921094656.0
757.916321,44.9,922091776.0
758.924138,45.0,923092096.0
759.933397,44.7,924092672.0
760.941719,44.7,925142784.0
761.956050,44.7,926142016.0
762.964055,44.7,927142848.0
763.971408,44.7,928144128.0
764.982192,44.5,929142080.0
765.990454,45.0,931193728.0
768.022465,44.6,932192384.0
769.033391,44.7,933191872.0
770.042929,44.9,934244544.0
771.056433,44.7,935243712.0
772.064415,44.8,936244480.0
773.072941,45.0,937243584.0
774.083420,44.3,938244096.0
775.092428,44.9,939294528.0
776.106394,44.8,940293952.0
777.114919,44.8,941294208.0
778.122404,44.8,942292864.0
779.132998,44.8,943292992.0
780.142784,45.1,944344256.0
781.156411,44.9,945343104.0
782.163397,44.6,946343936.0
783.170573,45.0,947343872.0
784.180011,44.9,948343488.0
785.190111,45.0,949393728.0
786.204565,45.0,950395392.0
787.213439,44.9,951394944.0
788.220925,45.0,952393216.0
789.230448,44.8,953394624.0
790.239197,44.8,954444672.0
791.253246,44.9,955443648.0
792.263108,44.9,956444544.0
793.271349,44.8,957444032.0
794.281568,45.0,958442560.0
795.290471,45.2,959494464.0
796.304564,45.4,960493760.0
797.313412,45.1,961494144.0
798.319391,44.8,962494592.0
799.327392,45.0,963494720.0
800.337289,45.2,964493952.0
801.347240,44.9,965544576.0
802.359483,45.1,966543232.0
803.367998,44.7,967542848.0
804.376503,45.1,968544064.0
805.386917,44.9,969544832.0
806.397262,45.1,970593856.0
807.408705,45.1,971593664.0
808.416561,45.2,972593088.0
809.425594,45.1,973592448.0
810.435671,45.0,974593216.0
811.444959,45.4,975643200.0
812.456387,45.2,976643520.0
813.463945,45.1,977643264.0
814.472255,45.0,978643712.0
815.481961,45.0,979643456.0
816.491035,45.1,980694272.0
817.504746,45.1,981694144.0
818.514162,45.1,982694080.0
819.522468,45.1,983693248.0
820.532612,45.1,984693632.0
821.541048,45.3,985743488.0
822.554859,45.2,986743104.0
823.563613,45.0,987743232.0
824.571250,45.1,988743104.0
825.580911,45.3,989743424.0
826.590290,,
832.598791,,
838.607153,45.2,1005893824.0
842.713220,45.4,1006893504.0
843.721940,45.4,1007892864.0
844.731534,45.2,1008893440.0
845.739877,45.2,1009943040.0
846.753663,45.2,1010943040.0
847.763413,45.3,1011944192.0
848.770593,45.5,1012942656.0
849.779756,45.5,1013942080.0
850.788865,45.4,1014993600.0
851.803024,45.2,1015993856.0
852.813543,45.8,1016993152.0
853.821261,45.5,1017992832.0
854.830294,45.5,1018993792.0
855.839434,45.5,1020044480.0
856.853748,45.6,1021042816.0
857.863686,45.6,1022043264.0
858.871240,45.5,1023043136.0
859.880201,45.3,1024043072.0
860.888447,45.3,1025043200.0
861.901441,45.6,1026093248.0
862.911353,45.3,1027092800.0
863.918431,45.2,1028093056.0
864.925435,45.4,1029092992.0
865.936313,45.3,1030093120.0
866.946071,45.3,1031142848.0
867.958155,45.5,1032142784.0
868.965912,45.3,1033142912.0
869.973882,45.2,1034144000.0
870.985298,45.7,1035143232.0
871.994007,45.5,1036194176.0
873.009040,45.7,1037192576.0
874.016900,45.4,1038192640.0
875.023638,45.5,1039192192.0
876.033620,45.8,1040192832.0
877.042717,45.8,1041243200.0
878.055411,45.5,1042242624.0
879.063390,45.5,1043243072.0
880.071007,45.2,1044242624.0
881.080596,45.5,1045242432.0
882.090343,45.7,1046293120.0
883.104328,45.7,1047294400.0
884.114439,45.5,1048293632.0
885.122437,45.4,1049292096.0
886.132801,45.8,1050292928.0
887.141695,45.4,1051343680.0
888.156407,45.4,1052342912.0
889.164027,45.4,1053342720.0
890.171505,45.6,1054343488.0
891.180818,45.8,1055342720.0
892.190421,45.6,1056392384.0
893.205453,45.8,1057392384.0
894.213642,45.8,1058392064.0
895.222150,45.7,1059392448.0
896.232628,45.8,1060393280.0
897.241058,45.9,1061443072.0
898.255062,45.3,1062443008.0
899.264004,45.7,1063443008.0
900.272590,45.6,1064442688.0
901.282953,46.1,1065442880.0
902.291728,45.6,1066491648.0
903.305710,46.1,1067492672.0
904.314545,45.9,1068490432.0
905.321864,46.1,1069491712.0
906.331793,45.9,1070492736.0
907.340761,46.2,1071543680.0
908.354169,45.6,1072542592.0
909.363322,45.7,1073542208.0
910.372093,45.8,1074541056.0
911.382174,45.9,1075539968.0
912.390537,45.5,1076592512.0
913.403435,45.9,1077592832.0
914.413823,45.8,1078592512.0
915.421777,45.9,1079591680.0
916.432036,45.6,1080591872.0
917.440705,45.7,1081642112.0
918.455589,45.8,1082643456.0
919.463954,46.0,1083643136.0
920.470393,45.8,1084642176.0
921.477410,45.6,1085642624.0
922.487478,46.0,1086642176.0
923.497876,46.1,1087694208.0
924.509744,45.8,1088692224.0
925.516847,46.0,1089692544.0
926.524784,45.9,1090692608.0
927.535776,46.1,1091693440.0
928.545260,45.8,1092743424.0
929.557925,45.8,1093742464.0
930.565820,45.7,1094742144.0
931.574292,45.9,1095742080.0
932.584420,46.0,1096741888.0
933.592967,46.0,1097792256.0
934.606590,46.3,1098792064.0
935.614645,45.7,1099792000.0
936.622435,45.7,1100792320.0
937.632742,46.0,1101792640.0
938.642484,45.9,1102843136.0
939.655963,45.9,1103843200.0
940.663399,45.9,1104842112.0
941.670401,45.7,1105841792.0
942.677928,46.0,1106842112.0
943.687430,45.9,1107891840.0
944.701405,45.9,1108892672.0
945.711404,46.0,1109892480.0
946.717430,46.0,1110892800.0
947.724614,46.2,1111891968.0
948.734436,45.8,1112891776.0
949.743391,46.1,1113942272.0
950.756353,46.2,1114942592.0
951.764419,45.7,1115941760.0
952.771405,46.1,1116941696.0
953.779784,45.8,1117942400.0
954.789079,46.5,1118992640.0
955.802428,45.9,1119991808.0
956.812434,46.3,1120992256.0
957.820085,45.9,1121992064.0
958.827401,45.9,1122992000.0
959.837333,45.9,1123991552.0
960.851239,46.3,1125042688.0
961.861667,46.2,1126041600.0
962.869013,46.0,1127041536.0
963.875387,46.4,1128041600.0
964.885049,46.0,1129041536.0
965.894301,46.1,1130091904.0
966.907118,46.2,1131092608.0
967.915247,46.4,1132092288.0
968.923567,46.3,1133091968.0
969.935393,46.0,1134091776.0
970.943073,46.2,1135142400.0
971.955395,46.5,1136142080.0
972.963425,46.3,1137142016.0
973.971256,46.2,1138142208.0
974.980468,46.1,1139141120.0
975.988415,,
981.991873,,
987.999429,46.5,1155241984.0
992.088326,46.6,1156292096.0
993.102649,46.5,1157291904.0
994.113768,46.5,1158291968.0
995.122666,46.3,1159291392.0
996.132422,46.4,1160291200.0
997.141531,46.2,1161341696.0
998.155391,46.5,1162341760.0
999.162404,46.4,1163342464.0
1000.169388,46.5,1164342016.0
1001.176417,46.4,1165342464.0
1002.185390,46.7,1166341120.0
1003.193411,46.4,1167392640.0
1004.207394,46.6,1168392192.0
1005.215061,46.3,1169392000.0
1006.223582,46.4,1170391552.0
1007.233416,46.6,1171391616.0
1008.242155,46.6,1172441216.0
1009.256602,46.5,1173442176.0
1010.264668,46.3,1174441216.0
1011.273833,46.3,1175442176.0
1012.283523,46.4,1176442112.0
1013.292906,46.6,1177491968.0
1014.307151,46.5,1178491520.0
1015.315991,46.7,1179491200.0
1016.324743,46.7,1180491776.0
1017.336271,46.7,1181492096.0
1018.348042,46.7,1182542080.0
1019.358212,46.4,1183542016.0
1020.365693,46.6,1184541568.0
1021.374193,46.5,1185542016.0
1022.384403,46.7,1186541184.0
1023.393424,46.4,1187591424.0
1024.406735,46.7,1188591488.0
1025.415118,46.6,1189591808.0
1026.422408,46.6,1190591616.0
1027.431766,46.5,1191591936.0
1028.441084,46.8,1192642688.0
1029.455013,46.5,1193642624.0
1030.463968,46.5,1194640896.0
1031.472393,46.7,1195641728.0
1032.481892,46.8,1196640640.0
1033.490414,46.6,1197691776.0
1034.503246,46.7,1198691072.0
1035.513146,46.4,1199691520.0
1036.521246,46.6,1200691072.0
1037.530484,46.6,1201691520.0
1038.539678,46.7,1202741760.0
1039.552407,46.9,1203741440.0
1040.562493,46.8,1204740864.0
1041.570436,46.9,1205741568.0
1042.580391,46.5,1206740736.0
1043.588825,46.7,1207791488.0
1044.603783,46.6,1208790528.0
1045.612946,46.6,1209791360.0
1046.620462,46.7,1210791168.0
1047.629319,46.7,1211791488.0
1048.638607,46.6,1212841472.0
1049.652849,46.7,1213841536.0
1050.662556,46.6,1214841600.0
1051.670407,46.9,1215840768.0
1052.678932,46.8,1216840448.0
1053.687395,46.8,1217841408.0
1054.700410,46.5,1218890112.0
1055.710398,46.6,1219891328.0
1056.717462,46.7,1220891136.0
1057.724960,47.0,1221891072.0
1058.735524,46.8,1222890752.0
1059.745192,46.8,1223940736.0
1060.756692,46.9,1224941824.0
1061.764935,46.8,1225941632.0
1062.772403,46.9,1226941056.0
1063.781409,46.9,1227940608.0
1064.789387,46.8,1228990592.0
1065.802750,47.2,1229990144.0
1066.812412,,
1072.819193,,
1078.827206,46.9,1246091392.0
1082.907498,46.8,1247091072.0
1083.915393,47.0,1248090624.0
1084.922396,47.3,1249090176.0
1085.931407,46.9,1250090496.0
1086.940280,46.7,1251141632.0
1087.953928,47.0,1252139776.0
1088.963024,47.2,1253139968.0
1089.970405,46.8,1254140800.0
1090.978123,46.8,1255140096.0
1091.988247,46.9,1256141184.0
1093.002853,47.2,1257191552.0
1094.013843,46.9,1258190080.0
1095.021415,46.9,1259190016.0
1096.029528,47.1,1260190464.0
1097.037396,47.2,1261189760.0
1098.047976,47.3,1262239872.0
1099.058508,47.1,1263241088.0
1100.066597,46.9,1264240128.0
1101.073401,47.1,1265240448.0
1102.082655,47.2,1266240256.0
1103.091413,46.8,1267289472.0
1104.105426,47.0,1268290176.0
1105.113399,47.2,1269290240.0
1106.121634,47.0,1270290176.0
1107.131993,47.0,1271290496.0
1108.140867,46.9,1272341376.0
1109.155097,47.1,1273340544.0
1110.163774,47.0,1274339968.0
1111.171761,47.3,1275340544.0
1112.181863,46.8,1276340480.0
1113.190785,47.1,1277390080.0
1114.204939,47.0,1278390912.0
1115.214229,47.0,1279388928.0
1116.222583,47.1,1280391552.0
1117.232406,47.4,1281390080.0
1118.241049,47.2,1282440576.0
1119.254628,46.8,1283440128.0
1120.263398,47.4,1284440960.0
1121.270412,47.1,1285440128.0
1122.278429,47.2,1286440192.0
1123.287505,47.0,1287440512.0
1124.295394,47.3,1288489856.0
1125.306420,47.1,1289489920.0
1126.314410,47.4,1290490112.0
1127.322396,47.1,1291489280.0
1128.330851,47.5,1292489472.0
1129.339705,47.1,1293540096.0
1130.353030,47.3,1294541056.0
1131.363200,47.0,1295540096.0
1132.371270,47.3,1296540160.0
1133.381317,47.5,1297540352.0
1134.389396,47.3,1298590080.0
1135.402993,47.3,1299589632.0
1136.413292,47.1,1300589568.0
1137.420406,47.2,1301591168.0
1138.428490,47.3,1302589952.0
1139.438080,47.3,1303640448.0
1140.452558,47.3,1304639744.0
1141.462130,47.3,1305640064.0
1142.470583,47.3,1306638592.0
1143.478798,47.3,1307640192.0
1144.488066,47.4,1308689792.0
1145.502643,47.3,1309689984.0
1146.512937,47.4,1310689664.0
1147.521304,47.2,1311689856.0
1148.531643,47.3,1312690176.0
1149.540784,47.3,1313739520.0
1150.555050,47.4,1314739072.0
1151.563629,47.4,1315739904.0
1152.572349,47.1,1316739840.0
1153.582517,47.3,1317739008.0
1154.591630,47.2,1318790528.0
1155.605767,47.5,1319789440.0
1156.613397,47.4,1320788096.0
1157.621435,47.4,1321788928.0
1158.632612,47.5,1322788608.0
1159.641363,47.2,1323839488.0
1160.654424,47.4,1324839552.0
1161.663230,47.3,1325838848.0
1162.670399,47.2,1326839040.0
1163.677731,47.4,1327839488.0
1164.687161,47.3,1328840192.0
1165.700401,47.5,1329888768.0
1166.709413,47.6,1330890240.0
1167.716348,47.4,1331889152.0
1168.724444,47.7,1332889472.0
1169.734429,47.3,1333889152.0
1170.743173,47.4,1334939904.0
1171.757024,47.5,1335939200.0
1172.764686,47.4,1336939904.0
1173.773163,47.6,1337939200.0
1174.783261,47.5,1338939136.0
1175.791409,47.4,1339989632.0
1176.804685,47.4,1340989440.0
1177.814321,47.6,1341989504.0
1178.822587,47.5,1342989824.0
1179.832400,47.5,1343988992.0
1180.840401,47.7,1345039872.0
1181.853396,47.6,1346038784.0
1182.861410,47.5,1347039360.0
1183.867874,47.7,1348038656.0
1184.874393,47.6,1349039616.0
1185.884855,47.5,1350039552.0
1186.893928,,
1192.907014,,
1198.914396,47.6,1365190400.0
1202.008420,47.6,1366188800.0
1203.016200,47.7,1367189248.0
1204.023416,47.2,1368189696.0
1205.032548,47.4,1369188864.0
1206.040990,47.4,1370239488.0
1207.054462,47.5,1371238400.0
1208.062742,47.5,1372239360.0
1209.071612,47.6,1373239552.0
1210.081831,47.5,1374238976.0
1211.090537,47.7,1375288832.0
1212.104608,47.5,1376288768.0
1213.113725,47.6,1377289216.0
1214.121418,47.9,1378288768.0
1215.131179,47.5,1379289216.0
1216.140537,47.9,1380338944.0
1217.154352,47.9,1381338880.0
1218.162821,47.6,1382339968.0
1219.170977,47.5,1383338624.0
1220.181003,47.8,1384339072.0
1221.189999,47.9,1385389568.0
1222.203390,47.7,1386389120.0
1223.212407,47.7,1387388288.0
1224.220390,47.8,1388388736.0
1225.227408,47.8,1389388800.0
1226.237039,47.9,1390390016.0
1227.247742,47.8,1391439360.0
1228.257592,48.1,1392439552.0
1229.265200,47.7,1393438592.0
1230.273032,47.8,1394439040.0
1231.283408,47.9,1395440128.0
1232.292689,47.8,1396487808.0
1233.305401,48.0,1397488512.0
1234.313878,47.8,1398488448.0
1235.321985,47.8,1399489152.0
1236.331758,47.7,1400488192.0
1237.340393,47.9,1401538688.0
1238.352411,47.9,1402538240.0
1239.361417,47.7,1403539584.0
1240.367391,48.1,1404538368.0
1241.374275,47.9,1405538176.0
1242.384394,48.0,1406537728.0
1243.393095,47.6,1407588096.0
1244.406071,47.7,1408587904.0
1245.415146,48.0,1409588864.0
1246.422415,47.8,1410587904.0
1247.432850,47.8,1411587584.0
1248.442164,47.6,1412638976.0
1249.455500,48.0,1413639424.0
1250.464490,47.8,1414638976.0
1251.472513,47.8,1415639040.0
1252.482758,48.1,1416638848.0
1253.491698,48.0,1417688704.0
1254.504992,47.7,1418688512.0
1255.514043,47.7,1419689728.0
1256.521267,47.7,1420688000.0
1257.529394,48.3,1421689856.0
1258.537425,47.7,1422738176.0
1259.551403,47.9,1423736064.0
1260.560415,48.0,1424739456.0
1261.568040,47.8,1425736192.0
1262.575421,47.6,1426736768.0
1263.585673,47.8,1427786240.0
1264.599783,47.7,1428788864.0
1265.609595,47.9,1429788928.0
1266.616720,47.7,1430788608.0
1267.623408,48.0,1431785472.0
1268.632752,48.3,1432786048.0
1269.642073,48.0,1433837440.0
1270.655644,48.3,1434838016.0
1271.663416,47.8,1435838080.0
1272.671397,48.2,1436838400.0
1273.680407,48.2,1437838464.0
1274.689282,47.8,1438888960.0
1275.703759,47.8,1439887616.0
1276.713336,48.0,1440887296.0
1277.720394,48.3,1441888128.0
1278.727296,47.9,1442887808.0
1279.736399,48.0,1443888512.0
1280.745544,48.0,1444937856.0
1281.756724,48.1,1445937792.0
1282.765640,48.2,1446938624.0
1283.773496,48.1,1447938304.0
1284.784282,48.1,1448937600.0
1285.793483,48.0,1449988480.0
1286.807237,48.2,1450986880.0
1287.815959,48.3,1451987840.0
1288.823299,48.2,1452988160.0
1289.832424,48.0,1453987968.0
1290.841402,48.0,1455038080.0
1291.854874,48.1,1456038272.0
1292.863280,48.0,1457038720.0
1293.872098,47.8,1458038528.0
1294.881562,47.9,1459038080.0
1295.889409,48.2,1460087808.0
1296.902400,48.3,1461087744.0
1297.911940,48.2,1462086912.0
1298.920123,48.3,1463089152.0
1299.927416,48.2,1464086912.0
1300.936401,48.2,1465087232.0
1301.946681,48.3,1466137728.0
1302.957425,48.0,1467137536.0
1303.965217,48.2,1468137856.0
1304.974165,48.3,1469138944.0
1305.985398,,
1311.994533,,
1317.997759,48.2,1485236992.0
1322.069563,48.5,1486237184.0
1323.077920,48.1,1487238016.0
1324.086405,48.2,1488238080.0
1325.096423,48.1,1489287424.0
1326.107430,48.4,1490286592.0
1327.116411,48.2,1491288576.0
1328.124612,48.1,1492286848.0
1329.135514,48.3,1493287040.0
1330.145545,48.5,1494338048.0
1331.158243,48.4,1495337088.0
1332.166507,48.2,1496336640.0
1333.174690,48.1,1497338112.0
1334.186078,48.3,1498338048.0
1335.196766,48.4,1499387264.0
1336.206825,48.3,1500387328.0
1337.215242,48.3,1501385088.0
1338.222839,48.5,1502384768.0
1339.232394,48.2,1503384960.0
1340.240404,48.4,1504437632.0
1341.253593,48.2,1505437184.0
1342.262400,48.4,1506437376.0
1343.268733,48.4,1507435520.0
1344.276195,48.5,1508436224.0
1345.285959,48.5,1509485184.0
1346.299437,48.3,1510487168.0
1347.309226,48.1,1511486720.0
1348.316415,48.6,1512487808.0
1349.324201,48.4,1513486976.0
1350.335366,48.3,1514487040.0
1351.345556,48.6,1515537152.0
1352.356393,48.5,1516537216.0
1353.364511,48.6,1517537152.0
1354.373278,48.7,1518537856.0
1355.382391,48.3,1519537408.0
1356.390979,48.3,1520587776.0
1357.404406,48.4,1521587072.0
1358.412930,48.2,1522586496.0
1359.421244,48.3,1523586816.0
1360.431460,48.6,1524586880.0
1361.441273,48.4,1525636224.0
1362.455640,48.4,1526637440.0
1363.463413,48.8,1527636992.0
1364.471708,48.6,1528637056.0
1365.481547,48.3,1529636352.0
1366.490909,48.4,1530688256.0
1367.504844,48.4,1531687040.0
1368.513924,48.4,1532686976.0
1369.522556,48.5,1533687040.0
1370.532048,48.4,1534686208.0
1371.541567,48.6,1535737728.0
1372.555856,48.6,1536736768.0
1373.564396,48.6,1537735936.0
1374.572164,48.7,1538737024.0
1375.582118,48.7,1539736704.0
1376.591970,48.8,1540786432.0
1377.605998,48.6,1541786112.0
1378.615240,48.8,1542786048.0
1379.623421,48.7,1543787520.0
1380.633678,48.5,1544786816.0
1381.642988,48.4,1545836416.0
1382.655992,48.8,1546836864.0
1383.663954,48.6,1547837440.0
1384.671397,48.4,1548836096.0
1385.680434,48.5,1549836416.0
1386.688431,48.6,1550836608.0
1387.702269,48.4,1551886720.0
1388.711470,49.0,1552886016.0
1389.719048,48.6,1553886080.0
1390.725403,48.6,1554887040.0
1391.735411,48.7,1555886208.0
1392.743531,48.7,1556937088.0
1393.757202,48.5,1557936768.0
1394.765745,48.5,1558936448.0
1395.773819,48.8,1559936256.0
1396.783410,48.7,1560937216.0
1397.792775,48.4,1561986688.0
1398.806722,48.9,1562986624.0
1399.815419,48.6,1563986560.0
1400.823480,48.7,1564985984.0
1401.833486,48.5,1565986048.0
1402.841415,48.8,1567035776.0
1403.854639,49.0,1568035968.0
1404.863191,48.8,1569036288.0
1405.870423,48.7,1570036224.0
1406.877443,48.7,1571035904.0
1407.886400,48.6,1572036480.0
1408.895396,48.6,1573086464.0
1409.907134,48.6,1574085120.0
1410.917430,48.7,1575085824.0
1411.924151,48.8,1576086528.0
1412.935402,48.6,1577086976.0
1413.942427,48.7,1578137344.0
1414.955407,48.7,1579135872.0
1415.962432,48.7,1580136064.0
1416.970149,48.8,1581136256.0
1417.978762,48.9,1582135168.0
1418.988257,48.6,1583186944.0
1420.002563,48.9,1584186624.0
1421.011420,48.4,1585186560.0
1422.019609,48.9,1586185600.0
1423.027393,48.5,1587186176.0
1424.036886,48.6,1588186496.0
1425.051404,48.7,1589236224.0
1426.060409,,
1432.068493,,
1438.076227,48.8,1605284992.0
1442.136752,48.8,1606336512.0
1443.151568,49.1,1607335808.0
1444.161523,49.0,1608335488.0
1445.168433,49.0,1609335808.0
1446.175723,49.0,1610336768.0
1447.186423,49.0,1611336832.0
1448.197942,49.0,1612386176.0
1449.207822,49.0,1613385856.0
1450.215497,49.2,1614385536.0
1451.222424,49.0,1615385856.0
1452.233399,49.0,1616386688.0
1453.241405,49.0,1617436672.0
1454.255266,48.7,1618435328.0
1455.263905,49.0,1619435648.0
1456.272014,49.0,1620435456.0
1457.282056,49.0,1621434880.0
1458.290976,49.2,1622485632.0
1459.304912,49.0,1623486208.0
1460.313410,48.8,1624486016.0
1461.321706,48.9,1625485568.0
1462.331940,48.9,1626485248.0
1463.340407,49.1,1627536768.0
1464.354108,49.1,1628535040.0
1465.363131,49.0,1629535488.0
1466.370923,48.7,1630535936.0
1467.381009,49.0,1631535104.0
1468.390657,48.8,1632585088.0
1469.404269,49.3,1633585024.0
1470.413150,49.0,1634585088.0
1471.421164,49.0,1635586176.0
1472.430416,49.0,1636585728.0
1473.439883,49.1,1637635456.0
1474.454533,49.1,1638635264.0
1475.463130,49.3,1639635712.0
1476.471237,49.2,1640635520.0
1477.481856,49.1,1641636352.0
1478.490491,49.2,1642684544.0
1479.504303,49.2,1643685888.0
1480.512993,49.2,1644685568.0
1481.520938,49.0,1645685888.0
1482.530389,49.0,1646685440.0
1483.538792,49.0,1647735296.0
1484.551411,49.0,1648735232.0
1485.560650,48.9,1649735808.0
1486.568346,49.2,1650735232.0
1487.576077,49.0,1651735168.0
1488.585522,49.0,1652735232.0
1489.596272,49.0,1653785856.0
1490.607398,48.9,1654785792.0
1491.615425,49.1,1655786368.0
1492.623464,49.2,1656785024.0
1493.633935,49.2,1657786496.0
1494.642951,49.2,1658835200.0
1495.655736,49.3,1659835520.0
1496.664614,49.2,1660835456.0
1497.673032,49.5,1661835520.0
1498.683309,49.3,1662835456.0
1499.692404,49.4,1663886080.0
1500.705866,49.2,1664885248.0
1501.714776,49.5,1665885184.0
1502.722722,49.2,1666885248.0
1503.732974,49.2,1667885184.0
1504.741394,49.2,1668934272.0
1505.754541,49.4,1669934848.0
1506.762528,49.1,1670936064.0
1507.770407,49.1,1671934720.0
1508.779696,49.4,1672935040.0
1509.788103,49.3,1673985280.0
1510.802857,49.3,1674984576.0
1511.811408,49.4,1675984640.0
1512.818414,49.2,1676985088.0
1513.824359,49.6,1677985024.0
1514.834410,49.2,1678984704.0
1515.843038,49.1,1680036096.0
1516.856658,49.4,1681035008.0
1517.865511,49.1,1682034944.0
1518.873187,49.1,1683035136.0
1519.883565,49.1,1684034560.0
1520.892942,49.2,1685085568.0
1521.906851,49.1,1686085504.0
1522.915695,49.3,1687084672.0
1523.923464,49.3,1688086144.0
1524.933145,49.4,1689084800.0
1525.942137,49.3,1690135168.0
1526.956862,49.4,1691134592.0
1527.965174,49.2,1692135680.0
1528.972918,49.0,1693134592.0
1529.983623,49.4,1694134656.0
1530.992472,49.4,1695184512.0
1532.006142,49.2,1696184576.0
1533.015028,49.4,1697183872.0
1534.023043,49.0,1698184960.0
1535.031498,49.3,1699185024.0
1536.040905,49.3,1700234496.0
1537.055175,49.5,1701234688.0
1538.064413,49.1,1702235904.0
1539.071432,49.1,1703234688.0
1540.079207,48.9,1704234880.0
1541.088586,49.2,1705234688.0
1542.098098,49.1,1706284928.0
1543.110593,49.5,1707284736.0
1544.119771,49.4,1708283904.0
1545.127184,49.4,1709284736.0
1546.137360,,
1552.145476,,
1558.152905,49.5,1725434112.0
1562.263396,49.3,1726433920.0
1563.270717,49.5,1727434368.0
1564.278428,49.4,1728433536.0
1565.289743,49.6,1729434112.0
1566.298539,49.6,1730483968.0
1567.311433,49.7,1731484160.0
1568.319121,49.4,1732483968.0
1569.327140,49.5,1733483776.0
1570.336941,49.5,1734484224.0
1571.345746,49.4,1735534720.0
1572.358782,49.3,1736533760.0
1573.368093,49.5,1737534592.0
1574.375858,49.5,1738534144.0
1575.383145,49.5,1739533056.0
1576.393472,49.5,1740584192.0
1577.407393,49.6,1741585024.0
1578.416945,49.5,1742584576.0
1579.425857,49.6,1743584000.0
1580.434063,49.5,1744584064.0
1581.443595,49.6,1745583872.0
1582.457421,49.4,1746634240.0
1583.466051,49.8,1747634432.0
1584.473533,49.6,1748633856.0
1585.481232,49.4,1749635072.0
1586.492568,49.6,1750633856.0
1587.501411,49.2,1751684608.0
1588.514312,49.4,1752684160.0
1589.522813,49.4,1753683584.0
1590.531430,49.6,1754684928.0
1591.541432,49.6,1755683200.0
1592.550054,49.6,1756734464.0
1593.563518,49.4,1757734272.0
1594.571977,49.4,1758733696.0
1595.580150,49.6,1759733888.0
1596.590489,49.7,1760733952.0
1597.599699,49.6,1761783808.0
1598.613414,49.3,1762784000.0
1599.621525,49.6,1763783680.0
1600.629347,49.7,1764785408.0
1601.638297,49.6,1765783936.0
1602.647506,49.7,1766834944.0
1603.661451,49.6,1767833984.0
1604.670791,49.6,1768834048.0
1605.678254,49.6,1769833856.0
1606.686035,49.8,1770833792.0
1607.695129,49.8,1771833472.0
1608.705308,49.6,1772884352.0
1609.716576,49.8,1773884032.0
1610.724830,49.5,1774884736.0
1611.731837,49.5,1775883776.0
1612.742429,49.6,1776884224.0
1613.751397,49.9,1777933696.0
1614.764424,49.8,1778933760.0
1615.772974,49.7,1779933312.0
1616.780434,49.5,1780932608.0
1617.789596,49.8,1781934464.0
1618.798007,49.6,1782983936.0
1619.812025,49.9,1783983872.0
1620.821556,49.7,1784984192.0
1621.830417,49.7,1785983872.0
1622.839404,50.0,1786984704.0
1623.848438,49.8,1788034944.0
1624.861403,49.8,1789033728.0
1625.870702,49.6,1790033664.0
1626.878402,49.6,1791033600.0
1627.885816,50.0,1792033408.0
1628.896441,49.8,1793033728.0
1629.905389,49.7,1794083456.0
1630.916426,49.8,1795083392.0
1631.924290,49.5,1796083200.0
1632.932196,49.6,1797083520.0
1633.941391,49.6,1798083456.0
1634.949919,49.7,1799134208.0
1635.963447,49.8,1800133632.0
1636.973034,49.9,1801134592.0
1637.981605,50.0,1802132864.0
1638.991654,49.4,1803133568.0
1640.000768,49.9,1804183680.0
1641.013706,49.7,1805184128.0
1642.023303,49.7,1806184448.0
1643.031330,50.0,1807183488.0
1644.040720,49.8,1808184448.0
1645.049471,49.6,1809233536.0
1646.064531,49.8,1810234752.0
1647.074411,49.8,1811233024.0
1648.081944,49.9,1812233472.0
1649.092366,50.1,1813233920.0
1650.101727,49.7,1814284672.0
1651.115645,49.7,1815282944.0
1652.123979,49.8,1816282752.0
1653.132355,49.8,1817284096.0
1654.140417,49.6,1818284416.0
1655.149937,49.9,1819283200.0
1656.164680,49.6,1820333696.0
1657.174471,49.6,1821334016.0
1658.182175,50.1,1822333440.0
1659.190249,49.7,1823334016.0
1660.199615,49.7,1824383232.0
1661.213981,49.9,1825383040.0
1662.224062,50.1,1826384000.0
1663.233048,49.8,1827384064.0
1664.242535,50.0,1828382720.0
1665.251795,49.8,1829433472.0
1666.265399,,
1672.273770,,
1678.281989,50.0,1845533952.0
1682.389940,49.9,1846532608.0
1683.400101,50.0,1847532672.0
1684.410688,50.1,1848582784.0
1685.421408,49.9,1849582592.0
1686.429131,50.1,1850583424.0
1687.437424,49.8,1851582848.0
1688.447428,50.1,1852583168.0
1689.456756,50.3,1853632896.0
1690.469550,50.3,1854633600.0
1691.477388,50.0,1855633152.0
1692.483957,50.3,1856632832.0
1693.491085,50.1,1857633408.0
1694.501083,50.0,1858632576.0
1695.516002,50.1,1859682688.0
1696.525989,50.0,1860683520.0
1697.535000,50.1,1861683200.0
1698.543082,50.1,1862682624.0
1699.552411,49.8,1863682688.0
1700.566398,50.3,1864733056.0
1701.575323,49.9,1865733248.0
1702.583040,50.1,1866733440.0
1703.590056,50.1,1867733504.0
1704.600409,49.9,1868733696.0
1705.609791,50.3,1869783168.0
1706.623410,50.2,1870782592.0
1707.631051,50.2,1871784960.0
1708.637416,49.8,1872783616.0
1709.647622,50.2,1873783936.0
1710.655390,50.3,1874833664.0
1711.669117,50.1,1875833984.0
1712.678808,50.2,1876833536.0
1713.687552,50.1,1877832064.0
1714.699055,50.3,1878831232.0
1715.708002,50.0,1879882240.0
1716.721986,50.1,1880882688.0
1717.730307,50.1,1881882880.0
1718.739213,50.1,1882882432.0
1719.749405,50.2,1883882240.0
1720.758350,50.0,1884932736.0
1721.772728,50.0,1885932672.0
1722.780431,50.2,1886933248.0
1723.788084,50.1,1887933568.0
1724.797095,49.9,1888932864.0
1725.807219,50.1,1889983488.0
1726.820838,49.9,1890982528.0
1727.829965,50.4,1891982464.0
1728.838126,50.2,1892982144.0
1729.847326,50.0,1893982848.0
1730.856194,50.0,1895033728.0
1731.870409,50.1,1896033280.0
1732.879401,50.2,1897032448.0
1733.885317,50.1,1898032128.0
1734.892655,50.4,1899031424.0
1735.903006,50.3,1900032640.0
1736.911962,50.4,1901082752.0
1737.924294,50.2,1902082688.0
1738.931875,50.5,1903082880.0
1739.939620,50.3,1904082048.0
1740.950404,50.4,1905083776.0
1741.958679,50.2,1906131968.0
1742.972237,50.2,1907132672.0
1743.981036,49.9,1908132608.0
1744.988386,50.2,1909132544.0
1745.995939,50.3,1910131712.0
1747.005476,50.3,1911131904.0
1748.018832,49.9,1912182528.0
1749.028080,50.3,1913182208.0
1750.035479,50.3,1914182656.0
1751.042598,50.5,1915182080.0
1752.053773,50.1,1916183040.0
1753.063023,50.2,1917231488.0
1754.074764,50.1,1918232448.0
1755.084589,50.3,1919232256.0
1756.091406,50.3,1920232320.0
1757.101918,49.9,1921232768.0
1758.111197,50.4,1922282624.0
1759.125143,50.3,1923282944.0
1760.133308,50.3,1924283264.0
1761.141400,50.2,1925282176.0
1762.150652,50.3,1926282112.0
1763.158531,50.0,1927332608.0
1764.172561,50.5,1928332032.0
1765.181398,50.2,1929331584.0
1766.189094,50.1,1930332800.0
1767.197101,50.3,1931332480.0
1768.206608,50.1,1932332032.0
1769.217728,50.2,1933382528.0
1770.227411,50.4,1934381568.0
1771.235751,50.2,1935381888.0
1772.243874,50.2,1936381568.0
1773.255238,50.3,1937382272.0
1774.266685,50.2,1938432256.0
1775.277767,50.4,1939432576.0
1776.286279,50.3,1940432000.0
1777.293818,50.5,1941432448.0
1778.304038,50.1,1942431872.0
1779.314073,50.3,1943482112.0
1780.326303,50.2,1944481664.0
1781.334412,50.4,1945482496.0
1782.343226,50.2,1946481920.0
1783.354017,50.3,1947481728.0
1784.362643,50.5,1948532480.0
1785.375402,50.4,1949532032.0
1786.383435,,
1792.391998,,
1798.400219,50.2,1965682048.0
1802.524102,50.5,1966681600.0
1803.533254,50.3,1967681920.0
1804.542584,50.3,1968682240.0
1805.551400,50.2,1969681408.0
1806.560236,50.4,1970732416.0
1807.574225,50.5,1971731968.0
1808.584655,50.2,1972732160.0
1809.593557,50.4,1973731840.0
1810.602999,50.6,1974730752.0
1811.611950,50.5,1975782144.0
1812.625755,50.3,1976779648.0
1813.634059,50.5,1977779712.0
1814.642491,50.5,1978782592.0
1815.650522,50.5,1979781632.0
1816.660028,50.3,1980781568.0
1817.673794,50.2,1981832192.0
1818.682967,50.2,1982830976.0
1819.692102,50.3,1983831936.0
1820.700090,50.4,1984831872.0
1821.709950,50.5,1985832064.0
1822.724729,50.4,1986881664.0
1823.734890,50.4,1987881600.0
1824.743642,50.6,1988882048.0
1825.753971,50.3,1989881728.0
1826.762802,50.7,1990931712.0
1827.776406,50.3,1991931776.0
1828.785656,50.5,1992931200.0
1829.793754,50.4,1993932288.0
1830.802758,50.6,1994931200.0
1831.810394,50.7,1995932288.0
1832.819995,50.4,1996981632.0
1833.830189,50.6,1997981952.0
1834.837701,50.3,1998981504.0
1835.846466,50.8,1999981568.0
1836.856206,50.5,2000982144.0
1837.864433,50.6,2002033152.0
1838.878264,50.5,2003031680.0
1839.886987,50.6,2004031488.0
1840.895397,50.7,2005031680.0
1841.904291,50.7,2006031744.0
1842.913269,50.5,2007082496.0
1843.926397,50.5,2008081536.0
1844.934396,50.7,2010131840.0
1846.997926,50.5,2011131520.0
1848.007396,50.5,2012131456.0
1849.016153,50.4,2013181568.0
1850.030309,50.8,2014181888.0
1851.038201,50.5,2015179008.0
1852.046267,50.7,2016178432.0
1853.055394,50.6,2017180928.0
1854.063399,50.7,2018180736.0
1855.077415,50.5,2019231488.0
1856.086402,50.6,2020231168.0
1857.093397,50.8,2021231616.0
1858.100404,50.3,2022228736.0
1859.109760,50.6,2023231232.0
1860.119242,50.5,2024281472.0
1861.132137,50.6,2025281152.0
1862.140488,50.5,2026280064.0
1863.148901,50.6,2027280640.0
1864.159111,50.5,2028280448.0
1865.168332,50.6,2029331072.0
1866.181441,50.4,2030331264.0
1867.190168,50.7,2031332480.0
1868.198457,50.8,2032331520.0
1869.209998,50.7,2033330816.0
1870.218401,50.4,2034380800.0
1871.231267,50.8,2035380608.0
1872.239308,50.8,2036380672.0
1873.247395,50.7,2037381504.0
1874.255389,50.3,2038380800.0
1875.264214,50.5,2039430144.0
1876.277915,50.8,2040430208.0
1877.287024,50.4,2041430016.0
1878.295395,50.7,2042430848.0
1879.302747,50.7,2043429760.0
1880.313066,50.6,2044430848.0
1881.327103,50.6,2045480832.0
1882.336706,50.8,2046480896.0
1883.344668,50.9,2047479424.0
1884.352920,50.8,2048480384.0
1885.362299,50.7,2049479936.0
1886.372407,50.7,2050530176.0
1887.383360,50.5,2051530624.0
1888.391699,50.6,2052531584.0
1889.401968,50.8,2053530240.0
1890.411729,50.9,2054528896.0
1891.425652,50.7,2055580416.0
1892.435816,51.0,2056580736.0
1893.443686,50.8,2057580672.0
1894.450405,50.7,2058580224.0
1895.458402,50.9,2059580160.0
1896.466436,50.9,2060630144.0
1897.479411,50.6,2061630592.0
1898.488410,51.0,2062630400.0
1899.496406,50.8,2063630848.0
1900.503393,50.8,2064631040.0
1901.512399,50.8,2065630848.0
1902.520405,50.7,2066680704.0
1903.533421,50.8,2067680512.0
1904.541485,50.7,2068680192.0
1905.549765,50.8,2069681792.0
1906.559398,,
1912.566933,,
1918.574434,50.7,2085780864.0
1922.646347,51.0,2086780160.0
1923.655010,50.9,2087779968.0
1924.665035,50.5,2088780032.0
1925.674416,50.8,2089830528.0
1926.685722,51.0,2090829696.0
1927.692402,51.0,2091829888.0
1928.700007,50.6,2092829824.0
1929.710076,50.8,2093829760.0
1930.719239,50.9,2094880128.0
1931.733580,50.9,2095879552.0
1932.742849,50.7,2096880256.0
1933.751417,50.8,2097880960.0
1934.760418,50.8,2098881152.0
1935.769790,51.0,2099931264.0
1936.783608,50.7,2100929920.0
1937.791791,51.0,2101927808.0
1938.798394,51.0,2102928128.0
1939.806569,51.1,2103927808.0
1940.815724,51.1,2104978176.0
1941.829232,50.7,2105977856.0
1942.839523,50.9,2106979840.0
1943.847084,50.8,2107980032.0
1944.854777,51.2,2108977792.0
1945.865412,51.0,2110027776.0
1946.878438,50.8,2111029888.0
1947.888393,50.7,2112029696.0
1948.894434,50.8,2113029632.0
1949.902385,51.0,2114030720.0
1950.912307,51.1,2115029504.0
1951.921398,50.9,2116080128.0
1952.935212,50.9,2117079552.0
1953.943752,50.7,2118079744.0
1954.952740,51.0,2119080448.0
1955.962394,50.9,2120079872.0
1956.971086,51.0,2121129600.0
1957.984719,50.9,2122129024.0
1958.992416,50.9,2123129600.0
1959.999839,50.8,2124129536.0
1961.007416,50.7,2125129600.0
1962.015458,51.1,2126129536.0
1963.024440,51.1,2127179520.0
1964.036431,51.0,2128179072.0
1965.043402,51.2,2129179520.0
1966.051883,51.1,2130180224.0
1967.062395,50.9,2131180544.0
1968.070415,51.0,2132230400.0
1969.083554,51.0,2133229952.0
1970.093360,50.9,2134229504.0
1971.100419,51.1,2135230976.0
1972.108930,51.1,2136229248.0
1973.118696,50.9,2137280000.0
1974.132579,50.9,2138279680.0
1975.142240,50.8,2139278976.0
1976.150229,51.0,2140279424.0
1977.157987,50.8,2141279232.0
1978.168242,51.2,2142329600.0
1979.182410,51.1,2143329536.0
1980.192719,50.9,2144329472.0
1981.200491,51.2,2145329536.0
1982.208865,51.1,2146329728.0
1983.218443,51.1,2147330304.0
1984.233310,51.3,2148379904.0
1985.242861,51.1,2149379072.0
1986.251167,51.3,2150379776.0
1987.260095,50.9,2151379456.0
1988.270058,51.2,2152429824.0
1989.284776,51.1,2153430016.0
1990.294024,50.9,2154429440.0
1991.302012,51.0,2155429888.0
1992.312599,51.0,2156429056.0
1993.322251,50.9,2157479424.0
1994.336440,51.0,2158479616.0
1995.344918,51.1,2159479040.0
1996.352480,51.0,2160479744.0
1997.361392,51.0,2161478912.0
1998.369725,51.4,2162529792.0
1999.383392,51.1,2163528960.0
2000.392483,51.1,2164529408.0
2001.400499,51.0,2165528576.0
2002.408492,51.0,2166529280.0
2003.418624,51.4,2167528704.0
2004.429815,51.1,2168579584.0
2005.440488,51.0,2169578752.0
2006.448707,51.4,2170579968.0
2007.456393,51.5,2171579648.0
2008.465729,51.1,2172579328.0
2009.474360,51.4,2173628672.0
2010.487689,51.3,2174629120.0
2011.496163,51.2,2175629312.0
2012.504723,51.0,2176628480.0
2013.514971,51.2,2177628160.0
2014.524393,51.4,2178679296.0
2015.537808,50.8,2179678976.0
2016.546443,51.2,2180679168.0
2017.554989,51.5,2181678592.0
2018.564999,51.3,2182679040.0
2019.574693,51.2,2183728128.0
2020.587391,51.6,2184729088.0
2021.595593,51.1,2185727744.0
2022.603901,51.1,2186730240.0
2023.614893,51.1,2187728896.0
2024.624420,51.3,2188779776.0
2025.638910,51.1,2189778688.0
2026.647403,,
2032.655429,,
2038.663931,51.5,2205878528.0
2042.775013,51.3,2206927872.0
2043.789099,51.3,2207926016.0
2044.797821,51.3,2208926208.0
2045.806668,51.1,2209926656.0
2046.817552,51.1,2210926080.0
2047.827286,51.2,2211978240.0
2048.840648,51.2,2212979968.0
2049.849733,51.4,2213978624.0
2050.859628,51.5,2214978816.0
2051.870017,51.5,2215977728.0
2052.880104,51.4,2217028864.0
2053.891607,50.9,2218027264.0
2054.898987,51.1,2219028736.0
2055.906676,51.4,2220029696.0
2056.917168,51.4,2221028608.0
2057.926311,51.3,2222078720.0
2058.939432,51.5,2223078912.0
2059.947641,51.5,2224078080.0
2060.954441,51.2,2225078016.0
2061.962411,51.3,2226079232.0
2062.971576,51.5,2227078656.0
2063.985420,51.3,2228128768.0
2064.994397,51.1,2229127424.0
2066.001554,51.4,2230128384.0
2067.009000,51.6,2231128064.0
2068.018989,51.5,2232128512.0
2069.027432,51.5,2233178624.0
2070.040484,51.4,2234178816.0
2071.048926,51.2,2235177728.0
2072.058473,51.4,2236178176.0
2073.069129,51.5,2237178368.0
2074.077631,51.4,2238226944.0
2075.091017,51.5,2239227904.0
2076.099097,51.5,2240228864.0
2077.107223,51.6,2241227520.0
2078.118309,51.3,2242229760.0
2079.127735,51.2,2243277824.0
2080.140479,51.4,2244277760.0
2081.149463,51.3,2245278720.0
2082.158132,51.4,2246278144.0
2083.168030,51.4,2247277824.0
2084.176564,51.5,2248327680.0
2085.191299,51.3,2249328384.0
2086.199395,51.6,2250328576.0
2087.206398,51.7,2251328000.0
2088.215116,51.5,2252328192.0
2089.223392,51.5,2253377792.0
2090.236405,51.4,2254377728.0
2091.245064,51.5,2255377920.0
2092.251408,51.2,2256378112.0
2093.258722,51.4,2257377536.0
2094.267410,51.4,2258377984.0
2095.276451,51.3,2259427584.0
2096.290519,51.3,2260428032.0
2097.302963,51.6,2261427968.0
2098.309400,51.6,2262428160.0
2099.317396,51.5,2263426560.0
2100.325810,51.5,2264477696.0
2101.340424,51.3,2265477888.0
2102.348985,51.7,2266477056.0
2103.356402,51.5,2267478016.0
2104.365272,51.5,2268477440.0
2105.374759,51.7,2269527296.0
2106.388342,51.6,2270528000.0
2107.398826,51.6,2271528704.0
2108.406416,51.5,2272527872.0
2109.415258,51.7,2273527552.0
2110.424410,51.6,2274527744.0
2111.439029,51.4,2275578112.0
2112.449120,51.5,2276578304.0
2113.457551,51.7,2277577984.0
2114.466755,51.7,2278577920.0
2115.475598,51.5,2279627776.0
2116.488395,51.4,2280627968.0
2117.497599,51.5,2281627648.0
2118.506632,51.4,2282627840.0
2119.515394,51.6,2283626752.0
2120.524335,51.2,2284678144.0
2121.538435,51.5,2285677824.0
2122.549437,51.4,2286676992.0
2123.557480,51.7,2287678720.0
2124.566269,51.8,2288676608.0
2125.575431,51.5,2289726976.0
2126.588842,51.5,2290726912.0
2127.598845,51.6,2291726080.0
2128.607276,51.6,2292727040.0
2129.616401,51.4,2293728512.0
2130.625742,51.7,2294776576.0
2131.639602,51.8,2295777024.0
2132.649704,51.9,2296777472.0
2133.658248,51.5,2297777408.0
2134.668456,51.5,2298777600.0
2135.677828,51.6,2299827968.0
2136.692441,52.0,2300827136.0
2137.700874,51.4,2301827840.0
2138.708881,51.5,2302828288.0
2139.719424,51.7,2303827200.0
2140.728788,51.7,2304877824.0
2141.743784,51.4,2305877760.0
2142.751780,51.3,2306877184.0
2143.760180,51.6,2307877888.0
2144.770681,51.6,2308877312.0
2145.779390,51.6,2309928960.0
2146.792389,,
2152.800415,,
2158.808250,51.6,2326027264.0
2162.902431,51.8,2327027200.0
2163.910395,51.7,2328026368.0
2164.919963,51.4,2329026816.0
2165.928402,51.8,2330076160.0
2166.941791,51.8,2331076864.0
2167.950320,51.6,2332076800.0
2168.957397,51.9,2333076736.0
2169.965296,51.6,2334077184.0
2170.974414,51.6,2335077120.0
2171.983296,51.6,2336127488.0
2172.995942,51.6,2337127936.0
2174.004221,51.8,2338126592.0
2175.011968,51.7,2339127552.0
2176.021912,51.6,2340126208.0
2177.031578,51.5,2341177856.0
2178.045455,51.6,2342177280.0
2179.052412,51.6,2343176704.0
2180.060506,51.5,2344176128.0
2181.070437,51.6,2345176576.0
2182.079058,51.7,2346226688.0
2183.092638,51.9,2347226624.0
2184.100407,51.5,2348227584.0
2185.107228,51.8,2349225984.0
2186.114688,51.6,2350225664.0
2187.124328,51.5,2351226112.0
2188.133352,51.9,2352276736.0
2189.146406,51.4,2353277696.0
2190.153744,51.7,2354276352.0
2191.161321,51.6,2355277056.0
2192.170407,51.6,2356276480.0
2193.179209,51.9,2357327104.0
2194.192391,51.8,2358326528.0
2195.201444,51.6,2359326976.0
2196.208283,51.8,2360327168.0
2197.216041,51.9,2361326592.0
2198.226124,51.6,2362376192.0
2199.240698,51.6,2363376896.0
2200.250951,51.8,2364376576.0
2201.259233,51.7,2365377280.0
2202.268416,51.9,2366376448.0
2203.277415,51.9,2367426304.0
2204.291302,51.8,2368425472.0
2205.300738,51.8,2369426432.0
2206.308402,51.5,2370426112.0
2207.315394,51.6,2371427072.0
2208.325396,51.7,2372426496.0
2209.333396,52.0,2373476096.0
2210.346523,51.7,2374476288.0
2211.354783,51.8,2375475712.0
2212.362123,52.0,2376476416.0
2213.371400,51.8,2377476096.0
2214.379605,51.7,2378526208.0
2215.392796,51.8,2379526656.0
2216.401555,51.7,2380525824.0
2217.409353,51.9,2381525248.0
2218.417632,51.6,2382526464.0
2219.427101,51.8,2383576064.0
2220.441995,51.9,2384576512.0
2221.452133,52.0,2385576192.0
2222.460706,51.9,2386576640.0
2223.470592,51.7,2387576576.0
2224.479900,51.9,2388626432.0
2225.493974,52.1,2389626624.0
2226.502407,51.9,2390626560.0
2227.509949,51.8,2391626240.0
2228.516407,51.9,2392626176.0
2229.526393,51.8,2393625856.0
2230.537136,51.7,2394675712.0
2231.548231,51.9,2395675904.0
2232.556755,52.1,2396675840.0
2233.564500,51.6,2397676032.0
2234.574855,52.1,2398676480.0
2235.584733,51.7,2399726080.0
2236.598520,52.2,2400726528.0
2237.606830,51.9,2401725952.0
2238.613739,51.7,2402726144.0
2239.623459,52.0,2403727104.0
2240.633163,52.0,2404776192.0
2241.646411,52.1,2405775616.0
2242.654799,51.9,2406776064.0
2243.662045,52.0,2407775744.0
2244.672283,51.8,2408775936.0
2245.681125,51.9,2409825536.0
2246.695505,51.9,2410825984.0
2247.704953,51.8,2411825152.0
2248.713086,51.7,2412826112.0
2249.723257,52.1,2413826816.0
2250.733030,51.8,2414876160.0
2251.747178,51.9,2415876352.0
2252.756065,52.2,2416876032.0
2253.764111,51.8,2417876480.0
2254.775531,52.2,2418875392.0
2255.784426,52.2,2419927040.0
2256.798487,52.0,2420926208.0
2257.807110,51.8,2421925632.0
2258.815914,52.1,2422926592.0
2259.826718,51.9,2423925760.0
2260.836626,52.1,2424976384.0
2261.848899,51.9,2425975552.0
2262.856821,52.2,2426975744.0
2263.864770,52.0,2427976448.0
2264.876097,52.2,2428975360.0
2265.885207,52.0,2430025216.0
2266.898133,,
2272.907333,,
2278.915440,52.1,2445125120.0
2282.006949,52.4,2446125568.0
2283.014975,52.0,2447123968.0
2284.025270,52.2,2448126208.0
2285.033426,52.0,2449175552.0
2286.047546,52.0,2450176256.0
2287.056151,52.0,2451176192.0
2288.064017,52.0,2452175616.0
2289.074749,52.0,2453175296.0
2290.083818,52.1,2454226432.0
2291.097641,51.9,2455224832.0
2292.106081,52.2,2456225024.0
2293.113835,51.8,2457225472.0
2294.124106,52.3,2458225664.0
2295.133026,51.8,2459275520.0
2296.146947,51.9,2460274944.0
2297.156038,52.2,2461274880.0
2298.164076,52.0,2462275328.0
2299.174898,51.9,2463276032.0
2300.183633,52.2,2464325888.0
2301.198297,51.8,2465325056.0
2302.206279,52.3,2466325504.0
2303.214061,52.1,2467324160.0
2304.224209,51.9,2468325888.0
2305.234060,52.0,2469376256.0
2306.248456,52.2,2470376192.0
2307.256589,52.1,2471375104.0
2308.264936,52.2,2472375040.0
2309.275053,51.9,2473374976.0
2310.283691,52.3,2474425856.0
2311.297971,52.0,2475424000.0
2312.306092,52.3,2476425984.0
2313.314043,52.3,2477423872.0
2314.322718,52.0,2478425344.0
2315.332046,52.0,2479474688.0
2316.345420,52.0,2480474880.0
2317.355596,52.3,2481475072.0
2318.363650,51.9,2482473984.0
2319.372446,52.2,2483474688.0
2320.380414,52.2,2484524544.0
2321.394771,52.1,2485525504.0
2322.404557,52.4,2486523136.0
2323.413030,52.1,2487524608.0
2324.422619,52.1,2488524032.0
2325.432407,52.0,2489575424.0
2326.446403,52.1,2490572800.0
2327.455472,51.8,2491573760.0
2328.463419,52.3,2492573952.0
2329.473801,52.1,2493574656.0
2330.482658,52.0,2494623744.0
2331.496788,52.2,2495624960.0
2332.506415,52.2,2496624640.0
2333.513452,52.3,2497625856.0
2334.521423,52.5,2498624000.0
2335.531005,52.1,2499625216.0
2336.542407,52.4,2500674560.0
2337.552047,52.5,2501674752.0
2338.560094,52.5,2502674432.0
2339.567306,52.2,2503673856.0
2340.576811,52.2,2504674816.0
2341.586002,52.1,2505725184.0
2342.598417,52.2,2506724608.0
2343.606437,52.3,2507725824.0
2344.614408,52.0,2508723712.0
2345.623674,52.2,2509724160.0
2346.632395,52.2,2510774784.0
2347.646121,52.2,2511774976.0
2348.655882,52.0,2512774144.0
2349.663598,52.1,2513774080.0
2350.672859,52.6,2514774528.0
2351.681800,52.3,2515824896.0
2352.695601,52.4,2516824576.0
2353.705350,52.1,2517825792.0
2354.714213,52.4,2518824960.0
2355.724412,52.2,2519824128.0
2356.733237,52.2,2520875008.0
2357.746420,52.1,2521873408.0
2358.756179,52.0,2522874112.0
2359.763823,52.4,2523874048.0
2360.774811,52.1,2524873728.0
2361.783424,52.3,2525924608.0
2362.796398,52.1,2526924288.0
2363.805496,52.1,2527923200.0
2364.813387,52.1,2528924160.0
2365.819433,52.2,2529924352.0
2366.828814,52.2,2530924800.0
2367.837715,52.3,2531973120.0
2368.849411,52.5,2532973824.0
2369.857790,52.2,2533974272.0
2370.865435,52.2,2534974464.0
2371.874612,52.3,2535974400.0
2372.884457,51.9,2537024512.0
2373.897909,52.4,2538023936.0
2374.906941,52.2,2539024384.0
2375.915851,52.1,2540024832.0
2376.925471,52.2,2541024512.0
2377.934702,52.4,2542074624.0
2378.948512,52.3,2543073536.0
2379.957194,52.4,2544074496.0
2380.964891,52.3,2545074688.0
2381.975482,52.4,2546074112.0
2382.983395,52.3,2547123712.0
2383.996647,52.3,2548125952.0
2385.006335,52.5,2549124864.0
2386.014468,,
2392.022853,,
2398.031526,52.3,2565224448.0
2402.134442,52.4,2566274560.0
2403.147441,52.3,2567274496.0
2404.156411,52.3,2568274944.0
2405.164414,52.1,2569273344.0
2406.171409,52.2,2570273536.0
2407.180420,52.2,2571273984.0
2408.189303,52.3,2572324096.0
2409.203345,52.3,2573324032.0
2410.210943,52.5,2574322944.0
2411.217410,52.4,2575323904.0
2412.227396,52.7,2576322560.0
2413.235391,52.4,2577373440.0
2414.247392,52.6,2578373632.0
2415.256875,52.3,2579373568.0
2416.265392,52.5,2580372992.0
2417.272962,52.6,2581373696.0
2418.282422,52.4,2582374144.0
2419.292437,52.5,2583424000.0
2420.302404,52.5,2584423680.0
2421.309914,52.4,2585423872.0
2422.317395,52.4,2586423552.0
2423.327509,52.3,2587424256.0
2424.336869,52.7,2588475136.0
2425.350422,52.1,2589474048.0
2426.360050,52.5,2590473984.0
2427.368802,52.2,2591473152.0
2428.379412,52.4,2592473600.0
2429.388765,52.5,2593523968.0
2430.402290,52.5,2594523648.0
2431.410468,52.2,2595523328.0
2432.418503,52.7,2596523264.0
2433.428409,52.3,2597523968.0
2434.437080,52.5,2598573824.0
2435.450415,52.3,2599573760.0
2436.459208,52.6,2600573440.0
2437.466991,52.7,2601573632.0
2438.477896,52.6,2602573568.0
2439.486409,52.3,2603623936.0
2440.499426,52.4,2604623616.0
2441.509038,52.6,2605623296.0
2442.517466,52.3,2606623488.0
2443.527655,52.3,2607623424.0
2444.536394,52.3,2608673280.0
2445.549722,52.5,2609672704.0
2446.558712,52.7,2610673920.0
2447.566402,52.5,2611672832.0
2448.575541,52.5,2612673024.0
2449.584404,52.4,2613723648.0
2450.598165,52.4,2614723072.0
2451.606878,52.6,2615723520.0
2452.614399,52.5,2616723712.0
2453.621473,52.4,2617723648.0
2454.632412,52.4,2618722816.0
2455.640434,52.5,2619773696.0
2456.652394,52.7,2620772864.0
2457.659791,52.7,2621773312.0
2458.667915,52.5,2622773504.0
2459.677679,52.4,2623773696.0
2460.685442,52.5,2624823808.0
2461.698733,52.6,2625822976.0
2462.707427,52.4,2626823680.0
2463.714875,52.5,2627823872.0
2464.721403,52.6,2628823040.0
2465.731418,52.5,2629823488.0
2466.740435,52.6,2630874112.0
2467.753396,52.6,2631873024.0
2468.760406,52.2,2632872960.0
2469.768495,52.8,2633873152.0
2470.779611,52.5,2634874368.0
2471.788393,52.6,2635923456.0
2472.801413,52.8,2636923648.0
2473.809676,52.8,2637923584.0
2474.816912,52.5,2638921984.0
2475.825568,52.3,2639922688.0
2476.834992,52.4,2640922880.0
2477.849356,52.6,2641972736.0
2478.859243,52.6,2642972928.0
2479.866875,52.6,2643973632.0
2480.878605,52.3,2644972800.0
2481.888455,52.6,2646023680.0
2482.902787,52.6,2647022848.0
2483.910409,52.5,2648023808.0
2484.917250,52.6,2649022976.0
2485.923851,52.7,2650023168.0
2486.933693,52.6,2651022080.0
2487.944031,52.7,2652072448.0
2488.953402,52.8,2653072896.0
2489.961146,52.7,2654071808.0
2490.969029,52.4,2655073792.0
2491.980878,52.6,2656072960.0
2492.990140,52.6,2657122560.0
2494.003624,52.3,2658123008.0
2495.011407,52.5,2659123968.0
2496.018583,52.8,2660122624.0
2497.027932,52.5,2661123072.0
2498.036401,52.7,2662172928.0
2499.049107,52.6,2663174144.0
2500.058615,52.7,2664173312.0
2501.066400,52.8,2665173504.0
2502.073414,52.9,2666172672.0
2503.083712,52.7,2667172608.0
2504.094566,52.4,2668222976.0
2505.105685,52.6,2669223680.0
2506.113132,,
2512.118419,,
2518.126432,52.3,2685322752.0
2522.204355,52.7,2686322944.0
2523.212869,52.8,2687323648.0
2524.220397,52.8,2688321536.0
2525.229627,52.7,2689322496.0
2526.242421,52.7,2690372096.0
2527.254553,52.6,2691373568.0
2528.263229,52.4,2692371968.0
2529.270394,52.9,2693372928.0
2530.280354,52.5,2694373376.0
2531.289778,52.9,2695422208.0
2532.303366,52.7,2696422144.0
2533.312362,53.0,2697422080.0
2534.319662,52.5,2698423040.0
2535.329543,52.8,2699422720.0
2536.337795,52.6,2700472832.0
2537.351638,52.5,2701471744.0
2538.361027,52.7,2702472192.0
2539.368400,52.8,2703471872.0
2540.375904,52.6,2704472576.0
2541.385940,52.8,2705472256.0
2542.400442,52.8,2706522624.0
2543.410431,52.8,2707522560.0
2544.418911,52.6,2708522496.0
2545.428396,52.7,2709521920.0
2546.437264,52.9,2710572544.0
2547.451682,52.6,2711571968.0
2548.462114,52.9,2712572672.0
2549.470968,52.5,2713572352.0
2550.480765,52.8,2714572544.0
2551.489620,53.0,2715622144.0
2552.502396,52.7,2716622848.0
2553.510410,52.8,2717622016.0
2554.518070,52.8,2718622464.0
2555.526837,52.8,2719621632.0
2556.535445,52.9,2720622592.0
2557.545437,52.9,2721672448.0
2558.555436,52.8,2722672640.0
2559.563394,52.7,2723671552.0
2560.571458,52.8,2724672512.0
2561.582220,52.9,2725671936.0
2562.592131,53.0,2726722048.0
2563.605407,52.5,2727721472.0
2564.613433,52.9,2728722688.0
2565.621235,52.7,2729722880.0
2566.631400,52.7,2730721536.0
2567.639408,52.6,2731772160.0
2568.652431,52.9,2732771840.0
2569.661327,52.8,2733771520.0
2570.668254,53.0,2734772736.0
2571.675331,52.8,2735772160.0
2572.685226,53.0,2736772096.0
2573.695179,52.8,2737821952.0
2574.707107,52.8,2738822144.0
2575.715405,52.8,2739821824.0
2576.722331,52.7,2740822016.0
2577.732428,52.9,2741822208.0
2578.741744,52.6,2742873088.0
2579.755398,52.7,2743871744.0
2580.763115,52.9,2744872448.0
2581.770066,53.0,2745872128.0
2582.778141,52.9,2746871808.0
2583.787492,52.9,2747922432.0
2584.801855,52.7,2748922112.0
2585.811626,52.9,2749921792.0
2586.819608,52.9,2750922496.0
2587.826397,52.9,2751921664.0
2588.835805,52.5,2752921856.0
2589.846570,52.7,2753971456.0
2590.856420,53.0,2754971136.0
2591.864724,52.7,2755972096.0
2592.872396,53.0,2756972032.0
2593.882353,53.0,2757971456.0
2594.890397,52.8,2759022080.0
2595.903412,52.9,2760022016.0
2596.912418,53.2,2761022208.0
2597.919814,52.8,2762021120.0
2598.928402,52.9,2763021568.0
2599.937431,52.8,2764021760.0
2600.951682,52.8,2765071616.0
2601.961402,53.2,2766072064.0
2602.968438,53.0,2767071488.0
2603.975388,52.9,2768071936.0
2604.986051,52.8,2769071104.0
2605.995983,53.2,2770121728.0
2607.007340,52.8,2771121152.0
2608.015203,53.2,2772121344.0
2609.023565,53.2,2773121536.0
2610.034734,53.0,2774122240.0
2611.043509,53.0,2775171072.0
2612.056343,52.8,2776171776.0
2613.064411,53.0,2777171968.0
2614.072474,52.9,2778171648.0
2615.083295,52.7,2779171840.0
2616.092365,53.1,2780221696.0
2617.106389,52.8,2781221120.0
2618.113409,52.9,2782221568.0
2619.122127,52.8,2783220736.0
2620.132019,52.8,2784222208.0
2621.140437,53.1,2785272064.0
2622.154242,53.1,2786271488.0
2623.162416,53.2,2787271680.0
2624.169968,53.0,2788270848.0
2625.178412,,
2632.223109,,
2638.230387,53.1,2805420800.0
2642.325410,53.2,2806420480.0
2643.334997,52.9,2807420928.0
2644.343941,52.8,2808472064.0
2645.357361,53.2,2809471488.0
2646.365096,53.0,2810470656.0
2647.372715,53.2,2811471872.0
2648.382431,53.1,2812470784.0
2649.391308,53.0,2813521152.0
2650.404410,53.0,2814522112.0
2651.413880,53.0,2815520768.0
2652.421479,53.0,2816520960.0
2653.430367,52.8,2817521152.0
2654.440676,52.8,2818571520.0
2655.454459,52.9,2819570944.0
2656.463428,52.9,2820571136.0
2657.472253,53.2,2821571072.0
2658.482510,53.1,2822571776.0
2659.490429,52.8,2823621120.0
2660.504509,53.0,2824621056.0
2661.513396,53.1,2825619712.0
2662.521074,52.8,2826621440.0
2663.527406,53.1,2827620608.0
2664.537421,53.0,2828620032.0
2665.546416,52.9,2829670656.0
2666.558423,53.1,2830671104.0
2667.566170,52.6,2831670528.0
2668.574423,52.9,2832671744.0
2669.585777,52.7,2833670656.0
2670.594660,53.2,2834721024.0
2671.608080,53.2,2835720704.0
2672.616399,53.0,2836720896.0
2673.624191,53.1,2837721344.0
2674.635806,53.1,2838721024.0
2675.644402,53.2,2839770624.0
2676.657679,53.0,2840770560.0
2677.665834,53.1,2841771520.0
2678.673779,52.9,2842772224.0
2679.684401,53.1,2843769856.0
2680.692507,53.1,2844820224.0
2681.706569,53.1,2845820416.0
2682.715140,53.2,2846820352.0
2683.723009,52.8,2847820800.0
2684.733156,53.2,2848819968.0
2685.741408,53.1,2849870848.0
2686.754885,53.3,2850871296.0
2687.763390,53.1,2851869696.0
2688.770872,53.5,2852871424.0
2689.778345,53.0,2853870592.0
2690.788424,52.9,2854870016.0
2691.802014,53.0,2855921664.0
2692.811404,53.1,2856920064.0
2693.817406,53.1,2857920000.0
2694.824812,53.3,2858919936.0
2695.834172,52.9,2859919616.0
2696.842342,53.1,2860970752.0
2697.855389,53.0,2861970432.0
2698.863473,52.9,2862969856.0
2699.870725,53.1,2863970816.0
2700.878018,53.1,2864969984.0
2701.887444,53.2,2865970176.0
2702.897257,53.1,2867020544.0
2703.909657,53.1,2868019968.0
2704.915882,53.1,2869019904.0
2705.923683,53.0,2870020864.0
2706.932395,53.0,2871020544.0
2707.940974,53.2,2872069888.0
2708.953388,52.9,2873069824.0
2709.961424,53.1,2874068992.0
2710.968410,53.5,2875070208.0
2711.975455,52.9,2876069888.0
2712.985431,53.0,2877070592.0
2713.994082,53.1,2878120704.0
2715.006893,53.2,2879119872.0
2716.015445,53.0,2880119552.0
2717.023796,53.3,2881118976.0
2718.033389,53.2,2882120960.0
2719.041397,53.0,2883170048.0
2720.054426,52.7,2884170496.0
2721.063389,53.0,2885170176.0
2722.069862,53.3,2886169600.0
2723.076396,53.4,2887169536.0
2724.086403,53.0,2888170240.0
2725.094393,53.1,2889220864.0
2726.108412,53.0,2890219776.0
2727.116600,53.1,2891220480.0
2728.124334,53.1,2892219904.0
2729.134434,53.2,2893220352.0
2730.142410,53.2,2894269952.0
2731.155451,53.1,2895269120.0
2732.164393,53.0,2896269568.0
2733.171412,53.2,2897270272.0
2734.177408,53.3,2898270208.0
2735.187414,53.4,2899270912.0
2736.195399,53.3,2900318976.0
2737.208423,53.3,2901319936.0
2738.216404,53.2,2902319360.0
2739.223874,53.3,2903320064.0
2740.232390,53.4,2904320768.0
2741.240388,52.9,2905320704.0
2742.249397,53.0,2906369280.0
2743.259439,53.3,2907369728.0
2744.267396,53.2,2908369920.0
2745.274412,53.0,2909369088.0
2746.283398,53.1,2910369792.0
2747.291397,53.4,2911419648.0
2748.304434,53.1,2912420096.0
2749.314641,53.2,2913420800.0
2750.322093,53.0,2914419968.0
2751.328956,53.7,2915420416.0
2752.339394,52.9,2916419584.0
2753.347411,53.1,2917469952.0
2754.359420,53.2,2918469632.0
2755.366193,52.8,2919570688.0
2756.463787,53.1,2920570368.0
2757.469405,53.4,2921570048.0
2758.475402,53.2,2922569728.0
2759.485399,53.3,2923569152.0
2760.492397,53.2,2924620800.0
2761.505406,53.4,2925619200.0
2762.514951,53.2,2926619136.0
2763.522407,53.3,2927619328.0
2764.529495,53.2,2928620032.0
2765.539411,53.4,2929619200.0
2766.548434,53.3,2930669568.0
2767.559391,53.4,2931669760.0
2768.566411,53.3,2932669184.0
2769.572400,53.7,2933669632.0
2770.579337,53.5,2934669568.0
2771.590119,53.4,2935670016.0
2772.604484,53.4,2936719104.0
2773.614364,53.4,2937718784.0
2774.621394,53.3,2938719232.0
2775.627422,53.2,2939719680.0
2776.636402,53.7,2940719104.0
2777.644603,53.7,2941770752.0
2778.658010,53.3,2942768896.0
2779.666430,53.0,2943769088.0
2780.673393,53.1,2944769280.0
2781.679438,53.4,2945769728.0
2782.690436,53.3,2946769152.0
2783.700409,53.4,2947818240.0
2784.709405,53.5,2948819968.0
2785.717412,53.1,2949819392.0
2786.724401,53.3,2950819584.0
2787.732507,53.2,2951819264.0
2788.741414,53.4,2952868096.0
2789.754992,53.5,2953868544.0
2790.764409,53.6,2954870272.0
2791.770149,53.7,2955869184.0
2792.777407,53.6,2956869632.0
2793.787456,53.4,2957869056.0
2794.796404,53.3,2958919168.0
2795.809407,53.8,2959920384.0
2796.817414,53.4,2960918528.0
2797.825395,53.2,2961919744.0
2798.835224,53.2,2962918912.0
2799.844069,53.7,2963970048.0
2800.857390,53.3,2964968960.0
2801.866424,53.3,2965968640.0
2802.873647,53.4,2966969088.0
2803.880395,53.2,2967968768.0
2804.890619,53.1,2968968960.0
2805.902696,53.2,2970018816.0
2806.912481,53.2,2971020032.0
2807.920409,53.3,2972018688.0
2808.928393,53.4,2973018112.0
2809.942388,53.3,2974019840.0
2810.955412,53.1,2975069184.0
2811.965252,53.6,2976568064.0
2813.463391,53.2,2977568512.0
2814.469408,53.6,2978569216.0
2815.476410,53.4,2979568896.0
2816.486902,53.3,2980568576.0
2817.495699,53.6,2981620736.0
2818.509409,53.6,2982618112.0
2819.517984,53.2,2983618304.0
2820.526325,53.3,2984618496.0
2821.537004,53.3,2985619200.0
2822.546727,53.7,2986667776.0
2823.559948,53.3,2987668736.0
2824.568481,53.4,2988668672.0
2825.576560,53.3,2989668096.0
2826.587418,53.3,2990669312.0
2827.595406,53.3,2991718144.0
2828.609303,53.4,2992719104.0
2829.617661,53.8,2993718784.0
2830.625772,53.1,2994718976.0
2831.636292,53.6,2995718656.0
2832.645464,53.5,2996768768.0
2833.659634,53.3,2997768448.0
2834.668576,53.5,2998767616.0
2835.676686,53.5,2999769088.0
2836.688079,53.7,3000768512.0
2837.697102,53.4,3001818112.0
2838.710535,53.4,3002817024.0
2839.718632,53.2,3003819520.0
2840.726458,53.6,3004817920.0
2841.737164,53.2,3005817600.0
2842.746206,53.3,3006867712.0
2843.760617,53.1,3007868672.0
2844.768403,53.3,3008868096.0
2845.776462,53.7,3009869312.0
2846.788097,53.3,3010867712.0
2847.797290,53.4,3011918080.0
2848.809661,53.4,3012918528.0
2849.817786,53.2,3013918976.0
2850.825468,53.5,3014919168.0
2851.834412,53.3,3015918336.0
2852.843990,53.6,3016968704.0
2853.857718,53.2,3017968128.0
2854.867435,53.5,3018967552.0
2855.875219,53.5,3019968512.0
2856.882396,53.6,3020968448.0
2857.892100,53.3,3021968640.0
2858.905553,53.3,3023017472.0
2859.915403,54.0,3024018688.0
2860.922600,53.8,3025018368.0
2861.930902,53.8,3026018560.0
2862.943446,53.2,3027016960.0
2863.958391,53.4,3028067584.0
2864.967425,53.4,3029068544.0
2865.975389,53.5,3030067200.0
2866.981439,53.4,3031069184.0
2867.992006,53.2,3032067840.0
2869.005916,53.5,3033117696.0
2870.014407,53.4,3034118912.0
2871.022065,53.5,3035119104.0
2872.029450,53.7,3036118016.0
2873.039705,54.3,3037119232.0
2874.048400,53.8,3038168064.0
2875.060451,53.4,3039168000.0
2876.068429,53.4,3040168448.0
2877.076415,,
2883.084408,,
2889.092649,53.5,3056317696.0
2893.211820,53.8,3057316608.0
2894.220074,53.6,3058317568.0
2895.227724,53.4,3059317504.0
2896.238243,53.7,3060318208.0
2897.247070,54.2,3061368576.0
2898.260803,53.7,3062367232.0
2899.269983,53.5,3063367680.0
2900.277786,53.7,3064367616.0
2901.287436,53.4,3065368320.0
2902.296623,53.8,3066418176.0
2903.310406,53.7,3067416832.0
2904.318435,53.4,3068418048.0
2905.326026,54.0,3069416960.0
2906.334405,53.9,3070417664.0
2907.343764,53.6,3071467776.0
2908.357390,53.6,3072468224.0
2909.366422,53.5,3073468160.0
2910.373396,53.2,3074467584.0
2911.380555,53.6,3075468032.0
2912.392531,53.7,3076466688.0
2913.407045,53.5,3077516544.0
2914.416398,53.8,3078518016.0
2915.423585,53.8,3079517184.0
2916.430425,53.5,3080517120.0
2917.440405,53.6,3081517824.0
2918.448418,53.7,3082568192.0
2919.461412,53.7,3083568128.0
2920.470462,53.5,3084567552.0
2921.477438,53.6,3085568256.0
2922.486408,53.8,3086567168.0
2923.495643,53.2,3087617536.0
2924.508564,53.4,3088617984.0
2925.517424,53.8,3089616384.0
2926.525410,53.7,3090617600.0
2927.532407,53.7,3091618048.0
2928.541412,53.6,3092617728.0
2929.550208,53.5,3093667072.0
2930.562959,53.6,3094667776.0
2931.570403,54.1,3095667200.0
2932.577847,53.8,3096667648.0
2933.588438,53.3,3097667584.0
2934.596487,54.2,3098717952.0
2935.609413,53.7,3099716608.0
2936.618688,53.7,3100716800.0
2937.626685,53.8,3101716992.0
2938.635424,53.4,3102717184.0
2939.644482,53.5,3103716608.0
2940.658437,53.7,3104766976.0
2941.667422,53.5,3105765888.0
2942.673409,53.8,3106767616.0
2943.681036,53.7,3107768320.0
2944.692065,53.9,3108767488.0
2945.700925,53.7,3109817600.0
2946.713935,54.1,3110816512.0
2947.720393,53.4,3111816960.0
2948.727610,53.8,3112816128.0
2949.736401,53.7,3113817600.0
2950.744944,53.5,3114867200.0
2951.758956,53.8,3115866368.0
2952.768424,53.9,3116866816.0
2953.775406,53.5,3117867008.0
2954.782395,53.6,3118866688.0
2955.793006,53.9,3119868160.0
2956.802446,53.8,3120917504.0
2957.813414,53.7,3121916672.0
2958.821394,53.9,3122916096.0
2959.828424,53.8,3123917312.0
2960.839004,53.5,3124915712.0
2961.848158,53.8,3125967360.0
2962.862219,53.8,3126967040.0
2963.870494,54.4,3127966976.0
2964.878541,53.8,3128967168.0
2965.888390,53.8,3129967104.0
2966.896595,53.9,3131017216.0
2967.909228,53.6,3132016128.0
2968.918062,53.5,3133015552.0
2969.925674,53.6,3134016512.0
2970.932395,54.0,3135016704.0
2971.942032,53.8,3136016640.0
2972.950414,53.8,3137066496.0
2973.963360,53.8,3138067456.0
2974.971404,54.1,3139066112.0
2975.978658,53.7,3140066304.0
2976.988108,53.5,3141067008.0
2977.996716,53.2,3142116352.0
2979.010941,54.3,3143117056.0
2980.019773,53.8,3144116992.0
2981.027450,53.8,3145116928.0
2982.034854,53.6,3146116608.0
2983.044533,53.6,3147118336.0
2984.058400,54.3,3148166912.0
2985.068036,53.9,3149166336.0
2986.075986,54.0,3150166528.0
2987.083401,54.0,3151167488.0
2988.093468,54.0,3152166656.0
2989.103295,54.2,3153216768.0
2990.113815,53.5,3154215680.0
2991.120405,54.0,3155216128.0
2992.127753,54.1,3156216832.0
2993.137038,53.9,3157216256.0
2994.145419,54.0,3158266880.0
2995.159572,53.9,3159265792.0
2996.168421,54.0,3160266752.0
2997.174396,53.6,3161265664.0
2998.181392,54.2,3162266624.0
2999.190704,53.9,3163265792.0
3000.199420,54.2,3164317440.0
3001.213211,53.6,3165315840.0
3002.221431,54.1,3166316544.0
3003.229407,53.6,3167316224.0
3004.239429,53.6,3168315648.0
3005.248821,53.9,3169366784.0
3006.262492,53.8,3170366208.0
3007.270393,53.9,3171366656.0
3008.277402,54.1,3172367360.0
3009.284439,53.9,3173366528.0
3010.294079,54.1,3174366208.0
3011.308465,54.1,3175415808.0
3012.318467,53.8,3176416256.0
3013.325436,54.3,3177416192.0
3014.331890,54.0,3178416128.0
3015.340992,53.7,3179416832.0
3016.349244,53.9,3180466688.0
3017.362401,54.0,3181465856.0
3018.369411,53.6,3182465792.0
3019.376411,54.2,3183464960.0
3020.383418,53.9,3184466176.0
3021.393646,54.2,3185466112.0
3022.404512,53.7,3186516224.0
3023.415409,53.7,3187517184.0
3024.423856,53.9,3188515840.0
3025.431872,53.9,3189516288.0
3026.443725,53.9,3190516224.0
3027.453397,53.8,3191566080.0
3028.464415,54.3,3192565504.0
3029.472600,54.1,3193565952.0
3030.480359,54.2,3194564352.0
3031.490683,54.3,3195565056.0
3032.498437,54.1,3196615936.0
3033.510458,53.8,3197614592.0
3034.519867,53.8,3198616064.0
3035.526418,53.8,3199615232.0
3036.533641,54.3,3200614912.0
3037.544012,53.7,3201615872.0
3038.554860,53.8,3202666240.0
3039.565697,54.4,3203665408.0
3040.573335,54.0,3204666112.0
3041.580431,53.9,3205666304.0
3042.590049,54.1,3206665216.0
3043.598536,54.0,3207715584.0
3044.611404,53.8,3208716544.0
3045.620309,53.9,3209715712.0
3046.628186,,
3052.631390,,
3058.638421,54.3,3225815808.0
3062.744112,54.1,3226815232.0
3063.754025,54.3,3227865088.0
3064.765124,54.3,3228864512.0
3065.772813,54.3,3229864960.0
3066.780435,54.3,3230865408.0
3067.790984,54.3,3231865088.0
3068.800060,54.1,3232915456.0
3069.814031,54.2,3233915136.0
3070.821397,54.0,3234915840.0
3071.829084,54.3,3235914496.0
3072.838405,54.2,3236915200.0
3073.847502,54.3,3237965056.0
3074.861364,54.0,3238965760.0
3075.871179,54.3,3239965184.0
3076.879242,53.8,3240965120.0
3077.888411,54.1,3241964544.0
3078.897617,54.5,3243014912.0
3079.910423,54.2,3244015616.0
3080.920248,54.4,3245015296.0
3081.927409,54.3,3246015744.0
3082.934656,54.1,3247015168.0
3083.943680,54.4,3248015104.0
3084.952590,53.9,3249064704.0
3085.965812,54.4,3250066176.0
3086.974096,54.1,3251065344.0
3087.982063,53.8,3252065792.0
3088.992068,54.4,3253064960.0
3090.000989,54.1,3254115584.0
3091.015758,54.2,3255114752.0
3092.024185,54.1,3256115200.0
3093.032354,54.1,3257115648.0
3094.042655,53.9,3258114816.0
3095.051910,54.5,3259165184.0
3096.064706,54.1,3260164096.0
3097.072395,54.1,3261165056.0
3098.080457,54.4,3262166528.0
3099.091148,53.8,3263164928.0
3100.101335,54.4,3264215040.0
3101.115399,53.8,3265214464.0
3102.123641,53.9,3266214912.0
3103.131146,54.3,3267214848.0
3104.141037,53.9,3268215296.0
3105.150400,54.4,3269265152.0
3106.165311,54.4,3270265088.0
3107.173659,53.9,3271265280.0
3108.182630,54.1,3272264960.0
3109.192207,54.4,3273265152.0
3110.201105,54.3,3274315008.0
3111.214754,54.4,3275313664.0
3112.222416,54.3,3276315904.0
3113.229408,54.1,3277314816.0
3114.238052,54.5,3278316288.0
3115.246884,54.4,3279364096.0
3116.260672,54.1,3280364800.0
3117.270365,53.9,3281364736.0
3118.278469,54.3,3282364672.0
3119.286484,53.8,3283364352.0
3120.296425,54.0,3284413952.0
3121.310392,54.5,3285414656.0
3122.319438,54.0,3286414848.0
3123.326415,54.3,3287415040.0
3124.334283,54.1,3288414976.0
3125.344595,54.2,3289414912.0
3126.357400,54.4,3290464512.0
3127.366433,54.1,3291464448.0
3128.374190,54.0,3292464640.0
3129.381496,54.4,3293464576.0
3130.390455,53.9,3294465024.0
3131.399534,54.1,3295514112.0
3132.412795,54.4,3296514304.0
3133.421439,54.5,3297514496.0
3134.428402,54.4,3298514944.0
3135.434403,54.5,3299515648.0
3136.444406,54.3,3300514816.0
3137.453117,54.3,3301566208.0
3138.466630,54.3,3302564096.0
3139.473405,54.3,3303564032.0
3140.481303,54.2,3304564992.0
3141.490973,54.2,3305564160.0
3142.500173,54.3,3306613760.0
3143.513919,54.2,3307615488.0
3144.522031,53.9,3308614912.0
3145.529392,54.2,3309613824.0
3146.535393,54.2,3310614528.0
3147.545877,54.4,3311613952.0
3148.556878,54.2,3312665088.0
3149.567404,54.4,3313664512.0
3150.574892,54.4,3314663936.0
3151.582249,54.1,3315664384.0
3152.591908,54.4,3316664064.0
3153.601434,54.5,3317714432.0
3154.615864,54.1,3318713856.0
3155.623400,54.4,3319714304.0
3156.630966,54.0,3320713984.0
3157.641187,54.3,3321713920.0
3158.649988,54.4,3322765056.0
3159.663857,54.3,3323764736.0
3160.672799,54.5,3324763904.0
3161.680403,54.0,3325764608.0
3162.688412,54.4,3326763520.0
3163.697391,54.1,3327764224.0
3164.710950,53.9,3328814592.0
3165.720516,54.4,3329814016.0
3166.728408,,
3172.737232,,
3178.744916,54.2,3345914368.0
3182.811893,54.3,3346913536.0
3183.821502,54.5,3347915008.0
3184.828396,54.2,3348914688.0
3185.834436,53.9,3349913856.0
3186.844763,54.1,3350914048.0
3187.853317,54.1,3351964928.0
3188.866276,54.4,3352963840.0
3189.875126,54.6,3353964032.0
3190.883456,54.5,3354964224.0
3191.893407,54.1,3355963136.0
3192.902256,54.1,3357015296.0
3193.915975,54.0,3358013696.0
3194.923402,54.4,3359013888.0
3195.930424,54.3,3360013824.0
3196.938559,54.4,3361012736.0
3197.946408,54.3,3362013184.0
3198.955948,54.5,3363064320.0
3199.967615,54.6,3364064512.0
3200.975693,54.6,3365063936.0
3201.983845,54.1,3366063104.0
3202.995448,54.4,3367063040.0
3204.004220,54.4,3368113152.0
3205.017506,54.3,3369114624.0
3206.025886,54.2,3370113536.0
3207.033819,54.4,3371112704.0
3208.044089,54.5,3372113664.0
3209.053264,54.4,3373163520.0
3210.066430,54.4,3374163456.0
3211.074707,54.8,3375163904.0
3212.082832,53.8,3376164352.0
3213.092671,54.2,3377164032.0
3214.102266,54.0,3378213888.0
3215.115898,54.3,3379213056.0
3216.124052,54.5,3380214016.0
3217.132004,54.2,3381213952.0
3218.141465,54.5,3382213376.0
3219.150446,54.4,3383264256.0
3220.164605,54.2,3384263680.0
3221.174137,54.8,3385263616.0
3222.182041,54.5,3386263552.0
3223.191437,54.4,3387263232.0
3224.200432,54.1,3388313344.0
3225.213400,54.5,3389314048.0
3226.223031,54.3,3390312704.0
3227.231303,54.5,3391312896.0
3228.239804,54.2,3392313088.0
3229.249336,54.3,3393363968.0
3230.263521,54.2,3394363904.0
3231.273310,54.8,3395362816.0
3232.280435,54.5,3396362496.0
3233.288157,54.5,3397363712.0
3234.297249,54.6,3398363136.0
3235.308018,54.8,3399413248.0
3236.317822,54.5,3400412928.0
3237.325728,54.5,3401412608.0
3238.333831,54.1,3402414848.0
3239.343411,54.4,3403412992.0
3240.352671,54.5,3404463616.0
3241.365817,54.4,3405463296.0
3242.374825,54.4,3406464256.0
3243.382938,54.5,3407463168.0
3244.392802,54.5,3408462848.0
3245.402832,54.2,3409513472.0
3246.416879,54.4,3410513152.0
3247.425085,54.0,3411513600.0
3248.432770,54.6,3412513536.0
3249.443125,54.6,3413512960.0
3250.452336,54.7,3414562048.0
3251.466432,54.7,3415563264.0
3252.475129,54.5,3416563968.0
3253.483120,54.6,3417563392.0
3254.493167,54.6,3418563840.0
3255.502429,54.1,3419613696.0
3256.515937,54.3,3420612864.0
3257.524714,54.4,3421613056.0
3258.532113,54.5,3422612992.0
3259.541434,54.7,3423612160.0
3260.550236,54.5,3424664064.0
3261.563990,55.0,3425663744.0
3262.573476,53.7,3426663680.0
3263.582101,54.4,3427663104.0
3264.591255,54.5,3428663552.0
3265.600277,54.5,3429713152.0
3266.614327,54.6,3430712832.0
3267.623414,54.5,3431713024.0
3268.631867,54.5,3432712960.0
3269.639397,54.4,3433713152.0
3270.647393,54.4,3434713856.0
3271.655652,54.7,3435762688.0
3272.667416,54.7,3436763136.0
3273.675158,54.5,3437763072.0
3274.682426,54.5,3438763776.0
3275.690402,54.5,3439762432.0
3276.700083,54.4,3440812800.0
3277.713485,54.6,3441812736.0
3278.722417,54.4,3442812416.0
3279.729859,54.6,3443813376.0
3280.736403,54.5,3444812288.0
3281.745583,54.9,3445813248.0
3282.754533,54.4,3446862080.0
3283.766419,54.6,3447862528.0
3284.774798,54.4,3448862720.0
3285.782461,54.6,3449863168.0
3286.791677,,
3292.800404,,
3298.808391,54.7,3465961984.0
3302.871354,54.5,3466962688.0
3303.879134,54.5,3467961856.0
3304.886195,54.5,3468963072.0
3305.896411,54.5,3469962752.0
3306.905238,54.5,3471011328.0
3307.917414,54.7,3472011008.0
3308.925419,54.5,3473011456.0
3309.933392,54.5,3474011904.0
3310.941628,54.4,3475010048.0
3311.949254,54.7,3476060928.0
3312.962736,54.5,3477062656.0
3313.972725,54.5,3478062848.0
3314.979867,54.6,3479062528.0
3315.987140,54.6,3480062464.0
3316.998190,54.5,3481061888.0
3318.008958,54.6,3482112000.0
3319.018405,54.6,3483111936.0
3320.026494,54.6,3484112640.0
3321.033877,54.5,3485114368.0
3322.043438,54.8,3486112512.0
3323.052157,54.6,3487162624.0
3324.065402,54.6,3488162048.0
3325.074895,54.6,3489162496.0
3326.083117,54.6,3490162944.0
3327.093458,54.4,3491161856.0
3328.102401,54.7,3492213504.0
3329.115401,54.7,3493211392.0
3330.124434,54.7,3494212608.0
3331.132780,54.6,3495212288.0
3332.141279,54.4,3496212224.0
3333.150987,54.8,3497262336.0
3334.165021,54.7,3498262528.0
3335.174649,54.6,3499261696.0
3336.182408,54.5,3500262144.0
3337.189661,54.3,3501262336.0
3338.200430,54.8,3502262528.0
3339.214392,54.2,3503312896.0
3340.223429,54.5,3504312320.0
3341.230719,54.5,3505312000.0
3342.238418,54.5,3506311680.0
3343.248843,54.4,3507311616.0
3344.258631,54.9,3508362752.0
3345.270404,54.6,3509361920.0
3346.277678,54.7,3510362112.0
3347.286200,54.6,3511362048.0
3348.295389,54.6,3512361984.0
3349.304391,54.6,3513412096.0
3350.317416,54.7,3514412800.0
3351.325432,54.6,3515411456.0
3352.333335,54.2,3516412672.0
3353.342217,54.4,3517412096.0
3354.351674,54.5,3518461952.0
3355.365855,54.7,3519461888.0
3356.375579,54.6,3520461568.0
3357.383676,54.8,3521462528.0
3358.392966,54.7,3522461696.0
3359.402239,54.7,3523512064.0
3360.415396,54.5,3524512512.0
3361.424417,55.0,3525512704.0
3362.431997,54.4,3526511360.0
3363.438901,54.7,3527511808.0
3364.449179,55.0,3528512000.0
3365.460184,54.5,3529561856.0
3366.470414,54.8,3530562048.0
3367.478211,54.7,3531562240.0
3368.485216,54.8,3532562176.0
3369.495102,54.7,3533561600.0
3370.505267,54.7,3534611968.0
3371.519054,54.6,3535612160.0
3372.527423,55.0,3536611584.0
3373.535674,54.7,3537611776.0
3374.546927,54.7,3538611968.0
3375.556411,54.2,3539662592.0
3376.569389,54.6,3540661760.0
3377.578449,55.1,3541662208.0
3378.586406,54.7,3542661888.0
3379.596421,54.6,3543661824.0
3380.605403,54.5,3544711936.0
3381.619103,54.7,3545711872.0
3382.627157,54.6,3546711808.0
3383.635172,54.6,3547712000.0
3384.644436,55.0,3548712192.0
3385.653405,54.6,3549761792.0
3386.666388,55.2,3550762496.0
3387.675889,55.0,3551761664.0
3388.682392,54.5,3552761856.0
3389.688410,54.6,3553761792.0
3390.697416,54.6,3554761984.0
3391.707403,55.1,3555810816.0
3392.719979,54.6,3556812544.0
3393.728114,54.5,3557811968.0
3394.735845,54.7,3558813184.0
3395.745725,54.6,3559812608.0
3396.754194,54.8,3560861952.0
3397.767831,54.7,3561861376.0
3398.776463,54.6,3562861568.0
3399.783761,54.5,3563862528.0
3400.792492,54.9,3564862208.0
3401.801605,55.2,3565911808.0
3402.815460,54.8,3566911488.0
3403.825404,54.7,3567911424.0
3404.831431,54.8,3568911872.0
3405.839178,54.7,3569911808.0
3406.850558,,
3412.858722,,
3418.862416,54.8,3586012160.0
3422.934397,54.7,3587012096.0
3423.942439,55.1,3588011264.0
3424.951403,54.7,3589010688.0
3425.965642,54.7,3590061824.0
3426.975552,54.4,3591060992.0
3427.983401,55.1,3592061184.0
3428.991402,54.8,3593061632.0
3430.001167,54.6,3594061056.0
3431.014865,54.8,3595111424.0
3432.024017,54.8,3596111616.0
3433.031911,54.3,3597108736.0
3434.039242,54.7,3598108672.0
3435.049403,54.7,3599109632.0
3436.064443,54.5,3600158976.0
3437.074242,54.4,3601158400.0
3438.081481,54.9,3602160640.0
3439.088742,54.8,3603161344.0
3440.099272,54.2,3604162048.0
3441.107389,54.8,3605211648.0
3442.120008,54.9,3606211840.0
3443.128354,55.0,3607211520.0
3444.136231,54.6,3608210688.0
3445.145977,54.9,3609210624.0
3446.155613,54.7,3610260480.0
3447.168876,54.6,3611260672.0
3448.177165,54.8,3612260352.0
3449.185084,54.8,3613257984.0
3450.192972,54.8,3614258176.0
3451.202427,54.6,3615310592.0
3452.215392,54.8,3616310784.0
3453.225251,54.9,3617309696.0
3454.233420,54.6,3618310144.0
3455.240393,54.8,3619310592.0
3456.250210,55.0,3620310016.0
3457.261040,54.8,3621360384.0
3458.271159,54.8,3622359808.0
3459.279275,55.2,3623361280.0
3460.286848,54.6,3624359936.0
3461.296229,54.6,3625360128.0
3462.305940,55.0,3626410496.0
3463.319768,54.6,3627410432.0
3464.328221,55.1,3628410112.0
3465.335405,54.7,3629410560.0
3466.343471,55.0,3630410752.0
3467.353225,54.6,3631460864.0
3468.366438,54.8,3632459520.0
3469.375406,54.9,3633460480.0
3470.382615,54.5,3634460160.0
3471.390025,55.0,3635461376.0
3472.399398,54.7,3636460288.0
3473.407945,54.8,3637509632.0
3474.420496,55.0,3638510336.0
3475.427412,54.5,3639508224.0
3476.434419,54.6,3640507648.0
3477.440406,55.1,3641509120.0
3478.450400,55.3,3642508800.0
3479.463674,55.2,3643557888.0
3480.473668,54.6,3644560384.0
3481.481633,54.7,3645559552.0
3482.489026,55.1,3646561024.0
3483.499472,54.7,3647560448.0
3484.509972,55.0,3648610048.0
3485.522209,55.3,3649610240.0
3486.530522,55.0,3650608896.0
3487.538294,54.9,3651609344.0
3488.548800,54.5,3652610560.0
3489.557410,54.8,3653658624.0
3490.570437,54.9,3654660864.0
3491.578402,55.0,3655660544.0
3492.585423,54.9,3656661760.0
3493.593565,54.7,3657660160.0
3494.602389,54.9,3658710016.0
3495.616523,54.7,3659710464.0
3496.627198,54.9,3660709888.0
3497.634953,54.7,3661710848.0
3498.642641,54.6,3662710016.0
3499.651391,54.7,3663710208.0
3500.659816,54.9,3664760576.0
3501.671859,55.1,3665759744.0
3502.680038,55.0,3666760960.0
3503.686959,54.9,3667761920.0
3504.697784,54.9,3668760320.0
3505.707135,55.0,3669809920.0
3506.721594,54.8,3670808064.0
3507.729418,54.9,3671808000.0
3508.737215,55.0,3672808192.0
3509.746893,54.8,3673807616.0
3510.755974,55.2,3674860800.0
3511.769167,55.0,3675859712.0
3512.778147,54.7,3676860160.0
3513.786226,55.3,3677859840.0
3514.795745,54.7,3678860032.0
3515.805340,55.0,3679910656.0
3516.819366,55.2,3680910336.0
3517.827405,55.1,3681910272.0
3518.835445,55.2,3682910976.0
3519.845143,55.1,3683908608.0
3520.854134,54.7,3684961024.0
3521.868005,54.7,3685959680.0
3522.876400,54.6,3686960384.0
3523.882409,54.6,3687959808.0
3524.889939,54.9,3688958976.0
3525.900512,54.6,3689959424.0
3526.910693,,
3532.921578,,
3538.928409,54.7,3705059328.0
3541.976570,55.0,3706059776.0
3542.983861,55.3,3707059456.0
3543.990980,55.4,3708058880.0
3545.000415,55.5,3709059584.0
3546.009386,54.8,3710109440.0
3547.021394,54.9,3711109888.0
3548.029180,55.0,3712109056.0
3549.036402,55.1,3713109504.0
3550.043390,55.3,3714108928.0
3551.052917,54.7,3715109376.0
3552.066410,54.8,3716160256.0
3553.076906,54.9,3717159680.0
3554.085476,54.9,3718159104.0
3555.093220,55.0,3719160064.0
3556.103318,55.1,3720209408.0
3557.118304,55.1,3721208576.0
3558.127844,55.0,3722209024.0
3559.135885,55.0,3723209472.0
3560.144192,54.8,3724209152.0
3561.153560,55.0,3725209856.0
3562.167388,54.9,3726259712.0
3563.175938,54.7,3727259648.0
3564.183775,55.0,3728259584.0
3565.190406,55.5,3729256960.0
3566.200953,54.8,3730256896.0
3567.215418,54.6,3731309056.0
3568.224416,54.7,3732310016.0
3569.231406,55.0,3733309440.0
3570.238391,55.1,3734306816.0
3571.248017,54.9,3735309824.0
3572.257292,54.5,3736359680.0
3573.270395,54.6,3737358080.0
3574.278388,55.1,3738356992.0
3575.285432,54.8,3739356416.0
3576.292414,55.1,3740359424.0
3577.302447,54.7,3741359104.0
3578.312952,54.9,3742406656.0
3579.321418,55.0,3743407360.0
3580.328918,54.5,3744407040.0
3581.337238,55.2,3745409024.0
3582.345774,55.0,3746406656.0
3583.354425,55.1,3747459328.0
3584.368400,54.8,3748457216.0
3585.377430,55.0,3749459456.0
3586.384424,54.9,3750458880.0
3587.392429,54.7,3751456512.0
3588.402448,54.6,3752506880.0
3589.417513,55.3,3753508864.0
3590.427915,55.4,3754510336.0
3591.435306,55.3,3755509504.0
3592.443005,55.2,3756508928.0
3593.452398,55.2,3757509120.0
3594.461437,55.0,3758558464.0
3595.473485,55.2,3759559680.0
3596.481899,55.0,3760559360.0
3597.490494,54.8,3761559296.0
3598.501540,55.2,3762559232.0
3599.510821,55.2,3763608832.0
3600.523398,55.0,3764608768.0
3601.531194,54.9,3765608448.0
3602.538451,55.3,3766608896.0
3603.547357,54.9,3767608832.0
3604.555396,54.8,3768608512.0
3605.567395,55.2,3769659392.0
3606.575390,54.7,3770659328.0
3607.582423,55.2,3771659264.0
3608.590257,55.1,3772658944.0
3609.601457,54.8,3773658368.0
3610.610943,55.0,3774707712.0
3611.623886,55.2,3775709184.0
3612.631472,55.1,3776708864.0
3613.639357,54.8,3777708800.0
3614.648916,55.1,3778708736.0
3615.657211,54.9,3779759104.0
3616.670426,54.7,3780759040.0
3617.679896,54.9,3781758720.0
3618.687987,55.2,3782758144.0
3619.696011,55.1,3783757056.0
3620.705556,55.1,3784808192.0
3621.720537,55.2,3785808640.0
3622.730572,55.0,3786808064.0
3623.738424,54.8,3787809792.0
3624.747547,55.1,3788808960.0
3625.757404,55.1,3789859328.0
3626.771596,55.3,3790857984.0
3627.780362,55.1,3791858944.0
3628.788530,54.9,3792858112.0
3629.798122,55.3,3793857536.0
3630.807622,55.1,3794908416.0
3631.821266,55.2,3795908352.0
3632.831517,55.5,3796908032.0
3633.839868,55.0,3797908736.0
3634.849974,55.0,3798909184.0
3635.858957,55.2,3799959808.0
3636.873316,55.1,3800959744.0
3637.882133,55.0,3801957632.0
3638.889411,55.2,3802957824.0
3639.898791,55.2,3803957760.0
3640.907542,55.4,3805008384.0
3641.920402,55.5,3806007808.0
3642.929834,55.5,3807008512.0
3643.938309,55.2,3808008192.0
3644.946400,55.3,3809007872.0
3645.955422,,
3651.959565,,
3657.967321,55.1,3825107456.0
3662.037592,54.9,3826107904.0
3663.045113,54.9,3827107840.0
3664.054397,55.0,3828106752.0
3665.062692,55.0,3829158912.0
3666.076641,55.3,3830158080.0
3667.083401,54.9,3831158528.0
3668.090565,55.3,3832158976.0
3669.100394,54.8,3833158144.0
3670.108414,55.3,3834207744.0
3671.122853,55.3,3835207936.0
3672.131639,55.5,3836209152.0
3673.138629,55.2,3837208064.0
3674.146156,54.8,3838205440.0
3675.155471,55.1,3839255808.0
3676.169638,55.4,3840257792.0
3677.178428,55.2,3841508096.0
3678.461637,55.0,3842556160.0
3679.474704,54.7,3843556864.0
3680.482393,54.9,3844557056.0
3681.489388,54.7,3845554688.0
3682.495869,55.2,3846554880.0
3683.505430,55.0,3847557120.0
3684.515970,55.1,3848604928.0
3685.525715,55.1,3849606144.0
3686.534162,55.2,3850605568.0
3687.541822,55.2,3851607808.0
3688.550408,55.3,3852606976.0
3689.559222,55.2,3853657856.0
3690.572391,55.3,3854657536.0
3691.582242,54.9,3855657984.0
3692.588414,54.9,3856656896.0
3693.596269,54.8,3857657088.0
3694.607036,55.0,3858706432.0
3695.621270,55.4,3859706880.0
3696.631039,55.1,3860706560.0
3697.638474,55.3,3861707776.0
3698.646412,55.1,3862706944.0
3699.655389,54.9,3863707648.0
3700.663569,55.1,3864757504.0
3701.676156,55.5,3865757440.0
3702.683422,55.1,3866758912.0
3703.691329,55.5,3867756544.0
3704.701362,55.4,3868757504.0
3705.709423,55.1,3869807872.0
3706.723411,55.3,3870807552.0
3707.731444,54.8,3871806976.0
3708.737393,55.2,3872806912.0
3709.744411,55.0,3873808896.0
3710.754852,55.1,3874807552.0
3711.763409,55.1,3875857920.0
3712.775405,55.1,3877007104.0
3713.936112,55.3,3878008064.0
3714.949394,55.2,3879006976.0
3715.957407,54.8,3880008448.0
3716.966145,55.3,3882057984.0
3719.000017,54.8,3883058432.0
3720.009078,55.5,3884108032.0
3721.023750,55.3,3885108224.0
3722.033445,54.8,3886108416.0
3723.042037,55.2,3887107840.0
3724.051593,55.2,3888107520.0
3725.061004,54.9,3889158656.0
3726.074723,55.4,3890157824.0
3727.084556,55.1,3891156992.0
3728.092398,55.2,3892157696.0
3729.103560,55.7,3893157120.0
3730.113248,55.3,3894207744.0
3731.126996,55.2,3895207680.0
3732.135565,55.2,3896207104.0
3733.143926,55.0,3897207296.0
3734.154897,55.6,3898206976.0
3735.164191,55.5,3899257344.0
3736.176422,55.1,3900257792.0
3737.185229,55.0,3901257472.0
3738.192872,54.8,3902255616.0
3739.203319,55.2,3903257600.0
3740.211964,55.0,3904307200.0
3741.226408,55.5,3905307392.0
3742.235012,55.4,3906306816.0
3743.242195,55.2,3907306752.0
3744.251792,55.1,3908306944.0
3745.260836,,
3751.269781,55.5,3915355136.0
3752.279784,55.3,3916354048.0
3753.288144,55.3,3917354496.0
3754.296473,55.2,3918356224.0
3755.307236,55.1,3919404800.0
3756.321423,55.1,3920403968.0
3757.330407,55.0,3921404160.0
3758.338567,55.1,3922403840.0
3759.346002,55.4,3923403776.0
3760.355985,55.3,3924405504.0
3761.365210,55.5,3925453568.0
3762.375776,55.3,3926455552.0
3763.384909,55.5,3927454208.0
3764.393175,54.6,3928453888.0
3765.401295,55.3,3929456384.0
3766.410727,,
3772.420574,,
3778.429023,55.7,3945555712.0
3782.486613,55.3,3946557184.0
3783.494924,55.3,3947556864.0
3784.505437,54.9,3948555520.0
3785.514873,55.0,3949605120.0
3786.528004,55.0,3950606848.0
3787.536973,55.2,3951606784.0
3788.545174,55.1,3952605696.0
3789.555121,55.3,3953606400.0
3790.564605,55.3,3954656000.0
3791.578520,55.0,3955656192.0
3792.586853,55.3,3956655616.0
3793.594567,55.6,3957654016.0
3794.605481,55.0,3958656256.0
3795.615124,55.1,3959706624.0
3796.629858,55.0,3960706048.0
3797.638043,55.1,3961707520.0
3798.646345,55.3,3962706944.0
3799.658251,55.3,3963706112.0
3800.668638,54.9,3964756480.0
3801.681115,55.2,3965756160.0
3802.688596,55.1,3966756096.0
3803.696673,55.1,3967756032.0
3804.706967,55.3,3968754688.0
3805.716223,55.5,3969806080.0
3806.729022,55.8,3970806784.0
3807.737620,55.1,3971805952.0
3808.745910,55.2,3972806656.0
3809.755247,55.5,3973805312.0
3810.764227,55.2,3974855168.0
3811.778679,55.3,3975855104.0
3812.787435,55.3,3976856832.0
3813.794776,55.5,3977856000.0
3814.805996,55.6,3978855680.0
3815.814872,55.3,3979905792.0
3816.828843,55.5,3980906240.0
3817.836413,55.3,3981907200.0
3818.843927,55.3,3982905088.0
3819.854940,55.5,3983906048.0
3820.863425,55.7,3984956416.0
3821.877262,55.3,3985955328.0
3822.886564,55.7,3986955776.0
3823.894927,55.4,3987955968.0
3824.905660,55.3,3988956160.0
3825.914708,55.4,3990004736.0
3826.929197,55.5,3991005696.0
3827.937525,55.3,3992005120.0
3828.945343,55.5,3993005824.0
3829.955273,55.4,3994005248.0
3830.964505,55.5,3995054848.0
3831.978823,55.3,3996057344.0
3832.987457,55.2,3997055488.0
3833.995532,55.5,3998055424.0
3835.004318,54.9,3999055104.0
3836.013876,55.2,4000106496.0
3837.028825,55.7,4001106176.0
3838.037184,55.0,4002105856.0
3839.045146,55.5,4003105024.0
3840.055578,55.5,4004105216.0
3841.064324,55.3,4005155328.0
3842.079050,55.5,4006154496.0
3843.087814,55.3,4007155456.0
3844.095296,55.3,4008156160.0
3845.105536,55.5,4009155072.0
3846.115169,55.7,4010205184.0
3847.130139,55.1,4011206656.0
3848.139259,55.5,4012205312.0
3849.146850,55.7,4013204736.0
3850.157609,55.6,4014204928.0
3851.167364,55.4,4015255040.0
3852.181014,55.2,4016255744.0
3853.189180,55.4,4017254656.0
3854.197427,55.6,4018256128.0
3855.207658,55.5,4019254784.0
3856.216366,56.0,4020305408.0
3857.229616,55.7,4021306112.0
3858.237638,55.0,4022306560.0
3859.245865,55.5,4023305728.0
3860.256430,55.3,4024306944.0
3861.266201,55.5,4025355264.0
3862.280417,55.3,4026355456.0
3863.288927,55.5,4027356672.0
3864.296981,55.5,4028355072.0
3865.307704,55.3,4029355264.0
3866.317063,55.4,4030406144.0
3867.330788,55.3,4031405056.0
3868.340527,55.3,4032404992.0
3869.348422,55.3,4033405184.0
3870.359438,55.5,4034405376.0
3871.369623,55.5,4035454976.0
3872.381414,55.5,4036456704.0
3873.389614,55.3,4037455104.0
3874.398156,55.4,4038455040.0
3875.409483,55.4,4039454720.0
3876.420421,55.7,4040505856.0
3877.432816,55.5,4041504256.0
3878.441942,55.8,4042504960.0
3879.450257,55.3,4043504896.0
3880.461049,55.3,4044505344.0
3881.471742,55.5,4045555200.0
3882.482225,55.2,4046555136.0
3883.490549,55.7,4047554560.0
3884.498837,55.3,4048554752.0
3885.509428,55.5,4049553664.0
3886.518851,,
3892.530995,,
3898.539443,55.3,4065652480.0
3902.615854,55.3,4066702848.0
3903.629997,55.5,4067705600.0
3904.639112,55.4,4068705024.0
3905.647222,55.7,4069702656.0
3906.657221,55.5,4070702592.0
3907.666842,55.5,4071754496.0
3908.680979,55.7,4072752128.0
3909.689299,55.5,4073754880.0
3910.696870,55.2,4074754304.0
3911.706930,55.5,4075753728.0
3912.716229,55.5,4076804864.0
3913.730413,55.3,4077804032.0
3914.738672,55.5,4078803200.0
3915.745399,55.8,4079804416.0
3916.752980,54.9,4080803840.0
3917.763168,55.7,4081853696.0
3918.777284,55.3,4082854400.0
3919.786398,55.7,4083854336.0
3920.793227,55.7,4084854784.0
3921.801138,55.4,4085854464.0
3922.812670,55.8,4086904832.0
3923.827423,55.4,4087904512.0
3924.836401,55.4,4088903936.0
3925.842395,55.5,4089904640.0
3926.849575,55.8,4090903808.0
3927.860605,55.7,4091905536.0
3928.869049,55.5,4092956160.0
3929.883783,55.4,4093953792.0
3930.892761,55.5,4094953728.0
3931.901035,55.4,4095954432.0
3932.912041,55.3,4096954112.0
3933.922689,55.3,4098004224.0
3934.932749,55.8,4099004928.0
3935.941277,55.7,4100005120.0
3936.948416,55.5,4101003520.0
3937.958507,54.8,4102007040.0
3938.967663,55.7,4103054592.0
3939.982462,55.3,4104054272.0
3940.990603,55.5,4105054720.0
3941.998708,55.4,4106053632.0
3943.008219,55.5,4107054080.0
3944.017091,55.3,4108104448.0
3945.031395,54.9,4109104896.0
3946.039628,55.7,4110104832.0
3947.046402,55.7,4111104000.0
3948.053607,55.0,4112104448.0
3949.063576,55.6,4113153792.0
3950.078199,55.5,4114153728.0
3951.088817,55.5,4115154688.0
3952.096965,55.7,4116153856.0
3953.106446,55.3,4117154304.0
3954.116320,55.7,4118204672.0
3955.130736,55.6,4119202048.0
3956.139091,55.5,4120204288.0
3957.147423,55.3,4121202432.0
3958.157650,55.2,4122202624.0
3959.166826,55.7,4123252736.0
3960.180948,55.3,4124253952.0
3961.190321,55.5,4125253888.0
3962.197845,55.5,4126252032.0
3963.207616,55.3,4127252480.0
3964.215406,55.8,4128303616.0
3965.229618,55.5,4129301760.0
3966.238479,55.7,4130301696.0
3967.245410,55.5,4131301632.0
3968.253430,56.0,4132301824.0
3969.262788,55.7,4133303808.0
3970.272167,55.5,4134351616.0
3971.281882,56.0,4135351552.0
3972.290976,55.5,4136351488.0
3973.299148,55.5,4137352448.0
3974.309794,55.4,4138352640.0
3975.320535,55.3,4139402752.0
3976.334902,55.3,4140404736.0
3977.343281,55.5,4141404672.0
3978.350300,55.5,4142403840.0
3979.362578,55.5,4143404032.0
3980.379060,55.8,4144453632.0
3981.389542,55.4,4145454592.0
3982.398933,55.5,4146455040.0
3983.410029,55.4,4147454976.0
3984.420929,55.1,4148504064.0
3985.434396,55.6,4149502976.0
3986.442081,55.5,4150502656.0
3987.449746,55.5,4151503360.0
3988.461466,55.1,4152502528.0
3989.473179,55.5,4153552640.0
3990.483406,55.2,4154553600.0
3991.492487,55.3,4155554048.0
3992.500488,56.0,4156553984.0
3993.510443,55.2,4157553664.0
3994.521014,55.5,4158604544.0
3995.535444,55.5,4159604224.0
3996.543659,56.0,4160603904.0
3997.552180,55.2,4161604096.0
3998.563798,55.5,4162603520.0
3999.575455,55.4,4163653632.0
4000.585951,55.5,4164654592.0
4001.595027,55.2,4165653504.0
4002.602013,55.7,4166653696.0
4003.614445,55.8,4167703808.0
4004.629438,55.9,4168703488.0
4005.639445,56.0,4169703936.0
4006.647915,,
4012.656414,,
4018.663425,55.7,4185800960.0
4022.741595,55.7,4186801152.0
4023.749261,55.7,4187800832.0
4024.758398,55.2,4188801024.0
4025.766450,55.5,4189851648.0
4026.780810,55.5,4190851328.0
4027.789404,55.4,4191852544.0
4028.797401,55.5,4192852480.0
4029.804211,55.7,4193851136.0
4030.813459,55.4,4194900992.0
4031.828241,55.2,4195900928.0
4032.837883,55.3,4196902912.0
4033.844652,55.5,4197901056.0
4034.851401,55.7,4198903296.0
4035.860404,55.8,4199902976.0
4036.868438,55.5,4200953600.0
4037.882007,55.5,4201954560.0
4038.891564,55.5,4202951936.0
4039.899081,55.7,4203952896.0
4040.906411,55.5,4204953344.0
4041.915431,55.8,4205952768.0
4042.930021,55.3,4207003136.0
4043.939917,55.6,4208002816.0
4044.947774,55.9,4209002752.0
4045.956287,55.5,4210002176.0
4046.966278,55.1,4211052800.0
4047.979579,55.5,4212052992.0
4048.989425,55.8,4213053184.0
4049.997684,55.3,4214051072.0
4051.005205,55.3,4215053056.0
4052.014440,55.7,4216052992.0
4053.023394,55.7,4217101312.0
4054.035083,55.5,4218101504.0
4055.042715,55.5,4219102976.0
4056.051883,55.7,4220102912.0
4057.062949,55.3,4221102848.0
4058.071901,55.8,4222153216.0
4059.085554,55.9,4223152640.0
4060.093395,55.7,4224153856.0
4061.101325,55.3,4225153024.0
4062.112232,55.3,4226152704.0
4063.121656,55.8,4227202816.0
4064.136405,55.8,4228203008.0
4065.143515,55.8,4229202688.0
4066.152035,55.8,4230202880.0
4067.162727,55.7,4231203072.0
4068.172083,55.7,4232252928.0
4069.184396,56.0,4233252608.0
4070.192609,56.0,4234252800.0
4071.200477,55.8,4235251712.0
4072.211592,55.5,4236252672.0
4073.221105,55.8,4237301760.0
4074.235287,55.8,4238304000.0
4075.244067,55.5,4239301632.0
4076.251859,55.4,4240302848.0
4077.263192,55.4,4241302528.0
4078.273028,56.0,4242351616.0
4079.285349,55.5,4243351808.0
4080.293628,55.1,4244352512.0
4081.302248,55.2,4245352448.0
4082.313054,55.7,4246352896.0
4083.322518,55.6,4247403008.0
4084.337191,55.7,4248402688.0
4085.345877,55.4,4249402624.0
4086.353412,56.2,4250402816.0
4087.364851,55.4,4251401216.0
4088.374943,56.0,4252452864.0
4089.387786,55.8,4253453056.0
4090.395904,55.6,4254452480.0
4091.403639,55.8,4255452672.0
4092.414323,55.3,4256453120.0
4093.423464,56.0,4257501952.0
4094.436944,55.5,4258502656.0
4095.445465,55.5,4259502080.0
4096.454416,55.3,4260501248.0
4097.465396,55.5,4261502720.0
4098.475039,55.7,4262551552.0
4099.486216,55.7,4263552000.0
4100.494698,55.5,4264552960.0
4101.502471,55.6,4265552640.0
4102.511831,55.7,4266552576.0
4103.521022,55.4,4267602432.0
4104.535394,55.7,4268602112.0
4105.543772,55.7,4269602560.0
4106.551438,55.7,4270601472.0
4107.560549,55.7,4271601920.0
4108.570013,55.5,4272652800.0
4109.585045,55.5,4273652736.0
4110.593832,55.6,4274652928.0
4111.604778,55.8,4275652352.0
4112.614994,55.5,4276652032.0
4113.623996,55.6,4277702144.0
4114.637654,55.7,4278701824.0
4115.646094,55.5,4279701760.0
4116.654206,56.0,4280701696.0
4117.665001,55.6,4281702144.0
4118.673846,55.7,4282752000.0
4119.687031,55.4,4283751680.0
4120.695635,55.8,4284752128.0
4121.703670,55.8,4285751808.0
4122.714218,55.7,4286752000.0
4123.724055,55.4,4287802112.0
4124.737821,55.7,4288803072.0
4125.746686,55.7,4289799424.0
4126.755181,,
4132.765269,,
4138.769501,55.8,4305901568.0
4142.870969,55.7,4306951680.0
4143.884862,55.5,4307951616.0
4144.893410,55.4,4308951552.0
4145.901400,56.0,4309952000.0
4146.910169,56.0,4310951936.0
4147.919248,55.7,4311952384.0
4148.933603,56.0,4313001472.0
4149.943255,55.6,4314001408.0
4150.951009,55.5,4315001856.0
4151.959806,56.0,4316001792.0
4152.969105,55.5,4317051904.0
4153.982400,55.6,4318051328.0
4154.991393,55.6,4319051776.0
4155.997411,56.0,4320051712.0
4157.005208,55.8,4321052160.0
4158.016074,55.8,4322052096.0
4159.027561,55.5,4323102208.0
4160.039397,55.7,4324101632.0
4161.046390,55.7,4325101568.0
4162.053774,55.5,4326101504.0
4163.063411,55.7,4327101952.0
4164.072174,55.7,4328152064.0
4165.085858,55.4,4329151488.0
4166.094269,55.5,4330151424.0
4167.101860,55.7,4331151872.0
4168.110972,55.8,4332151808.0
4169.119759,56.1,4333202432.0
4170.133400,55.6,4334201856.0
4171.141398,55.4,4335201792.0
4172.147414,55.6,4336202240.0
4173.155405,55.9,4337201664.0
4174.165035,55.8,4338202624.0
4175.174397,55.3,4339251712.0
4176.187239,55.7,4340251136.0
4177.195423,55.7,4341501440.0
4178.461407,55.8,4342501888.0
4179.469423,55.6,4343550976.0
4180.482414,55.5,4344551936.0
4181.491402,56.0,4345551872.0
4182.499235,55.8,4346551296.0
4183.507411,55.5,4347550720.0
4184.517488,55.8,4348552192.0
4185.527027,55.8,4349601792.0
4186.539393,55.8,4350602752.0
4187.546960,55.7,4351601664.0
4188.555035,55.8,4352601600.0
4189.565623,55.7,4353601536.0
4190.575569,55.7,4354651136.0
4191.589116,55.5,4355651072.0
4192.596612,55.7,4356651520.0
4193.605293,55.7,4357651456.0
4194.615673,56.0,4358651904.0
4195.625243,55.8,4359701504.0
4196.639319,55.7,4360701952.0
4197.647603,55.9,4361700864.0
4198.655398,56.1,4362700800.0
4199.664725,55.8,4363700224.0
4200.674758,55.5,4364750848.0
4201.687643,55.4,4365750784.0
4202.695599,55.5,4366752256.0
4203.702817,55.7,4367751168.0
4204.711441,55.7,4368751616.0
4205.720269,55.5,4369751040.0
4206.734403,55.7,4370801152.0
4207.743608,55.8,4371802112.0
4208.751274,55.8,4372800000.0
4209.758403,55.8,4373801984.0
4210.767413,55.4,4374800896.0
4211.775983,55.5,4375849984.0
4212.789131,55.7,4376851456.0
4213.797347,55.9,4377850880.0
4214.805040,56.0,4378851328.0
4215.814868,56.0,4379851264.0
4216.824481,55.7,4380900352.0
4217.838179,55.8,4381900288.0
4218.846271,55.8,4382899712.0
4219.854389,55.5,4383901184.0
4220.863249,55.5,4384901120.0
4221.872191,56.3,4385952256.0
4222.886344,55.7,4386950144.0
4223.895607,56.2,4387951616.0
4224.903311,55.7,4388950016.0
4225.913527,55.7,4389949952.0
4226.923270,55.5,4391000576.0
4227.937432,55.5,4393002496.0
4229.974393,56.0,4394051072.0
4230.987599,55.5,4395051520.0
4231.996407,55.7,4396049408.0
4233.003941,55.5,4397050368.0
4234.014552,55.7,4398049792.0
4235.023449,55.8,4399100928.0
4236.037430,55.7,4400100352.0
4237.045677,55.6,4401102336.0
4238.053415,56.0,4402101248.0
4239.062845,56.0,4404000256.0
4240.942414,56.0,4405000704.0
4241.953397,55.7,4406000640.0
4242.961232,56.0,4407000064.0
4243.970393,55.5,4408000512.0
4244.979392,55.6,4409051648.0
4245.990979,55.7,4410051072.0
4247.005144,55.8,4411051008.0
4248.014405,55.7,4412050432.0
4249.023170,56.0,4413101056.0
4250.037947,56.0,4414099968.0
4251.046579,56.1,4415100928.0
4252.054400,56.0,4416100864.0
4253.063484,56.0,4417101312.0
4254.071435,56.1,4418150400.0
4255.084401,55.8,4419150336.0
4256.093767,55.5,4420150784.0
4257.100886,55.8,4421150208.0
4258.108428,56.1,4422150144.0
4259.119187,55.8,4423150592.0
4260.129352,55.7,4424200192.0
4261.141074,55.8,4425200640.0
4262.148913,55.8,4426200064.0
4263.156618,56.0,4427200512.0
4264.167570,55.7,4428200448.0
4265.177334,55.8,4429250048.0
4266.191205,55.8,4430251008.0
4267.199023,55.8,4431249408.0
4268.206157,55.7,4432250368.0
4269.216758,55.8,4433250304.0
4270.225637,56.0,4434299904.0
4271.239400,56.0,4435301376.0
4272.247471,56.0,4436300800.0
4273.253865,55.7,4437300224.0
4274.261929,56.0,4438299648.0
4275.270350,55.7,4439301632.0
4276.280395,56.0,4440350208.0
4277.290391,56.0,4441350144.0
4278.297392,56.0,4442349568.0
4279.304400,56.0,4443350016.0
4280.312969,56.1,4444349440.0
4281.321863,55.7,4445400064.0
4282.336042,56.0,4446400000.0
4283.344430,55.7,4447399424.0
4284.352348,55.8,4448399360.0
4285.359399,56.0,4449399808.0
4286.369840,56.0,4450399744.0
4287.383413,55.7,4451449344.0
4288.393315,55.8,4452450304.0
4289.400101,55.7,4453449728.0
4290.407396,56.0,4454449664.0
4291.417139,56.0,4455450112.0
4292.425953,55.5,4456499712.0
4293.439396,55.3,4457500672.0
4294.446419,55.8,4458499584.0
4295.453394,55.8,4459499520.0
4296.460453,,
4302.469191,55.7,4469649920.0
4306.587398,56.2,4470649856.0
4307.596478,56.1,4471649792.0
4308.604076,55.5,4472649728.0
4309.612419,55.8,4473649152.0
4310.620835,55.5,4474649600.0
4311.630452,56.4,4475698688.0
4312.640921,55.8,4476699136.0
4313.648022,56.0,4477698560.0
4314.655006,55.7,4478699520.0
4315.664236,56.2,4479699456.0
4316.672710,56.3,4480749056.0
4317.686077,55.8,4481749504.0
4318.695408,56.0,4482749952.0
4319.702421,55.7,4483748864.0
4320.709894,56.2,4484749312.0
4321.719883,55.9,4485750272.0
4322.728408,56.0,4486799872.0
4323.741944,56.0,4487799808.0
4324.749094,55.8,4488799232.0
4325.756548,56.0,4489799680.0
4326.767007,55.5,4490799616.0
4327.776400,55.5,4491849216.0
4328.790180,56.0,4492848640.0
4329.797408,55.9,4493849600.0
4330.804855,55.9,4494849536.0
4331.814578,55.8,4495849472.0
4332.823538,55.7,4496900096.0
4333.838237,56.0,4497899008.0
4334.846385,56.0,4498899456.0
4335.853888,56.0,4499898880.0
4336.860936,55.7,4500899328.0
4337.870880,56.0,4501898240.0
4338.882033,56.3,4502948864.0
4339.891670,56.0,4503949312.0
4340.899449,56.0,4504948736.0
4341.909399,55.5,4505949696.0
4342.919616,55.7,4506949632.0
4343.928991,55.9,4507999232.0
4344.946767,56.1,4508999168.0
4345.953419,55.5,4509998592.0
4346.960283,55.5,4510999552.0
4347.970036,55.8,4511998976.0
4348.978889,56.3,4513049088.0
4349.991094,55.7,4514049024.0
4350.998811,55.9,4515048960.0
4352.005418,55.5,4516049920.0
4353.014218,55.8,4517048832.0
4354.023260,55.7,4518049280.0
4355.037407,55.8,4519099392.0
4356.046410,56.5,4520098816.0
4357.054053,56.0,4521098752.0
4358.060398,56.0,4522098688.0
4359.070321,55.5,4523098624.0
4360.078412,55.8,4524149248.0
4361.091400,55.8,4525148672.0
4362.099426,56.0,4526149120.0
4363.107392,56.0,4527149056.0
4364.115423,56.5,4528150016.0
4365.123948,55.8,4529199616.0
4366.137404,,
4372.145429,,
4378.152386,55.7,4545249280.0
4382.235389,56.0,4546299392.0
4383.244404,56.3,4547298816.0
4384.250855,56.1,4548298752.0
4385.257401,56.0,4549298688.0
4386.266388,55.8,4550298112.0
4387.273483,56.1,4551348224.0
4388.286405,56.2,4552349184.0
4389.295832,56.0,4553348096.0
4390.302527,56.3,4554349056.0
4391.309401,55.8,4555350016.0
4392.320035,56.3,4556348928.0
4393.328394,56.0,4557399040.0
4394.341391,56.0,4558398976.0
4395.348388,56.3,4559397888.0
4396.355239,56.3,4560398336.0
4397.364768,55.5,4561398272.0
4398.373468,56.1,4562448896.0
4399.388107,55.7,4563448320.0
4400.397603,56.0,4564448256.0
4401.405484,55.8,4565448192.0
4402.413393,56.0,4566448128.0
4403.422237,55.8,4567449088.0
4404.432499,56.0,4568498176.0
4405.442422,56.3,4569498624.0
4406.450432,56.0,4570499072.0
4407.458395,55.8,4571498496.0
4408.468476,55.8,4572498944.0
4409.477419,55.8,4573548544.0
4410.491344,56.2,4574547968.0
4411.499203,55.6,4575548416.0
4412.507397,56.1,4576547840.0
4413.516804,56.2,4577548800.0
4414.525707,56.0,4578598912.0
4415.538389,55.8,4579597824.0
4416.546868,56.1,4580598272.0
4417.553399,56.0,4581598208.0
4418.560840,55.9,4582598656.0
4419.570403,56.2,4583597568.0
4420.578972,56.3,4584649216.0
4421.591421,56.0,4585647616.0
4422.599408,56.1,4586647552.0
4423.607499,56.1,4587646976.0
4424.618121,55.8,4588647424.0
4425.627057,55.4,4589698560.0
4426.639402,55.8,4590697984.0
4427.648455,55.6,4591697920.0
4428.655893,56.2,4592698368.0
4429.663396,56.3,4593698816.0
4430.672428,55.8,4594698240.0
4431.681416,56.0,4595749376.0
4432.694214,55.8,4596749312.0
4433.701396,56.2,4597747200.0
4434.708406,56.0,4598746112.0
4435.718136,56.0,4599745536.0
4436.726729,56.0,4600795648.0
4437.740760,55.5,4601795584.0
4438.748660,56.0,4602795520.0
4439.756501,56.1,4603797504.0
4440.764683,55.8,4604797952.0
4441.772397,55.8,4605797376.0
4442.781420,56.2,4606845952.0
4443.790394,56.0,4607846912.0
4444.799009,55.8,4608847360.0
4445.806282,56.1,4609845248.0
4446.813389,55.5,4610845184.0
4447.822403,56.2,4611895808.0
4448.835388,56.1,4612897792.0
4449.845006,56.3,4613894656.0
4450.851394,55.8,4614895616.0
4451.857395,56.0,4615895040.0
4452.864097,56.0,4616895488.0
4453.872404,56.0,4617895424.0
4454.885403,56.0,4618948096.0
4455.894398,56.0,4619947520.0
4456.900389,55.8,4620946944.0
4457.907404,56.1,4621947392.0
4458.916388,55.8,4622946816.0
4459.924411,56.3,4623997952.0
4460.938419,55.8,4624997888.0
4461.947422,55.8,4625997824.0
4462.954547,56.1,4626997248.0
4463.961747,56.1,4627998208.0
4464.971401,56.2,4628997632.0
4465.979840,55.8,4630047744.0
4466.992388,56.3,4631047680.0
4467.999788,56.1,4632046592.0
4469.007242,56.1,4633047040.0
4470.018391,55.7,4634045440.0
4471.026390,56.3,4635098112.0
4472.039391,56.3,4636094976.0
4473.047670,55.7,4637096448.0
4474.054424,55.9,4638096384.0
4475.062392,56.3,4639095808.0
4476.071432,55.5,4640094720.0
4477.085419,56.1,4641147392.0
4478.095576,55.8,4642147840.0
4479.101752,55.9,4643145728.0
4480.109391,56.0,4644145152.0
4481.118392,56.3,4645147136.0
4482.126387,55.9,4646195200.0
4483.139703,56.2,4647194624.0
4484.147419,55.7,4648196608.0
4485.154077,56.1,4649199104.0
4486.160412,,
4492.169353,,
4498.177127,55.5,4665345024.0
4502.295606,56.2,4666344960.0
4503.302852,56.0,4667344384.0
4504.310389,56.1,4668345344.0
4505.319414,56.0,4669344256.0
4506.328100,56.0,4670394880.0
4507.341911,56.0,4671394816.0
4508.349803,56.3,4672395776.0
4509.356494,56.0,4673394688.0
4510.364001,56.0,4674394624.0
4511.372772,55.8,4675395072.0
4512.381900,56.3,4676444160.0
4513.391690,56.5,4677446656.0
4514.400286,56.0,4678444544.0
4515.407859,56.0,4679446016.0
4516.416404,55.8,4680449024.0
4517.427482,56.1,4681498624.0
4518.443519,56.5,4682497024.0
4519.451269,56.0,4683496960.0
4520.458332,56.3,4684497408.0
4521.467824,56.3,4685497344.0
4522.477390,56.3,4686546432.0
4523.491236,55.7,4687546880.0
4524.500565,56.5,4688546816.0
4525.507966,56.4,4689547776.0
4526.515202,56.5,4690547712.0
4527.524884,56.1,4691596800.0
4528.539905,56.3,4692596736.0
4529.549100,56.2,4693596672.0
4530.556417,56.1,4694597632.0
4531.563391,56.3,4695596544.0
4532.573389,55.8,4696598016.0
4533.583299,56.3,4697646592.0
4534.595405,56.2,4698647040.0
4535.602861,56.3,4699646976.0
4536.610419,56.3,4700647424.0
4537.620586,56.5,4701646848.0
4538.630399,56.7,4702696960.0
4539.645780,56.3,4703696384.0
4540.652679,56.2,4704697344.0
4541.659400,56.0,4705696768.0
4542.670118,56.2,4706697728.0
4543.680026,55.8,4707746816.0
4544.693587,55.8,4708746752.0
4545.701724,56.3,4709747200.0
4546.709169,56.3,4710746624.0
4547.719658,56.0,4711748096.0
4548.728557,56.3,4712798208.0
4549.744791,56.2,4713796608.0
4550.752344,56.0,4714797056.0
4551.759618,56.0,4715797504.0
4552.770677,55.8,4716796928.0
4553.780185,56.2,4717847040.0
4554.793395,56.3,4718846976.0
4555.801537,56.1,4719847424.0
4556.808496,55.7,4720845824.0
4557.817397,56.0,4721845248.0
4558.826748,56.1,4722894848.0
4559.840392,56.2,4723895296.0
4560.849439,56.4,4724895232.0
4561.857570,56.2,4725895168.0
4562.866414,56.0,4726895104.0
4563.876123,56.3,4727945216.0
4564.891155,56.2,4728945152.0
4565.900119,56.3,4729945600.0
4566.906933,56.4,4730945024.0
4567.913417,55.5,4731945984.0
4568.925433,56.0,4732996096.0
4569.940438,56.6,4733995520.0
4570.949415,55.9,4734994944.0
4571.957417,56.0,4735996416.0
4572.964739,56.2,4736996864.0
4573.975442,56.3,4737996288.0
4574.989419,56.3,4739046912.0
4575.998683,56.3,4740046336.0
4577.005601,56.3,4741046784.0
4578.013154,56.3,4742046208.0
4579.023599,56.0,4743046144.0
4580.035214,56.3,4744096768.0
4581.046739,56.2,4745096192.0
4582.054876,55.9,4746096640.0
4583.062422,56.3,4747096576.0
4584.073489,55.9,4748096000.0
4585.082259,56.3,4749146624.0
4586.096440,56.3,4750147072.0
4587.103964,56.2,4751146496.0
4588.111054,55.8,4752146432.0
4589.122629,56.3,4753147392.0
4590.133320,56.3,4754196480.0
4591.147392,55.7,4755196416.0
4592.154395,56.5,4756196352.0
4593.160604,56.0,4757195776.0
4594.171823,56.3,4758198272.0
4595.181247,56.3,4759245824.0
4596.195245,56.2,4760246272.0
4597.202913,56.6,4761246720.0
4598.210118,56.2,4762246656.0
4599.220395,56.3,4763245568.0
4600.230792,56.2,4764296704.0
4601.246397,56.5,4765296128.0
4602.253391,56.0,4766297600.0
4603.259418,55.8,4767296000.0
4604.267391,56.2,4768295424.0
4605.277657,56.2,4769346048.0
4606.293091,,
4612.301553,,
4618.308408,56.2,4785446912.0
4622.424909,56.3,4786445824.0
4623.441161,56.2,4787495936.0
4624.451712,56.0,4788494848.0
4625.459329,56.5,4789494272.0
4626.468082,56.0,4790494208.0
4627.477697,56.0,4791544320.0
4628.492146,55.9,4792544768.0
4629.501290,56.1,4793544192.0
4630.509078,56.3,4794544640.0
4631.516291,56.4,4795545600.0
4632.525420,56.2,4796595200.0
4633.546412,56.0,4797594112.0
4634.559412,56.5,4798594560.0
4635.570407,56.2,4799596032.0
4636.583573,56.6,4800646656.0
4637.598436,56.5,4801645568.0
4638.606421,56.1,4802646016.0
4639.624426,55.8,4803646464.0
4640.635457,56.1,4804696064.0
4641.647434,56.3,4805694976.0
4642.655628,56.6,4806695936.0
4643.662554,56.0,4807696384.0
4644.674396,56.5,4808696320.0
4645.684113,56.5,4809744896.0
4646.697481,56.2,4810746368.0
4647.704407,56.1,4811745792.0
4648.711410,56.5,4812746752.0
4649.721128,56.4,4813744128.0
4650.730353,56.0,4814794752.0
4651.745413,56.2,4815794176.0
4652.753954,56.3,4816795648.0
4653.761138,56.3,4817796096.0
4654.772363,56.1,4818795008.0
4655.780399,56.3,4819846144.0
4656.795171,56.5,4820845056.0
4657.802405,56.2,4821846016.0
4658.809417,56.2,4822845952.0
4659.816177,56.5,4823845376.0
4660.826113,56.5,4824895488.0
4661.841549,56.0,4825896960.0
4662.851899,56.5,4826896896.0
4663.859401,56.3,4827894784.0
4664.866388,56.2,4828895232.0
4665.876393,56.3,4829896192.0
4666.887983,56.6,4830943744.0
4667.897662,56.5,4831944192.0
4668.905159,56.2,4832946176.0
4669.912341,56.3,4833944064.0
4670.922955,56.5,4834945024.0
4671.932366,56.3,4835995136.0
4672.948252,56.0,4836995072.0
4673.956265,56.5,4837995520.0
4674.965294,56.5,4838995968.0
4675.976295,56.3,4839994880.0
4676.992184,56.3,4841044992.0
4678.001417,56.3,4842045952.0
4679.008606,56.4,4843044864.0
4680.015406,56.3,4844045312.0
4681.025401,56.7,4845045248.0
4682.035755,56.2,4846095360.0
4683.048392,56.5,4847094784.0
4684.054426,56.1,4848095232.0
4685.061410,56.2,4849095168.0
4686.072164,56.2,4850095616.0
4687.081399,55.8,4851145728.0
4688.095410,56.3,4852144640.0
4689.102440,56.3,4853144064.0
4690.110789,56.3,4854145024.0
4691.121453,56.3,4855144448.0
4692.131740,56.2,4856194560.0
4693.147181,56.3,4857195008.0
4694.154839,56.0,4858196480.0
4695.163413,56.6,4859195392.0
4696.173422,56.3,4860195328.0
4697.185419,56.6,4861244416.0
4698.197780,56.3,4862244352.0
4699.205397,56.2,4863244288.0
4700.212987,56.3,4864245248.0
4701.223413,56.5,4865245184.0
4702.233508,56.5,4866294272.0
4703.248400,56.6,4867294720.0
4704.255567,56.7,4868295168.0
4705.262430,56.3,4869295104.0
4706.273122,56.5,4870295552.0
4707.282413,56.7,4871344128.0
4708.295426,56.7,4872345088.0
4709.303388,56.5,4873345024.0
4710.310361,56.0,4874344960.0
4711.319405,56.4,4875344896.0
4712.329421,56.5,4876395520.0
4713.343391,56.4,4877394944.0
4714.352575,56.3,4878393856.0
4715.360743,56.6,4879395328.0
4716.369023,56.5,4880394752.0
4717.378424,56.3,4881444864.0
4718.392405,56.2,4882444288.0
4719.401398,56.2,4883445248.0
4720.407694,56.2,4884444672.0
4721.414405,56.3,4885444096.0
4722.426390,56.5,4886445056.0
4723.435407,56.0,4887494144.0
4724.449525,56.2,4888494592.0
4725.457400,56.5,4889494528.0
4726.464861,,
4732.473647,,
4738.481286,56.2,4905595392.0
4742.553235,56.3,4906595328.0
4743.560396,56.5,4907594240.0
4744.566391,56.5,4908594176.0
4745.578408,56.6,4909594112.0
4746.592401,56.5,4910643712.0
4747.602493,56.3,4911644672.0
4748.610389,56.6,4912644096.0
4749.617679,56.3,4913644032.0
4750.628072,56.7,4914644480.0
4751.642404,56.5,4915694080.0
4752.652392,56.8,4916694528.0
4753.659205,56.5,4917693952.0
4754.666393,56.8,4918694912.0
4755.677390,56.2,4919694336.0
4756.688955,56.2,4920744448.0
4757.699451,55.6,4921743872.0
4758.706763,56.5,4922743808.0
4759.714815,56.5,4923743744.0
4760.725432,56.6,4924743680.0
4761.735163,56.5,4925794304.0
4762.749300,56.5,4926793728.0
4763.756404,56.5,4927794688.0
4764.763407,56.0,4928794624.0
4765.777406,56.3,4929794048.0
4766.787392,56.2,4930844160.0
4767.798400,56.4,4931844096.0
4768.805413,56.5,4932844544.0
4769.812557,56.5,4933843456.0
4770.822410,56.3,4934844928.0
4771.831792,56.3,4935894016.0
4772.847393,56.5,4936892928.0
4773.855398,56.0,4937893888.0
4774.862412,56.6,4938892800.0
4775.872455,56.0,4939892736.0
4776.882429,56.3,4940942848.0
4777.896416,56.0,4941942272.0
4778.904416,56.3,4942942208.0
4779.912434,56.5,4943943168.0
4780.923417,56.6,4944943104.0
4781.933224,56.3,4945993216.0
4782.946411,56.5,4946993152.0
4783.954421,56.3,4947994112.0
4784.961435,56.0,4948994560.0
4785.971444,56.6,4949993472.0
4786.981391,56.3,4951044608.0
4787.995435,56.3,4952044032.0
4789.005104,56.3,4953043968.0
4790.012397,56.2,4954043392.0
4791.021927,56.7,4955043840.0
4792.030409,56.5,4956094976.0
4793.045705,56.4,4957093888.0
4794.055060,56.5,4958093824.0
4795.062439,56.2,4959093760.0
4796.071682,56.2,4960093696.0
4797.081416,56.5,4961144320.0
4798.095399,56.0,4962144768.0
4799.105035,56.5,4963143680.0
4800.112637,56.7,4964143616.0
4801.121327,56.3,4965144064.0
4802.130859,56.5,4966194688.0
4803.145403,56.3,4967194112.0
4804.154443,56.3,4968193536.0
4805.161447,56.5,4969193984.0
4806.170389,56.3,4970192896.0
4807.180392,56.5,4971244032.0
4808.194401,56.6,4972244480.0
4809.204364,56.6,4973243904.0
4810.211597,56.4,4974242304.0
4811.219504,56.5,4975242240.0
4812.228408,56.5,4976292864.0
4813.243411,56.2,4977292800.0
4814.252405,55.9,4978292736.0
4815.259409,56.6,4979292672.0
4816.267387,56.3,4980292608.0
4817.277440,56.5,4981292544.0
4818.292388,56.6,4982343680.0
4819.301277,56.6,4983344128.0
4820.308409,56.0,4984344064.0
4821.315405,56.5,4985342976.0
4822.325568,56.6,4986343936.0
4823.336683,56.5,4987394048.0
4824.350861,56.5,4988392960.0
4825.358430,56.6,4989393920.0
4826.365700,56.3,4990393856.0
4827.375916,56.6,4991393792.0
4828.386137,56.5,4992443392.0
4829.400933,56.5,4993443840.0
4830.407765,56.5,4994442752.0
4831.415526,56.8,4995442688.0
4832.425399,56.5,4996443136.0
4833.434581,56.5,4997492736.0
4834.448406,56.5,4998493184.0
4835.455751,56.2,4999492096.0
4836.464476,56.3,5000491008.0
4837.473426,56.5,5001491456.0
4838.482400,56.5,5002543616.0
4839.496403,56.3,5003543552.0
4840.504408,56.5,5004541952.0
4841.511407,56.1,5005541376.0
4842.518402,56.5,5006541312.0
4843.528438,56.5,5007541760.0
4844.542405,56.6,5008592384.0
4845.552978,56.5,5009591808.0
4846.560418,,
4852.568390,,
4858.576466,56.5,5025693184.0
4862.680405,56.7,5026743296.0
4863.695421,56.5,5027743232.0
4864.705394,56.6,5028743168.0
4865.711422,56.5,5029742592.0
4866.717393,56.7,5030743552.0
4867.727351,56.5,5031742976.0
4868.737292,56.6,5032792576.0
4869.751491,56.3,5033793024.0
4870.758844,56.5,5034792448.0
4871.765396,56.3,5035792896.0
4872.775421,56.5,5036792832.0
4873.784683,56.3,5037843456.0
4874.799898,56.5,5038843392.0
4875.808411,56.6,5039843328.0
4876.815420,56.5,5040842752.0
4877.826293,56.5,5041841152.0
4878.843411,56.2,5042891264.0
4879.854403,56.3,5043892736.0
4880.861498,56.3,5044893184.0
4881.868407,56.5,5045892096.0
4882.879140,56.3,5046942720.0
4883.895430,56.6,5047943168.0
4884.905390,56.6,5048942080.0
4885.912433,56.5,5049942528.0
4886.919468,56.5,5050942464.0
4887.929427,56.6,5051942400.0
4888.944611,56.6,5052992512.0
4889.955447,56.8,5053992448.0
4890.962400,56.6,5054992384.0
4891.969392,56.7,5055992320.0
4892.979840,56.2,5057043456.0
4893.995915,56.7,5058042368.0
4895.005688,56.3,5059041280.0
4896.014027,56.6,5060042752.0
4897.023394,56.6,5061043200.0
4898.033391,56.6,5062092800.0
4899.047512,56.6,5063092224.0
4900.057437,56.3,5064092672.0
4901.064409,56.5,5065092096.0
4902.073182,56.1,5066092544.0
4903.083393,56.5,5067141632.0
4904.097411,56.5,5068142080.0
4905.105411,56.3,5069140992.0
4906.113328,56.5,5070140416.0
4907.121411,56.4,5071142400.0
4908.130424,56.6,5072192000.0
4909.145391,56.3,5073191936.0
4910.154392,56.5,5074191872.0
4911.161423,56.7,5075192320.0
4912.168393,56.5,5076191232.0
4913.179031,56.3,5077191168.0
4914.190418,56.3,5078240768.0
4915.199427,56.6,5079242752.0
4916.209146,56.5,5080242688.0
4917.216419,56.4,5081241600.0
4918.226197,56.7,5082240512.0
4919.237395,56.2,5083290624.0
4920.250648,56.4,5084293120.0
4921.258397,56.3,5085290496.0
4922.265782,56.3,5086290944.0
4923.276415,56.5,5087291904.0
4924.286401,56.3,5088343552.0
4925.301402,56.3,5089341952.0
4926.308410,56.5,5090342400.0
4927.315417,56.3,5091342848.0
4928.324926,56.8,5092341760.0
4929.334389,56.6,5093392384.0
4930.348101,56.1,5094390784.0
4931.356788,56.3,5095390720.0
4932.364136,56.7,5096392192.0
4933.375425,56.8,5097390592.0
4934.385610,56.6,5098442240.0
4935.401397,56.8,5099442176.0
4936.408411,56.6,5100442624.0
4937.415427,56.6,5101442048.0
4938.424390,56.5,5102441984.0
4939.433407,56.4,5103490048.0
4940.447476,56.8,5104492544.0
4941.457334,56.5,5105490432.0
4942.464399,56.3,5106491904.0
4943.474069,56.1,5107490816.0
4944.483502,56.6,5108542464.0
4945.497443,56.3,5109542912.0
4946.506400,56.8,5110542336.0
4947.514181,56.6,5111542272.0
4948.520434,56.5,5112542208.0
4949.530434,56.3,5113590272.0
4950.544402,56.3,5114590208.0
4951.554552,56.5,5115592192.0
4952.562137,56.5,5116590592.0
4953.569273,56.5,5117590528.0
4954.580197,56.3,5118592512.0
4955.591426,56.6,5119642112.0
4956.602404,56.8,5120642048.0
4957.609403,56.5,5121641472.0
4958.616414,56.5,5122641920.0
4959.625393,56.8,5123642368.0
4960.634393,56.5,5124691456.0
4961.648400,56.8,5125689856.0
4962.656626,56.3,5126689792.0
4963.664389,56.5,5127689728.0
4964.671420,56.3,5128689664.0
4965.682407,56.7,5129741824.0
4966.696435,,
4972.704411,,
4978.711660,56.8,5145842176.0
4982.806532,56.3,5146841600.0
4983.813422,56.7,5147841536.0
4984.820320,56.3,5148841984.0
4985.831437,56.7,5149891072.0
4986.846398,56.5,5150891520.0
4987.855396,56.8,5151891456.0
4988.863005,56.5,5152891392.0
4989.869395,56.6,5153891840.0
4990.879409,56.7,5154891264.0
4991.891261,56.6,5155940864.0
4992.902397,56.3,5156941824.0
4993.910343,56.3,5157941248.0
4994.917407,56.6,5158941184.0
4995.927393,56.8,5159941120.0
4996.936396,56.3,5160991232.0
4997.950425,56.8,5161991168.0
4998.958649,56.5,5162991104.0
4999.965426,56.3,5163992064.0
5000.975408,56.6,5164991488.0
5001.987173,56.5,5166041600.0
5003.001396,56.6,5167042048.0
5004.010393,56.6,5168041472.0
5005.017430,56.3,5169041408.0
5006.027406,56.5,5170041856.0
5007.036392,56.7,5171091456.0
5008.050405,56.4,5172090368.0
5009.059434,56.0,5173091328.0
5010.066387,56.8,5174091776.0
5011.075537,56.5,5175091200.0
5012.084418,56.6,5176140800.0
5013.099216,56.3,5177141248.0
5014.107414,56.5,5178141184.0
5015.115502,56.7,5179141632.0
5016.123432,56.8,5180141568.0
5017.133406,56.8,5181191168.0
5018.148166,56.3,5182191616.0
5019.157822,56.2,5183191552.0
5020.165397,56.6,5184190976.0
5021.172582,56.5,5185190912.0
5022.183408,57.0,5186241024.0
5023.198411,56.7,5187241984.0
5024.207395,56.5,5188241408.0
5025.213408,56.3,5189241344.0
5026.220160,56.7,5190240768.0
5027.231300,56.3,5191241216.0
5028.247682,56.2,5192290816.0
5029.257410,56.5,5193289728.0
5030.264401,56.3,5194289152.0
5031.271390,56.2,5195292160.0
5032.281392,56.0,5196339712.0
5033.296399,56.8,5197340672.0
5034.304406,56.8,5198341120.0
5035.311386,56.6,5199341056.0
5036.318317,56.5,5200340480.0
5037.328150,57.0,5201339392.0
5038.337646,56.8,5202391040.0
5039.352955,56.5,5203391488.0
5040.360812,56.6,5204388864.0
5041.367393,56.5,5205389312.0
5042.377839,56.3,5206388224.0
5043.385410,56.5,5207439360.0
5044.399879,56.7,5208440832.0
5045.407708,56.2,5209438720.0
5046.415217,56.8,5210438656.0
5047.422388,56.5,5211438080.0
5048.431618,56.5,5212488704.0
5049.444427,56.5,5213487616.0
5050.454393,56.5,5214490112.0
5051.460386,56.3,5215489024.0
5052.467878,56.8,5216488960.0
5053.477908,56.8,5217488896.0
5054.486409,56.8,5218541056.0
5055.500419,56.7,5219540992.0
5056.508405,56.8,5220540928.0
5057.515400,56.7,5221540352.0
5058.522248,56.5,5222539776.0
5059.532164,56.8,5223540224.0
5060.542408,56.5,5224588800.0
5061.551408,56.7,5225587200.0
5062.559465,56.7,5226589184.0
5063.566433,56.8,5227589632.0
5064.574390,56.7,5228590592.0
5065.584410,56.3,5229638656.0
5066.598389,56.7,5230638080.0
5067.606396,56.3,5231637504.0
5068.612415,56.2,5232637952.0
5069.620349,56.6,5233638912.0
5070.630389,56.6,5234639872.0
5071.638819,56.7,5235689472.0
5072.651529,56.7,5236688384.0
5073.659809,56.3,5237688320.0
5074.666399,56.8,5238688256.0
5075.674980,56.3,5239688704.0
5076.684618,56.5,5240738816.0
5077.699511,56.6,5241738752.0
5078.707712,56.6,5242741248.0
5079.715309,56.6,5243739136.0
5080.722398,56.7,5244738560.0
5081.732035,56.6,5245788672.0
5082.746442,56.5,5246789120.0
5083.755412,56.5,5247788032.0
5084.763283,56.8,5248788992.0
5085.769979,56.6,5249788416.0
5086.780288,,
5092.789273,,
5098.796233,56.8,5265890304.0
5102.868672,56.8,5266889728.0
5103.879567,56.6,5267889664.0
5104.888420,56.8,5268939264.0
5105.902397,56.4,5269940224.0
5106.910446,56.6,5270939136.0
5107.917397,56.6,5271939584.0
5108.926170,56.6,5272940032.0
5109.935447,56.5,5273990144.0
5110.949407,56.3,5274990080.0
5111.960394,56.6,5275987456.0
5112.967498,56.4,5276987904.0
5113.975390,56.7,5277988864.0
5114.983401,56.3,5279037952.0
5115.997426,56.8,5280037888.0
5117.006390,56.5,5281039872.0
5118.013408,56.7,5282040320.0
5119.021047,56.8,5283039744.0
5120.032307,56.7,5284041216.0
5121.042942,56.8,5285088768.0
5122.053392,56.8,5286088192.0
5123.061734,56.5,5287088128.0
5124.069407,56.5,5288088576.0
5125.081406,56.3,5289088000.0
5126.096407,56.6,5290139648.0
5127.105416,56.3,5291139072.0
5128.112209,56.8,5292139008.0
5129.120400,56.7,5293139968.0
5130.129928,56.5,5294137344.0
5131.138750,56.8,5295186432.0
5132.151599,56.7,5296187392.0
5133.160203,56.6,5297186816.0
5134.168391,56.3,5298186240.0
5135.177906,56.6,5299187200.0
5136.186704,56.6,5300239360.0
5137.204224,56.7,5301236224.0
5138.211422,56.6,5302237184.0
5139.218399,56.5,5303238144.0
5140.228409,56.3,5304239104.0
5141.238675,56.8,5305288192.0
5142.252999,56.7,5306287104.0
5143.261218,56.5,5307289088.0
5144.268417,56.3,5308289024.0
5145.279548,56.5,5309286912.0
5146.290851,56.4,5310337024.0
5147.303686,56.6,5311336960.0
5148.310415,56.5,5312337408.0
5149.316969,56.7,5313337344.0
5150.325059,56.7,5314339328.0
5151.334784,57.0,5315389440.0
5152.349703,56.8,5316389376.0
5153.359716,56.7,5317389824.0
5154.367137,57.0,5318387200.0
5155.375969,56.5,5319387648.0
5156.385835,56.3,5320437248.0
5157.399691,56.6,5321436160.0
5158.408542,56.8,5322436608.0
5159.415400,56.7,5323437056.0
5160.422416,56.5,5324437504.0
5161.432574,56.6,5325437440.0
5162.446317,56.7,5326489600.0
5163.455846,56.1,5327486976.0
5164.463741,56.7,5328486912.0
5165.470408,56.5,5329488896.0
5166.480554,56.6,5330488320.0
5167.489631,56.6,5331536384.0
5168.502328,56.3,5332536320.0
5169.510693,56.8,5333539328.0
5170.518459,56.5,5334537216.0
5171.529040,56.8,5335539712.0
5172.538397,56.3,5336588800.0
5173.553136,56.3,5337587712.0
5174.561960,56.6,5338587648.0
5175.570176,56.7,5339586048.0
5176.580320,56.5,5340589568.0
5177.588926,56.7,5341636096.0
5178.601993,56.4,5342636032.0
5179.609687,56.5,5343635968.0
5180.616824,56.6,5344636416.0
5181.624686,56.6,5345638400.0
5182.634719,56.7,5346639360.0
5183.644770,56.7,5347688960.0
5184.654398,56.6,5348688896.0
5185.662243,56.8,5349688320.0
5186.669391,56.8,5350688256.0
5187.679644,56.6,5351688192.0
5188.688032,56.5,5352739328.0
5189.702182,56.8,5353738240.0
5190.710136,56.6,5354737664.0
5191.716898,56.8,5355738624.0
5192.723738,56.5,5356738048.0
5193.734542,56.7,5357738496.0
5194.744954,56.5,5358786048.0
5195.753408,57.0,5359788544.0
5196.761510,56.5,5360785920.0
5197.768224,56.8,5361786368.0
5198.777145,56.5,5362785792.0
5199.786418,56.5,5363836928.0
5200.800974,56.5,5364835840.0
5201.809555,56.6,5365835776.0
5202.816398,56.6,5366838272.0
5203.824153,56.7,5367836160.0
5204.833390,56.7,5368886272.0
5205.847409,56.7,5369885184.0
5206.856389,,
5212.860070,,
5218.868058,56.7,5385937920.0
5222.936895,56.8,5386988032.0
5223.950719,56.7,5387984896.0
5224.959852,56.5,5388987904.0
5225.966409,56.3,5389987840.0
5226.973389,56.8,5390986752.0
5227.983420,56.7,5391986176.0
5228.997324,56.5,5393036800.0
5230.006414,57.0,5394036224.0
5231.013416,56.6,5395036672.0
5232.019397,56.7,5396036096.0
5233.027390,56.3,5397035520.0
5234.036387,56.6,5398086656.0
5235.049703,56.3,5399088128.0
5236.058406,56.4,5400086528.0
5237.065619,56.7,5401088000.0
5238.073185,56.7,5402088448.0
5239.085259,56.8,5403138560.0
5240.100456,56.5,5404137984.0
5241.109411,56.3,5405137920.0
5242.116199,56.8,5406137856.0
5243.123423,57.0,5407138816.0
5244.134845,56.8,5408185856.0
5245.150273,56.6,5409185792.0
5246.159406,56.5,5410187776.0
5247.165409,56.5,5411187712.0
5248.172435,56.7,5412185088.0
5249.183128,56.5,5413186048.0
5250.197403,56.5,5414237184.0
5251.207426,56.4,5415236096.0
5252.214391,56.7,5416237568.0
5253.220853,56.6,5417235968.0
5254.231389,56.5,5418235904.0
5255.240425,56.6,5419286016.0
5256.252414,56.7,5420288000.0
5257.260850,56.8,5421286400.0
5258.267401,56.2,5422285824.0
5259.274423,56.7,5423286272.0
5260.284598,56.8,5424336384.0
5261.298419,57.0,5425335808.0
5262.308388,56.3,5426335744.0
5263.315541,56.6,5427335680.0
5264.322627,56.5,5428336128.0
5265.332399,56.8,5429336576.0
5266.341418,56.5,5430385664.0
5267.355269,56.3,5431385088.0
5268.364013,56.9,5432386048.0
5269.371393,56.7,5433385984.0
5270.381841,56.8,5434387456.0
5271.391627,56.7,5435435520.0
5272.403474,56.5,5436435456.0
5273.411969,56.7,5437435904.0
5274.419439,56.8,5438435840.0
5275.428860,56.5,5439435776.0
5276.437432,56.5,5440485888.0
5277.452273,56.5,5441485312.0
5278.460918,56.5,5442485760.0
5279.467401,56.8,5443487744.0
5280.473737,56.8,5444485632.0
5281.484715,56.7,5445536256.0
5282.499837,56.6,5446536704.0
5283.509056,56.8,5447537152.0
5284.516398,56.7,5448537600.0
5285.523396,56.6,5449537536.0
5286.535194,56.8,5450586112.0
5287.549395,56.7,5451587584.0
5288.563390,56.8,5452586496.0
5289.569882,56.8,5453585920.0
5290.579411,56.8,5454585344.0
5291.588398,56.6,5455635456.0
5292.603415,56.5,5456635392.0
5293.610398,56.6,5457635840.0
5294.617323,56.5,5458635776.0
5295.624424,56.8,5459635200.0
5296.634394,56.3,5460635136.0
5297.648429,56.7,5461685248.0
5298.657659,56.8,5462686720.0
5299.665069,56.5,5463685632.0
5300.672393,56.8,5464685568.0
5301.682713,56.6,5465685504.0
5302.693092,56.3,5466736128.0
5303.707162,56.8,5467736064.0
5304.714398,56.8,5468734976.0
5305.722551,56.3,5469735424.0
5306.732392,56.6,5470734848.0
5307.743990,56.7,5471785984.0
5308.754944,56.5,5472785408.0
5309.762420,56.5,5473784832.0
5310.769422,56.7,5474786816.0
5311.776400,56.6,5475786752.0
5312.787406,56.5,5476787200.0
5313.802304,56.8,5477837312.0
5314.811288,56.7,5478836736.0
5315.817943,56.8,5479837184.0
5316.825287,56.5,5480836608.0
5317.836161,56.3,5481886720.0
5318.851798,56.8,5482887680.0
5319.860411,56.9,5483887104.0
5320.867783,56.8,5484887552.0
5321.874999,56.8,5485886976.0
5322.885889,56.8,5486885888.0
5323.900514,56.5,5487937024.0
5324.909836,56.7,5488936448.0
5325.917281,56.8,5489936896.0
5326.923405,,
5332.927194,,
5338.933873,56.8,5504986112.0
5341.973645,56.7,5505986560.0
5342.983792,56.5,5506985984.0
5343.995406,56.5,5508036096.0
5345.006997,56.9,5509036032.0
5346.014410,56.8,5510035968.0
5347.021396,56.6,5511035904.0
5348.031390,56.2,5512036352.0
5349.040406,56.6,5513086976.0
5350.055181,56.6,5514086400.0
5351.063295,56.7,5515086848.0
5352.070065,56.7,5516086272.0
5353.079239,56.5,5517086208.0
5354.088430,57.0,5518136320.0
5355.102993,56.5,5519137280.0
5356.111387,56.6,5520135680.0
5357.118451,56.9,5521137152.0
5358.125664,56.8,5522136576.0
5359.136411,57.0,5523136512.0
5360.151089,56.5,5524186112.0
5361.160581,56.5,5525186048.0
5362.167400,56.8,5526185984.0
5363.173546,56.3,5527185920.0
5364.182908,56.3,5528185856.0
5365.194532,56.8,5529236480.0
5366.208427,56.3,5530235904.0
5367.215953,57.0,5531235840.0
5368.223205,56.8,5532236288.0
5369.233853,56.8,5533236736.0
5370.245149,56.6,5534286848.0
5371.259086,56.5,5535286272.0
5372.267138,57.0,5536286720.0
5373.274864,56.6,5537286144.0
5374.286024,56.8,5538286080.0
5375.300983,57.0,5539336192.0
5376.312612,57.0,5540336640.0
5377.320445,56.8,5541336576.0
5378.331107,56.8,5542334976.0
5379.340677,56.5,5543384576.0
5380.355469,57.0,5544385024.0
5381.363774,56.3,5545386496.0
5382.370412,56.8,5546386432.0
5383.382291,56.8,5547386880.0
5384.392743,56.8,5548435968.0
5385.406718,56.8,5549435904.0
5386.416441,56.7,5550435840.0
5387.424309,56.6,5551436288.0
5388.435825,57.4,5552435712.0
5389.451419,56.5,5554535936.0
5391.511411,56.8,5555536896.0
5392.518688,56.8,5556536320.0
5393.527187,57.0,5557536768.0
5394.538111,56.8,5558586880.0
5395.553969,56.8,5559585792.0
5396.563420,56.7,5560586752.0
5397.571123,56.7,5561586688.0
5398.581145,56.5,5562587136.0
5399.590906,56.6,5563635200.0
5400.605778,56.8,5564636160.0
5401.614482,56.7,5565636608.0
5402.622406,56.7,5566636032.0
5403.632528,56.7,5567635456.0
5404.642601,56.8,5568686080.0
5405.656695,56.8,5570736640.0
5407.707390,56.8,5571736064.0
5408.715338,56.5,5572736512.0
5409.722527,56.8,5573735936.0
5410.733255,57.1,5574736896.0
5411.743565,56.7,5575785472.0
5412.755851,56.8,5576785408.0
5413.764591,56.8,5577786368.0
5414.772168,56.8,5578785280.0
5415.782670,56.6,5579785216.0
5416.793937,56.8,5580835328.0
5417.807926,57.0,5581835264.0
5418.816507,57.3,5582836224.0
5419.824190,56.7,5583834624.0
5420.834411,56.7,5584834048.0
5421.846711,57.0,5585884160.0
5422.858258,56.7,5586884608.0
5423.865807,57.0,5587884032.0
5424.873443,56.8,5588884992.0
5425.883588,56.8,5589884416.0
5426.892118,57.1,5590933504.0
5427.905410,56.8,5591934464.0
5428.914238,56.5,5592933888.0
5429.921287,56.8,5593934848.0
5430.929696,56.8,5594935296.0
5431.940331,56.3,5595984896.0
5432.955263,56.7,5596985344.0
5433.966194,56.6,5597984768.0
5434.973194,56.7,5598984704.0
5435.983487,56.5,5599985152.0
5436.992854,56.7,5601034240.0
5438.006580,56.7,5602032640.0
5439.014397,56.5,5603033600.0
5440.021972,56.8,5604034048.0
5441.033195,56.7,5605033984.0
5442.042988,56.6,5606083584.0
5443.057093,57.0,5607085056.0
5444.065711,56.8,5608085504.0
5445.072599,57.0,5609083904.0
5446.083682,56.5,5610083840.0
5447.093599,56.8,5611133440.0
5448.108199,56.8,5612133888.0
5449.116163,56.5,5613133824.0
5450.123795,56.8,5614133760.0
5451.134402,57.0,5615133696.0
5452.143436,56.6,5616183808.0
5453.156625,56.7,5617183232.0
5454.164499,56.6,5618183168.0
5455.173847,56.8,5619183104.0
5456.185208,56.8,5620183552.0
5457.196250,56.8,5621233152.0
5458.206642,57.0,5622232576.0
5459.214394,56.7,5623233024.0
5460.221655,56.7,5624233472.0
5461.233557,56.9,5625233408.0
5462.243685,56.8,5626283008.0
5463.256616,57.0,5627284992.0
5464.265402,56.9,5628284928.0
5465.273098,56.9,5629284864.0
5466.283416,56.7,5630284800.0
5467.293277,56.7,5631334912.0
5468.306915,56.8,5632335360.0
5469.316420,56.8,5633334784.0
5470.324901,56.8,5634334720.0
5471.335891,56.7,5635335168.0
5472.347056,57.2,5636384768.0
5473.359217,56.7,5637384704.0
5474.367029,56.5,5638385664.0
5475.374298,56.9,5639384576.0
5476.385497,56.8,5640384512.0
5477.394740,56.6,5641434624.0
5478.408459,56.6,5642435072.0
5479.416405,56.6,5643433984.0
5480.423448,57.0,5644434432.0
5481.434431,56.8,5645433856.0
5482.444425,56.5,5646484480.0
5483.460682,56.9,5647484928.0
5484.468160,56.6,5648484864.0
5485.475391,56.7,5649484288.0
5486.485795,56.7,5650484736.0
5487.495410,56.6,5651534848.0
5488.508452,56.9,5652534784.0
5489.515395,56.5,5653535232.0
5490.522462,56.8,5654535168.0
5491.532438,56.6,5655535104.0
5492.541546,56.5,5656585216.0
5493.554393,57.0,5657585152.0
5494.563411,56.7,5658585600.0
5495.571410,57.1,5659585536.0
5496.579831,56.8,5660584960.0
5497.590761,56.3,5661634048.0
5498.606044,56.7,5662636032.0
5499.615429,57.0,5663634432.0
5500.622814,56.6,5664634368.0
5501.633215,56.8,5665634304.0
5502.642866,57.0,5666684416.0
5503.657447,56.7,5668683776.0
5505.688411,56.8,5669734400.0
5506.704061,57.0,5670733824.0
5507.713758,56.6,5671733760.0
5508.721935,56.8,5672734208.0
5509.730401,56.7,5673734144.0
5510.739390,56.5,5674783744.0
5511.754470,56.8,5675784704.0
5512.764167,56.8,5676784128.0
5513.774096,57.0,5677784064.0
5514.784410,56.7,5678784512.0
5515.794398,56.7,5679834112.0
5516.807432,56.5,5680834048.0
5517.814431,56.8,5681833472.0
5518.821393,57.0,5682833920.0
5519.828519,56.7,5683834368.0
5520.838846,56.6,5684834304.0
5521.854227,56.8,5685883904.0
5522.863399,57.0,5686883840.0
5523.870394,57.0,5687883776.0
5524.878030,57.0,5688884224.0
5525.888403,56.7,5689884160.0
5526.903708,56.7,5690933760.0
5527.913694,56.5,5691934208.0
5528.921617,56.6,5692934656.0
5529.933464,56.8,5693934592.0
5530.942413,56.6,5694983680.0
5531.955421,56.6,5695983616.0
5532.965170,57.0,5696984064.0
5533.973346,56.7,5697983488.0
5534.983093,56.7,5698983424.0
5535.991908,56.5,5700034560.0
5537.005390,56.6,5701035008.0
5538.014727,56.7,5702035456.0
5539.022530,56.5,5703033856.0
5540.032445,56.7,5704034816.0
5541.042664,56.6,5705084416.0
5542.056329,56.6,5706084864.0
5543.065931,56.7,5707084800.0
5544.074613,56.8,5708084224.0
5545.086432,56.7,5709084160.0
5546.096550,57.0,5710133760.0
5547.110402,56.3,5711134208.0
5548.117527,56.5,5712133632.0
5549.124553,56.6,5713133568.0
5550.133767,56.7,5714134016.0
5551.142822,56.8,5715184128.0
5552.156436,56.5,5716184064.0
5553.164484,56.6,5717183488.0
5554.172858,56.7,5718183936.0
5555.182406,56.6,5719483392.0
5556.463401,56.8,5720483840.0
5557.470853,56.8,5721483776.0
5558.478970,57.0,5722484224.0
5559.489352,57.0,5723484160.0
5560.504831,56.6,5724534272.0
5561.514414,57.2,5725534208.0
5562.522250,56.6,5726533120.0
5563.530649,56.6,5727532544.0
5564.541224,56.7,5728583168.0
5565.556495,56.9,5729582592.0
5566.564417,56.5,5730582016.0
5567.572834,56.8,5731583488.0
5568.583671,57.0,5732583936.0
5569.593888,56.8,5733633536.0
5570.609163,56.8,5734632960.0
5571.618541,56.6,5735633408.0
5572.625512,56.8,5736633856.0
5573.637538,56.8,5737633280.0
5574.647897,56.8,5738684416.0
5575.661410,56.6,5739683328.0
5576.668830,56.9,5740684288.0
5577.675895,56.5,5741684736.0
5578.685995,56.7,5742683648.0
5579.696195,56.9,5743733760.0
5580.710195,56.8,5744733696.0
5581.718348,56.5,5745734144.0
5582.725678,56.5,5746733056.0
5583.736537,57.0,5747933696.0
5584.939403,56.8,5748983296.0
5585.956390,57.2,5749983744.0
5586.965387,56.8,5750983168.0
5587.972391,56.8,5751983616.0
5588.978813,57.1,5752982528.0
5589.990169,56.8,5755032064.0
5592.022089,56.8,5756033024.0
5593.030016,56.8,5757032960.0
5594.039393,56.8,5758032896.0
5595.054122,56.7,5759081984.0
5596.063432,57.0,5760081920.0
5597.072109,56.8,5761082368.0
5598.080771,56.8,5762083328.0
5599.090736,57.0,5763132928.0
5600.105602,56.8,5764131840.0
5601.114390,56.9,5765131776.0
5602.121124,57.0,5766132736.0
5603.129396,57.1,5767132672.0
5604.140247,56.9,5768182272.0
5605.155745,56.8,5769181696.0
5606.165412,56.6,5770182144.0
5607.173940,56.6,5771182592.0
5608.184574,57.0,5772182528.0
5609.196102,56.6,5773231616.0
5610.210164,56.8,5774233600.0
5611.218387,56.7,5775233024.0
5612.224403,56.7,5776232960.0
5613.234262,56.9,5777234432.0
5614.244416,56.8,5778283008.0
5615.258531,56.7,5779282944.0
5616.267430,56.7,5780282880.0
5617.276135,56.8,5781282816.0
5618.287213,56.7,5782282752.0
5619.299432,56.8,5783332352.0
5620.309463,56.8,5784333312.0
5621.317506,56.7,5785332736.0
5622.325402,56.8,5786334208.0
5623.335392,56.6,5787332096.0
5624.345434,56.9,5788382208.0
5625.358189,56.6,5789381632.0
5626.366667,56.7,5790382080.0
5627.376733,56.8,5791381504.0
5628.388824,56.5,5792431616.0
5629.404942,56.3,5793432064.0
5630.416010,57.0,5794432000.0
5631.424215,56.6,5795432448.0
5632.435430,57.0,5796431360.0
5633.445220,56.5,5797481472.0
5634.458463,56.3,5798480896.0
5635.466873,56.8,5799480832.0
5636.475555,,
5642.485332,,
5648.494464,56.6,5815582720.0
5652.566889,56.8,5816582656.0
5653.575421,56.7,5817582592.0
5654.586961,57.0,5818582016.0
5655.603081,57.0,5819632640.0
5656.613417,56.9,5820632576.0
5657.622688,57.0,5821632512.0
5658.632444,56.7,5822632448.0
5659.643080,56.7,5823682560.0
5660.658320,56.8,5824682496.0
5661.666447,56.5,5825682432.0
5662.675104,56.7,5826682368.0
5663.688588,56.8,5827732480.0
5664.703672,56.5,5828732416.0
5665.713560,56.9,5829732352.0
5666.721542,57.0,5830733312.0
5667.733331,57.2,5831732224.0
5668.743122,57.0,5832782336.0
5669.757575,56.5,5833782272.0
5670.766534,56.8,5834783232.0
5671.775435,56.8,5835783168.0
5672.786680,57.0,5836783616.0
5673.799338,56.7,5837833216.0
5674.809655,56.8,5838832640.0
5675.817909,57.0,5839832064.0
5676.826169,56.8,5840832000.0
5677.838446,57.0,5841882624.0
5678.854563,56.9,5842882048.0
5679.863895,56.7,5843881984.0
5680.871757,57.0,5844881920.0
5681.883078,56.8,5845882368.0
5682.893206,57.0,5846931968.0
5683.907213,56.8,5847932928.0
5684.916853,57.0,5848931840.0
5685.923685,57.2,5849932288.0
5686.935711,56.7,5850932224.0
5687.946899,57.0,5851981824.0
5688.957903,56.8,5852982272.0
5689.965967,56.8,5853982720.0
5690.973239,57.0,5854982144.0
5691.983044,57.0,5855982592.0
5692.993200,57.0,5857031680.0
5694.007638,57.0,5858032640.0
5695.016041,57.3,5859032064.0
5696.023588,57.0,5860032512.0
5697.035268,56.5,5861031936.0
5698.046695,57.0,5862082560.0
5699.058429,57.0,5863083008.0
5700.066699,57.0,5864082432.0
5701.075437,56.8,5865081856.0
5702.087435,57.0,5866131968.0
5703.102924,56.8,5867132928.0
5704.112819,57.0,5868132352.0
5705.120917,56.5,5869131776.0
5706.132594,56.8,5870131712.0
5707.142793,57.0,5871181824.0
5708.157536,56.9,5872181760.0
5709.165966,57.0,5873182208.0
5710.175443,57.0,5874182656.0
5711.186743,56.8,5875182080.0
5712.202698,56.7,5876232192.0
5713.211394,57.0,5877232640.0
5714.218573,56.8,5878232576.0
5715.226409,56.9,5879232000.0
5716.236916,57.0,5880281600.0
5717.251517,56.6,5881282048.0
5718.261366,56.7,5882281984.0
5719.269729,56.8,5883281920.0
5720.277795,56.6,5884282880.0
5721.288063,56.8,5885331968.0
5722.303152,56.8,5886330880.0
5723.312226,57.0,5887332352.0
5724.320951,56.5,5888331776.0
5725.331416,56.8,5889331712.0
5726.341362,57.1,5890381312.0
5727.356534,56.9,5891381760.0
5728.364773,57.2,5892381696.0
5729.373880,56.5,5893381632.0
5730.385609,56.9,5894431744.0
5731.402700,56.5,5895431680.0
5732.411693,56.8,5896431104.0
5733.419846,56.5,5897431552.0
5734.429457,57.0,5898430976.0
5735.439809,56.8,5899482112.0
5736.455903,56.7,5900481536.0
5737.464031,56.8,5901481472.0
5738.472416,57.0,5902481920.0
5739.482404,56.8,5903481856.0
5740.491390,57.0,5904531456.0
5741.506265,57.0,5905531392.0
5742.515274,56.5,5906531328.0
5743.522077,56.8,5907531264.0
5744.532240,56.8,5908531200.0
5745.540406,56.7,5909581824.0
5746.553439,,
5752.562636,,
5758.570689,56.8,5925681664.0
5762.652667,56.9,5926681088.0
5763.661718,56.6,5927681024.0
5764.670713,56.6,5928681984.0
5765.682494,57.0,5929680896.0
5766.693929,56.6,5930731008.0
5767.706142,57.1,5931731456.0
5768.714457,57.0,5932731904.0
5769.721249,57.0,5933730816.0
5770.731707,57.0,5934731264.0
5771.741328,56.9,5935780864.0
5772.754393,56.8,5936780800.0
5773.761826,57.3,5937780736.0
5774.770414,56.8,5938781696.0
5775.781401,57.0,5939781120.0
5776.791638,56.7,5940831232.0
5777.806799,57.2,5941830656.0
5778.814999,56.8,5942830592.0
5779.823195,56.8,5943831040.0
5780.835595,56.7,5944831488.0
5781.850428,56.5,5945881600.0
5782.860496,56.8,5946881024.0
5783.868662,56.8,5947881984.0
5784.877422,56.6,5948881920.0
5785.887440,56.8,5949932032.0
5786.901430,56.8,5950930432.0
5787.910430,57.1,5951930880.0
5788.918204,56.8,5952930304.0
5789.925740,56.8,5953931776.0
5790.935399,57.0,5954930688.0
5791.950854,56.8,5955980800.0
5792.960060,57.0,5956980736.0
5793.967930,56.8,5957981696.0
5794.976984,56.8,5958981632.0
5795.986575,56.6,5960031232.0
5797.002329,57.1,5961030656.0
5798.010422,56.8,5962030592.0
5799.018327,56.7,5963030016.0
5800.028711,56.6,5964030464.0
5801.039665,57.0,5965080576.0
5802.054392,56.7,5966081024.0
5803.063198,57.0,5967080448.0
5804.071603,57.1,5968080384.0
5805.082918,56.7,5969080832.0
5806.095404,56.5,5970131968.0
5807.106730,56.6,5971130368.0
5808.115638,56.6,5972130816.0
5809.122712,56.8,5973131264.0
5810.133998,56.8,5974181376.0
5811.149810,56.7,5975180288.0
5812.160188,56.6,5976180736.0
5813.168582,56.8,5977181696.0
5814.179018,57.0,5978180608.0
5815.188533,56.8,5979230720.0
5816.203573,57.0,5980229632.0
5817.212236,56.7,5981230080.0
5818.221231,57.0,5982231040.0
5819.234248,57.0,5983280640.0
5820.250446,56.8,5984280064.0
5821.260428,56.8,5985280000.0
5822.269063,56.5,5986280960.0
5823.279033,56.9,5987279872.0
5824.289445,57.1,5988329984.0
5825.303068,57.0,5989329920.0
5826.312285,57.1,5990331392.0
5827.320031,56.8,5991329792.0
5828.332730,56.7,5992330752.0
5829.343465,56.8,5993378816.0
5830.354316,57.0,5994381312.0
5831.363572,56.8,5995380224.0
5832.372009,56.7,5996380160.0
5833.382842,56.9,5997381120.0
5834.393461,56.8,5998430208.0
5835.405056,57.0,5999430144.0
5836.412394,56.8,6000430080.0
5837.418837,56.9,6001430016.0
5838.429796,56.8,6002431488.0
5839.440297,56.7,6003480064.0
5840.454428,57.0,6004480000.0
5841.462785,56.7,6005479936.0
5842.470657,56.7,6006480384.0
5843.480401,57.0,6007479808.0
5844.490800,56.5,6008529920.0
5845.503954,57.2,6009531392.0
5846.511398,56.8,6010529792.0
5847.518346,57.0,6011529728.0
5848.528395,57.2,6012530176.0
5849.537811,56.8,6013580288.0
5850.553402,57.4,6014579712.0
5851.561565,56.6,6015580672.0
5852.569428,57.0,6016579584.0
5853.578399,57.0,6017580032.0
5854.587444,56.9,6018630144.0
5855.602647,57.0,6019630592.0
5856.612420,56.9,6020630528.0
5857.620411,56.8,6021629440.0
5858.630421,56.7,6022629888.0
5859.638402,56.7,6023680512.0
5860.653565,56.6,6024679424.0
5861.661407,56.8,6025679360.0
5862.669135,57.0,6026679808.0
5863.678410,57.0,6027679744.0
5864.688034,56.7,6028730368.0
5865.703073,57.0,6029729280.0
5866.710884,,
5872.719457,,
5878.726855,56.7,6045829120.0
5882.840418,56.6,6046879232.0
5883.853304,56.8,6047879680.0
5884.861894,57.0,6048879616.0
5885.869899,56.8,6049880064.0
5886.880392,56.8,6050880000.0
5887.892452,57.0,6051929088.0
5888.903583,57.0,6052929024.0
5889.911677,57.0,6053929984.0
5890.919693,57.0,6054928384.0
5891.931784,56.8,6055929344.0
5892.947395,57.2,6056978944.0
5893.956711,56.8,6057979392.0
5894.963397,56.8,6058979328.0
5895.969647,56.7,6059979264.0
5896.980920,57.0,6060979712.0
5897.992145,57.0,6062029312.0
5899.003202,56.8,6063029760.0
5900.011588,56.8,6064029184.0
5901.018401,56.6,6065029632.0
5902.027409,57.1,6066029568.0
5903.036422,56.9,6067079680.0
5904.051391,57.0,6068079616.0
5905.058936,56.7,6069079040.0
5906.065422,56.7,6070078976.0
5907.075072,56.8,6071078912.0
5908.084409,56.7,6072130048.0
5909.099403,56.6,6073128960.0
5910.108054,57.0,6074128384.0
5911.114401,56.8,6075129344.0
5912.120393,56.7,6076129280.0
5913.130400,56.5,6077128704.0
5914.140416,56.9,6078178304.0
5915.152394,56.6,6079180800.0
5916.159418,57.0,6080178688.0
5917.167403,56.8,6081177600.0
5918.176405,56.8,6082179584.0
5919.185821,56.9,6083229184.0
5920.201408,57.2,6084229632.0
5921.209751,56.6,6085228544.0
5922.217393,56.7,6086228992.0
5923.227819,57.0,6087229440.0
5924.238416,56.9,6088279552.0
5925.252955,56.7,6089278976.0
5926.261519,56.8,6090278912.0
5927.271281,56.3,6091277824.0
5928.282836,56.7,6092328960.0
5929.298183,56.9,6093328896.0
5930.308100,57.0,6094328832.0
5931.316594,57.2,6095328256.0
5932.327896,57.0,6096329728.0
5933.338052,56.8,6097379328.0
5934.353088,57.2,6098379264.0
5935.361829,57.0,6099379200.0
5936.370642,57.0,6100378624.0
5937.381076,56.8,6101378560.0
5938.396475,56.8,6102428672.0
5939.406785,57.3,6103428608.0
5940.416321,57.0,6104429056.0
5941.426424,57.0,6105429504.0
5942.436302,56.9,6106478592.0
5943.451424,56.9,6107478016.0
5944.459419,57.0,6108478976.0
5945.468164,56.7,6109478912.0
5946.479550,57.0,6110479872.0
5947.490309,56.7,6111528448.0
5948.502488,56.9,6112527872.0
5949.510401,56.6,6113527808.0
5950.516428,56.9,6114528768.0
5951.525417,57.0,6115528192.0
5952.534741,57.3,6116579328.0
5953.548402,57.0,6117577728.0
5954.558388,56.8,6118578688.0
5955.566339,57.0,6119578624.0
5956.574414,56.8,6120578048.0
5957.585407,56.8,6121628160.0
5958.601408,56.8,6122628096.0
5959.609052,57.0,6123628032.0
5960.617451,57.0,6124628992.0
5961.627404,57.2,6125628928.0
5962.636409,57.0,6126679040.0
5963.650390,57.0,6127677952.0
5964.659279,56.8,6128678400.0
5965.667388,57.0,6129678848.0
5966.676388,57.0,6130679808.0
5967.686411,57.0,6131728384.0
5968.700389,57.0,6132728320.0
5969.707431,57.0,6133727744.0
5970.714407,57.0,6134728704.0
5971.724670,57.2,6135728640.0
5972.734396,57.0,6136777728.0
5973.748363,57.0,6137779712.0
5974.757363,56.6,6138778112.0
5975.765421,56.8,6139778048.0
5976.775608,57.0,6140779008.0
5977.786685,57.2,6141827584.0
5978.800394,57.1,6142828544.0
5979.810312,57.0,6143826432.0
5980.817200,57.0,6144826368.0
5981.827445,56.9,6145826304.0
5982.836956,57.0,6146876928.0
5983.850679,56.6,6147875840.0
5984.859095,56.8,6148876288.0
5985.867703,56.8,6149876224.0
5986.879394,,
5992.888081,,
5998.893453,57.0,6165978112.0
6002.966018,57.0,6166978048.0
6003.975645,57.3,6167977472.0
6004.985969,56.8,6169028096.0
6005.999395,57.0,6170027520.0
6007.007316,56.8,6171026944.0
6008.015393,56.8,6172028416.0
6009.024391,56.9,6173027840.0
6010.032671,57.0,6174077440.0
6011.047353,57.3,6175077888.0
6012.059575,56.8,6176077824.0
6013.067982,56.8,6177077248.0
6014.078412,57.2,6178078720.0
6015.088407,56.9,6179127808.0
6016.100416,56.8,6180127744.0
6017.108070,57.1,6181128192.0
6018.115826,57.2,6182128128.0
6019.126409,57.0,6183128064.0
6020.135951,57.0,6184178176.0
6021.150464,57.0,6185177600.0
6022.158389,57.0,6186178048.0
6023.166151,57.0,6187177984.0
6024.177656,56.8,6188177920.0
6025.189428,56.9,6189227520.0
6026.203082,56.7,6190226944.0
6027.211057,57.0,6191227392.0
6028.218982,57.0,6192227328.0
6029.228404,57.3,6193227776.0
6030.238102,57.2,6194277888.0
6031.251822,57.2,6195277824.0
6032.259864,56.9,6196277248.0
6033.267482,57.0,6197277696.0
6034.277750,56.8,6198278144.0
6035.290460,57.0,6199327232.0
6036.301237,57.1,6200327680.0
6037.309490,56.8,6201326592.0
6038.317605,57.0,6202328064.0
6039.329985,56.9,6203328512.0
6040.341822,56.8,6204378112.0
6041.353072,56.8,6205377024.0
6042.360424,56.8,6206376960.0
6043.369845,57.2,6207377408.0
6044.381248,57.0,6208427520.0
6045.396425,56.7,6209427456.0
6046.406602,57.1,6210427392.0
6047.413886,56.8,6211427840.0
6048.424784,57.1,6212426240.0
6049.436150,57.3,6213477376.0
6050.451618,56.9,6214477312.0
6051.459665,57.3,6215477760.0
6052.468361,56.9,6216477696.0
6053.480087,56.8,6217527296.0
6054.495750,57.0,6218526720.0
6055.505667,56.8,6219527680.0
6056.513708,56.9,6220527104.0
6057.523828,57.0,6221527040.0
6058.536179,57.0,6222577664.0
6059.550948,57.0,6223576064.0
6060.558771,56.9,6224578048.0
6061.565673,57.2,6225577472.0
6062.574399,57.2,6226577408.0
6063.583444,56.9,6227627008.0
6064.599184,57.1,6228627456.0
6065.607551,57.0,6229627904.0
6066.615359,57.0,6230626816.0
6067.626155,57.0,6231626752.0
6068.638027,57.0,6232677888.0
6069.652016,57.2,6233676800.0
6070.660503,56.8,6234676736.0
6071.668410,56.9,6235677184.0
6072.679691,56.8,6236727296.0
6073.695399,56.8,6237727232.0
6074.705168,56.7,6238727168.0
6075.712390,57.0,6239727104.0
6076.718389,56.7,6240726528.0
6077.729543,57.2,6241776128.0
6078.745920,57.2,6242776576.0
6079.756329,57.0,6243775488.0
6080.764463,56.8,6244776960.0
6081.774394,57.0,6245775360.0
6082.785046,56.7,6246824960.0
6083.799429,57.0,6247827456.0
6084.807458,56.8,6248827392.0
6085.814730,57.0,6249826816.0
6086.824420,57.2,6250827264.0
6087.833417,56.9,6251876864.0
6088.849169,57.0,6252876288.0
6089.856440,57.0,6253876736.0
6090.863393,57.2,6254876672.0
6091.873201,57.0,6255877120.0
6092.882395,57.0,6256926720.0
6093.897409,57.0,6257926656.0
6094.905394,57.0,6258927104.0
6095.911400,57.1,6259926016.0
6096.918397,56.9,6260925440.0
6097.930540,56.9,6261976576.0
6098.945902,57.3,6262977024.0
6099.954394,57.6,6263976960.0
6100.961267,56.8,6264976384.0
6101.970315,56.7,6265976320.0
6102.981193,57.0,6267026944.0
6103.996826,57.0,6268026368.0
6105.006238,57.0,6269026816.0
6106.013399,,
6112.020650,,
6118.028391,57.5,6285127168.0
6122.137219,57.4,6286176256.0
6123.150407,57.0,6287176704.0
6124.157927,57.2,6288175104.0
6125.165915,56.9,6289176064.0
6126.176169,57.0,6290176512.0
6127.185400,57.2,6291226624.0
6128.200124,56.8,6292226560.0
6129.208095,57.0,6293226496.0
6130.216437,57.0,6294225920.0
6131.229077,57.2,6295275520.0
6132.244415,57.0,6296275968.0
6133.253412,57.2,6297275904.0
6134.260401,57.1,6298276864.0
6135.267035,57.0,6299277312.0
6136.278407,57.3,6300277760.0
6137.289031,57.0,6301326336.0
6138.301017,56.8,6302326272.0
6139.307718,57.2,6303326720.0
6140.315268,56.9,6304325120.0
6141.325144,57.1,6305326592.0
6142.335411,56.9,6306376704.0
6143.350026,57.2,6307376128.0
6144.358601,57.2,6308375552.0
6145.368208,56.8,6309376512.0
6146.379239,56.8,6310426624.0
6147.395661,56.8,6311426048.0
6148.404731,56.8,6312425984.0
6149.411943,56.8,6313425920.0
6150.420138,56.9,6314425856.0
6151.430459,57.2,6315477504.0
6152.445076,56.7,6316475392.0
6153.454455,56.8,6317475840.0
6154.461396,57.0,6318475264.0
6155.468399,57.3,6319476224.0
6156.478406,57.2,6320475136.0
6157.494395,57.0,6321525248.0
6158.504151,56.8,6322525184.0
6159.511894,56.8,6323526656.0
6160.522317,57.4,6324526080.0
6161.532565,57.1,6325575680.0
6162.547698,57.0,6326577152.0
6163.556841,57.3,6327576064.0
6164.563880,56.8,6328576000.0
6165.574560,57.2,6329576448.0
6166.585292,57.2,6330626048.0
6167.600484,56.9,6331625472.0
6168.609315,57.2,6332625920.0
6169.616449,57.0,6333625344.0
6170.627175,57.0,6334625792.0
6171.637344,57.2,6335675392.0
6172.649572,56.7,6336675328.0
6173.657591,57.0,6337675776.0
6174.665654,57.0,6338675200.0
6175.676967,57.1,6339676160.0
6176.686888,57.2,6340725760.0
6177.700780,57.1,6341725184.0
6178.708627,57.0,6342725120.0
6179.717332,56.8,6343725568.0
6180.728925,57.0,6344727040.0
6181.741403,57.0,6345775616.0
6182.751074,57.2,6346774528.0
6183.758778,57.0,6347775488.0
6184.766754,57.2,6348775936.0
6185.778418,57.1,6349825024.0
6186.793716,57.1,6350825472.0
6187.804251,57.0,6351825408.0
6188.812413,57.1,6352825856.0
6189.819433,56.9,6353825792.0
6190.829436,57.0,6354874880.0
6191.844410,57.2,6355875840.0
6192.853398,56.8,6356875776.0
6193.859401,57.1,6357875200.0
6194.866390,56.9,6358875136.0
6195.876231,57.2,6359875072.0
6196.888410,57.0,6360926720.0
6197.900390,57.1,6361923072.0
6198.906982,57.3,6362924032.0
6199.914415,57.0,6363923456.0
6200.924390,56.8,6364923392.0
6201.934413,57.0,6365975552.0
6202.947460,57.2,6366975488.0
6203.955417,57.0,6367975936.0
6204.962397,57.3,6368975360.0
6205.971855,57.0,6369974784.0
6206.982413,57.0,6371024896.0
6207.996874,56.8,6372025344.0
6209.005442,57.2,6373025280.0
6210.012729,57.1,6374025216.0
6211.023201,56.9,6375025152.0
6212.034053,56.7,6376075264.0
6213.048579,57.4,6377074176.0
6214.057295,57.0,6378074624.0
6215.064324,57.3,6379075072.0
6216.075241,56.8,6380074496.0
6217.085309,57.2,6381125120.0
6218.099124,57.2,6382125056.0
6219.107716,56.8,6383125504.0
6220.115183,57.0,6384124928.0
6221.126457,57.0,6385124864.0
6222.137064,57.0,6386174464.0
6223.150150,56.8,6387175424.0
6224.157407,57.0,6388174848.0
6225.163622,57.3,6389174272.0
6226.174430,,
6232.184217,,
6238.191388,57.0,6405275136.0
6242.262296,56.7,6406275072.0
6243.273616,57.3,6407275008.0
6244.283396,57.1,6408325632.0
6245.297395,57.3,6409324032.0
6246.305153,56.8,6410324992.0
6247.311595,57.3,6411324928.0
6248.319363,57.2,6412324352.0
6249.329190,57.3,6413374976.0
6250.344441,57.1,6414374912.0
6251.353893,57.2,6415374848.0
6252.361054,57.1,6416374272.0
6253.369410,57.0,6417373696.0
6254.379477,57.5,6418424832.0
6255.395876,57.0,6419424256.0
6256.404483,57.0,6420424192.0
6257.412237,56.9,6421425152.0
6258.422635,57.0,6422424576.0
6259.432037,57.2,6423475712.0
6260.445396,57.4,6424474624.0
6261.454400,57.3,6425475072.0
6262.461391,57.2,6426474496.0
6263.470481,56.7,6427474432.0
6264.481622,57.0,6428524544.0
6265.496490,57.0,6429524480.0
6266.504420,56.8,6430523904.0
6267.511655,57.1,6431524352.0
6268.521431,57.3,6432524288.0
6269.532693,57.0,6433573888.0
6270.549246,56.8,6434574848.0
6271.557651,57.0,6435573760.0
6272.565596,57.0,6436574720.0
6273.576987,57.2,6437624320.0
6274.593940,57.0,6438624256.0
6275.603958,57.0,6439624192.0
6276.612009,57.3,6440624128.0
6277.621999,56.7,6441624064.0
6278.632364,57.0,6442674176.0
6279.647665,57.2,6443674112.0
6280.656448,57.3,6444674048.0
6281.666320,57.2,6445673984.0
6282.678499,57.2,6446724608.0
6283.693434,56.9,6447723520.0
6284.703723,57.3,6448723968.0
6285.712013,57.4,6449723392.0
6286.721835,57.1,6450723840.0
6287.732843,57.0,6451772928.0
6288.747418,57.0,6452773888.0
6289.755710,56.8,6453774336.0
6290.763611,56.8,6454773248.0
6291.775230,57.2,6455774720.0
6292.785838,57.0,6456824320.0
6293.799315,57.0,6457823744.0
6294.807708,56.7,6458823680.0
6295.815857,56.9,6459824128.0
6296.828465,57.1,6460875264.0
6297.846076,57.3,6461873664.0
6298.854824,57.0,6462873088.0
6299.863978,57.0,6463873536.0
6300.876764,57.0,6464923648.0
6301.893665,57.0,6465924096.0
6302.903412,57.0,6466924032.0
6303.910701,57.0,6467924480.0
6304.921399,56.8,6468922880.0
6305.934413,57.3,6469975040.0
6306.948391,57.2,6470974976.0
6307.956230,56.8,6471973888.0
6308.963424,57.3,6472974848.0
6309.974405,57.0,6473973760.0
6310.985031,56.9,6475023360.0
6311.998745,57.3,6476023808.0
6313.006830,57.3,6477024256.0
6314.014774,56.9,6478023168.0
6315.025769,57.0,6479024128.0
6316.038412,57.0,6480074752.0
6317.049724,56.8,6481073152.0
6318.057899,57.0,6482074112.0
6319.064653,57.0,6483073536.0
6320.076292,57.0,6484073472.0
6321.087417,57.1,6485124096.0
6322.099302,57.3,6486123520.0
6323.108166,57.1,6487123456.0
6324.115421,57.0,6488123904.0
6325.126503,57.2,6489123840.0
6326.138624,57.2,6490173440.0
6327.148399,57.0,6491173376.0
6328.156537,56.8,6492174848.0
6329.163760,57.2,6493173760.0
6330.175078,57.0,6494174208.0
6331.185624,57.0,6495224320.0
6332.198838,57.2,6496225280.0
6333.207204,57.2,6497223168.0
6334.215752,57.3,6498223104.0
6335.228050,57.1,6499274240.0
6336.244746,57.0,6500274688.0
6337.254119,57.2,6501274624.0
6338.262285,57.3,6502274048.0
6339.274418,57.2,6503273472.0
6340.284069,56.8,6504323584.0
6341.299302,57.0,6505324544.0
6342.307165,57.3,6506323968.0
6343.314421,57.0,6507323392.0
6344.323390,57.4,6508323840.0
6345.331427,56.7,6509372928.0
6346.346082,,
6352.353409,,
6358.361443,57.2,6525473280.0
6362.453396,57.2,6526473216.0
6363.460627,57.2,6527473152.0
6364.470397,57.2,6528473088.0
6365.479927,57.0,6529522688.0
6366.495044,57.2,6530524672.0
6367.503407,57.4,6531523584.0
6368.510402,56.9,6532523008.0
6369.516403,57.0,6533523456.0
6370.527409,57.0,6534523392.0
6371.542891,57.0,6535572992.0
6372.552388,57.3,6536573440.0
6373.559419,57.3,6537573376.0
6374.566450,57.3,6538573312.0
6375.576438,57.0,6539573248.0
6376.585395,57.2,6540622336.0
6377.597431,56.9,6541622272.0
6378.605361,57.0,6542622720.0
6379.612402,57.0,6543623168.0
6380.620410,57.0,6544624640.0
6381.630088,57.0,6545673216.0
6382.645408,57.2,6546674176.0
6383.653406,56.9,6547672576.0
6384.662097,56.8,6548672512.0
6385.673401,57.0,6549672960.0
6386.682396,56.8,6550723072.0
6387.697427,57.3,6551722496.0
6388.706018,57.0,6552723968.0
6389.713660,57.2,6553722368.0
6390.723412,56.9,6554723328.0
6391.733430,57.0,6555773952.0
6392.747396,57.3,6556772352.0
6393.754391,57.0,6557772800.0
6394.761392,57.2,6558773248.0
6395.770515,57.0,6559773184.0
6396.780344,56.9,6560823808.0
6397.796426,57.2,6561823232.0
6398.804595,57.3,6562822656.0
6399.811325,57.2,6563822080.0
6400.821406,57.0,6564822528.0
6401.830426,57.0,6565872640.0
6402.845612,57.0,6566873088.0
6403.853406,57.2,6567872512.0
6404.861229,57.1,6568873472.0
6405.870411,56.9,6569872896.0
6406.879431,56.5,6570922496.0
6407.893438,57.5,6571922432.0
6408.902390,56.9,6572922368.0
6409.909603,57.0,6573922304.0
6410.918660,57.2,6574922240.0
6411.927400,57.3,6575922688.0
6412.943611,57.0,6576972800.0
6413.952396,57.2,6577972224.0
6414.958432,56.5,6578972672.0
6415.965019,56.8,6579972608.0
6416.977992,57.3,6581022208.0
6417.993908,57.0,6582022656.0
6419.002389,57.0,6583022080.0
6420.008415,57.3,6584022528.0
6421.014404,57.2,6585022464.0
6422.024995,57.0,6586022400.0
6423.034399,57.0,6587073536.0
6424.047407,57.2,6588073472.0
6425.055607,57.0,6589072384.0
6426.062435,57.3,6590072832.0
6427.073405,57.2,6591073280.0
6428.083396,57.0,6592122880.0
6429.097483,57.3,6593122304.0
6430.104403,56.8,6594122752.0
6431.111883,57.0,6595122176.0
6432.121409,57.3,6596122112.0
6433.130405,57.0,6597172736.0
6434.146408,57.2,6598172160.0
6435.154404,57.0,6599172096.0
6436.162114,57.1,6600172032.0
6437.173036,57.0,6601172480.0
6438.183474,57.0,6602222080.0
6439.196795,57.0,6603222528.0
6440.205408,56.9,6604222976.0
6441.212439,57.3,6605221376.0
6442.221392,56.9,6606221824.0
6443.231066,57.3,6607272448.0
6444.245906,56.7,6608272384.0
6445.254395,56.9,6609272832.0
6446.261846,57.1,6610272256.0
6447.271481,57.0,6611273216.0
6448.281432,57.3,6612322816.0
6449.297044,57.3,6613322752.0
6450.305693,57.2,6614322176.0
6451.312622,57.2,6615322112.0
6452.323857,57.4,6616322048.0
6453.333395,57.0,6617372160.0
6454.349397,56.8,6618372096.0
6455.356925,57.3,6619372032.0
6456.364709,57.0,6620372480.0
6457.376596,57.0,6621372416.0
6458.387560,57.4,6622422528.0
6459.400173,57.0,6623421952.0
6460.408587,57.2,6624422912.0
6461.415431,57.0,6625422336.0
6462.425439,57.0,6626422784.0
6463.436392,57.0,6627471872.0
6464.447416,56.8,6628471808.0
6465.456326,57.0,6629471744.0
6466.463424,,
6472.471403,,
6478.478416,57.4,6645572096.0
6482.583429,57.1,6646621696.0
6483.596659,57.0,6647621120.0
6484.604413,57.2,6648621568.0
6485.612758,57.5,6649622016.0
6486.623291,57.0,6650620928.0
6487.632396,57.0,6651672064.0
6488.646434,57.3,6652672000.0
6489.654406,57.0,6653671424.0
6490.662327,57.2,6654672384.0
6491.673237,57.2,6655671808.0
6492.682432,57.2,6656721920.0
6493.697238,56.8,6657721856.0
6494.705622,57.3,6658722304.0
6495.712955,57.4,6659722240.0
6496.723229,56.9,6660722688.0
6497.732425,57.2,6661771264.0
6498.746751,57.0,6662771712.0
6499.755406,57.2,6663771136.0
6500.762440,57.2,6664772096.0
6501.774496,57.2,6665771520.0
6502.784014,57.2,6666821632.0
6503.798057,57.0,6667821056.0
6504.805597,57.3,6668822016.0
6505.813274,57.2,6669821440.0
6506.822390,56.9,6670821376.0
6507.832423,57.2,6671872000.0
6508.847401,57.3,6672871424.0
6509.854408,57.0,6673871360.0
6510.861596,57.3,6674871808.0
6511.871393,57.0,6675870720.0
6512.881443,57.1,6676920832.0
6513.896970,57.3,6677921792.0
6514.905619,57.2,6678921216.0
6515.913399,56.8,6679920640.0
6516.923837,57.3,6680921600.0
6517.934407,57.0,6681971712.0
6518.947438,57.5,6682971648.0
6519.955422,57.3,6683972608.0
6520.962391,57.2,6684971008.0
6521.972418,56.9,6685971456.0
6522.981421,57.3,6687022080.0
6523.996522,57.1,6688020480.0
6525.004392,57.0,6689021952.0
6526.010444,56.8,6690020864.0
6527.019422,57.0,6691022336.0
6528.029156,57.0,6692070912.0
6529.043868,57.3,6693070848.0
6530.053393,57.0,6694071808.0
6531.060926,57.1,6695070720.0
6532.069398,57.3,6696070656.0
6533.079121,57.0,6697121280.0
6534.093449,57.0,6698121216.0
6535.102405,57.5,6699121152.0
6536.109798,57.5,6700120576.0
6537.116425,57.5,6701120512.0
6538.126402,57.3,6702120448.0
6539.135395,57.4,6703171072.0
6540.148277,56.9,6704170496.0
6541.155434,57.0,6705171456.0
6542.162388,57.0,6706170880.0
6543.173062,56.8,6707170304.0
6544.182233,57.0,6708221440.0
6545.196756,57.2,6709221888.0
6546.205473,57.0,6710221824.0
6547.213044,57.2,6711221760.0
6548.223456,56.9,6712221184.0
6549.232396,57.2,6713270784.0
6550.245399,57.3,6714270720.0
6551.254128,57.2,6715270656.0
6552.260394,56.7,6716270080.0
6553.266397,57.3,6717271552.0
6554.276398,57.3,6718270976.0
6555.285414,57.0,6719320576.0
6556.299430,57.4,6720320512.0
6557.306395,57.2,6721320960.0
6558.312688,57.2,6722320896.0
6559.322398,57.1,6723320832.0
6560.332448,57.0,6724370944.0
6561.347417,57.0,6725369856.0
6562.354598,57.2,6726369792.0
6563.362409,57.0,6727370240.0
6564.372421,57.0,6728371200.0
6565.382253,57.2,6729421312.0
6566.397071,57.3,6730420736.0
6567.405393,57.2,6731420672.0
6568.411933,57.0,6732420608.0
6569.421403,57.3,6733421056.0
6570.431407,57.2,6734470656.0
6571.445554,57.0,6735470592.0
6572.455099,56.8,6736470016.0
6573.462735,57.2,6737470976.0
6574.473497,57.3,6738469888.0
6575.483738,57.3,6739521536.0
6576.498411,56.7,6740519936.0
6577.506229,57.2,6741520384.0
6578.513963,57.3,6742520832.0
6579.524700,56.9,6743520768.0
6580.534403,57.3,6744570368.0
6581.547798,57.2,6745570304.0
6582.555421,57.2,6746570240.0
6583.563315,57.4,6747570176.0
6584.575174,57.2,6748570112.0
6585.584397,57.2,6749619712.0
6586.596432,,
6592.604401,,
6598.611403,57.4,6765720576.0
6602.709406,57.0,6766720000.0
6603.718412,57.4,6767720448.0
6604.727422,57.1,6768720896.0
6605.742407,57.2,6769771008.0
6606.752403,57.0,6770769920.0
6607.759827,57.3,6771769344.0
6608.767341,57.0,6772770304.0
6609.779798,57.5,6773819904.0
6610.794173,57.2,6774819840.0
6611.803424,57.0,6775820288.0
6612.810878,56.8,6776820736.0
6613.819396,57.1,6777821184.0
6614.828406,57.0,6778869760.0
6615.843408,57.2,6779869696.0
6616.852400,57.0,6780869632.0
6617.859406,57.2,6781869568.0
6618.866792,57.3,6782871040.0
6619.878523,57.1,6783920128.0
6620.894434,57.4,6784920064.0
6621.902402,57.3,6785921024.0
6622.910482,57.3,6786919936.0
6623.917410,57.2,6787918848.0
6624.927445,57.5,6788969472.0
6625.943867,57.3,6789971456.0
6626.952414,57.4,6790969344.0
6627.960441,57.5,6791969792.0
6628.967426,57.2,6792969728.0
6629.979697,57.4,6794019840.0
6630.994799,57.3,6795019776.0
6632.003431,57.0,6796019200.0
6633.011025,57.2,6797019136.0
6634.019403,57.3,6798019584.0
6635.030341,57.2,6799070720.0
6636.044403,57.3,6800069632.0
6637.053416,57.2,6801069568.0
6638.060439,57.3,6802069504.0
6639.069388,57.2,6803069440.0
6640.080109,57.5,6804119552.0
6641.095054,57.0,6805118976.0
6642.104205,57.1,6806118912.0
6643.111073,57.0,6807119872.0
6644.120397,57.1,6808119808.0
6645.130777,57.2,6809169408.0
6646.145341,57.2,6810169344.0
6647.154406,57.2,6811169280.0
6648.161302,57.2,6812169216.0
6649.170398,57.0,6813169664.0
6650.181508,57.2,6814219264.0
6651.196264,57.4,6815218688.0
6652.204402,57.3,6816219648.0
6653.210434,57.3,6817220608.0
6654.218425,56.8,6818219520.0
6655.227828,57.1,6819269632.0
6656.242406,57.2,6820269568.0
6657.251411,57.2,6821268992.0
6658.258742,57.2,6822269440.0
6659.266655,57.1,6823269888.0
6660.279030,57.3,6824320000.0
6661.295262,57.3,6825318912.0
6662.303407,57.2,6826319360.0
6663.309409,57.0,6827318272.0
6664.316705,57.2,6828318720.0
6665.328164,57.0,6829369856.0
6666.343393,57.2,6830368768.0
6667.352417,57.0,6831369216.0
6668.358403,57.2,6832369152.0
6669.365423,57.5,6833368576.0
6670.377289,57.2,6834419200.0
6671.392784,57.2,6835419648.0
6672.402410,57.2,6836419072.0
6673.410569,57.2,6837418496.0
6674.419399,57.0,6838418944.0
6675.430603,57.2,6839469568.0
6676.445406,57.0,6840469504.0
6677.453417,57.4,6841469952.0
6678.460773,57.2,6842469376.0
6679.469419,57.2,6843468800.0
6680.479437,57.1,6844518400.0
6681.494127,57.0,6845518848.0
6682.502408,57.0,6846518784.0
6683.510511,57.1,6847519744.0
6684.520442,57.2,6848519680.0
6685.532015,57.3,6849569280.0
6686.546808,56.7,6850568704.0
6687.554412,57.2,6851569152.0
6688.561819,57.0,6852568576.0
6689.571412,57.3,6853568512.0
6690.581199,57.2,6854619136.0
6691.595969,57.2,6855618560.0
6692.604397,57.0,6856618496.0
6693.611290,57.0,6857619456.0
6694.620411,57.0,6858620416.0
6695.630423,57.2,6859668992.0
6696.645041,57.0,6860669440.0
6697.653400,57.2,6861669888.0
6698.660771,56.9,6862668800.0
6699.671407,57.3,6863668224.0
6700.680417,57.3,6864719360.0
6701.694405,56.8,6865718272.0
6702.703475,57.2,6866719232.0
6703.710400,57.3,6867718656.0
6704.718420,57.3,6868718592.0
6705.727887,57.0,6869769216.0
6706.743061,,
6712.752442,,
6718.760639,57.2,6885868544.0
6722.845436,56.9,6886867968.0
6723.853397,57.3,6887866368.0
6724.860127,57.3,6888865792.0
6725.868469,57.2,6889866752.0
6726.879454,57.2,6890916864.0
6727.893583,57.3,6891916800.0
6728.902397,56.8,6892916736.0
6729.910406,57.2,6893916672.0
6730.918410,57.5,6894916608.0
6731.928053,57.0,6895966720.0
6732.943306,57.2,6896966656.0
6733.952408,57.0,6897966080.0
6734.959404,57.0,6898966528.0
6735.967322,56.8,6899966464.0
6736.978355,57.2,6901018624.0
6737.992405,57.3,6902017536.0
6739.002428,57.2,6903018496.0
6740.010418,57.0,6904017920.0
6741.018424,57.0,6905017856.0
6742.027907,57.0,6906068480.0
6743.043911,57.2,6907067904.0
6744.053396,57.0,6908068352.0
6745.059410,57.2,6909067776.0
6746.068422,57.0,6910067712.0
6747.079884,57.3,6911117824.0
6748.094529,57.4,6912118272.0
6749.103432,57.2,6913117184.0
6750.111417,57.0,6914119168.0
6751.121424,57.2,6915118080.0
6752.131456,56.8,6916169216.0
6753.147603,57.1,6917167104.0
6754.155462,57.0,6918168576.0
6755.162405,56.8,6919169024.0
6756.172398,57.0,6920167424.0
6757.181924,57.0,6921218048.0
6758.196309,57.2,6922218496.0
6759.204418,57.2,6923217920.0
6760.211409,57.1,6924217856.0
6761.219727,57.4,6925218304.0
6762.230024,57.2,6926268416.0
6763.245042,57.0,6927267840.0
6764.253617,57.3,6928267264.0
6765.260993,57.3,6929267712.0
6766.270438,57.0,6930268160.0
6767.280606,57.2,6931318784.0
6768.295001,57.2,6932317696.0
6769.303891,56.8,6933318656.0
6770.312410,57.5,6934317568.0
6771.322503,57.0,6935317504.0
6772.332067,57.3,6936367616.0
6773.346742,57.3,6937368064.0
6774.354413,57.4,6938366976.0
6775.361409,57.5,6939366912.0
6776.371417,57.3,6940367872.0
6777.381178,57.4,6941417984.0
6778.395392,57.3,6942417408.0
6779.403433,57.4,6943417856.0
6780.410419,57.2,6944417792.0
6781.421271,57.4,6945417728.0
6782.431399,57.2,6946467840.0
6783.445865,57.1,6947467264.0
6784.454430,57.2,6948467200.0
6785.461393,57.3,6949467136.0
6786.469471,56.9,6950467072.0
6787.479404,57.2,6951518208.0
6788.493392,57.5,6952516608.0
6789.501400,57.2,6953517568.0
6790.508575,57.2,6954516992.0
6791.516318,57.5,6955516928.0
6792.527407,57.0,6956517888.0
6793.543453,57.3,6957567488.0
6794.553433,57.2,6958566912.0
6795.560367,57.0,6959567360.0
6796.568424,57.2,6960567808.0
6797.579440,57.0,6961617920.0
6798.594412,57.3,6962616832.0
6799.603405,57.3,6963617280.0
6800.609489,57.4,6964617728.0
6801.615445,57.3,6965617152.0
6802.626412,57.2,6966617600.0
6803.637446,57.4,6967667200.0
6804.647791,57.3,6968667648.0
6805.655340,56.9,6969667072.0
6806.663408,57.0,6970667008.0
6807.673393,57.0,6971667968.0
6808.682412,57.2,6972716544.0
6809.696887,57.2,6973717504.0
6810.704466,57.3,6974717440.0
6811.711579,57.3,6975717376.0
6812.720427,57.0,6976716800.0
6813.730805,57.2,6977767424.0
6814.746403,57.5,6978767872.0
6815.755454,57.8,6979767296.0
6816.763062,57.2,6980767232.0
6817.772393,57.3,6981767680.0
6818.782457,57.2,6982817792.0
6819.797411,57.3,6983817216.0
6820.805562,57.3,6984816640.0
6821.813265,56.8,6985816576.0
6822.824824,57.4,6986817024.0
6823.835550,57.2,6987866624.0
6824.849738,57.0,6988867584.0
6825.857930,57.3,6989866496.0
6826.866198,57.0,6990866944.0
6827.877937,57.5,6991916032.0
6828.893940,57.0,6992916992.0
6829.903719,57.0,6993916928.0
6830.910974,57.4,6994916864.0
6831.922417,57.3,6995917824.0
6832.931397,57.1,6996967424.0
6833.945695,57.0,6997966848.0
6834.954059,57.3,6998967808.0
6835.961403,57.0,6999966720.0
6836.971400,57.3,7000966656.0
6837.982101,57.3,7002016256.0
6838.995305,57.2,7003016704.0
6840.003950,57.2,7004016640.0
6841.011401,57.2,7005017088.0
6842.020413,57.4,7006017024.0
6843.030396,57.0,7007067136.0
6844.044022,57.3,7008067072.0
6845.052899,57.2,7009067008.0
6846.060450,57.2,7010066944.0
6847.068070,57.2,7011066880.0
6848.078852,57.5,7012116480.0
6849.093400,57.0,7013116928.0
6850.102426,57.3,7014116352.0
6851.109435,57.5,7015116800.0
6852.116400,57.0,7016117248.0
6853.126423,57.0,7017117696.0
6854.136777,57.0,7018167296.0
6855.149401,57.4,7019167232.0
6856.157263,57.2,7020166656.0
6857.164411,57.2,7021166592.0
6858.174856,57.2,7022166016.0
6859.184549,57.3,7023217152.0
6860.198591,57.4,7024215552.0
6861.206201,57.2,7025216000.0
6862.213398,57.3,7026216960.0
6863.222420,57.6,7027966464.0
6864.944409,57.2,7028966400.0
6865.954419,57.2,7029967360.0
6866.962135,57.0,7030966784.0
6867.971400,57.2,7031965696.0
6868.981444,57.3,7033016832.0
6869.995410,57.3,7034017280.0
6871.003411,57.0,7035967488.0
6872.945413,57.0,7036965376.0
6873.954444,57.2,7037964800.0
6874.962411,57.2,7038964224.0
6875.972430,57.1,7039964672.0
6876.981402,57.1,7041015296.0
6877.996405,57.2,7042015744.0
6879.005440,57.0,7043016192.0
6880.013397,57.0,7044015616.0
6881.022395,57.1,7045016064.0
6882.032448,57.5,7046065152.0
6883.047490,57.5,7047065088.0
6884.054404,57.1,7048065536.0
6885.061399,57.2,7049064960.0
6886.076403,57.3,7050065920.0
6887.088036,57.0,7051114496.0
6888.098422,57.2,7052114944.0
6889.105403,57.2,7053113856.0
6890.114224,57.2,7054115328.0
6891.125314,57.2,7055115264.0
6892.141398,57.0,7056165376.0
6893.151424,57.3,7057966592.0
6894.945406,57.0,7058964992.0
6895.955451,57.4,7059965952.0
6896.962406,57.3,7060965888.0
6897.974392,57.4,7061966336.0
6898.983430,57.0,7064016896.0
6901.014416,56.8,7065017856.0
6902.025728,56.9,7066016768.0
6903.036393,57.1,7067066368.0
6904.049055,57.3,7068066304.0
6905.056674,57.0,7069066240.0
6906.063694,57.3,7070066688.0
6907.074727,,
6913.082848,,
6919.090400,57.3,7086163968.0
6923.157406,56.8,7087164416.0
6924.164975,57.0,7088163840.0
6925.176412,57.3,7089164288.0
6926.190407,57.3,7090214400.0
6927.199907,57.3,7091213824.0
6928.206405,57.3,7092213760.0
6929.213002,56.8,7093213696.0
6930.223416,57.2,7094212608.0
6931.232088,57.1,7095263744.0
6932.245621,57.2,7096263680.0
6933.253644,57.0,7097265664.0
6934.260942,57.0,7098266112.0
6935.268825,57.0,7099265024.0
6936.279440,57.4,7100316672.0
6937.294394,57.2,7101315584.0
6938.303094,57.2,7102316544.0
6939.310446,57.4,7103314944.0
6940.317790,56.9,7104315392.0
6941.328476,57.2,7105365504.0
6942.343395,57.6,7106365440.0
6943.351425,57.2,7107364864.0
6944.358397,57.0,7108364800.0
6945.365436,57.3,7109364736.0
6946.377413,57.3,7110365184.0
6947.392426,57.2,7111415296.0
6948.401924,57.3,7112415744.0
6949.409421,57.0,7113415168.0
6950.417408,57.3,7114415104.0
6951.427430,57.3,7115415552.0
6952.442400,57.3,7116464128.0
6953.451817,57.0,7117465088.0
6954.460456,57.2,7118465024.0
6955.470724,56.9,7119464960.0
6956.481348,57.3,7120515584.0
6957.495825,57.0,7121515008.0
6958.504417,57.0,7122514432.0
6959.512551,57.0,7123515392.0
6960.522446,56.8,7124515328.0
6961.532406,56.8,7125565440.0
6962.546410,57.2,7126565376.0
6963.554437,57.0,7127564800.0
6964.561404,57.3,7128565248.0
6965.570432,57.3,7129564672.0
6966.580424,57.3,7130615296.0
6967.595891,57.3,7131615232.0
6968.604394,57.3,7132614656.0
6969.612409,57.0,7133615104.0
6970.622728,57.0,7134615040.0
6971.632887,57.5,7135664640.0
6972.647822,57.0,7136664576.0
6973.656412,57.1,7137665024.0
6974.664431,57.3,7138664448.0
6975.675406,57.4,7139965952.0
6976.947609,57.0,7140964864.0
6977.955657,57.1,7141964288.0
6978.965053,57.3,7142964736.0
6979.975760,57.2,7143964672.0
6980.985403,56.9,7145015808.0
6981.999975,57.0,7146014720.0
6983.007451,57.2,7147016704.0
6984.015602,57.3,7148015104.0
6985.027428,57.2,7149015552.0
6986.043285,57.5,7150065152.0
6987.052594,57.2,7151065600.0
6988.062495,57.0,7152065024.0
6989.073612,57.3,7153065984.0
6990.084189,57.5,7154116608.0
6991.099320,57.3,7155965440.0
6992.945291,57.2,7156965376.0
6993.955298,57.5,7157964800.0
6994.962895,57.4,7158965248.0
6995.973142,57.2,7159965184.0
6996.984407,57.3,7161015296.0
6997.997392,57.4,7162014720.0
6999.005828,57.3,7163014656.0
7000.014395,57.5,7164015616.0
7001.025202,57.0,7165016064.0
7002.036002,57.2,7166064640.0
7003.048417,57.2,7167065088.0
7004.057906,57.3,7168064512.0
7005.068423,57.0,7169064960.0
7006.078617,57.3,7170064896.0
7007.092403,57.3,7171115008.0
7008.101915,57.0,7172114432.0
7009.109428,57.2,7173114880.0
7010.118397,57.0,7174115840.0
7011.128048,57.0,7175114752.0
7012.142408,57.3,7176164352.0
7013.151402,57.3,7177164288.0
7014.157415,57.3,7178164736.0
7015.163409,57.0,7179164672.0
7016.173713,56.7,7180166144.0
7017.182420,57.0,7181213696.0
7018.197429,57.3,7182214656.0
7019.205460,57.5,7183214080.0
7020.212421,57.4,7184214528.0
7021.222414,57.3,7185214464.0
7022.233685,57.0,7186265088.0
7023.247958,57.0,7187265024.0
7024.257128,57.0,7188263936.0
7025.266020,57.3,7189264384.0
7026.278413,57.0,7190313984.0
7027.292428,57.0,7191314944.0
7028.302229,57.3,7192313856.0
7029.309924,57.2,7193314304.0
7030.317393,57.0,7194313728.0
7031.329048,57.3,7195363840.0
7032.344422,56.7,7196963840.0
7033.943387,56.9,7197964288.0
7034.955398,57.3,7198965248.0
7035.962414,,
7041.970405,,
7047.977407,57.3,7215064064.0
7052.055078,56.9,7216064512.0
7053.062053,57.1,7217063424.0
7054.072179,57.0,7218063360.0
7055.083609,57.0,7219113472.0
7056.097413,57.0,7220113408.0
7057.105395,57.3,7221115392.0
7058.112264,57.3,7222114304.0
7059.122417,57.3,7223114240.0
7060.131985,57.3,7224164352.0
7061.146422,57.0,7225164800.0
7062.154442,57.1,7226164224.0
7063.162145,57.0,7227164672.0
7064.171673,57.0,7228163584.0
7065.181548,57.0,7229214208.0
7066.195412,56.8,7230214656.0
7067.204405,57.0,7231214592.0
7068.211769,57.5,7232213504.0
7069.221401,57.0,7233213952.0
7070.230678,57.4,7234264064.0
7071.244405,57.2,7235264000.0
7072.253642,57.0,7236263936.0
7073.261207,57.1,7237263872.0
7074.271165,57.0,7238263808.0
7075.281634,56.9,7239314432.0
7076.296530,57.2,7240313856.0
7077.305394,57.2,7241313792.0
7078.312404,57.2,7242313728.0
7079.321778,57.2,7243313152.0
7080.331411,57.2,7244363776.0
7081.345413,57.0,7245364736.0
7082.354431,57.2,7246363136.0
7083.362509,57.2,7247363584.0
7084.372411,57.0,7248363008.0
7085.382516,57.3,7249414144.0
7086.396815,57.3,7250414080.0
7087.404405,56.8,7251413504.0
7088.411582,57.3,7252413440.0
7089.420067,57.5,7253414400.0
7090.430089,57.0,7254463488.0
7091.444403,57.3,7255463424.0
7092.453396,57.2,7256463872.0
7093.460399,57.2,7257462784.0
7094.467429,57.2,7258463232.0
7095.477406,57.2,7259463680.0
7096.488399,57.3,7260513280.0
7097.498402,57.2,7261514240.0
7098.505394,57.0,7262512640.0
7099.511438,57.2,7263513600.0
7100.520402,57.2,7264513024.0
7101.529596,57.3,7265563136.0
7102.544409,57.4,7266563584.0
7103.553812,57.3,7267563520.0
7104.560432,57.0,7268562944.0
7105.566402,57.2,7269564416.0
7106.576403,57.3,7270562816.0
7107.587419,57.0,7271613952.0
7108.598416,57.0,7272614400.0
7109.606135,57.3,7273613312.0
7110.613459,57.0,7274612736.0
7111.624387,57.3,7275613184.0
7112.634067,57.3,7276662784.0
7113.648465,57.4,7277663232.0
7114.656475,57.2,7278664192.0
7115.665356,57.2,7279662592.0
7116.677634,57.3,7280712704.0
7117.693479,57.0,7281713152.0
7118.703436,57.3,7282714624.0
7119.711400,57.2,7283713536.0
7120.719408,57.1,7284712960.0
7121.729432,57.3,7285763072.0
7122.744406,57.4,7286762496.0
7123.753360,57.3,7287762432.0
7124.761282,57.3,7288763392.0
7125.768389,57.0,7289763840.0
7126.779388,,
7132.786416,,
7138.793393,57.2,7305862656.0
7142.873115,57.5,7306863104.0
7143.883971,57.3,7307912704.0
7144.897918,57.2,7308912640.0
7145.905683,57.4,7309913600.0
7146.913410,57.2,7310913024.0
7147.923908,56.8,7311912448.0
7148.934888,57.5,7312964096.0
7149.948388,57.0,7313963008.0
7150.955415,57.4,7314962432.0
7151.962704,57.3,7315962368.0
7152.972402,57.3,7316964352.0
7153.982331,57.6,7318012928.0
7154.997434,57.5,7319013376.0
7156.005978,57.4,7320012800.0
7157.013402,57.3,7321012736.0
7158.023395,57.2,7322013184.0
7159.032402,57.4,7323063296.0
7160.046415,57.0,7324062208.0
7161.054387,57.3,7325062656.0
7162.060393,57.1,7326062592.0
7163.066395,57.6,7327062528.0
7164.077313,57.3,7328062464.0
7165.091416,57.2,7329112576.0
7166.101401,57.4,7330112000.0
7167.109414,57.1,7331112448.0
7168.116389,57.2,7332112384.0
7169.126398,57.0,7333112320.0
7170.135419,57.0,7334162432.0
7171.148883,57.1,7335162880.0
7172.156686,57.6,7336161792.0
7173.163414,57.3,7337162752.0
7174.172628,57.3,7338162688.0
7175.182399,57.0,7339213312.0
7176.198395,57.4,7340212736.0
7177.206869,57.2,7341213184.0
7178.213415,57.5,7342212096.0
7179.223406,57.1,7343212032.0
7180.232403,57.3,7344262656.0
7181.245402,57.1,7345262080.0
7182.253394,57.3,7346262528.0
7183.260389,57.0,7347262976.0
7184.266384,57.2,7348263424.0
7185.276436,57.2,7349262336.0
7186.287344,57.2,7350311936.0
7187.300134,57.0,7351312384.0
7188.307408,57.3,7352312320.0
7189.315696,57.4,7353312768.0
7190.328392,57.3,7354312704.0
7191.343406,56.9,7355362816.0
7192.352471,57.2,7356362752.0
7193.360444,57.0,7357362176.0
7194.370452,57.3,7358363136.0
7195.381765,57.4,7359413248.0
7196.397417,57.2,7360412160.0
7197.406529,57.4,7361412608.0
7198.414424,57.3,7362412544.0
7199.424471,57.3,7363411968.0
7200.434418,57.0,7364462080.0
7201.447408,57.0,7365463040.0
7202.458021,57.0,7366461952.0
7203.465421,57.5,7367461888.0
7204.475453,57.1,7368462848.0
7205.487419,57.0,7369511936.0
7206.499528,57.3,7370512896.0
7207.507413,57.5,7371511808.0
7208.514408,57.1,7372512768.0
7209.524454,57.3,7373512192.0
7210.533462,57.3,7374563840.0
7211.547416,57.2,7375562240.0
7212.555405,57.3,7376562688.0
7213.562618,57.3,7377561600.0
7214.571409,57.0,7378563584.0
7215.581392,57.3,7379612160.0
7216.594404,57.5,7380612096.0
7217.603437,57.2,7381612032.0
7218.611411,57.6,7382611968.0
7219.618409,57.4,7383612416.0
7220.628408,57.3,7384612352.0
7221.639296,57.4,7385661952.0
7222.649390,57.3,7386662400.0
7223.656857,57.0,7387662848.0
7224.663391,57.0,7388661760.0
7225.672095,57.3,7389662720.0
7226.682410,57.1,7390711808.0
7227.696431,57.2,7391712768.0
7228.704775,57.2,7392712192.0
7229.711430,57.4,7393712128.0
7230.718862,57.0,7394712064.0
7231.730100,57.0,7395761664.0
7232.744392,57.0,7396762624.0
7233.753623,57.4,7397761536.0
7234.761391,57.0,7398761984.0
7235.767392,57.2,7399761920.0
7236.778409,57.0,7400812032.0
7237.793404,57.4,7401811456.0
7238.802622,57.3,7402811392.0
7239.809409,57.2,7403812352.0
7240.816428,57.4,7404811776.0
7241.826407,57.2,7405812736.0
7242.836401,57.5,7406862336.0
7243.850395,57.3,7407861760.0
7244.859128,57.3,7408861696.0
7245.865393,57.4,7409860608.0
7246.875434,,
7252.883393,57.1,7421012480.0
7258.006480,57.3,7422011904.0
7259.013398,57.4,7423011328.0
7260.023408,57.2,7424011776.0
7261.032409,57.2,7425061376.0
7262.046395,57.0,7426062336.0
7263.054413,57.5,7427062784.0
7264.062853,57.3,7428062720.0
7265.073410,57.0,7429062656.0
7266.083884,57.3,7430111744.0
7267.097897,57.3,7431111680.0
7268.105403,57.3,7432111104.0
7269.112432,57.3,7433111040.0
7270.121399,57.0,7434110976.0
7271.131323,57.2,7435161600.0
7272.145397,57.2,7436161024.0
7273.154404,57.2,7437160448.0
7274.161387,57.4,7438161408.0
7275.167389,57.3,7439161856.0
7276.178390,57.4,7440211456.0
7277.194387,57.2,7441211392.0
7278.204568,57.5,7442211328.0
7279.213598,57.3,7443210752.0
7280.223198,57.6,7444210688.0
7281.232888,57.0,7445261824.0
7282.249392,57.0,7446261760.0
7283.256392,57.0,7447261184.0
7284.262404,57.3,7448261120.0
7285.272267,57.7,7449260544.0
7286.284407,57.3,7450312192.0
7287.298394,57.2,7451311104.0
7288.305445,57.3,7452311040.0
7289.314323,57.4,7453310464.0
7290.324244,57.3,7454311424.0
7291.334403,57.4,7455360512.0
7292.349461,57.2,7456360960.0
7293.362480,57.3,7457360896.0
7294.372573,57.0,7458360320.0
7295.384664,57.2,7459411968.0
7296.400338,57.0,7460410880.0
7297.407575,57.5,7461411840.0
7298.415114,57.3,7462410752.0
7299.426414,57.4,7463411712.0
7300.435399,57.4,7464461312.0
7301.450401,57.3,7465460736.0
7302.458446,57.3,7466460672.0
7303.465405,57.0,7467461120.0
7304.477433,57.5,7468511744.0
7305.495081,57.5,7469510656.0
7306.504423,57.3,7470511104.0
7307.512719,57.6,7471511552.0
7308.524416,57.2,7472510976.0
7309.535407,57.3,7473562112.0
7310.549429,57.5,7474561024.0
7311.557733,57.3,7475562496.0
7312.564406,57.1,7476561920.0
7313.574495,57.2,7477561344.0
7314.584479,57.3,7478610944.0
7315.598278,57.3,7479612416.0
7316.607152,57.4,7480611328.0
7317.614678,57.3,7481611264.0
7318.624955,57.4,7482610688.0
7319.634447,57.6,7483661312.0
7320.649404,57.2,7484660736.0
7321.657749,57.3,7485660160.0
7322.665391,57.4,7486661120.0
7323.675442,57.2,7487660032.0
7324.687399,57.3,7488710656.0
7325.698420,57.4,7489710592.0
7326.706862,57.2,7490711040.0
7327.714411,57.3,7491711488.0
7328.724041,57.3,7492710400.0
7329.734430,57.5,7493760512.0
7330.749408,57.2,7494760960.0
7331.757409,57.3,7495760384.0
7332.765391,57.0,7496759808.0
7333.776411,57.5,7497760768.0
7334.788397,57.0,7498809856.0
7335.800574,57.3,7499810304.0
7336.808633,57.3,7500810240.0
7337.816503,57.3,7501810176.0
7338.828011,57.3,7502810112.0
7339.843770,57.1,7503861248.0
7340.854547,57.3,7504860672.0
7341.862441,57.3,7505860096.0
7342.872767,57.2,7506860544.0
7343.884429,57.2,7507910144.0
7344.899040,57.0,7508910080.0
7345.907526,57.3,7509910528.0
7346.914401,57.2,7510909952.0
7347.922434,57.2,7511910400.0
7348.933589,57.4,7512960512.0
7349.948245,57.4,7513959936.0
7350.956077,57.3,7514959872.0
7351.963625,57.5,7515959808.0
7352.973799,57.3,7516959744.0
7353.983390,57.4,7518009856.0
7354.997397,57.3,7519010304.0
7356.005269,57.3,7520010240.0
7357.012426,57.3,7521009664.0
7358.023152,57.5,7522010112.0
7359.033418,57.3,7523060736.0
7360.047489,57.5,7524060160.0
7361.055543,57.2,7525060608.0
7362.063331,57.2,7526061056.0
7363.073829,57.2,7527060992.0
7364.084588,57.3,7528110592.0
7365.098721,57.3,7529110016.0
7366.106999,57.0,7530108928.0
7367.114492,57.5,7531109888.0
7368.126171,57.4,7532110848.0
7369.137604,57.3,7533160448.0
7370.150785,57.2,7534160896.0
7371.158659,57.3,7535159808.0
7372.167352,57.4,7536159744.0
7373.178937,57.6,7537210368.0
7374.195061,57.5,7538209280.0
7375.204942,57.4,7539210752.0
7376.213407,57.2,7540210176.0
7377.223271,57.1,7541210112.0
7378.233126,57.9,7542260736.0
7379.248274,57.3,7543260160.0
7380.256692,57.5,7544259584.0
7381.265030,57.3,7545260032.0
7382.275615,57.6,7546259456.0
7383.285414,57.5,7547309568.0
7384.299498,57.0,7548309504.0
7385.308127,57.2,7549309440.0
7386.315324,57.3,7550310912.0
7387.326340,57.5,7551310336.0
7388.338993,57.3,7552359936.0
7389.351296,57.3,7553359360.0
7390.360286,57.4,7554359296.0
7391.367398,57.7,7555359744.0
7392.378843,57.3,7556359680.0
7393.394794,57.1,7557409280.0
7394.404759,57.3,7558409216.0
7395.414002,57.3,7559409664.0
7396.424972,57.0,7560409088.0
7397.434992,57.4,7561459712.0
7398.448926,57.3,7562460160.0
7399.456402,57.3,7563459584.0
7400.463417,57.2,7564460032.0
7401.471428,57.4,7565459456.0
7402.480931,57.2,7566510592.0
7403.496424,57.3,7567510016.0
7404.504632,56.8,7568510464.0
7405.513100,57.0,7569510912.0
7406.524782,57.3,7570510848.0
7407.535043,57.3,7571559424.0
7408.549205,57.3,7572559360.0
7409.556673,57.4,7573559808.0
7410.563854,57.2,7574559744.0
7411.574057,57.3,7575560192.0
7412.584035,57.3,7576609280.0
7413.598478,57.4,7577609216.0
7414.607905,57.3,7578609152.0
7415.615866,57.8,7579609600.0
7416.627032,57.0,7580609024.0
7417.638078,57.1,7581659648.0
7418.651154,57.3,7582659072.0
7419.658337,57.5,7583659520.0
7420.671994,57.5,7584659456.0
7421.681822,57.0,7585709568.0
7422.695405,57.0,7586709504.0
7423.703388,57.2,7587709440.0
7424.710818,57.1,7588709376.0
7425.720794,57.2,7589708800.0
7426.730188,57.2,7590758400.0
7427.744944,57.2,7591759360.0
7428.754425,57.3,7592759296.0
7429.762044,57.2,7593758720.0
7430.770283,57.6,7594759680.0
7431.779425,57.2,7595809280.0
7432.794448,57.4,7596809216.0
7433.803450,57.3,7597809152.0
7434.811055,57.3,7598809600.0
7435.818626,57.3,7599809536.0
7436.830175,57.2,7600859648.0
7437.846515,57.0,7601858560.0
7438.855252,57.4,7602857472.0
7439.862739,57.2,7603857408.0
7440.874042,57.5,7604857344.0
7441.883737,57.5,7605907456.0
7442.898962,57.2,7606907392.0
7443.907118,57.0,7607907328.0
7444.914784,57.0,7608907264.0
7445.924614,57.4,7609907200.0
7446.934388,57.5,7610957312.0
7447.947702,57.3,7611957760.0
7448.955408,57.3,7612957696.0
7449.962409,57.2,7613957632.0
7450.974408,57.3,7614957568.0
7451.983392,57.3,7616008704.0
7452.997398,57.0,7617008128.0
7454.004406,57.5,7618009088.0
7455.012246,57.3,7619011072.0
7456.022193,57.2,7620008960.0
7457.031442,57.2,7621060096.0
7458.046326,57.3,7622060032.0
7459.055408,57.0,7623060480.0
7460.062399,57.3,7624058368.0
7461.069401,57.6,7625060352.0
7462.079402,57.2,7626059776.0
7463.095150,57.5,7627108864.0
7464.104393,57.3,7628108800.0
