elapsed_seconds,cpuTemp,cpuTime
0.000095,39.7,31543276.0
1.011697,40.1,32543384.0
2.027393,39.7,33593372.0
3.037589,39.5,34592836.0
4.045672,40.0,35592956.0
5.056029,39.7,36592912.0
6.066060,39.9,37643672.0
7.080109,40.0,38640636.0
8.087972,39.8,39641492.0
9.095018,40.0,40641600.0
10.101765,40.0,41643488.0
11.112057,39.9,42692144.0
12.126057,40.0,43692944.0
13.136244,40.0,44691528.0
14.145050,39.9,45692928.0
15.153454,39.9,46692952.0
16.163579,39.9,47743476.0
17.178090,39.8,48743072.0
18.188025,40.0,49743572.0
19.195163,40.0,50742952.0
20.204850,39.8,51743048.0
21.215097,40.0,52793604.0
22.230689,40.2,53792712.0
23.239776,39.9,54793300.0
24.247260,40.0,55791472.0
25.258048,40.1,56790624.0
26.268671,39.8,57842456.0
27.282536,40.1,58843436.0
28.291104,39.9,59843048.0
29.299057,40.2,60843356.0
30.310202,40.3,61843216.0
31.320943,40.1,62893056.0
32.334826,40.3,63892944.0
33.342711,40.1,64893572.0
34.350185,40.2,65892684.0
35.361097,40.3,66893200.0
36.371618,40.1,67944056.0
37.384010,40.6,68943072.0
38.391042,40.2,69943424.0
39.398253,40.5,70942424.0
40.409036,40.3,71942032.0
41.418033,40.5,72992816.0
42.432750,40.1,73993176.0
43.441636,40.3,74992496.0
44.451270,40.3,75992576.0
45.462537,40.4,76992144.0
46.478309,40.6,78040536.0
47.488280,40.2,79042800.0
48.495059,40.3,80042800.0
49.502574,40.7,81042704.0
50.513101,40.4,82043024.0
51.528153,40.5,83091880.0
52.538867,40.4,84092424.0
53.546912,40.5,85091824.0
54.557559,40.3,86093216.0
55.568462,40.4,87142736.0
56.583761,40.4,88142144.0
57.591035,40.6,89143488.0
58.598841,40.2,90142688.0
59.610575,40.3,91143624.0
60.620205,40.8,92191752.0
61.634354,40.4,93192368.0
62.642440,40.7,94191744.0
63.650059,40.5,95192552.0
64.661165,40.6,96193096.0
65.671432,40.5,97241840.0
66.685321,40.5,98242832.0
67.692020,40.8,99242080.0
68.699338,40.9,100243200.0
69.708728,40.9,101242864.0
70.718047,40.7,102291936.0
71.732929,40.6,103292560.0
72.741711,40.7,104291920.0
73.750035,40.3,105292112.0
74.761031,40.9,106291592.0
75.770244,40.9,107342872.0
76.784709,40.5,108343064.0
77.793034,40.7,109342128.0
78.800146,40.8,110342488.0
79.811049,40.7,111342672.0
80.820013,40.9,112391640.0
81.835229,40.9,113392728.0
82.842016,40.5,114392472.0
83.849021,41.0,115392552.0
84.859513,40.9,117442152.0
86.890031,41.1,118443768.0
87.898042,40.8,119444008.0
88.908023,40.6,120442168.0
89.917032,41.2,121493400.0
90.931015,40.9,122493200.0
91.940019,40.7,123492384.0
92.947038,40.9,124492496.0
93.955464,40.7,125492568.0
94.965285,41.1,126542192.0
95.980154,40.8,127543432.0
96.990082,40.5,128541888.0
97.997927,40.9,129542032.0
99.009032,40.8,130542344.0
100.018544,40.9,131592376.0
101.033967,41.1,132592416.0
102.042403,41.1,133591920.0
103.050213,41.2,134592192.0
104.061636,41.1,135591840.0
105.071664,41.2,136641712.0
106.085220,41.2,137641920.0
107.093183,41.2,138642432.0
108.100901,40.9,139642288.0
109.111077,41.0,140642992.0
110.121148,41.2,141692416.0
111.135549,41.1,142691888.0
112.144186,41.1,143692624.0
113.151601,41.2,144691872.0
114.163330,41.2,145692384.0
115.177079,41.3,146742704.0
116.187375,41.0,147742416.0
117.195385,41.2,148742080.0
118.202165,41.2,149742192.0
119.215153,41.3,150791808.0
120.231327,41.1,151792256.0
121.243067,41.2,152792704.0
122.250256,40.9,153792400.0
123.261391,41.4,154791696.0
124.271793,41.3,155842576.0
125.286119,41.3,156841968.0
126.294023,41.5,157841728.0
127.301782,41.4,158841968.0
128.312047,41.4,159841120.0
129.322824,41.4,160892512.0
130.337873,41.2,161890608.0
131.345058,41.5,162891472.0
132.352667,41.2,163892320.0
133.364726,41.4,164941104.0
134.379401,41.3,165941664.0
135.389681,41.4,166940816.0
136.397477,41.3,167940544.0
137.405125,41.6,168940960.0
138.415838,41.6,169990832.0
139.430886,41.3,170990112.0
140.440701,41.5,171990528.0
141.448122,41.3,172991648.0
142.458040,41.4,173990144.0
143.467275,41.3,175040016.0
144.481085,41.3,176039904.0
145.490748,41.4,177039952.0
146.498061,41.5,178040416.0
147.505539,41.6,179040496.0
148.515774,41.3,180089728.0
149.531541,41.3,181091168.0
150.541496,41.6,182091088.0
151.549708,41.7,183091584.0
152.560682,41.5,184091360.0
153.570898,41.5,185142608.0
154.586159,41.7,186141280.0
155.593942,41.7,187139712.0
156.602895,41.6,188141760.0
157.615845,41.6,189141648.0
158.627061,41.6,190191088.0
159.637140,41.7,191192112.0
160.645686,41.8,192191136.0
161.653298,41.8,193192192.0
162.664739,41.4,194240112.0
163.680309,41.5,195239888.0
164.690099,41.6,196240992.0
165.698162,41.4,197239936.0
166.705204,41.6,198239376.0
167.716555,41.8,199290080.0
168.732368,41.7,200290160.0
169.741202,41.6,201290192.0
170.748051,41.6,202290832.0
171.754227,41.8,203289952.0
172.764019,41.5,204289376.0
173.773262,41.6,205339696.0
174.785563,41.4,206340112.0
175.793465,41.7,207339888.0
176.801260,41.7,208340016.0
177.811363,41.6,209341424.0
178.820518,42.3,210389744.0
179.835319,41.8,211389680.0
180.843669,41.7,212389712.0
181.851351,41.5,213389568.0
182.861130,41.6,215391408.0
184.882601,42.0,216440160.0
185.892069,41.6,217440832.0
186.900092,42.0,218442336.0
187.909915,41.8,219441024.0
188.919826,42.0,220491936.0
189.934652,41.9,221491168.0
190.944450,41.7,222491472.0
191.952695,41.9,223491152.0
192.964110,41.9,224491504.0
193.975055,42.0,225539504.0
194.985151,41.9,226542528.0
195.993895,42.3,227540192.0
197.001840,41.9,228539664.0
198.013033,42.0,229539696.0
199.022688,41.8,230589696.0
200.036683,41.9,231592528.0
201.045021,42.2,232591712.0
202.052355,41.8,233589760.0
203.062349,41.7,234590976.0
204.072510,42.0,235641632.0
205.086615,42.1,236640176.0
206.094640,42.1,237640864.0
207.102637,41.9,238640768.0
208.113055,42.0,239640704.0
209.122819,41.9,240690720.0
210.138328,41.9,241691488.0
211.146410,42.1,242692368.0
212.154088,42.1,243690480.0
213.165022,42.1,244690432.0
214.173639,42.1,245741632.0
215.188747,42.2,246741424.0
216.196015,42.3,247740464.0
217.203012,42.1,248741200.0
218.213152,42.0,249741440.0
219.222966,42.3,250791008.0
220.237435,42.3,251790704.0
221.245654,42.4,252790624.0
222.252555,42.5,253791168.0
223.263446,42.1,254790608.0
224.272909,42.3,255841680.0
225.287779,42.4,256840208.0
226.295712,42.5,257841312.0
227.303459,42.4,258841440.0
228.313592,42.2,259841392.0
229.323201,42.7,260890720.0
230.337546,42.1,261891536.0
231.345019,42.2,262890416.0
232.352228,42.3,263890960.0
233.363239,42.5,264890720.0
234.372989,42.6,265991216.0
235.443072,42.2,266992320.0
236.450232,42.4,267990352.0
237.459562,42.8,268991040.0
238.469377,42.5,270741216.0
240.202053,42.3,271740960.0
241.212899,42.3,272740736.0
242.221016,42.5,273791040.0
243.235755,42.2,274790720.0
244.244035,42.5,275791136.0
245.251073,42.7,276791520.0
246.258573,42.2,278741408.0
248.202015,42.3,279740064.0
249.210029,42.5,280739584.0
250.219859,42.4,281790112.0
251.234040,42.9,282789600.0
252.244056,42.3,283790208.0
253.250031,42.7,284791072.0
254.256052,42.4,286740832.0
256.203014,42.7,287741056.0
257.212012,42.8,288740832.0
258.221029,42.5,289791872.0
259.235746,42.9,290790816.0
260.244761,42.8,291791648.0
261.251018,42.5,292790784.0
262.258053,42.5,294740672.0
264.201306,42.5,295741536.0
265.209026,42.5,296741312.0
266.219028,42.5,297740768.0
267.230040,42.7,298791008.0
268.240032,42.5,299790240.0
269.247015,42.8,300791040.0
270.254145,43.2,302740640.0
272.202028,42.8,303740512.0
273.211048,42.7,304740384.0
274.220643,42.8,305789824.0
275.234058,42.9,306790688.0
276.242774,42.8,307791840.0
277.249026,43.1,308791648.0
278.256062,42.8,310740640.0
280.202951,43.2,311740608.0
281.213048,42.8,312739744.0
282.222026,42.4,313790912.0
283.236628,42.8,314790976.0
284.245020,42.9,315790624.0
285.252022,42.9,316790816.0
286.258857,43.0,318740512.0
288.203036,42.8,319740640.0
289.210547,43.0,320739936.0
290.220032,42.7,321740096.0
291.235817,43.0,322790208.0
292.245041,43.3,323790624.0
293.252555,42.9,324789824.0
294.262052,42.7,326739840.0
296.202028,43.1,327740288.0
297.211045,42.9,328740032.0
298.221045,42.9,329790752.0
299.235033,43.0,330790624.0
300.245040,43.0,331788384.0
301.252292,43.1,332789728.0
302.259868,43.3,333790144.0
303.271081,42.9,334839872.0
304.285036,43.2,335840096.0
305.294783,43.4,336840160.0
306.302028,43.2,337840480.0
307.309058,42.9,338840128.0
308.319189,43.5,339840416.0
309.334914,43.1,340889536.0
310.344164,43.3,341890528.0
311.351024,43.0,342889920.0
312.358035,43.2,343889344.0
313.368056,43.2,344890208.0
314.380029,43.3,345939872.0
315.390028,43.3,346940704.0
316.397039,43.3,347939872.0
317.404164,43.5,348939488.0
318.415016,43.3,349941088.0
319.424034,44.2,350990464.0
320.439049,43.4,351990208.0
321.447019,43.7,352990880.0
322.454017,43.9,353989440.0
323.464063,,
329.472012,,
335.480051,43.3,370090016.0
339.560199,44.0,371089984.0
340.570037,44.0,372090720.0
341.580064,43.5,373138464.0
342.591045,43.9,374137632.0
343.598017,44.2,375137824.0
344.605421,43.8,376137696.0
345.615047,43.7,377138048.0
346.624057,43.7,378187904.0
347.638067,43.5,379188160.0
348.647061,43.8,380187712.0
349.654033,43.8,381188704.0
350.664079,44.0,382189504.0
351.673055,43.5,383238144.0
352.688015,44.0,384238080.0
353.696344,44.0,385239712.0
354.703032,43.7,386239712.0
355.710877,43.7,387240160.0
356.721619,44.0,388289152.0
357.737124,43.8,389289504.0
358.746058,43.7,390289728.0
359.753054,44.3,391288704.0
360.764033,44.0,392289600.0
361.774039,43.9,393339904.0
362.789058,44.0,394337888.0
363.796052,44.3,395339808.0
364.803897,44.3,396339104.0
365.813049,43.9,397339840.0
366.822202,43.8,398389952.0
367.836012,44.0,399389696.0
368.844270,43.8,400391040.0
369.851023,44.3,401389440.0
370.861030,44.0,402388672.0
371.870547,44.3,403439936.0
372.884024,44.4,404439680.0
373.891884,44.3,405439488.0
374.899065,44.0,406440544.0
375.909037,44.0,407439584.0
376.917980,44.0,408489600.0
377.932067,43.9,409488160.0
378.939020,43.7,410487872.0
379.946055,43.9,411486976.0
380.956023,43.8,412487520.0
381.964956,44.1,413537824.0
382.977026,43.7,414537472.0
383.984124,44.0,415538048.0
384.991833,44.4,416537728.0
386.000424,44.2,417537696.0
387.010477,44.5,418588064.0
388.026040,44.6,419588544.0
389.034033,44.0,420587872.0
390.041024,43.9,421587968.0
391.052045,44.5,422588864.0
392.061478,44.1,423637952.0
393.074061,44.3,424637408.0
394.081051,44.3,425637728.0
395.088975,44.0,426638624.0
396.099020,44.3,427637376.0
397.108554,44.4,428687456.0
398.121060,44.5,429687744.0
399.129462,44.5,430687744.0
400.137040,44.7,431688992.0
401.147041,44.3,432688352.0
402.156015,44.7,433739968.0
403.169782,44.5,434738848.0
404.178063,44.3,435739360.0
405.186095,44.5,436739744.0
406.196026,44.6,437737696.0
407.205852,44.7,438787712.0
408.218634,44.4,439788960.0
409.227056,44.5,440788800.0
410.234036,44.0,441789088.0
411.245012,44.9,442788992.0
412.254561,44.6,443839424.0
413.268762,44.3,444839200.0
414.276018,44.7,445838624.0
415.282034,44.8,446839168.0
416.292037,44.8,447839488.0
417.301020,44.2,448889664.0
418.315026,44.7,449889152.0
419.323028,44.9,450888832.0
420.330297,44.7,451888896.0
421.341029,44.5,452889440.0
422.350041,44.6,453938976.0
423.363066,44.7,454939072.0
424.371079,44.7,455938816.0
425.378772,44.3,456938720.0
426.390014,44.9,457940160.0
427.400045,44.7,458988640.0
428.412466,44.9,459989088.0
429.420015,44.7,460987136.0
430.426047,44.7,461988160.0
431.435972,44.7,462988352.0
432.445069,44.7,464039552.0
433.458766,44.9,465039488.0
434.467044,44.7,466037632.0
435.474040,45.0,467037376.0
436.483748,44.9,468037408.0
437.493301,45.0,469088960.0
438.507330,45.2,470087840.0
439.516124,44.9,471087520.0
440.523502,44.5,472089152.0
441.536035,44.5,473089088.0
442.546186,44.8,474139424.0
443.557599,44.9,475140352.0
444.566016,44.7,476138688.0
445.573355,44.8,477139072.0
446.585098,45.0,478188608.0
447.600425,45.1,479188736.0
448.610332,45.1,480188160.0
449.618556,44.9,481188800.0
450.629061,45.2,482188768.0
451.639431,45.0,483238816.0
452.653418,45.3,484240224.0
453.661379,44.7,485238912.0
454.668921,45.2,486238560.0
455.680503,44.8,487238176.0
456.695702,45.0,488288000.0
457.705167,45.2,489289568.0
458.713270,45.1,490289120.0
459.723825,45.1,491289152.0
460.733889,44.8,492338656.0
461.748606,44.8,493339424.0
462.757282,45.0,494338784.0
463.765762,44.5,495339136.0
464.776815,45.1,496338656.0
465.786074,45.1,497388960.0
466.799010,44.8,498389472.0
467.806268,44.9,499388576.0
468.814378,45.1,500388928.0
469.825019,45.1,501388448.0
470.834555,44.9,502438784.0
471.848333,44.9,503437952.0
472.855037,44.8,504438720.0
473.862035,45.3,505439392.0
474.872084,45.1,506788512.0
476.203019,45.2,507788544.0
477.209988,44.9,508788832.0
478.221036,45.1,510786944.0
480.202511,45.0,511787424.0
481.209669,45.2,512786784.0
482.220077,44.9,513789632.0
483.230236,45.2,514839392.0
484.244028,45.0,515839840.0
485.251033,45.3,516838656.0
486.259039,45.1,518788672.0
488.202923,45.0,519788416.0
489.210328,45.3,520788448.0
490.221021,45.2,521788544.0
491.232266,45.3,522837984.0
492.242064,45.3,523837952.0
493.249439,45.2,524837632.0
494.257841,45.0,526786848.0
496.201059,45.1,527786688.0
497.209027,45.0,528786720.0
498.218781,45.1,529837760.0
499.234288,45.2,530839104.0
500.243816,45.0,531838656.0
501.250934,45.2,532838912.0
502.258023,45.3,534787808.0
504.202026,45.0,535788704.0
505.212039,45.1,536787680.0
506.221829,45.3,537838464.0
507.235352,45.2,538838720.0
508.243450,45.3,539838720.0
509.251029,45.4,540839040.0
510.261440,45.3,542788608.0
512.202717,45.0,543788992.0
513.214242,45.1,544788096.0
514.230058,45.4,545838144.0
515.240653,45.2,546838592.0
516.248541,45.4,547837952.0
517.259749,45.9,548838464.0
518.269727,45.4,550788096.0
520.201034,45.3,551787520.0
521.211029,45.6,552787776.0
522.222055,45.3,553838208.0
523.233308,45.6,554837440.0
524.240754,45.6,555838976.0
525.248481,45.5,556837888.0
526.260365,45.6,558788608.0
528.205042,45.6,559789312.0
529.214024,45.4,560838400.0
530.228248,45.4,561837760.0
531.237395,45.7,562837184.0
532.244875,45.3,563838336.0
533.256015,45.5,564837824.0
534.265668,45.3,565888448.0
535.280643,45.7,566887680.0
536.289067,45.7,567887680.0
537.296346,45.5,568887872.0
538.306533,46.1,569888512.0
539.317386,45.6,570938496.0
540.329303,45.5,571938432.0
541.336657,45.5,572937792.0
542.344629,45.7,573937984.0
543.356328,45.7,574987456.0
544.372774,45.7,575987648.0
545.383135,45.6,576988352.0
546.390615,45.6,577987840.0
547.400698,45.9,578988672.0
548.410118,45.8,580038080.0
549.424379,45.8,581038144.0
550.433283,45.7,582036544.0
551.440759,45.8,583036480.0
552.451025,45.7,584038400.0
553.461199,45.6,585087552.0
554.474670,45.6,586087488.0
555.483088,45.5,587087552.0
556.490033,45.6,588088192.0
557.500015,45.7,589087616.0
558.509182,45.8,590137600.0
559.523272,45.6,591487872.0
560.876035,45.8,592487104.0
561.883059,46.2,593487872.0
562.889899,45.9,594487936.0
563.902711,45.9,595538560.0
564.918358,46.0,596538752.0
565.928087,46.0,597539200.0
566.936064,45.6,598537984.0
567.947155,45.6,599538560.0
568.957391,45.7,600587904.0
569.971523,45.8,601588352.0
570.979641,45.9,602587776.0
571.986832,45.9,603587776.0
572.998613,45.9,604587712.0
574.010798,45.5,605638784.0
575.022293,46.1,606637504.0
576.029056,45.9,607638784.0
577.036659,45.8,608637952.0
578.048808,46.2,609687360.0
579.064354,46.2,610688128.0
580.075038,45.8,611687424.0
581.082982,46.2,612687936.0
582.094496,45.7,613686720.0
583.105263,46.0,614735936.0
584.116281,46.4,615737408.0
585.124644,46.1,616737536.0
586.132839,46.1,617737728.0
587.144323,46.1,618737152.0
588.155025,45.7,619787648.0
589.167904,46.0,620787648.0
590.175445,45.9,621788352.0
591.182815,46.0,622787584.0
592.193534,46.1,623787648.0
593.203012,46.3,624838400.0
594.216633,45.9,625837888.0
595.223097,46.0,627887936.0
597.290786,46.3,628888384.0
598.301400,45.7,629937536.0
599.315761,46.2,630936576.0
600.323029,46.0,631937664.0
601.331019,46.4,632935872.0
602.342036,46.2,633937792.0
603.353024,46.0,634987584.0
604.365030,46.3,635985600.0
605.372052,45.9,636986048.0
606.380189,46.4,637986176.0
607.391024,46.2,639036416.0
608.406011,46.1,640036032.0
609.415020,46.3,641036032.0
610.421318,46.3,642036800.0
611.429030,46.4,643037184.0
612.440020,46.0,644036032.0
613.454030,46.1,645086336.0
614.464069,46.2,646085952.0
615.471015,46.1,647086016.0
616.478034,46.1,648085632.0
617.489013,46.3,649085952.0
618.499042,46.2,650136064.0
619.510060,46.3,651137088.0
620.517918,46.4,652137536.0
621.525817,46.2,653136768.0
622.537020,46.4,654137408.0
623.546033,46.6,655187328.0
624.560014,46.2,656186880.0
625.567015,46.8,657187072.0
626.573020,46.3,658187584.0
627.583051,46.5,659187136.0
628.593041,46.5,660237184.0
629.607740,46.2,661236928.0
630.615150,46.5,662237120.0
631.623382,46.4,663237184.0
632.634449,46.5,664236480.0
633.646082,46.7,665287104.0
634.658033,46.3,666285824.0
635.666058,46.5,667286080.0
636.674598,46.3,668287552.0
637.686045,46.4,669286720.0
638.702129,46.3,670337664.0
639.711979,46.5,671337088.0
640.719035,46.3,672337152.0
641.728025,46.2,673337088.0
642.738056,46.6,674387904.0
643.752075,46.2,675387072.0
644.762589,46.3,676385920.0
645.770034,46.5,677386496.0
646.781036,46.3,678385984.0
647.790054,46.2,679435456.0
648.804013,46.2,680435712.0
649.811637,46.5,681435904.0
650.819027,46.5,682435840.0
651.828929,46.7,683435456.0
652.839031,46.5,684487488.0
653.852010,46.4,685485696.0
654.860056,46.8,687486016.0
656.873008,46.6,688485184.0
657.884159,46.5,689536896.0
658.898023,46.4,690536128.0
659.907481,46.5,691535872.0
660.915022,46.4,692535552.0
661.922133,46.8,693537920.0
662.933029,46.4,694536704.0
663.947046,46.6,695586624.0
664.956490,46.6,696587072.0
665.963486,46.7,697587200.0
666.971355,46.6,698586816.0
667.983036,46.8,699637568.0
668.997776,46.5,700637568.0
670.007792,46.9,701636480.0
671.015048,46.9,702636736.0
672.025890,46.6,703636480.0
673.035760,46.7,704687424.0
674.051392,46.9,705687360.0
675.060306,46.5,706836864.0
676.205790,46.6,707836800.0
677.213376,46.5,708837632.0
678.221026,46.7,709836928.0
679.235366,46.8,710887168.0
680.249039,46.6,711885504.0
681.257028,46.9,712885376.0
682.263023,46.8,713886400.0
683.270029,46.9,714885376.0
684.279856,46.5,715936192.0
685.295187,46.8,716936704.0
686.304722,46.7,717936000.0
687.312038,46.7,718937088.0
688.321922,46.9,719936896.0
689.331904,46.5,720987456.0
690.346015,46.7,721986432.0
691.355396,46.6,722987456.0
692.362601,46.8,723987520.0
693.373888,46.7,724986176.0
694.384649,47.0,726036480.0
695.399190,46.7,727037568.0
696.407541,46.6,728037120.0
697.415034,46.7,729036736.0
698.427063,47.0,730086528.0
699.442756,46.6,731086784.0
700.452542,46.7,732087424.0
701.460469,46.9,733086848.0
702.471606,46.8,734086208.0
703.481645,47.1,735136064.0
704.496977,46.9,736137408.0
705.504035,46.8,737137088.0
706.512048,46.9,738136768.0
707.523016,46.9,739136640.0
708.532052,46.7,740186880.0
709.546601,46.9,741186816.0
710.554730,47.0,742836864.0
712.203020,47.1,743836160.0
713.209741,46.7,744835584.0
714.220054,47.1,745834944.0
715.229495,46.9,746888064.0
716.244466,47.0,747886912.0
717.252025,47.4,748887360.0
718.258710,47.0,750836672.0
720.203024,47.1,751835712.0
721.209038,47.1,752835840.0
722.219697,47.2,753836480.0
723.230042,46.8,754887360.0
724.244087,47.1,755886592.0
725.252033,47.2,756888640.0
726.259063,47.3,758836416.0
728.203035,47.2,759836032.0
729.210055,47.1,760836608.0
730.222114,47.0,761836160.0
731.232516,47.1,762887488.0
732.244273,47.0,763887552.0
733.251873,47.0,764886272.0
734.259133,47.1,766836160.0
736.202660,47.1,767836736.0
737.209032,46.8,768835072.0
738.220275,47.0,769835648.0
739.231041,47.0,770885632.0
740.240898,47.2,771885952.0
741.249514,47.1,772885696.0
742.256030,47.1,774835968.0
744.202029,47.3,775836096.0
745.209645,47.4,776835520.0
746.221069,47.5,777836608.0
747.237010,47.1,778887040.0
748.246218,47.4,779887040.0
749.254366,47.2,780885824.0
750.265174,47.4,782836928.0
752.202557,47.2,783836736.0
753.214051,47.0,784836800.0
754.223553,47.1,785886912.0
755.241237,47.2,786886848.0
756.249867,47.3,787886656.0
757.257374,47.1,788888000.0
758.268391,47.3,790835968.0
760.202246,47.1,791835968.0
761.213038,47.1,792835712.0
762.222672,47.7,793887552.0
763.240951,47.6,794887040.0
764.249145,47.5,795886144.0
765.257033,47.4,796886400.0
766.268060,47.1,798836032.0
768.206481,47.3,799835200.0
769.217797,47.2,800886144.0
770.233967,47.3,801886144.0
771.243747,47.4,802885888.0
772.251472,47.4,803884928.0
773.262363,47.1,804885568.0
774.272468,47.1,805935488.0
775.286797,47.5,806936000.0
776.295155,47.4,807936768.0
777.302957,47.3,808935744.0
778.315176,47.0,809935680.0
779.328040,47.3,810985536.0
780.338229,47.6,811986112.0
781.346849,47.3,812985536.0
782.354022,47.3,813985600.0
783.365388,47.3,815035776.0
784.380486,47.5,816034560.0
785.389846,47.4,817034496.0
786.397031,47.4,818036160.0
787.404705,47.5,819035520.0
788.415025,47.5,820035136.0
789.430898,47.3,821085696.0
790.440500,47.6,822085568.0
791.448019,47.5,823085952.0
792.457203,47.7,824085120.0
793.467800,47.7,825136704.0
794.481472,47.6,826135488.0
795.490350,47.4,827135616.0
796.498319,47.3,828135680.0
797.509462,47.7,829135488.0
798.520047,47.5,830185024.0
799.534975,47.3,831185792.0
800.543484,47.5,832185152.0
801.551017,47.5,833185920.0
802.561071,47.7,834186624.0
803.570243,,
809.575840,,
815.585062,47.5,850335424.0
819.689749,47.9,851334976.0
820.698366,47.6,852336320.0
821.710094,47.8,853334912.0
822.720450,47.4,854383744.0
823.731147,47.7,855385408.0
824.740698,48.2,856385664.0
825.749204,47.7,857385024.0
826.760711,47.2,858435200.0
827.777161,47.6,859435392.0
828.787043,47.7,860435904.0
829.795094,47.7,861435712.0
830.806127,47.9,862436032.0
831.816173,48.0,863485952.0
832.831196,47.9,864486144.0
833.839810,47.9,865484672.0
834.847386,48.0,866485760.0
835.857703,47.7,867484736.0
836.867934,47.8,868535424.0
837.881091,47.8,869535616.0
838.888213,47.7,870535616.0
839.896055,47.8,871535104.0
840.907105,47.9,872536512.0
841.917287,48.0,873585472.0
842.931125,48.0,874584768.0
843.939167,47.7,875586112.0
844.946028,47.9,876585152.0
845.955792,47.8,877585344.0
846.965266,47.8,878635072.0
847.980748,48.2,879634752.0
848.988408,47.7,880635456.0
849.995752,47.9,881635584.0
851.007160,47.8,882635776.0
852.018559,47.9,883684928.0
853.030017,47.8,884685248.0
854.038344,47.8,885684480.0
855.046577,48.0,886683584.0
856.057514,47.9,887733888.0
857.072699,47.8,888734080.0
858.082429,47.7,889733888.0
859.090430,47.9,890734784.0
860.098056,47.9,891733504.0
861.107951,48.1,892784768.0
862.122023,47.8,893783616.0
863.132126,48.1,894784768.0
864.140454,47.9,895784960.0
865.150146,47.9,896785664.0
866.159670,48.2,897834880.0
867.173028,47.9,898835584.0
868.182175,47.9,899834944.0
869.189038,48.0,900834176.0
870.197823,47.8,901835072.0
871.206033,48.2,902835200.0
872.215020,47.7,903885056.0
873.227578,47.8,904884608.0
874.235573,48.0,906834496.0
876.206051,48.0,907835072.0
877.223057,47.8,908885120.0
878.232024,48.2,910834048.0
880.206250,47.9,911883904.0
881.220021,48.0,912883008.0
882.229187,48.2,913885120.0
883.238014,48.1,914885568.0
884.244820,48.1,915884544.0
885.255657,48.1,916884928.0
886.266301,48.2,918835584.0
888.207035,48.1,919885184.0
889.220050,48.1,920885568.0
890.230013,48.4,921883712.0
891.238025,48.2,922885376.0
892.246025,48.0,923884608.0
893.256029,48.4,924935616.0
894.271014,48.1,926834496.0
896.207422,48.0,927884224.0
897.220823,48.2,928884480.0
898.230024,48.1,929884416.0
899.237025,48.1,930885056.0
900.245939,48.1,931883584.0
901.255034,48.0,932935872.0
902.270044,48.4,934834432.0
904.205051,48.3,935885568.0
905.220015,48.3,936884416.0
906.229203,48.0,937885440.0
907.237069,48.1,938884224.0
908.248289,48.1,939884544.0
909.257012,48.0,940936128.0
910.270017,47.9,942834496.0
912.205009,48.4,943885504.0
913.219018,48.5,944885504.0
914.228013,47.9,945884736.0
915.235025,47.9,946886976.0
916.241058,48.0,947885824.0
917.252192,48.4,948884928.0
918.264028,48.6,950834240.0
920.206407,48.1,951884928.0
921.220808,48.0,952884736.0
922.228923,48.3,953884736.0
923.236069,48.3,954884416.0
924.247112,48.3,955885760.0
925.257321,48.4,956934528.0
926.272582,48.4,958834368.0
928.206013,48.1,959884864.0
929.219845,48.3,960885056.0
930.228709,48.3,961883840.0
931.237014,48.5,962883776.0
932.247280,48.4,963883904.0
933.256416,48.1,964934656.0
934.272117,48.5,965934912.0
935.279925,48.4,966934656.0
936.286927,48.5,967934784.0
937.297014,48.3,968934400.0
938.306271,48.3,969984512.0
939.319051,48.5,970983744.0
940.327487,48.4,971985408.0
941.335453,48.3,972983616.0
942.346341,48.4,973983040.0
943.356396,48.1,975034816.0
944.371676,48.3,976034560.0
945.379628,48.5,977034688.0
946.387562,48.4,978034816.0
947.399808,48.2,979034880.0
948.411129,48.4,980084544.0
949.421873,48.4,981084544.0
950.430154,48.5,982084800.0
951.437977,48.7,983084992.0
952.449731,48.5,984083904.0
953.465240,48.1,985134592.0
954.475211,48.5,986135040.0
955.483167,48.4,987134528.0
956.493035,48.7,988133696.0
957.502042,48.2,989184576.0
958.516489,48.5,990183616.0
959.525892,48.2,991183744.0
960.533070,48.5,992185472.0
961.543563,48.8,993183936.0
962.553307,48.6,994235200.0
963.568206,48.3,995233600.0
964.577446,48.7,996233024.0
965.585391,48.6,997233088.0
966.596401,48.4,998233216.0
967.608018,48.3,999283520.0
968.618305,48.6,1000283456.0
969.626378,48.5,1001282752.0
970.634902,48.5,1002282816.0
971.645805,48.4,1003283136.0
972.658148,48.5,1004332928.0
973.667870,48.6,1005333568.0
974.677050,48.4,1006333056.0
975.685520,48.5,1007333184.0
976.697705,48.8,1008334016.0
977.713842,48.5,1009383616.0
978.723836,48.7,1010385408.0
979.732680,48.7,1011384448.0
980.744082,48.8,1012383936.0
981.754084,48.7,1013433600.0
982.768117,48.8,1014433152.0
983.775013,,
989.783730,,
995.787590,48.8,1030484544.0
999.850731,48.7,1031535744.0
1000.865308,48.6,1032533632.0
1001.873883,48.4,1033533632.0
1002.882051,48.6,1034534720.0
1003.893355,48.7,1035533952.0
1004.903397,48.5,1036584512.0
1005.917290,49.0,1037583040.0
1006.926029,48.6,1038582976.0
1007.933032,48.6,1039582336.0
1008.943659,48.6,1040582784.0
1009.955071,48.9,1041635008.0
1010.967026,49.1,1042634752.0
1011.974441,48.7,1043635136.0
1012.982638,48.9,1044633600.0
1013.993651,48.7,1045633792.0
1015.003814,48.8,1046683712.0
1016.016663,48.7,1047684608.0
1017.024856,49.1,1048683840.0
1018.032045,48.9,1049683392.0
1019.042874,49.0,1050684032.0
1020.054373,48.8,1051733568.0
1021.066070,48.7,1052734144.0
1022.073617,48.8,1053734144.0
1023.080941,48.9,1054733120.0
1024.091031,48.9,1055732736.0
1025.100744,48.6,1056782976.0
1026.113969,48.8,1057783680.0
1027.121932,48.9,1058782656.0
1028.129191,48.6,1059783616.0
1029.139297,48.7,1060784320.0
1030.148031,48.7,1061833600.0
1031.161404,48.8,1062833664.0
1032.170053,49.0,1063833728.0
1033.179336,48.8,1064833600.0
1034.189415,48.8,1065833600.0
1035.200078,49.1,1066883584.0
1036.214121,49.2,1067882112.0
1037.222379,48.8,1068882752.0
1038.229024,49.0,1069882816.0
1039.238041,49.0,1070883456.0
1040.247021,48.9,1071935424.0
1041.261585,48.9,1072933824.0
1042.270026,48.9,1073935104.0
1043.275985,48.9,1074934016.0
1044.283011,48.9,1075933568.0
1045.293516,48.9,1076933632.0
1046.309750,49.0,1077983744.0
1047.319719,49.2,1078983552.0
1048.327578,49.1,1079982592.0
1049.337720,49.1,1080983168.0
1050.346077,49.4,1082033536.0
1051.360608,49.0,1083032704.0
1052.369023,49.2,1084032512.0
1053.376190,49.2,1085032704.0
1054.384731,49.0,1086033536.0
1055.395041,48.9,1087082752.0
1056.411097,49.2,1088082176.0
1057.419423,49.0,1089084032.0
1058.427192,48.9,1090081920.0
1059.439073,49.1,1091082752.0
1060.448712,49.1,1092131968.0
1061.461468,49.1,1093132672.0
1062.469897,49.0,1094133120.0
1063.477094,49.1,1095133184.0
1064.488664,49.0,1096133120.0
1065.498403,48.7,1097183616.0
1066.512525,49.4,1098184064.0
1067.520915,48.9,1099185024.0
1068.529460,49.2,1100183808.0
1069.541705,49.1,1101233152.0
1070.557716,49.3,1102233600.0
1071.567266,49.3,1103232128.0
1072.574817,49.3,1104233728.0
1073.584045,49.3,1105233536.0
1074.593817,49.3,1106283008.0
1075.607814,49.1,1107283584.0
1076.617548,49.3,1108283648.0
1077.625587,49.4,1109282816.0
1078.637309,49.3,1110283136.0
1079.648054,49.0,1111333632.0
1080.662547,49.4,1112334080.0
1081.670751,49.0,1113333376.0
1082.678864,49.3,1114332800.0
1083.690707,49.2,1115332864.0
1084.706670,49.2,1116383616.0
1085.716955,49.1,1117383424.0
1086.725422,49.1,1118382976.0
1087.736190,49.2,1119382912.0
1088.746114,49.2,1120433664.0
1089.761045,49.3,1121433600.0
1090.769733,49.2,1122433664.0
1091.777038,49.2,1123433472.0
1092.788656,49.2,1124432896.0
1093.799879,49.4,1125482880.0
1094.811042,49.3,1126483968.0
1095.819371,49.4,1127482880.0
1096.826220,49.3,1128482944.0
1097.837609,49.3,1129483136.0
1098.847422,49.2,1130533120.0
1099.862163,49.3,1131533056.0
1100.869022,49.4,1132533632.0
1101.876526,49.5,1133533312.0
1102.887860,49.0,1134533632.0
1103.896080,,
1109.906291,,
1115.914619,49.3,1150631168.0
1119.976909,49.3,1151630336.0
1120.988465,49.4,1152633600.0
1122.004962,49.2,1153682816.0
1123.014961,49.4,1154682624.0
1124.023861,49.6,1155682688.0
1125.035098,49.6,1156683136.0
1126.044807,49.6,1157733376.0
1127.060029,49.6,1158732800.0
1128.067533,49.3,1159733504.0
1129.075503,49.5,1160732672.0
1130.086383,49.3,1161733504.0
1131.097576,49.4,1162782848.0
1132.110806,49.6,1163782656.0
1133.120099,49.4,1164782720.0
1134.128373,49.3,1165782656.0
1135.138556,49.5,1166783232.0
1136.154465,49.7,1167833344.0
1137.164059,49.3,1168833536.0
1138.170324,49.6,1169832832.0
1139.178724,49.4,1170832896.0
1140.189218,49.6,1171883520.0
1141.204275,49.5,1172882816.0
1142.214161,49.7,1173882624.0
1143.222927,49.4,1174882816.0
1144.235063,49.6,1175883648.0
1145.246134,49.5,1176932864.0
1146.259495,49.6,1177932928.0
1147.267490,49.6,1178933120.0
1148.275416,49.5,1179933568.0
1149.286755,49.3,1180932992.0
1150.299507,49.2,1181983616.0
1151.309872,49.6,1182983296.0
1152.319046,49.4,1183982848.0
1153.327154,49.7,1184982912.0
1154.337583,49.6,1185982592.0
1155.353671,49.3,1187033600.0
1156.363606,49.5,1188032384.0
1157.371546,49.5,1189033728.0
1158.382557,49.6,1190032640.0
1159.393014,49.5,1191083008.0
1160.407726,49.7,1192083328.0
1161.416122,49.3,1193082880.0
1162.424319,49.4,1194083456.0
1163.436156,49.8,1195083008.0
1164.448600,49.4,1196132480.0
1165.458940,49.5,1197131136.0
1166.466840,49.7,1198131072.0
1167.475629,49.6,1199131904.0
1168.485931,49.5,1200180992.0
1169.501521,49.3,1201182720.0
1170.511726,49.8,1202182656.0
1171.519950,49.6,1203182976.0
1172.531577,49.6,1204183040.0
1173.541042,49.6,1205233152.0
1174.555768,49.7,1206232448.0
1175.564517,49.5,1207232768.0
1176.571989,49.8,1208232960.0
1177.583716,49.8,1209232768.0
1178.593638,49.9,1210282496.0
1179.606101,49.6,1211282176.0
1180.615552,49.9,1212282752.0
1181.623854,50.0,1213282816.0
1182.636143,49.5,1214282880.0
1183.652395,49.9,1215332992.0
1184.662206,49.9,1216332800.0
1185.669580,49.6,1217331840.0
1186.680394,49.7,1218333440.0
1187.691213,49.8,1219384064.0
1188.706223,49.6,1220382464.0
1189.714029,50.0,1221382656.0
1190.720968,49.6,1222382080.0
1191.731052,49.8,1223382656.0
1192.741330,49.7,1224433024.0
1193.756740,49.6,1225432704.0
1194.764741,49.7,1226433024.0
1195.772567,49.9,1227431808.0
1196.784278,49.8,1228433024.0
1197.796053,49.6,1229481984.0
1198.806273,49.8,1230481536.0
1199.814788,49.6,1231482112.0
1200.822093,49.5,1232482560.0
1201.833973,49.9,1233482752.0
1202.844659,49.6,1234532480.0
1203.856026,49.7,1235532544.0
1204.863189,49.8,1236532480.0
1205.871372,49.7,1237532544.0
1206.882723,49.7,1238532992.0
1207.895558,49.8,1239582720.0
1208.906727,49.9,1240582528.0
1209.914922,49.9,1241580800.0
1210.922816,50.0,1242580352.0
1211.934306,49.9,1243582464.0
1212.949637,49.6,1244630400.0
1213.958368,49.8,1245630976.0
1214.966088,49.8,1246630784.0
1215.975036,49.7,1247632256.0
1216.984869,49.9,1248680704.0
1217.999561,49.9,1249681792.0
1219.009603,50.1,1250680832.0
1220.017618,50.0,1251680768.0
1221.026770,49.8,1252680704.0
1222.036029,50.1,1253731712.0
1223.050518,50.2,1254730496.0
1224.059977,,
1230.069412,,
1236.077021,50.0,1270832128.0
1240.169087,49.9,1271832064.0
1241.180619,50.1,1272831744.0
1242.191737,50.3,1273881472.0
1243.204022,50.3,1274881408.0
1244.211575,50.1,1275881856.0
1245.219030,50.0,1276881920.0
1246.229748,49.9,1277881088.0
1247.239016,50.0,1278931584.0
1248.253018,50.1,1279931648.0
1249.260040,49.8,1280932096.0
1250.267726,49.9,1281931776.0
1251.278029,50.0,1282932736.0
1252.287043,50.1,1283982592.0
1253.302067,50.1,1284981888.0
1254.310015,49.9,1285981696.0
1255.317302,50.1,1286981760.0
1256.326022,50.4,1287982080.0
1257.335436,50.2,1289031552.0
1258.349867,50.1,1290031872.0
1259.358585,50.3,1291032192.0
1260.367520,50.3,1292032640.0
1261.378839,50.4,1293032320.0
1262.389047,50.1,1294082176.0
1263.403228,50.5,1295081728.0
1264.410969,50.2,1296081408.0
1265.418972,49.9,1297082112.0
1266.429851,50.1,1298081920.0
1267.439070,50.1,1299131776.0
1268.453209,50.1,1300132096.0
1269.460030,50.4,1301129600.0
1270.467031,50.0,1302131840.0
1271.477032,50.3,1303131136.0
1272.486371,50.1,1304181504.0
1273.502579,50.1,1305182208.0
1274.510223,50.4,1306182016.0
1275.517750,50.0,1307181312.0
1276.529024,50.1,1308181248.0
1277.538033,50.3,1309230976.0
1278.552337,50.6,1310231424.0
1279.560013,50.3,1311231616.0
1280.567215,50.3,1312232064.0
1281.578211,50.1,1313232768.0
1282.588548,50.2,1314281088.0
1283.602031,50.5,1315281664.0
1284.609845,50.3,1316281472.0
1285.617061,50.1,1317282560.0
1286.627237,50.1,1318281088.0
1287.637647,50.0,1319332480.0
1288.652314,50.5,1320331392.0
1289.659078,50.0,1321331968.0
1290.666820,50.1,1322331648.0
1291.677185,50.5,1323331328.0
1292.687459,50.1,1324381056.0
1293.702535,50.1,1325380864.0
1294.709011,50.4,1326381568.0
1295.716452,50.2,1327382016.0
1296.727085,50.0,1328381696.0
1297.736288,50.1,1329431040.0
1298.750637,50.6,1330431616.0
1299.758711,50.3,1331431424.0
1300.766517,50.3,1332431616.0
1301.777184,50.4,1333430784.0
1302.787087,50.2,1334481280.0
1303.801783,50.6,1335481856.0
1304.809024,50.3,1336482176.0
1305.816779,50.7,1337481472.0
1306.827896,50.5,1338480768.0
1307.837597,50.6,1339531264.0
1308.851417,51.0,1340532224.0
1309.859486,50.3,1341531008.0
1310.867127,50.6,1342531200.0
1311.878012,50.3,1343531264.0
1312.887323,50.6,1344581248.0
1313.902223,50.4,1345579904.0
1314.909981,50.8,1346579968.0
1315.916222,50.5,1347580160.0
1316.926858,50.5,1348580992.0
1317.937614,50.6,1349630336.0
1318.950041,50.2,1350630016.0
1319.958230,50.2,1351630208.0
1320.966171,50.3,1352629888.0
1321.977071,50.5,1353629952.0
1322.992670,50.8,1354681344.0
1324.002203,50.5,1355681408.0
1325.009503,50.2,1356679808.0
1326.017347,50.1,1357681408.0
1327.028801,50.4,1358729984.0
1328.044802,50.5,1359731456.0
1329.054041,50.7,1360730880.0
1330.062647,50.5,1361730560.0
1331.071826,50.3,1362731136.0
1332.082387,50.8,1363781248.0
1333.097821,50.5,1364780928.0
1334.106629,50.7,1365780736.0
1335.114855,50.6,1366781568.0
1336.126104,50.5,1367781504.0
1337.136060,50.6,1368831488.0
1338.150209,50.3,1369830912.0
1339.157015,50.4,1370831360.0
1340.164027,50.7,1371831168.0
1341.175905,50.8,1372831872.0
1342.186361,50.7,1373881472.0
1343.201042,50.5,1374880896.0
1344.208203,,
1350.218063,,
1356.226332,51.0,1389930752.0
1359.275158,50.7,1390930688.0
1360.285024,50.9,1391981184.0
1361.299497,50.6,1392980224.0
1362.307481,50.5,1393979392.0
1363.316046,50.8,1394979712.0
1364.327676,50.6,1396029824.0
1365.342680,50.8,1397027840.0
1366.353400,50.7,1398030720.0
1367.361849,50.5,1399029632.0
1368.373752,50.7,1400029824.0
1369.384564,50.7,1401079808.0
1370.398558,50.6,1402079616.0
1371.406503,51.0,1403079040.0
1372.414749,50.6,1404078848.0
1373.426320,50.7,1405130240.0
1374.442557,50.6,1406129664.0
1375.453057,50.7,1407129856.0
1376.461255,50.7,1408129536.0
1377.471278,50.5,1409129472.0
1378.481051,50.5,1410179968.0
1379.495345,50.8,1411179136.0
1380.504834,50.5,1412180736.0
1381.514056,50.9,1413179776.0
1382.526035,50.9,1414179840.0
1383.541599,50.8,1415230592.0
1384.551048,50.7,1416229376.0
1385.558175,51.0,1417230464.0
1386.565790,50.7,1418231040.0
1387.576837,51.1,1419230208.0
1388.593155,50.6,1420280448.0
1389.602037,51.1,1421281152.0
1390.609086,50.7,1422281216.0
1391.616544,50.9,1423279872.0
1392.627320,51.0,1424280064.0
1393.643026,50.5,1425331072.0
1394.653115,50.6,1426329856.0
1395.661404,50.9,1427331328.0
1396.673989,50.9,1428331008.0
1397.683393,50.8,1429380736.0
1398.698275,51.2,1430381184.0
1399.706286,51.0,1431380992.0
1400.714396,50.7,1432380544.0
1401.726195,50.8,1433380224.0
1402.735674,51.1,1434430720.0
1403.749618,51.1,1435430528.0
1404.757793,51.0,1436430848.0
1405.765603,51.0,1437431040.0
1406.776494,50.9,1438431744.0
1407.787555,51.0,1439480576.0
1408.800342,51.1,1440480640.0
1409.808048,51.0,1441480832.0
1410.815710,50.9,1442480640.0
1411.827289,50.9,1443480704.0
1412.843707,51.0,1444529920.0
1413.854323,51.2,1445529984.0
1414.862154,51.1,1446529792.0
1415.876595,51.0,1447531136.0
1416.888796,50.9,1448580224.0
1417.899755,50.8,1449579776.0
1418.907021,51.2,1450580736.0
1419.914050,50.8,1451580032.0
1420.924432,51.1,1452580736.0
1421.934685,50.9,1453629952.0
1422.948818,51.1,1454630400.0
1423.957195,51.1,1455629824.0
1424.965501,51.2,1456630784.0
1425.977837,51.1,1457629952.0
1426.989533,51.4,1458680064.0
1427.999698,51.4,1459680000.0
1429.007613,51.2,1460679808.0
1430.016060,50.7,1461679872.0
1431.027666,51.2,1462680832.0
1432.043500,51.1,1463729920.0
1433.054136,51.1,1464730112.0
1434.061829,51.1,1465730176.0
1435.073876,50.9,1466730880.0
1436.083847,51.0,1467779712.0
1437.099383,50.8,1468779904.0
1438.107019,51.0,1469781376.0
1439.114857,50.8,1470780928.0
1440.127612,51.0,1471779712.0
1441.140091,51.0,1472830464.0
1442.150132,51.1,1473830144.0
1443.158195,50.9,1474830208.0
1444.166169,50.9,1475829632.0
1445.177226,51.0,1476829696.0
1446.188392,51.2,1477880832.0
1447.200876,51.2,1478880640.0
1448.208945,51.2,1479880064.0
1449.218080,51.2,1480879744.0
1450.228911,51.1,1481881984.0
1451.239631,51.2,1482929792.0
1452.249988,50.9,1483930112.0
1453.258644,50.9,1484929792.0
1454.267175,51.3,1485930496.0
1455.278529,51.0,1486930048.0
1456.294250,51.2,1487980928.0
1457.304453,50.9,1488981760.0
1458.311879,51.3,1489980672.0
1459.322356,51.2,1490979840.0
1460.332457,51.1,1492030080.0
1461.348357,51.0,1493031040.0
1462.356406,51.5,1494030080.0
1463.364881,,
1469.369210,,
1475.377773,51.1,1510129664.0
1479.464329,51.3,1511129472.0
1480.475547,51.2,1512129536.0
1481.485425,51.1,1513179264.0
1482.499780,51.5,1514181120.0
1483.508264,51.5,1515179904.0
1484.517099,51.4,1516179840.0
1485.529365,51.2,1517179904.0
1486.545346,51.2,1518228864.0
1487.555565,51.2,1519229696.0
1488.563868,51.4,1520229760.0
1489.575349,51.5,1521230848.0
1490.584666,51.2,1522279040.0
1491.599916,51.4,1523279872.0
1492.608484,51.3,1524279680.0
1493.616889,51.3,1525280000.0
1494.628299,51.5,1526280576.0
1495.639229,51.3,1527329920.0
1496.651567,51.4,1528329472.0
1497.659801,51.2,1529330688.0
1498.667872,51.5,1530330112.0
1499.680104,51.2,1531329792.0
1500.695562,51.1,1532380160.0
1501.705443,51.5,1533379840.0
1502.713271,51.6,1534380160.0
1503.724152,51.4,1535379968.0
1504.733308,51.5,1536429440.0
1505.747825,51.5,1537429632.0
1506.757097,51.1,1538430592.0
1507.765153,51.5,1539429632.0
1508.776123,51.5,1540430720.0
1509.785842,51.5,1541479552.0
1510.799894,51.4,1542478720.0
1511.807927,51.5,1543479424.0
1512.816228,51.6,1544477568.0
1513.826407,51.5,1545478528.0
1514.836424,51.2,1546529408.0
1515.851172,51.3,1547529728.0
1516.859593,51.3,1548528896.0
1517.868283,51.5,1549529216.0
1518.879686,51.4,1550529792.0
1519.891580,51.2,1551580544.0
1520.902574,51.3,1552578816.0
1521.910522,51.4,1553579776.0
1522.918760,51.4,1554580352.0
1523.930150,51.3,1555580416.0
1524.946207,51.2,1556629888.0
1525.956533,51.5,1557629568.0
1526.964764,51.3,1558628608.0
1527.976031,51.2,1559629696.0
1528.986057,51.4,1560679808.0
1530.000583,51.3,1561679488.0
1531.008355,51.7,1562677888.0
1532.017496,51.4,1563679744.0
1533.028926,51.4,1564679168.0
1534.038918,51.6,1565729920.0
1535.052270,51.5,1566728960.0
1536.060689,51.3,1567729024.0
1537.069261,51.7,1568729344.0
1538.080565,51.4,1569779584.0
1539.096638,51.4,1570780544.0
1540.107206,51.5,1571778944.0
1541.115020,51.4,1572778624.0
1542.126357,51.4,1573778688.0
1543.136319,51.4,1574828928.0
1544.150787,51.6,1575829504.0
1545.158808,51.4,1576828416.0
1546.167160,51.4,1577828864.0
1547.178363,51.3,1578828416.0
1548.190038,51.3,1579880320.0
1549.203337,51.5,1580878848.0
1550.211286,51.6,1581879040.0
1551.220043,51.6,1582879232.0
1552.230968,51.4,1583929088.0
1553.247263,51.7,1584930048.0
1554.256915,51.5,1585929088.0
1555.264438,51.5,1586928896.0
1556.275572,51.5,1587927040.0
1557.285342,51.5,1588977920.0
1558.300653,51.7,1589978880.0
1559.308043,51.3,1590977536.0
1560.316517,51.5,1591977600.0
1561.327323,51.3,1592977664.0
1562.337099,51.6,1594027392.0
1563.350346,51.7,1595028352.0
1564.358662,51.7,1596027392.0
1565.367327,51.7,1597026944.0
1566.379443,51.3,1598027648.0
1567.395792,51.6,1599077632.0
1568.405722,51.4,1600077696.0
1569.413506,51.5,1601077504.0
1570.422108,51.5,1602076928.0
1571.431566,51.7,1603079168.0
1572.446935,51.6,1604127744.0
1573.456072,51.4,1605126912.0
1574.463698,51.8,1606127488.0
1575.471589,51.5,1607127168.0
1576.481607,51.6,1608177152.0
1577.496318,51.8,1609177984.0
1578.507285,51.4,1610178688.0
1579.515479,51.7,1611178368.0
1580.525045,51.9,1612178560.0
1581.534710,51.3,1613227520.0
1582.549878,51.5,1614228736.0
1583.558066,,
1589.566572,,
1595.570132,51.8,1630328448.0
1599.658194,51.8,1631328768.0
1600.665853,51.7,1632328064.0
1601.676304,51.7,1633328512.0
1602.686931,51.9,1634378752.0
1603.701465,51.7,1635378432.0
1604.710175,51.8,1636378752.0
1605.718956,51.6,1637378432.0
1606.729825,51.6,1638378752.0
1607.741026,51.6,1639428736.0
1608.753097,51.7,1640428672.0
1609.761039,51.8,1641428992.0
1610.768412,51.6,1642428928.0
1611.779300,51.7,1643428480.0
1612.788739,51.8,1644478080.0
1613.802046,51.8,1645478400.0
1614.809847,52.0,1646478208.0
1615.818371,51.8,1647478400.0
1616.829540,51.8,1648478976.0
1617.839449,52.1,1649528704.0
1618.852517,51.7,1650528128.0
1619.860452,51.9,1651528064.0
1620.869030,51.6,1652528896.0
1621.880444,51.8,1653527680.0
1622.897045,51.8,1654579456.0
1623.907454,51.6,1655578368.0
1624.915072,51.8,1656579072.0
1625.924917,51.6,1657578496.0
1626.935343,51.9,1658628096.0
1627.950028,51.8,1659629440.0
1628.958282,51.9,1660628608.0
1629.965482,51.9,1661629440.0
1630.976905,51.7,1662628096.0
1631.986025,51.6,1663677056.0
1632.999753,51.7,1664676736.0
1634.008573,51.7,1665676544.0
1635.017485,52.0,1666676864.0
1636.028028,51.8,1667676800.0
1637.037818,51.8,1668727808.0
1638.051388,51.7,1669726592.0
1639.058733,51.5,1670726656.0
1640.066538,51.9,1671728128.0
1641.076051,51.7,1672727040.0
1642.086960,51.8,1673776384.0
1643.100773,51.9,1674778112.0
1644.109015,51.9,1675779840.0
1645.115977,51.8,1676778112.0
1646.126287,51.8,1677777664.0
1647.135564,52.0,1678828032.0
1648.150028,51.9,1679826176.0
1649.158054,51.9,1680826368.0
1650.165388,52.0,1681826944.0
1651.173042,51.7,1682827136.0
1652.182028,52.1,1683877504.0
1653.196509,52.1,1684876160.0
1654.205701,52.0,1685876480.0
1655.213024,51.8,1686876544.0
1656.221035,51.7,1687878016.0
1657.231012,51.7,1688879488.0
1658.241060,51.9,1689926528.0
1659.251123,51.9,1690926464.0
1660.259050,51.7,1691926912.0
1661.266072,52.0,1692928384.0
1662.276824,51.8,1693928064.0
1663.286671,51.9,1694978688.0
1664.301616,52.0,1695977728.0
1665.309887,52.1,1696977152.0
1666.317870,52.0,1697978368.0
1667.329061,51.9,1698977920.0
1668.339474,52.0,1700027520.0
1669.352015,52.0,1701028096.0
1670.359035,51.9,1702028672.0
1671.366536,51.9,1703027712.0
1672.377802,52.3,1704027776.0
1673.387534,51.9,1705078144.0
1674.402596,51.7,1706077824.0
1675.410030,52.1,1707078272.0
1676.417065,52.2,1708077568.0
1677.427020,51.8,1709077760.0
1678.436316,51.9,1710127744.0
1679.451402,52.2,1711128064.0
1680.459854,51.5,1712127616.0
1681.467030,52.1,1713127680.0
1682.477014,51.9,1714127232.0
1683.486930,52.1,1715178752.0
1684.501490,52.1,1716178432.0
1685.509055,52.2,1717177728.0
1686.517031,51.9,1718177664.0
1687.527030,52.0,1719178112.0
1688.536029,51.9,1720227072.0
1689.550031,52.2,1721228416.0
1690.558506,52.1,1722227584.0
1691.565927,52.0,1723228160.0
1692.576059,52.0,1724227840.0
1693.586158,52.3,1725277952.0
1694.601030,52.2,1726277888.0
1695.608523,52.0,1727278208.0
1696.616039,52.0,1728277632.0
1697.627019,52.0,1729277824.0
1698.636773,52.3,1730328704.0
1699.651609,52.4,1731327872.0
1700.659045,52.0,1732327424.0
1701.666950,51.9,1733327488.0
1702.677017,52.0,1734328832.0
1703.686292,,
1709.694021,,
1715.701420,52.5,1750427776.0
1719.786054,52.2,1751477888.0
1720.800917,52.0,1752478080.0
1721.809077,52.2,1753477376.0
1722.816441,52.0,1754478592.0
1723.827021,52.3,1755478016.0
1724.836026,52.4,1756528000.0
1725.849018,52.2,1757528064.0
1726.857036,52.3,1758527488.0
1727.864245,51.9,1759527936.0
1728.872867,52.2,1760527104.0
1729.883361,51.9,1761578752.0
1730.897938,52.2,1762577152.0
1731.907362,52.3,1763576960.0
1732.914018,52.3,1764577664.0
1733.922046,52.1,1765578368.0
1734.932028,52.1,1766577152.0
1735.944049,52.4,1767628416.0
1736.953009,52.3,1768627712.0
1737.960162,52.2,1769628032.0
1738.967052,52.3,1770628096.0
1739.978065,52.4,1771625856.0
1740.987065,52.4,1772678656.0
1742.001126,52.3,1773675904.0
1743.008027,52.3,1774675712.0
1744.015691,52.2,1775677440.0
1745.026868,52.3,1776677248.0
1746.037485,52.5,1777727744.0
1747.052392,52.3,1778727168.0
1748.061394,52.5,1779727488.0
1749.070555,52.3,1780726656.0
1750.081715,52.4,1781727488.0
1751.092044,52.1,1782777600.0
1752.103482,52.4,1783777664.0
1753.110648,52.2,1784777856.0
1754.118026,52.6,1785776768.0
1755.127814,52.3,1786777600.0
1756.137666,52.2,1787828352.0
1757.152011,52.4,1788828288.0
1758.159906,52.4,1789877632.0
1759.207030,52.4,1790877568.0
1760.214022,52.4,1791876992.0
1761.222965,52.3,1793876864.0
1763.208029,52.5,1794878080.0
1764.215020,52.4,1795878016.0
1765.225305,52.3,1796877056.0
1766.235925,52.4,1797927936.0
1767.249032,52.3,1798926848.0
1768.257710,52.2,1799927168.0
1769.265468,52.1,1801876224.0
1771.207039,52.1,1802876800.0
1772.215022,52.2,1803876864.0
1773.225347,52.3,1804876928.0
1774.235031,52.3,1805929088.0
1775.250208,52.3,1806928000.0
1776.258791,52.6,1807927936.0
1777.265012,52.3,1809876864.0
1779.207856,52.2,1810877184.0
1780.215024,52.5,1811877376.0
1781.222373,52.3,1812877568.0
1782.232009,52.1,1813875968.0
1783.241029,52.3,1814928000.0
1784.254010,52.1,1815928448.0
1785.260586,52.4,1817876352.0
1787.207026,52.5,1818876416.0
1788.214017,52.5,1819877632.0
1789.221018,52.2,1820877312.0
1790.231180,52.2,1821876864.0
1791.240667,52.4,1822927488.0
1792.253026,52.2,1823927936.0
1793.260859,52.4,1825876736.0
1795.207139,52.2,1826876544.0
1796.215250,52.2,1827876992.0
1797.225305,52.5,1828877440.0
1798.235716,52.4,1829927936.0
1799.250012,52.6,1830927488.0
1800.257601,52.3,1831927552.0
1801.265098,52.5,1833876352.0
1803.205055,52.1,1834877568.0
1804.211028,52.4,1835876864.0
1805.218175,52.7,1836876032.0
1806.227908,52.0,1837876736.0
1807.236697,52.5,1838927104.0
1808.251519,52.6,1839927040.0
1809.259959,52.7,1841876736.0
1811.206124,52.6,1842878336.0
1812.218569,52.4,1843876096.0
1813.229036,52.8,1844876032.0
1814.238039,,
1820.246031,52.6,1853976320.0
1823.339356,52.7,1855027200.0
1824.352734,52.6,1856026752.0
1825.360029,52.3,1857024896.0
1826.367068,52.4,1858026496.0
1827.377518,52.9,1859026944.0
1828.386043,52.5,1860076800.0
1829.401041,52.4,1861075968.0
1830.409062,52.6,1862076800.0
1831.416025,52.4,1863075712.0
1832.426979,52.5,1864077184.0
1833.436033,52.8,1865127040.0
1834.451074,52.5,1866125568.0
1835.459337,52.4,1867125376.0
1836.467142,52.7,1868125440.0
1837.477059,52.7,1869126784.0
1838.486721,52.4,1870177024.0
1839.501492,52.8,1871176448.0
1840.509034,52.8,1872175616.0
1841.516021,52.4,1873174912.0
1842.525630,52.4,1874174720.0
1843.535500,52.4,1875224704.0
1844.550037,52.4,1876225024.0
1845.558241,52.7,1877225600.0
1846.566783,52.6,1878225024.0
1847.577027,52.3,1879224704.0
1848.586929,52.7,1880276608.0
1849.601152,52.4,1881275904.0
1850.609955,52.3,1882274944.0
1851.619544,52.6,1883275648.0
1852.631841,52.3,1884875776.0
1854.204629,52.6,1885875712.0
1855.215496,52.6,1886875008.0
1856.225386,52.5,1887874688.0
1857.234857,52.6,1888926080.0
1858.249161,52.4,1889925248.0
1859.257329,52.4,1890925696.0
1860.264034,52.6,1892875520.0
1862.205400,52.6,1893876096.0
1863.213042,52.7,1894874112.0
1864.221011,52.8,1895874816.0
1865.231376,52.8,1896875008.0
1866.245025,52.7,1897924992.0
1867.255029,52.2,1898925696.0
1868.262672,52.6,1900874752.0
1870.205016,52.3,1901874560.0
1871.214029,52.6,1902876032.0
1872.225743,52.8,1903874816.0
1873.235515,52.7,1904926464.0
1874.248831,52.7,1905925504.0
1875.257044,52.6,1906925568.0
1876.263012,52.6,1908875264.0
1878.205854,52.8,1909874816.0
1879.215908,52.7,1910874624.0
1880.227099,52.7,1911874688.0
1881.236064,52.6,1912926080.0
1882.250059,52.7,1913926400.0
1883.258371,52.6,1914926592.0
1884.266328,52.7,1916876544.0
1886.207025,53.0,1917876480.0
1887.214507,52.6,1918876032.0
1888.223265,52.8,1919875968.0
1889.233950,52.9,1920926976.0
1890.248497,52.6,1922875776.0
1892.206450,52.5,1923875968.0
1893.213950,52.9,1924875776.0
1894.222857,52.5,1926876032.0
1896.207305,52.5,1927876608.0
1897.214022,52.6,1928875520.0
1898.222036,52.6,1929875584.0
1899.231933,52.6,1930875904.0
1900.243017,52.8,1931926912.0
1901.253508,52.6,1932924928.0
1902.260648,52.8,1934876032.0
1904.207031,52.4,1935875072.0
1905.214389,52.6,1936876160.0
1906.224020,52.7,1937875968.0
1907.234153,52.8,1938927104.0
1908.248032,52.9,1939926912.0
1909.257052,52.6,1940927104.0
1910.263911,,
1916.271018,,
1922.278354,53.0,1953925760.0
1923.288302,52.8,1954976000.0
1924.302158,52.6,1955976192.0
1925.310087,52.7,1956975872.0
1926.318369,53.0,1957976576.0
1927.329232,52.7,1958975360.0
1928.340175,52.5,1960025600.0
1929.352803,52.9,1961025536.0
1930.360707,52.5,1962025984.0
1931.368812,52.7,1963026176.0
1932.379940,52.5,1964024832.0
1933.392451,53.0,1965075712.0
1934.403016,52.6,1966075648.0
1935.410654,52.9,1967075456.0
1936.418070,52.8,1968075136.0
1937.428897,52.6,1969075456.0
1938.444029,53.1,1970125696.0
1939.452922,52.8,1971124352.0
1940.460028,52.8,1972125824.0
1941.467344,53.0,1973876352.0
1943.206032,53.1,1974874112.0
1944.213059,53.0,1975875840.0
1945.220895,52.7,1977875712.0
1947.207315,52.8,1978876416.0
1948.215033,52.6,1979875072.0
1949.224024,52.9,1980873984.0
1950.232047,53.0,1981875456.0
1951.247014,53.1,1982925696.0
1952.255883,53.1,1983925504.0
1953.263820,52.7,1985874816.0
1955.206592,53.0,1986873600.0
1956.214023,52.7,1987875584.0
1957.222434,52.9,1988873984.0
1958.231040,52.9,1989873664.0
1959.241162,52.7,1990924800.0
1960.251629,52.9,1991924992.0
1961.257925,52.9,1993875840.0
1963.207024,52.8,1994874368.0
1964.214049,52.7,1995874048.0
1965.225036,52.9,1996874624.0
1966.235098,53.1,1997925888.0
1967.249213,52.7,1998924800.0
1968.257023,53.3,1999926016.0
1969.264559,52.9,2001874816.0
1971.207635,52.8,2002875392.0
1972.214027,53.0,2003875072.0
1973.224028,52.9,2004875520.0
1974.233020,52.8,2005926400.0
1975.247768,53.3,2006926592.0
1976.257072,52.9,2007925760.0
1977.264484,53.1,2009874944.0
1979.206013,53.2,2010874624.0
1980.212023,53.0,2011875456.0
1981.220476,53.0,2012875648.0
1982.230592,52.8,2013875328.0
1983.242509,52.9,2014925696.0
1984.252029,52.8,2015926144.0
1985.259053,53.0,2017875712.0
1987.206032,53.0,2018876032.0
1988.213017,52.7,2019875200.0
1989.220937,52.8,2020874752.0
1990.230833,52.9,2021875200.0
1991.240036,52.7,2022926464.0
1992.253036,53.0,2023925120.0
1993.259082,53.0,2025874176.0
1995.205268,53.0,2026874624.0
1996.215523,53.1,2027874816.0
1997.227227,52.9,2028875648.0
1998.236018,53.0,2029926400.0
1999.250326,53.0,2030925056.0
2000.259056,53.1,2031925120.0
2001.266634,53.2,2032924672.0
2002.276022,53.0,2033925632.0
2003.284028,,
2009.292035,,
2015.300352,52.9,2050024448.0
2019.368043,53.2,2051024768.0
2020.379053,53.3,2052025344.0
2021.390056,53.1,2053074560.0
2022.401796,53.0,2054075136.0
2023.409804,53.0,2055074944.0
2024.419063,53.1,2056074496.0
2025.429047,53.3,2057075072.0
2026.440714,53.0,2058125696.0
2027.452014,52.9,2059124864.0
2028.458016,53.1,2060124544.0
2029.464013,53.3,2061124736.0
2030.474516,53.1,2062124672.0
2031.484794,52.9,2063174656.0
2032.499536,53.1,2064174848.0
2033.508072,53.5,2065174528.0
2034.516052,53.3,2066174592.0
2035.526868,53.2,2067174784.0
2036.537161,53.5,2068225152.0
2037.551025,53.2,2069224960.0
2038.558629,53.4,2070224384.0
2039.566485,53.1,2071224064.0
2040.577409,53.1,2072224640.0
2041.587424,53.2,2073274368.0
2042.601754,53.0,2074275968.0
2043.609881,53.0,2075275776.0
2044.617596,53.5,2076275200.0
2045.629033,53.4,2077274880.0
2046.641836,53.4,2078325760.0
2047.652351,53.2,2079324416.0
2048.660052,53.3,2080324736.0
2049.667659,53.0,2081324544.0
2050.679113,53.0,2082324352.0
2051.690794,53.1,2083374848.0
2052.702301,53.3,2084374144.0
2053.710058,53.0,2085375488.0
2054.718049,53.2,2086374784.0
2055.728530,53.1,2087374976.0
2056.739568,53.6,2088425088.0
2057.751576,53.2,2089424640.0
2058.759089,53.1,2090424704.0
2059.767059,53.4,2091425408.0
2060.778579,53.3,2092424832.0
2061.788197,53.2,2093474560.0
2062.802041,53.3,2094475264.0
2063.809708,53.2,2095474176.0
2064.818316,53.3,2096474368.0
2065.829847,53.3,2097474688.0
2066.845951,53.3,2098523904.0
2067.856286,53.5,2099523840.0
2068.863946,53.3,2100525440.0
2069.875054,53.4,2101522560.0
2070.884030,53.3,2102574976.0
2071.898042,53.2,2103573888.0
2072.906080,52.8,2104573440.0
2073.914224,53.1,2105574144.0
2074.925400,53.2,2106572928.0
2075.936138,53.5,2107623168.0
2076.950080,53.0,2108624512.0
2077.958242,53.3,2109624576.0
2078.965934,53.3,2110623744.0
2079.976683,53.4,2111624064.0
2080.986855,53.4,2112674816.0
2082.001120,53.2,2113674240.0
2083.008036,53.2,2114674560.0
2084.015850,53.3,2115674368.0
2085.028634,53.4,2116675584.0
2086.039615,53.1,2117724928.0
2087.052053,53.3,2118725632.0
2088.059037,53.3,2119725312.0
2089.066543,53.3,2120724352.0
2090.078023,53.3,2121724672.0
2091.088023,53.1,2122774400.0
2092.100721,53.3,2123775232.0
2093.108323,53.2,2124773760.0
2094.115569,53.4,2125775104.0
2095.126027,53.5,2126774144.0
2096.135053,53.4,2127824384.0
2097.149667,53.1,2128823168.0
2098.157520,53.3,2129824896.0
2099.164013,53.4,2130824576.0
2100.173787,53.3,2131824128.0
2101.184313,53.4,2132873728.0
2102.199141,53.3,2133874048.0
2103.207342,53.4,2134874752.0
2104.215028,53.1,2135874816.0
2105.227066,53.2,2136873728.0
2106.237018,53.4,2137924224.0
2107.250639,53.3,2138924032.0
2108.258770,53.5,2139924736.0
2109.266013,53.4,2140923776.0
2110.275600,53.3,2141924864.0
2111.285494,53.8,2142974080.0
2112.299054,53.4,2143974784.0
2113.307044,53.4,2144973952.0
2114.314588,53.3,2145973760.0
2115.327343,53.2,2146974592.0
2116.339493,53.3,2148024320.0
2117.351044,53.2,2149024256.0
2118.358030,53.3,2150024448.0
2119.365704,53.6,2151023872.0
2120.375919,53.2,2152025088.0
2121.384859,53.6,2153074432.0
2122.398639,53.6,2154073856.0
2123.407659,,
2129.416379,,
2135.423405,53.5,2170174976.0
2139.501759,53.4,2171174656.0
2140.509986,53.4,2172175360.0
2141.517038,53.4,2173174528.0
2142.528503,53.3,2174174464.0
2143.545108,53.5,2175223552.0
2144.554800,53.4,2176223744.0
2145.562642,53.3,2177223424.0
2146.572019,53.6,2178224128.0
2147.581527,53.6,2179274752.0
2148.596420,53.5,2180275968.0
2149.606062,53.6,2181273856.0
2150.613819,53.5,2182274560.0
2151.625138,53.7,2183275008.0
2152.635210,53.4,2184324096.0
2153.649066,53.6,2185323008.0
2154.657049,53.4,2186323712.0
2155.664846,53.4,2187324160.0
2156.675875,53.7,2188324608.0
2157.685698,53.4,2189373696.0
2158.699988,53.5,2190373632.0
2159.707889,53.5,2191373824.0
2160.715828,53.6,2192373248.0
2161.726549,53.5,2193374208.0
2162.737175,53.6,2194424320.0
2163.750488,53.5,2195423744.0
2164.758494,53.6,2196423680.0
2165.764933,53.6,2197423616.0
2166.775122,53.5,2198424832.0
2167.784881,53.5,2199473664.0
2168.799904,53.5,2200473600.0
2169.807682,53.4,2201474560.0
2170.815733,53.3,2202473728.0
2171.827235,53.6,2203473152.0
2172.838801,53.5,2204524032.0
2173.850831,53.5,2205524480.0
2174.858806,53.4,2206523136.0
2175.866693,53.2,2207524096.0
2176.878126,53.4,2208523264.0
2177.894179,53.8,2209574400.0
2178.904320,54.1,2210573568.0
2179.911861,53.5,2211573504.0
2180.922533,53.4,2212573952.0
2181.932017,53.5,2213623552.0
2182.947015,53.6,2214623744.0
2183.955038,53.6,2215624192.0
2184.962500,53.4,2216623616.0
2185.973201,53.6,2217624576.0
2186.983535,53.8,2218673664.0
2187.998088,53.9,2219674112.0
2189.006441,53.7,2220673536.0
2190.014597,53.6,2221672704.0
2191.025284,53.2,2222673408.0
2192.035176,53.7,2223724288.0
2193.049801,54.0,2224723200.0
2194.057530,53.6,2225723904.0
2195.065506,53.8,2226723840.0
2196.075972,53.7,2227722752.0
2197.087173,53.6,2228774144.0
2198.100227,53.8,2229772800.0
2199.107511,53.6,2230774784.0
2200.113037,53.6,2231772672.0
2201.124841,53.4,2232774144.0
2202.134951,53.6,2233824768.0
2203.149013,53.5,2234824704.0
2204.156713,53.7,2235823616.0
2205.164745,53.4,2236824576.0
2206.175849,53.6,2237824512.0
2207.185796,53.3,2238874112.0
2208.199179,53.4,2239873792.0
2209.207219,53.3,2240873472.0
2210.215584,53.5,2241872896.0
2211.227028,53.3,2242873856.0
2212.238435,53.8,2243923712.0
2213.249894,53.7,2244922624.0
2214.257845,53.8,2245923584.0
2215.266330,53.5,2246922752.0
2216.278179,53.6,2247924224.0
2217.294033,53.5,2248973312.0
2218.303040,53.5,2249974016.0
2219.310044,53.7,2250973184.0
2220.319148,53.7,2251972864.0
2221.329801,53.7,2253022976.0
2222.345306,53.6,2254022912.0
2223.354305,53.9,2255023616.0
2224.362378,53.8,2256022784.0
2225.374727,53.8,2257022976.0
2226.384558,53.7,2258072832.0
2227.398774,53.5,2259073536.0
2228.407850,53.8,2260073472.0
2229.417178,53.7,2261073664.0
2230.428298,53.8,2262123008.0
2231.443884,53.8,2263122944.0
2232.453639,53.8,2264123904.0
2233.461863,53.7,2265124352.0
2234.472580,53.7,2266123008.0
2235.482607,53.5,2267173120.0
2236.498644,53.6,2268173568.0
2237.506880,53.8,2269173760.0
2238.514763,53.9,2270172928.0
2239.526639,53.8,2271174400.0
2240.537452,53.7,2272223488.0
2241.550513,54.0,2273223168.0
2242.557051,53.6,2274223872.0
2243.564498,,
2249.572557,,
2255.580037,54.1,2290373888.0
2259.696724,54.0,2291373056.0
2260.704751,54.0,2292373248.0
2261.712664,53.8,2293372672.0
2262.724320,53.9,2294373376.0
2263.734422,53.7,2295423488.0
2264.749308,53.9,2296422656.0
2265.756892,54.2,2297422592.0
2266.765200,53.7,2298423552.0
2267.777193,53.8,2299422976.0
2268.793432,54.1,2300472832.0
2269.802927,53.6,2301474048.0
2270.810404,54.1,2302472960.0
2271.821030,54.0,2303473664.0
2272.831035,53.9,2304523264.0
2273.844153,53.7,2305522944.0
2274.853926,53.9,2306522880.0
2275.862728,54.1,2307523840.0
2276.874623,53.9,2308523520.0
2277.883747,53.8,2309572608.0
2278.897582,54.1,2310572544.0
2279.906342,53.9,2311573504.0
2280.914172,53.6,2312572928.0
2281.927399,53.9,2313573376.0
2282.943336,53.8,2314622976.0
2283.953059,53.8,2315622912.0
2284.960672,54.1,2316622592.0
2285.970785,53.9,2317622528.0
2286.980460,53.8,2318673152.0
2287.995053,54.0,2319672832.0
2289.003018,54.0,2320672768.0
2290.009884,53.6,2321673728.0
2291.021027,53.9,2322672640.0
2292.030033,53.7,2323723008.0
2293.043931,53.9,2324722432.0
2294.052753,53.9,2325722624.0
2295.060405,54.0,2326722560.0
2296.067699,54.1,2327724288.0
2297.077616,54.0,2328723456.0
2298.092972,53.9,2329773056.0
2299.103129,53.8,2330772736.0
2300.110071,54.2,2331772928.0
2301.119921,53.9,2332772608.0
2302.130052,53.8,2333822720.0
2303.145317,53.7,2334822912.0
2304.153049,54.0,2335822848.0
2305.160088,53.9,2336822784.0
2306.170098,54.0,2337823488.0
2307.179878,54.0,2338873088.0
2308.193125,53.8,2339872768.0
2309.202179,53.9,2340872960.0
2310.209936,53.9,2341872896.0
2311.220305,53.7,2342873344.0
2312.229926,54.1,2343923200.0
2313.245179,54.1,2344922624.0
2314.253553,54.0,2345922304.0
2315.261014,53.7,2346922496.0
2316.271613,54.2,2347922432.0
2317.281016,53.8,2348973056.0
2318.295343,53.9,2349972736.0
2319.303245,54.1,2350972672.0
2320.310884,54.1,2351972608.0
2321.323096,54.0,2352972288.0
2322.332818,53.9,2354022656.0
2323.346987,54.1,2355022592.0
2324.355839,53.6,2356022528.0
2325.363738,53.6,2357021952.0
2326.375086,54.1,2358022656.0
2327.387539,53.8,2359072768.0
2328.398768,54.3,2360072704.0
2329.406965,53.8,2361072896.0
2330.414406,54.4,2362072576.0
2331.425906,54.1,2363073536.0
2332.438042,53.9,2364124160.0
2333.448059,54.3,2365123072.0
2334.455917,54.2,2366122752.0
2335.463011,54.1,2367122432.0
2336.473270,54.0,2368121600.0
2337.482847,54.0,2369172736.0
2338.497065,54.2,2370171648.0
2339.504855,54.2,2371172608.0
2340.513240,54.2,2372173056.0
2341.525196,53.9,2373171200.0
2342.535050,54.2,2374222592.0
2343.547977,54.1,2375223808.0
2344.555069,54.0,2376222720.0
2345.562921,54.0,2377222912.0
2346.573771,54.3,2378222592.0
2347.583618,53.9,2379270912.0
2348.596060,53.6,2380272384.0
2349.604012,53.9,2381272576.0
2350.611749,54.3,2382273280.0
2351.623269,54.1,2383272704.0
2352.631904,53.9,2384322048.0
2353.645968,54.1,2385321728.0
2354.653029,54.2,2386322432.0
2355.660152,54.1,2387321088.0
2356.671039,53.8,2388321792.0
2357.680678,54.2,2389372928.0
2358.695051,54.1,2390371840.0
2359.703497,54.1,2391372288.0
2360.711351,53.8,2392372736.0
2361.723020,54.1,2393371648.0
2362.732028,54.1,2394422528.0
2363.745054,,
2369.752028,54.2,2405571072.0
2374.895123,53.8,2406572032.0
2375.903286,54.1,2407573248.0
2376.910812,53.8,2408574208.0
2377.922268,53.9,2409571584.0
2378.932028,54.2,2410871808.0
2380.203188,54.2,2411871232.0
2381.210610,54.1,2412871168.0
2382.222077,54.3,2414171392.0
2383.501901,54.0,2415171584.0
2384.509060,54.1,2416171776.0
2385.520035,54.3,2417171456.0
2386.529573,54.1,2418222848.0
2387.544052,54.2,2419222528.0
2388.552360,53.9,2420221696.0
2389.559022,54.3,2421872640.0
2391.203014,54.1,2422871808.0
2392.209028,54.3,2423870976.0
2393.219027,53.9,2425871360.0
2395.204036,54.4,2426871552.0
2396.210022,54.1,2427871488.0
2397.221029,54.4,2428873472.0
2398.230017,54.2,2429923072.0
2399.243034,54.0,2430923520.0
2400.251030,54.2,2431921920.0
2401.258018,54.0,2433872640.0
2403.203033,54.1,2435872000.0
2405.227502,54.3,2436922880.0
2406.242014,54.1,2437922560.0
2407.250016,54.5,2438921728.0
2408.256405,53.9,2439922176.0
2409.264023,54.4,2441871616.0
2411.204062,54.2,2442871808.0
2412.211023,54.3,2443872000.0
2413.221754,54.3,2444870912.0
2414.231020,54.2,2445923072.0
2415.244681,54.3,2446923008.0
2416.253424,54.1,2447922688.0
2417.260904,54.4,2449871616.0
2419.203024,53.8,2450871808.0
2420.218039,54.2,2451871232.0
2421.227908,54.4,2452923136.0
2422.243024,54.2,2453922816.0
2423.251039,54.0,2454923008.0
2424.258021,54.0,2455921920.0
2425.266854,54.3,2457872640.0
2427.203020,54.4,2458871552.0
2428.215022,54.1,2459870720.0
2429.224017,54.1,2460872704.0
2430.234049,54.2,2461922048.0
2431.246051,54.3,2462921216.0
2432.252740,54.2,2463922432.0
2433.260031,54.2,2465870592.0
2435.206016,54.2,2466870272.0
2436.219044,54.4,2467870720.0
2437.228028,54.2,2468921856.0
2438.241039,54.4,2469922816.0
2439.250011,54.1,2470921728.0
2440.257230,54.1,2471922688.0
2441.265014,54.3,2472922368.0
2442.274030,54.5,2473922304.0
2443.284031,54.2,2475870720.0
2445.203026,54.1,2476871168.0
2446.209933,54.3,2477871104.0
2447.220040,54.0,2478871552.0
2448.229036,54.4,2479921664.0
2449.244050,54.2,2480921856.0
2450.252213,54.1,2481920768.0
2451.259391,54.3,2482920960.0
2452.270039,54.3,2483921408.0
2453.279118,54.3,2484971520.0
2454.294745,54.2,2485970688.0
2455.302028,54.3,2486971648.0
2456.309662,54.3,2487972352.0
2457.320014,54.5,2488971008.0
2458.329036,54.1,2490020864.0
2459.343434,54.1,2491020544.0
2460.351348,54.2,2492022016.0
2461.358968,54.1,2493020928.0
2462.370125,54.1,2494021632.0
2463.380016,54.4,2495070976.0
2464.394285,54.1,2496071680.0
2465.402030,54.0,2497071872.0
2466.409060,54.3,2498070784.0
2467.419026,54.3,2499071488.0
2468.428300,54.3,2500121344.0
2469.443587,54.1,2501121536.0
2470.451013,54.3,2502121472.0
2471.458246,54.4,2503121408.0
2472.469449,54.0,2504120576.0
2473.479397,54.3,2505172736.0
2474.495336,54.5,2506171392.0
2475.502017,54.4,2507171328.0
2476.509023,54.4,2508171008.0
2477.519530,54.4,2509171712.0
2478.529064,54.2,2510221824.0
2479.543011,54.1,2511221248.0
2480.550019,54.3,2512221696.0
2481.557458,54.4,2513221888.0
2482.568800,54.2,2514221056.0
2483.578063,,
2489.584618,,
2495.592060,54.3,2530370816.0
2499.694790,54.3,2531371008.0
2500.702063,54.1,2532370688.0
2501.709710,54.4,2533370624.0
2502.720033,54.4,2534371072.0
2503.729033,54.2,2535421184.0
2504.743656,54.5,2536420864.0
2505.751011,54.3,2537420544.0
2506.758036,54.2,2538420736.0
2507.768025,54.6,2539420672.0
2508.777029,54.3,2540470784.0
2509.792178,54.4,2541470720.0
2510.800399,54.4,2542470912.0
2511.808054,54.0,2543470848.0
2512.818743,54.4,2544470784.0
2513.827301,54.3,2545521664.0
2514.842323,54.2,2546521344.0
2515.850026,54.5,2547520000.0
2516.857396,54.4,2548520960.0
2517.868103,54.6,2549520896.0
2518.878015,54.4,2550571008.0
2519.893034,54.3,2551570688.0
2520.901017,54.1,2552571392.0
2521.908611,54.2,2553570304.0
2522.919452,54.3,2554570496.0
2523.929065,54.5,2555619840.0
2524.943096,54.5,2556621056.0
2525.951026,54.3,2557621248.0
2526.958649,54.4,2558620416.0
2527.969033,54.5,2559620608.0
2528.977623,54.4,2560670976.0
2529.992815,54.6,2561670400.0
2531.000039,54.4,2562671104.0
2532.007465,54.6,2563670528.0
2533.018026,54.4,2564670464.0
2534.026710,54.6,2565721600.0
2535.040512,54.6,2566720512.0
2536.048059,54.7,2567720448.0
2537.054029,54.5,2568719616.0
2538.061048,54.2,2569720576.0
2539.072684,54.4,2570720512.0
2540.082018,54.6,2571771392.0
2541.094231,54.5,2572770560.0
2542.101054,54.6,2573769984.0
2543.108879,54.2,2574770176.0
2544.120015,54.4,2575770112.0
2545.129046,54.4,2576819968.0
2546.142029,54.4,2577820672.0
2547.149031,54.4,2578820608.0
2548.156344,54.4,2579820032.0
2549.167087,54.3,2580820736.0
2550.176724,54.5,2581870592.0
2551.192168,54.4,2582870016.0
2552.199022,54.4,2583870208.0
2553.206015,54.6,2584870656.0
2554.217017,54.5,2585869824.0
2555.226057,54.4,2586921216.0
2556.242080,54.4,2587920384.0
2557.249011,54.7,2588921088.0
2558.255061,54.6,2589920000.0
2559.265015,54.2,2590919936.0
2560.274600,54.8,2591970816.0
2561.289854,54.6,2592970496.0
2562.298016,54.3,2593970432.0
2563.305451,54.2,2594969856.0
2564.316034,54.4,2595970816.0
2565.325790,54.5,2597019904.0
2566.341326,54.6,2598019584.0
2567.349021,54.4,2599020032.0
2568.356027,54.5,2600020224.0
2569.366683,54.4,2601019904.0
2570.376327,54.2,2602070528.0
2571.390940,54.6,2603070720.0
2572.398018,54.5,2604070144.0
2573.405128,54.2,2605070080.0
2574.415034,54.5,2606069760.0
2575.424034,54.2,2607120128.0
2576.438943,54.2,2608118016.0
2577.448015,54.5,2609120512.0
2578.454032,54.8,2610119936.0
2579.463015,54.8,2611120640.0
2580.472582,54.4,2612169984.0
2581.487027,54.3,2613170432.0
2582.496062,54.4,2614168832.0
2583.503885,54.6,2615170304.0
2584.511049,54.5,2616170496.0
2585.522065,54.3,2617218560.0
2586.536651,54.5,2618218496.0
2587.545062,54.6,2619218432.0
2588.552024,54.2,2620218368.0
2589.560755,54.3,2621218048.0
2590.571040,54.3,2622267648.0
2591.585019,54.6,2623269120.0
2592.593805,54.2,2624270592.0
2593.601032,54.7,2625269504.0
2594.608064,54.4,2626269440.0
2595.618584,54.5,2627270400.0
2596.627827,54.5,2628320000.0
2597.641776,54.4,2629319936.0
2598.649040,54.4,2630319872.0
2599.656693,54.6,2631318016.0
2600.667053,54.5,2632317696.0
2601.676031,54.6,2633367808.0
2602.689897,54.5,2634369536.0
2603.697039,,
2609.705063,,
2615.712061,54.7,2650469888.0
2619.820033,54.8,2651468800.0
2620.832019,54.6,2652520960.0
2621.843340,54.7,2653520384.0
2622.851337,54.4,2654519808.0
2623.859066,54.3,2655520256.0
2624.870032,54.7,2656519680.0
2625.880020,54.6,2657569792.0
2626.892164,54.7,2658570240.0
2627.899015,54.6,2659569664.0
2628.906020,54.6,2660570368.0
2629.916016,54.8,2661570304.0
2630.925463,54.4,2662619904.0
2631.940030,54.6,2663620096.0
2632.948024,54.7,2664620544.0
2633.955303,54.3,2665620224.0
2634.966016,54.6,2666619392.0
2635.975487,54.6,2667670016.0
2636.990987,54.7,2668669184.0
2637.998022,54.7,2669670656.0
2639.005107,54.6,2670669568.0
2640.017030,54.6,2671668992.0
2641.026023,54.6,2672720128.0
2642.040910,54.7,2673719040.0
2643.048022,54.7,2674718976.0
2644.054065,54.4,2675719680.0
2645.064019,54.6,2676718592.0
2646.074042,54.7,2677769984.0
2647.088054,54.6,2678769152.0
2648.096832,54.4,2679769600.0
2649.104310,54.4,2680770304.0
2650.115021,54.7,2681769472.0
2651.124057,54.7,2682819584.0
2652.139241,54.8,2683819264.0
2653.147017,54.5,2684818944.0
2654.153815,54.8,2685818880.0
2655.164010,54.8,2686819328.0
2656.173715,54.5,2687868928.0
2657.187741,54.7,2688870144.0
2658.196719,54.6,2689869056.0
2659.204164,54.5,2690868480.0
2660.213404,54.5,2691869440.0
2661.223103,54.8,2692919808.0
2662.237030,54.4,2693919744.0
2663.245052,54.8,2694920192.0
2664.252480,54.6,2695919616.0
2665.260046,54.7,2696918528.0
2666.270052,54.8,2697919488.0
2667.281034,54.6,2698969088.0
2668.290822,54.7,2699969536.0
2669.298025,54.5,2700968960.0
2670.305805,54.8,2701970176.0
2671.316027,54.6,2702970112.0
2672.325034,54.7,2704019200.0
2673.340291,54.4,2705020416.0
2674.348017,54.6,2706019840.0
2675.355035,54.9,2707019520.0
2676.364015,54.8,2708020480.0
2677.373831,54.9,2709070080.0
2678.387837,54.6,2710069504.0
2679.396218,54.8,2711068928.0
2680.403373,54.7,2712070400.0
2681.411015,54.8,2713069312.0
2682.420488,54.9,2714118912.0
2683.435514,54.7,2715118848.0
2684.445068,54.8,2716119552.0
2685.453282,54.7,2717119744.0
2686.463019,55.0,2718119424.0
2687.472668,54.8,2719169024.0
2688.486059,54.6,2720168448.0
2689.494427,55.0,2721168640.0
2690.502067,54.8,2722168832.0
2691.511442,54.6,2723169024.0
2692.521052,54.7,2724219392.0
2693.535876,55.0,2725218560.0
2694.544042,55.0,2726218496.0
2695.551833,54.7,2727218688.0
2696.560360,55.2,2728217856.0
2697.570132,54.8,2729269248.0
2698.584030,54.8,2730268672.0
2699.593495,54.7,2731268608.0
2700.602089,54.9,2732268800.0
2701.610149,54.8,2733268480.0
2702.620063,54.5,2734318336.0
2703.634939,54.7,2735319040.0
2704.644047,54.7,2736318464.0
2705.651057,54.6,2737318912.0
2706.659857,54.8,2738319360.0
2707.670028,54.8,2739368192.0
2708.685031,55.0,2740367872.0
2709.694187,54.6,2741368832.0
2710.702035,54.7,2742369024.0
2711.713020,54.9,2743368448.0
2712.722014,54.5,2744419072.0
2713.736029,55.0,2745418752.0
2714.744071,54.9,2746418944.0
2715.752238,54.7,2747418624.0
2716.761049,54.7,2748418816.0
2717.770012,55.0,2749469440.0
2718.784631,54.9,2750468352.0
2719.794021,54.7,2751468288.0
2720.801021,54.8,2752468992.0
2721.808024,54.6,2753469696.0
2722.818968,54.9,2754469632.0
2723.834022,,
2729.838539,,
2735.844053,55.0,2770617088.0
2739.944046,54.6,2771617024.0
2740.951028,54.7,2772617728.0
2741.962023,54.8,2773616896.0
2742.971057,55.0,2774668800.0
2743.985146,54.8,2775666944.0
2744.993048,54.8,2776666880.0
2746.000026,55.0,2777668096.0
2747.008491,54.7,2778668800.0
2748.019661,54.9,2779719936.0
2749.034963,54.9,2780717824.0
2750.043071,54.9,2781718784.0
2751.051242,54.8,2782718464.0
2752.060049,54.8,2783718656.0
2753.070445,54.9,2784769024.0
2754.084034,54.6,2785768192.0
2755.093044,55.1,2786768896.0
2756.101034,55.0,2787769088.0
2757.110074,54.9,2788769792.0
2758.120033,55.3,2789818624.0
2759.134343,54.9,2790818560.0
2760.143249,55.1,2791818752.0
2761.151355,54.8,2792818432.0
2762.162038,55.0,2793816576.0
2763.171038,54.7,2794867456.0
2764.186109,55.0,2795866624.0
2765.194710,54.9,2796866560.0
2766.202105,55.0,2797868288.0
2767.212029,54.6,2798868480.0
2768.221033,54.9,2799918848.0
2769.236039,54.7,2800918016.0
2770.244031,54.9,2801917952.0
2771.251033,54.9,2802918400.0
2772.260090,54.9,2803918080.0
2773.270330,55.3,2804968704.0
2774.284965,55.0,2805966848.0
2775.293026,54.9,2806968320.0
2776.301097,55.3,2807968000.0
2777.311016,54.8,2808968192.0
2778.320053,55.0,2810018560.0
2779.334202,55.2,2811017984.0
2780.343046,54.9,2812017920.0
2781.350029,55.3,2813018624.0
2782.359033,55.1,2814018048.0
2783.369948,55.0,2815069440.0
2784.384056,54.8,2816068608.0
2785.392787,55.0,2817066496.0
2786.401050,54.6,2818066944.0
2787.410041,54.9,2819066624.0
2788.419024,54.7,2820116992.0
2789.433023,54.9,2821116416.0
2790.442467,54.7,2822116864.0
2791.450053,54.9,2823116544.0
2792.459573,54.9,2824116224.0
2793.470029,54.7,2825166336.0
2794.484767,54.8,2826167552.0
2795.493192,55.0,2827166208.0
2796.501033,55.0,2828166912.0
2797.511019,54.9,2829168640.0
2798.520161,54.9,2830218752.0
2799.534014,55.1,2831218944.0
2800.542853,55.3,2832218368.0
2801.551026,55.0,2833218560.0
2802.559055,54.8,2834218496.0
2803.569042,55.0,2835267840.0
2804.583034,54.8,2836268544.0
2805.592049,54.9,2837267968.0
2806.600031,55.0,2838268672.0
2807.610070,55.0,2839268352.0
2808.620013,54.9,2840318720.0
2809.633795,55.0,2841318400.0
2810.642028,54.9,2842318336.0
2811.650539,55.0,2843318528.0
2812.661050,55.0,2844318720.0
2813.671031,54.9,2845367808.0
2814.685922,54.8,2846368000.0
2815.694021,55.0,2847367424.0
2816.700060,55.0,2848368128.0
2817.711020,55.0,2849367808.0
2818.720029,55.2,2850418944.0
2819.734608,55.0,2851416832.0
2820.742978,54.8,2852417024.0
2821.750329,55.1,2853417728.0
2822.761014,54.9,2854418688.0
2823.770027,54.9,2855469056.0
2824.784380,55.1,2856467712.0
2825.792901,55.3,2857467392.0
2826.800032,55.2,2858468608.0
2827.810052,55.2,2859468800.0
2828.820626,55.1,2860518144.0
2829.834834,54.7,2861517824.0
2830.843051,55.0,2862516736.0
2831.850038,55.3,2863518464.0
2832.860035,55.3,2864517376.0
2833.870102,55.0,2865569024.0
2834.884469,55.2,2866567936.0
2835.892956,55.0,2867567616.0
2836.900600,54.9,2868567808.0
2837.912017,55.1,2869567744.0
2838.921464,55.1,2870617856.0
2839.935395,55.3,2871618560.0
2840.943040,55.1,2872616960.0
2841.951021,55.0,2873618432.0
2842.960046,54.9,2874617856.0
2843.969025,,
2849.975933,,
2855.984288,55.2,2890717696.0
2860.080013,55.1,2891766272.0
2861.089433,54.8,2892767744.0
2862.096019,55.2,2893766912.0
2863.103422,55.3,2894767872.0
2864.115647,55.0,2895767552.0
2865.130018,55.3,2896817664.0
2866.139030,55.0,2897817088.0
2867.146013,55.1,2898817024.0
2868.153980,55.0,2899817984.0
2869.165029,55.2,2900817664.0
2870.180014,55.1,2901867520.0
2871.189570,55.3,2902867456.0
2872.197016,55.1,2903868160.0
2873.204066,55.1,2904867584.0
2874.215016,55.3,2905867520.0
2875.224835,55.2,2906917376.0
2876.236025,55.3,2907917568.0
2877.243060,54.8,2908917504.0
2878.250030,55.0,2909917696.0
2879.260046,55.1,2910917632.0
2880.269817,55.6,2911967232.0
2881.284298,55.1,2912967680.0
2882.292061,55.0,2913967360.0
2883.299675,55.2,2914967296.0
2884.309046,54.8,2915967744.0
2885.319096,55.1,2917017600.0
2886.333021,55.5,2918018560.0
2887.341578,55.0,2919016704.0
2888.349026,55.2,2920017408.0
2889.357626,55.3,2921017600.0
2890.367411,55.3,2922067712.0
2891.381840,55.2,2923067136.0
2892.390816,55.1,2924067328.0
2893.398034,55.3,2925067264.0
2894.409060,55.1,2926067200.0
2895.419293,55.3,2927117568.0
2896.434311,55.3,2928116480.0
2897.442030,55.2,2929117440.0
2898.449601,55.0,2930117120.0
2899.460066,55.2,2931117056.0
2900.469020,55.2,2932167936.0
2901.482028,55.3,2933166592.0
2902.490552,55.2,2934167040.0
2903.498015,55.1,2935168000.0
2904.507015,55.2,2936167680.0
2905.516059,55.0,2937217280.0
2906.530015,55.3,2938217216.0
2907.539062,55.1,2939217408.0
2908.546028,55.6,2940217600.0
2909.554038,55.0,2941216768.0
2910.564042,55.3,2942216192.0
2911.579012,55.0,2943268864.0
2912.588021,55.2,2944266240.0
2913.594026,55.0,2945266944.0
2914.600060,55.1,2946266880.0
2915.611036,55.2,2947266048.0
2916.620040,55.3,2948317440.0
2917.633986,55.0,2949317376.0
2918.641028,55.5,2950316800.0
2919.649029,55.0,2951317760.0
2920.659063,55.3,2952317696.0
2921.669538,54.9,2953366272.0
2922.683038,55.5,2954366976.0
2923.691116,55.2,2955367424.0
2924.698027,55.2,2956366848.0
2925.707930,55.2,2957367040.0
2926.717961,54.9,2958417152.0
2927.732717,55.2,2959416832.0
2928.741028,55.3,2960416000.0
2929.749961,55.3,2961416704.0
2930.760043,55.1,2962417664.0
2931.769570,55.2,2963467008.0
2932.783034,55.0,2964466432.0
2933.791260,55.3,2965468160.0
2934.799029,55.5,2966467584.0
2935.808029,55.4,2967466752.0
2936.818846,55.4,2968516608.0
2937.832052,55.0,2969516288.0
2938.840041,55.3,2970516224.0
2939.848013,54.8,2971517184.0
2940.858470,55.1,2972516608.0
2941.868491,55.4,2973566976.0
2942.882467,55.0,2974567424.0
2943.890531,55.2,2975567360.0
2944.897027,55.0,2976566528.0
2945.907044,55.3,2977568256.0
2946.916108,55.3,2978617856.0
2947.929013,55.3,2979616512.0
2948.937021,55.6,2980616448.0
2949.943019,55.2,2981616640.0
2950.950585,55.4,2982617088.0
2951.961048,55.2,2983616256.0
2952.970554,55.3,2984666368.0
2953.983072,55.0,2985667072.0
2954.990935,55.0,2986667008.0
2955.999710,55.1,2987665920.0
2957.011040,55.1,2988667392.0
2958.020031,55.3,2989717760.0
2959.033342,55.0,2990715904.0
2960.041035,55.5,2991716608.0
2961.049025,55.4,2992716544.0
2962.059026,55.5,2993716480.0
2963.068023,55.5,2994767104.0
2964.081031,,
2970.089482,,
2976.097059,55.3,3010865920.0
2980.201536,55.5,3011864832.0
2981.212026,55.3,3012914432.0
2982.226049,55.3,3013914880.0
2983.236953,55.3,3014914816.0
2984.244674,55.2,3015916288.0
2985.252034,55.3,3016915968.0
2986.262021,55.5,3017916160.0
2987.272168,55.0,3018966272.0
2988.283049,55.5,3019964928.0
2989.290024,55.6,3020965376.0
2990.297021,55.3,3021965056.0
2991.307063,55.0,3022964736.0
2992.317419,55.5,3024015616.0
2993.331026,55.1,3025014528.0
2994.338905,55.3,3026016512.0
2995.345049,55.2,3027014144.0
2996.353372,55.0,3028015104.0
2997.363033,55.2,3029064960.0
2998.378037,55.5,3030064640.0
2999.386020,55.3,3031064576.0
3000.392043,55.1,3032064512.0
3001.400144,55.3,3033065984.0
3002.411016,55.3,3034065920.0
3003.422031,55.4,3035115776.0
3004.432888,55.4,3036116736.0
3005.440819,55.1,3037116160.0
3006.449206,55.3,3038116096.0
3007.460048,55.3,3039115776.0
3008.470281,55.1,3040166144.0
3009.482053,55.5,3041165824.0
3010.490050,55.4,3042165504.0
3011.498038,55.3,3043166720.0
3012.510061,55.2,3044165632.0
3013.521469,55.4,3045215744.0
3014.532628,55.5,3046216448.0
3015.540064,55.3,3047215872.0
3016.547016,55.2,3048216576.0
3017.556027,55.1,3049216512.0
3018.565407,55.0,3050265856.0
3019.579028,55.4,3051265536.0
3020.587589,55.3,3052266496.0
3021.595291,55.5,3053265920.0
3022.606717,55.7,3054265856.0
3023.616052,55.5,3055315712.0
3024.630016,55.7,3056315136.0
3025.638391,55.3,3057316096.0
3026.646021,55.3,3058314496.0
3027.655027,55.5,3059314176.0
3028.664032,55.4,3060364800.0
3029.680060,55.5,3061363712.0
3030.687890,55.3,3062364672.0
3031.694019,55.3,3063364096.0
3032.700362,55.5,3064363520.0
3033.711591,55.1,3065414912.0
3034.726046,55.3,3066414080.0
3035.735039,55.3,3067415808.0
3036.742030,55.3,3068414720.0
3037.749798,55.7,3069416192.0
3038.760043,55.4,3070415616.0
3039.770021,55.1,3071464448.0
3040.780028,55.7,3072464128.0
3041.787927,55.3,3073465600.0
3042.795016,55.7,3074465024.0
3043.803025,55.3,3075466240.0
3044.812033,55.3,3076516096.0
3045.826060,55.2,3077515520.0
3046.835563,55.4,3078515712.0
3047.843043,55.4,3079515648.0
3048.851180,55.6,3080515584.0
3049.861477,55.5,3081516032.0
3050.876648,55.5,3082566144.0
3051.886438,55.3,3083566592.0
3052.894255,55.3,3084564224.0
3053.904445,55.3,3085564160.0
3054.914033,55.5,3086614528.0
3055.927953,55.2,3087615232.0
3056.936030,55.7,3088614656.0
3057.943197,55.3,3089616384.0
3058.952510,55.3,3090613760.0
3059.961022,55.6,3091664384.0
3060.975024,55.5,3092665344.0
3061.984029,55.3,3093665280.0
3062.991018,55.3,3094666496.0
3063.999567,55.3,3095665664.0
3065.010019,55.2,3096665856.0
3066.021410,56.0,3097715456.0
3067.031288,55.4,3098716160.0
3068.038920,55.3,3099714560.0
3069.046063,55.3,3100713472.0
3070.056958,55.3,3101713920.0
3071.067493,55.5,3102765568.0
3072.080695,55.8,3103765504.0
3073.088037,55.3,3104765696.0
3074.095048,55.7,3105765376.0
3075.105968,55.5,3106765568.0
3076.115042,55.7,3107816704.0
3077.129038,55.7,3108815360.0
3078.136935,55.3,3109815808.0
3079.143968,55.6,3110815232.0
3080.155022,55.5,3111815168.0
3081.164041,55.8,3112866048.0
3082.178018,55.7,3113864960.0
3083.186691,55.5,3114865664.0
3084.193044,,
3090.200029,,
3096.208029,55.5,3130915072.0
3100.274335,55.5,3131963648.0
3101.284910,55.5,3132963584.0
3102.292509,55.5,3133965056.0
3103.302282,55.6,3134963712.0
3104.312037,56.0,3136015616.0
3105.326017,55.5,3137015040.0
3106.335473,55.7,3138015232.0
3107.343060,55.7,3139015168.0
3108.352402,55.7,3140014592.0
3109.362833,55.5,3141064960.0
3110.377020,55.6,3142065408.0
3111.385383,55.5,3143066112.0
3112.393049,55.5,3144065280.0
3113.400026,55.5,3145064704.0
3114.410019,55.7,3146114048.0
3115.424016,55.3,3147113728.0
3116.433280,55.3,3148113664.0
3117.441025,55.5,3149113600.0
3118.448015,55.4,3150113792.0
3119.459035,55.3,3151164160.0
3120.473054,55.3,3152163584.0
3121.482662,55.5,3153164800.0
3122.489030,55.5,3154164224.0
3123.495045,55.3,3155163648.0
3124.505843,55.1,3156164864.0
3125.514754,55.7,3157214976.0
3126.528046,55.7,3158214144.0
3127.536641,55.5,3159213824.0
3128.544016,55.5,3160214528.0
3129.554047,55.5,3161213696.0
3130.562777,55.8,3162265856.0
3131.576121,55.8,3163265280.0
3132.584969,55.5,3164265472.0
3133.593011,55.5,3165265152.0
3134.601560,55.7,3166263552.0
3135.611909,55.3,3167314944.0
3136.626010,55.3,3168313600.0
3137.633065,55.3,3169315584.0
3138.640042,55.5,3170315008.0
3139.648071,55.5,3171314944.0
3140.659044,55.7,3172363520.0
3141.673436,55.8,3173363712.0
3142.682057,55.2,3174364672.0
3143.688078,55.8,3175364352.0
3144.696956,55.7,3176363776.0
3145.709133,55.3,3177413888.0
3146.723024,55.5,3178414080.0
3147.732246,55.3,3179414016.0
3148.739018,55.8,3180413184.0
3149.746042,55.5,3181413632.0
3150.756446,55.5,3182413312.0
3151.766506,55.7,3183463680.0
3152.778019,55.1,3184463616.0
3153.785632,55.2,3185463552.0
3154.793016,55.5,3186463744.0
3155.802019,55.7,3187464448.0
3156.812008,55.5,3188515072.0
3157.825033,55.5,3189514752.0
3158.834015,55.5,3190514688.0
3159.841016,55.5,3191515136.0
3160.848018,55.7,3192514816.0
3161.857859,55.8,3193515264.0
3162.868646,55.2,3194565376.0
3163.879056,55.8,3195564544.0
3164.886586,55.7,3196564736.0
3165.894055,55.5,3197565184.0
3166.904824,55.8,3198565120.0
3167.913025,55.6,3199613952.0
3168.926019,55.5,3200615424.0
3169.934127,55.7,3201614848.0
3170.941021,55.8,3202614016.0
3171.950895,55.5,3203615232.0
3172.960033,55.6,3204665600.0
3173.974031,55.5,3205664512.0
3174.983539,55.7,3206664448.0
3175.991260,55.7,3207664640.0
3177.002149,55.3,3208665856.0
3178.013305,55.6,3209714432.0
3179.027892,55.7,3210714624.0
3180.036137,55.7,3211714560.0
3181.043686,55.3,3212713984.0
3182.054638,55.8,3213715200.0
3183.064757,55.5,3214764800.0
3184.078334,55.8,3215765248.0
3185.086537,55.5,3216763904.0
3186.095603,55.7,3217764864.0
3187.108040,55.8,3218765056.0
3188.123412,55.5,3219815168.0
3189.132831,55.7,3220814080.0
3190.140017,55.8,3221814784.0
3191.146757,55.8,3222813952.0
3192.157350,55.8,3223863808.0
3193.172047,55.6,3224864512.0
3194.181484,55.7,3225863424.0
3195.189089,55.5,3226864384.0
3196.199042,55.7,3227864576.0
3197.209913,55.8,3228915200.0
3198.224031,55.8,3229914880.0
3199.233108,55.7,3230914048.0
3200.240130,55.5,3231914240.0
3201.249030,55.7,3232914688.0
3202.258010,55.5,3233915904.0
3203.268020,,
3209.277404,,
3215.286042,55.7,3250063616.0
3219.374755,55.4,3251062784.0
3220.384420,55.7,3252063744.0
3221.392037,55.8,3253062656.0
3222.402264,55.5,3254063616.0
3223.412957,55.5,3255113728.0
3224.425947,55.8,3256113152.0
3225.434698,55.3,3257113600.0
3226.442619,55.8,3258113536.0
3227.453058,55.7,3259113216.0
3228.464490,56.2,3260163584.0
3229.478435,55.9,3261164032.0
3230.486118,55.7,3262163456.0
3231.494176,56.1,3263163648.0
3232.506072,55.6,3264214784.0
3233.522101,55.5,3265212672.0
3234.531834,55.8,3266214912.0
3235.539919,55.6,3267214592.0
3236.550980,55.8,3268213504.0
3237.560604,55.8,3269264896.0
3238.575768,56.0,3270264832.0
3239.584105,55.5,3271264512.0
3240.592388,55.8,3272264704.0
3241.603127,55.8,3273266176.0
3242.613031,55.8,3274313984.0
3243.627126,55.8,3275314688.0
3244.635178,55.8,3276314624.0
3245.642690,55.7,3277313280.0
3246.653887,55.6,3278314240.0
3247.664535,55.9,3279364352.0
3248.677013,55.3,3280363520.0
3249.684630,56.0,3281363712.0
3250.692546,56.0,3282364160.0
3251.704028,56.0,3283364608.0
3252.713889,56.4,3284413952.0
3253.727147,56.2,3285414656.0
3254.735133,55.7,3286413568.0
3255.744039,56.2,3287413504.0
3256.754816,56.0,3288413696.0
3257.766300,55.7,3289464576.0
3258.778106,56.0,3290464256.0
3259.784526,55.5,3291463936.0
3260.792729,56.0,3292463616.0
3261.804266,56.0,3293463552.0
3262.815764,55.8,3294514688.0
3263.827705,55.7,3295513344.0
3264.835281,55.9,3296514304.0
3265.843432,55.5,3297514240.0
3266.854905,55.8,3298513920.0
3267.865589,55.8,3299565056.0
3268.877914,56.0,3300563456.0
3269.886607,55.8,3301562880.0
3270.894983,56.5,3302564096.0
3271.907699,55.8,3303613952.0
3272.922180,56.0,3304614656.0
3273.932071,55.7,3305614592.0
3274.940174,56.2,3306614272.0
3275.951466,55.8,3307613696.0
3276.961052,56.5,3308663552.0
3277.975197,55.8,3309664000.0
3278.983767,55.4,3310663680.0
3279.992765,56.0,3311663872.0
3281.004014,55.8,3312664064.0
3282.015510,56.0,3313714176.0
3283.026674,56.1,3314713600.0
3284.034931,55.9,3315715072.0
3285.042909,55.8,3316714752.0
3286.054707,55.7,3317714688.0
3287.066901,56.0,3318764032.0
3288.077097,55.8,3319763712.0
3289.084053,55.5,3320764160.0
3290.091376,56.0,3321763584.0
3291.101748,55.8,3322762752.0
3292.111946,55.5,3323812608.0
3293.125625,55.5,3324812800.0
3294.133457,55.5,3325813248.0
3295.141537,55.8,3326813184.0
3296.153024,56.0,3327812096.0
3297.163876,56.0,3328862976.0
3298.174018,56.0,3329863168.0
3299.181580,55.8,3330862848.0
3300.190116,55.5,3331863296.0
3301.200538,56.0,3332862976.0
3302.210545,55.8,3333912832.0
3303.223023,55.8,3334912512.0
3304.231039,55.6,3335913984.0
3305.239023,56.0,3336913920.0
3306.249765,56.0,3337913600.0
3307.259794,55.7,3338964992.0
3308.275857,55.8,3339964160.0
3309.284276,55.7,3340963584.0
3310.293067,55.7,3341963520.0
3311.304730,55.8,3342963712.0
3312.315528,55.8,3344013568.0
3313.326837,56.0,3345013504.0
3314.334322,55.8,3346014464.0
3315.343038,55.8,3347014656.0
3316.354606,56.0,3348013568.0
3317.365968,56.0,3349062912.0
3318.376423,55.6,3350063360.0
3319.384336,55.7,3351062784.0
3320.392015,55.5,3352062720.0
3321.402617,56.0,3353062656.0
3322.417891,55.7,3354112000.0
3323.427948,,
3329.437742,,
3335.444041,55.8,3370212096.0
3339.568149,56.3,3371261952.0
3340.578578,56.0,3372261632.0
3341.587228,55.7,3373262848.0
3342.597175,56.0,3374263296.0
3343.607021,55.9,3375312896.0
3344.621857,56.0,3376312832.0
3345.630109,55.8,3377313024.0
3346.637930,55.6,3378311936.0
3347.648292,55.7,3379312128.0
3348.658207,56.2,3380361984.0
3349.671805,56.0,3381361664.0
3350.680279,56.1,3382361856.0
3351.688902,55.6,3383363072.0
3352.699046,56.3,3384361472.0
3353.709326,55.8,3385411840.0
3354.723127,56.2,3386412288.0
3355.731059,56.0,3387412480.0
3356.739030,55.8,3388411904.0
3357.749392,56.0,3389413120.0
3358.759824,55.8,3390462976.0
3359.774167,56.2,3391463936.0
3360.782250,55.6,3392464384.0
3361.790143,56.0,3393464320.0
3362.800833,56.0,3394462976.0
3363.810249,55.7,3395512832.0
3364.824150,55.9,3396513536.0
3365.832872,56.0,3397513728.0
3366.840566,56.2,3398513152.0
3367.852076,56.2,3399513344.0
3368.862764,55.5,3400563456.0
3369.874305,55.6,3401563392.0
3370.882256,56.3,3402561536.0
3371.890038,56.0,3403561984.0
3372.900016,56.0,3404562432.0
3373.910297,55.8,3405611264.0
3374.922720,55.8,3406612480.0
3375.930313,56.0,3407611904.0
3376.938438,55.7,3408612608.0
3377.949377,55.7,3409611776.0
3378.959921,56.0,3410661632.0
3379.972061,55.8,3411660800.0
3380.980412,55.8,3412661760.0
3381.989509,55.7,3413661696.0
3382.999279,56.0,3414661888.0
3384.016609,55.8,3415711744.0
3385.027464,55.7,3416712448.0
3386.035744,56.0,3417711104.0
3387.046245,55.7,3418711808.0
3388.057041,56.0,3419761664.0
3389.070080,55.7,3420760832.0
3390.078918,55.8,3421760000.0
3391.087479,56.0,3422761728.0
3392.098060,55.7,3423761152.0
3393.111208,55.8,3424813824.0
3394.123843,55.5,3425812736.0
3395.131058,56.0,3426811904.0
3396.138009,55.8,3427812096.0
3397.147160,55.8,3428811520.0
3398.157268,55.7,3429861120.0
3399.171165,56.0,3430861568.0
3400.178022,55.5,3431861504.0
3401.185317,55.9,3432860672.0
3402.195023,56.1,3433863168.0
3403.205460,55.9,3434913536.0
3404.219025,55.9,3435912960.0
3405.228103,55.8,3436913664.0
3406.235970,55.7,3437913088.0
3407.246667,55.9,3438913024.0
3408.256636,56.0,3439963136.0
3409.271806,56.2,3440962816.0
3410.280169,55.9,3441962752.0
3411.288154,56.3,3442962944.0
3412.298560,55.7,3443962880.0
3413.308955,56.0,3445012736.0
3414.323055,56.0,3446013440.0
3415.330909,55.8,3447012864.0
3416.337978,55.8,3448013312.0
3417.348113,56.2,3449013248.0
3418.358583,56.1,3450063104.0
3419.372789,56.0,3451062784.0
3420.380907,56.2,3452063488.0
3421.388038,56.0,3453063680.0
3422.398921,56.0,3454062592.0
3423.410039,56.0,3455112960.0
3424.423259,56.0,3456112896.0
3425.431041,55.8,3457112832.0
3426.438425,56.3,3458113280.0
3427.449225,56.2,3459112960.0
3428.459869,56.2,3460162816.0
3429.473051,56.5,3461162752.0
3430.480320,56.2,3462163200.0
3431.487817,56.0,3463163392.0
3432.498104,55.8,3464163328.0
3433.508821,55.9,3465213184.0
3434.523544,56.0,3466213632.0
3435.532864,56.0,3467213056.0
3436.541695,56.0,3468212736.0
3437.553046,56.0,3469263104.0
3438.568278,56.4,3470262784.0
3439.578675,56.1,3471262720.0
3440.586982,56.0,3472262656.0
3441.597573,56.2,3473263360.0
3442.608405,56.3,3474312960.0
3443.623515,,
3449.632023,,
3455.639035,56.0,3490412800.0
3459.756374,55.8,3491461888.0
3460.771365,55.8,3492462848.0
3461.781244,56.3,3493461760.0
3462.789429,56.1,3494461952.0
3463.800576,56.0,3495462656.0
3464.810886,56.3,3496512000.0
3465.826047,56.3,3497512192.0
3466.834693,56.0,3498513664.0
3467.842299,55.5,3499512576.0
3468.853258,56.3,3500513280.0
3469.862835,56.2,3501561856.0
3470.877521,55.7,3502563584.0
3471.886384,56.0,3503562240.0
3472.893940,55.8,3504561920.0
3473.905944,56.0,3505563136.0
3474.917548,56.0,3506610432.0
3475.927634,55.9,3507610368.0
3476.936280,56.3,3508611584.0
3477.944407,56.0,3509611776.0
3478.955874,56.2,3510611200.0
3479.966549,56.1,3511662592.0
3480.981107,56.0,3512660992.0
3481.988869,56.3,3513660928.0
3482.996019,55.8,3514660608.0
3484.007142,56.0,3515661056.0
3485.022737,56.0,3516710656.0
3486.032779,55.9,3517711104.0
3487.040817,56.3,3518712832.0
3488.048359,56.2,3519713024.0
3489.059254,55.8,3520761088.0
3490.076531,56.2,3521760512.0
3491.086219,56.5,3522762496.0
3492.094614,56.0,3523762688.0
3493.105465,56.1,3524762624.0
3494.115023,55.7,3525810688.0
3495.130353,56.2,3526812416.0
3496.138014,56.2,3527812608.0
3497.144147,56.0,3528811776.0
3498.152271,56.2,3529811968.0
3499.163348,56.2,3530862080.0
3500.177965,56.3,3531862016.0
3501.186516,56.3,3532862976.0
3502.193064,56.0,3534910720.0
3504.234337,56.0,3535911936.0
3505.242064,56.1,3536911360.0
3506.248841,56.0,3537911296.0
3507.260014,55.9,3538910976.0
3508.270162,56.2,3539960832.0
3509.285819,56.0,3540960512.0
3510.292699,56.2,3541960448.0
3511.300457,56.3,3542960640.0
3512.311937,56.2,3544011008.0
3513.327236,56.1,3545012480.0
3514.337493,56.2,3546010624.0
3515.345312,56.1,3547010816.0
3516.354715,55.8,3548010752.0
3517.364566,56.3,3549060608.0
3518.378332,56.5,3550061056.0
3519.387889,55.8,3551060736.0
3520.395826,56.2,3552060160.0
3521.403352,56.2,3553061632.0
3522.414107,56.3,3554061824.0
3523.429019,56.0,3555111936.0
3524.438031,56.7,3556112384.0
3525.445052,56.3,3557111808.0
3526.453045,56.0,3558110976.0
3527.464138,56.2,3559161856.0
3528.479516,55.9,3560161536.0
3529.489324,55.8,3561161728.0
3530.497188,56.0,3562161152.0
3531.507238,56.0,3563162112.0
3532.517051,56.3,3564210432.0
3533.530309,56.2,3565210112.0
3534.539428,56.2,3566211328.0
3535.547183,56.2,3567211776.0
3536.554041,56.2,3568211456.0
3537.564979,56.3,3569212160.0
3538.576146,56.0,3570261760.0
3539.587022,56.2,3571261184.0
3540.594434,56.0,3572261632.0
3541.602116,56.3,3573260800.0
3542.613529,56.7,3574261248.0
3543.624052,56.0,3575311104.0
3544.637150,56.3,3576311552.0
3545.644040,56.3,3577310720.0
3546.651551,56.0,3578312448.0
3547.661194,56.5,3579312384.0
3548.670758,56.2,3580361728.0
3549.685694,56.3,3581362176.0
3550.693877,56.3,3582359808.0
3551.702034,56.0,3583360000.0
3552.712031,55.9,3584359680.0
3553.722037,56.2,3585410560.0
3554.736853,56.0,3586409728.0
3555.744335,56.2,3587411200.0
3556.752393,55.8,3588410112.0
3557.762695,56.2,3589411584.0
3558.773036,56.0,3590461440.0
3559.787293,56.0,3591460352.0
3560.795478,56.3,3592459520.0
3561.803028,56.2,3593460224.0
3562.813030,56.3,3594462464.0
3563.823523,,
3569.830058,,
3575.838025,56.5,3610611712.0
3579.946349,56.1,3611609856.0
3580.953982,56.5,3612612096.0
3581.965013,56.2,3613611008.0
3582.975018,56.0,3614661376.0
3583.989067,56.2,3615661312.0
3584.996681,56.8,3616662272.0
3586.004020,56.5,3617660672.0
3587.010831,56.1,3618660864.0
3588.021332,56.6,3619711488.0
3589.036021,56.2,3620711424.0
3590.045032,56.0,3621710848.0
3591.052785,56.1,3622711808.0
3592.059844,56.1,3623711488.0
3593.071461,56.3,3624761344.0
3594.088239,56.7,3625761536.0
3595.097797,56.0,3626761728.0
3596.106101,56.0,3627761152.0
3597.118271,56.3,3628760832.0
3598.129064,56.0,3629811968.0
3599.142817,56.5,3630810880.0
3600.150562,56.2,3631811328.0
3601.158015,56.7,3632810752.0
3602.167648,56.3,3633811200.0
3603.178692,56.3,3634860800.0
3604.192029,56.2,3635861248.0
3605.199040,55.9,3636861440.0
3606.206127,56.3,3637862400.0
3607.212845,56.3,3638862592.0
3608.223269,56.2,3639911680.0
3609.238021,56.0,3640910848.0
3610.247033,56.2,3641912064.0
3611.254179,56.2,3642911744.0
3612.261700,56.2,3643910912.0
3613.272019,56.7,3644911360.0
3614.282015,55.9,3645960704.0
3615.294599,56.3,3646960640.0
3616.302659,56.6,3647960832.0
3617.310548,56.0,3648960768.0
3618.322022,55.8,3649960704.0
3619.332918,56.2,3651010816.0
3620.345132,56.8,3652011264.0
3621.353030,56.0,3653010688.0
3622.360602,56.0,3654011904.0
3623.371630,56.5,3655010816.0
3624.382141,56.3,3656060928.0
3625.396108,56.3,3657061120.0
3626.403923,56.2,3658060800.0
3627.411492,56.2,3659061504.0
3628.423899,56.7,3660061184.0
3629.440018,56.0,3661110528.0
3630.449031,56.3,3662110976.0
3631.456023,56.1,3663110912.0
3632.464021,56.2,3664112384.0
3633.474905,56.6,3665161216.0
3634.491027,56.8,3666160896.0
3635.500910,56.5,3667160576.0
3636.509021,56.5,3668161024.0
3637.516021,56.3,3669160448.0
3638.526890,56.3,3670210816.0
3639.542025,57.2,3671210496.0
3640.551856,56.3,3672210432.0
3641.559033,56.2,3673211648.0
3642.568042,56.5,3674209792.0
3643.577038,56.3,3675259904.0
3644.590019,56.0,3676258816.0
3645.599571,56.3,3677259520.0
3646.606033,56.3,3678261248.0
3647.612029,56.2,3679260672.0
3648.622139,56.6,3680261376.0
3649.632582,56.4,3681310720.0
3650.647376,56.2,3682310144.0
3651.654038,56.3,3683310336.0
3652.661263,56.1,3684311296.0
3653.671159,56.6,3685311488.0
3654.681045,56.3,3686361088.0
3655.695642,55.9,3687360512.0
3656.704120,56.5,3688361472.0
3657.712173,55.7,3689360896.0
3658.721055,56.3,3690360064.0
3659.732026,56.0,3691411456.0
3660.746343,56.5,3692411136.0
3661.755032,56.2,3693408768.0
3662.762321,56.3,3694408704.0
3663.772016,56.0,3695409664.0
3664.780585,56.9,3696459008.0
3665.795327,56.2,3697458944.0
3666.803017,56.0,3698458880.0
3667.809035,56.3,3699461632.0
3668.818897,56.3,3700460288.0
3669.829280,56.6,3701510656.0
3670.844022,56.5,3702510848.0
3671.853028,56.3,3703510272.0
3672.861019,56.5,3704511232.0
3673.868045,56.0,3705510656.0
3674.879014,56.5,3706510592.0
3675.893553,56.5,3707560192.0
3676.902052,56.4,3708561408.0
3677.909806,56.4,3709560064.0
3678.917024,56.5,3710560768.0
3679.926452,56.1,3711560192.0
3680.938013,56.7,3712610048.0
3681.950021,56.4,3713611520.0
3682.958053,56.3,3714609920.0
3683.965801,56.3,3715610624.0
3684.976010,56.5,3716610816.0
3685.985013,56.5,3717661184.0
3687.000292,56.7,3718661120.0
3688.008018,56.2,3719661312.0
3689.015019,56.2,3720659712.0
3690.025035,56.8,3721660416.0
3691.035046,56.8,3722709760.0
3692.050843,56.2,3723710208.0
3693.058239,56.7,3724709888.0
3694.065066,56.7,3725710080.0
3695.075426,56.6,3726710272.0
3696.085064,56.5,3727761152.0
3697.099186,56.2,3728760064.0
3698.109022,56.5,3729760768.0
3699.116429,56.5,3730760448.0
3700.126838,56.5,3731760896.0
3701.137021,56.3,3732807680.0
3702.150319,56.0,3733808384.0
3703.158045,56.3,3734808576.0
3704.166662,56.5,3735808768.0
3705.177802,56.5,3736810240.0
3706.187040,56.3,3737859840.0
3707.201031,56.2,3738859008.0
3708.208021,56.3,3739858688.0
3709.214938,56.5,3740859904.0
3710.221976,56.2,3741860096.0
3711.232272,56.2,3742907904.0
3712.246939,56.4,3743908352.0
3713.256219,56.2,3744910848.0
3714.263779,56.5,3745910784.0
3715.271069,57.3,3746909952.0
3716.282095,56.5,3747959040.0
3717.296073,56.5,3748960768.0
3718.306562,56.3,3749960192.0
3719.313485,56.5,3750960128.0
3720.321031,56.5,3751960320.0
3721.332701,56.7,3753010432.0
3722.348015,56.5,3754010112.0
3723.357015,56.6,3755010048.0
3724.364019,56.5,3756009984.0
3725.372287,56.5,3757010432.0
3726.383253,56.3,3758010368.0
3727.398911,56.3,3759060224.0
3728.408016,56.3,3760060160.0
3729.414044,57.5,3761060352.0
3730.422210,56.3,3762061568.0
3731.434016,56.0,3763110400.0
3732.448043,56.5,3764109568.0
3733.457017,56.4,3765110016.0
3734.465046,56.6,3766110208.0
3735.472769,56.0,3767110400.0
3736.484027,56.5,3768109824.0
3737.498911,56.6,3769159936.0
3738.508610,56.0,3770160384.0
3739.516042,56.7,3771159808.0
3740.523592,56.5,3772160512.0
3741.534015,56.2,3773209856.0
3742.549957,56.9,3774210048.0
3743.559186,,
3749.569591,,
3755.574811,56.5,3790310144.0
3759.659541,56.5,3791309312.0
3760.667664,56.9,3792310784.0
3761.674797,56.5,3793309440.0
3762.685571,56.1,3794359808.0
3763.701681,56.7,3795359488.0
3764.711570,56.5,3796359936.0
3765.719853,56.3,3797359104.0
3766.730758,56.2,3798359296.0
3767.741293,56.5,3799410176.0
3768.755862,56.7,3800410112.0
3769.764273,56.6,3801410304.0
3770.772734,56.5,3802409216.0
3771.783014,56.8,3803409920.0
3772.793047,56.4,3804460288.0
3773.807675,56.8,3805460224.0
3774.814813,56.7,3806459648.0
3775.822968,56.5,3807460096.0
3776.833716,56.7,3808459776.0
3777.844431,56.3,3809510400.0
3778.857602,56.5,3810509568.0
3779.865031,57.2,3811509504.0
3780.873813,56.2,3812509440.0
3781.884059,56.8,3813509120.0
3782.893596,56.2,3814560512.0
3783.907437,56.5,3815559168.0
3784.915022,57.3,3816560128.0
3785.923053,56.6,3817559040.0
3786.933394,56.5,3818559488.0
3787.943742,56.6,3819609856.0
3788.958766,56.8,3820608768.0
3789.966013,57.0,3821608960.0
3790.972811,56.3,3822610432.0
3791.983793,57.0,3823609344.0
3792.993041,56.5,3824660480.0
3794.007777,56.7,3825659648.0
3795.015019,56.3,3826658560.0
3796.024263,56.7,3827659776.0
3797.035849,56.3,3828659200.0
3798.046645,56.6,3829708800.0
3799.059036,56.5,3830709760.0
3800.066699,56.8,3831709952.0
3801.074361,57.0,3832709120.0
3802.084412,56.3,3833709824.0
3803.093029,56.7,3834759680.0
3804.107404,56.5,3835758848.0
3805.115043,56.5,3836758272.0
3806.122026,57.3,3837759232.0
3807.132192,56.3,3838758912.0
3808.144327,56.8,3839810304.0
3809.159821,56.5,3840809984.0
3810.167114,56.5,3841806848.0
3811.176221,56.7,3842809856.0
3812.186752,56.7,3843808512.0
3813.196032,56.5,3844859136.0
3814.211060,56.5,3845858816.0
3815.218434,56.5,3846859008.0
3816.226324,57.3,3847858944.0
3817.238922,56.5,3848858880.0
3818.254014,56.7,3849908992.0
3819.263698,56.5,3850909696.0
3820.270982,57.3,3851910144.0
3821.277719,56.5,3852909056.0
3822.289744,56.5,3853908992.0
3823.305296,56.5,3854959104.0
3824.316377,56.9,3855959296.0
3825.323889,57.0,3856957440.0
3826.334125,56.5,3857957376.0
3827.343800,56.9,3859009536.0
3828.358373,56.8,3860007936.0
3829.366634,56.8,3861007616.0
3830.373651,56.8,3862007552.0
3831.382013,57.0,3863007488.0
3832.391020,56.5,3864009728.0
3833.402038,56.7,3865058048.0
3834.411073,57.3,3866057984.0
3835.418868,57.0,3867058944.0
3836.426584,56.8,3868058880.0
3837.437426,56.6,3869059840.0
3838.450042,57.0,3870108672.0
3839.461894,56.5,3871108864.0
3840.470354,57.0,3872108544.0
3841.478046,56.8,3873108480.0
3842.489710,57.2,3874108672.0
3843.505129,56.8,3875158784.0
3844.515047,57.1,3876157952.0
3845.522861,56.7,3877158144.0
3846.531064,56.8,3878158848.0
3847.541862,57.0,3879208960.0
3848.556614,57.0,3880208640.0
3849.565048,56.9,3881209600.0
3850.572832,56.8,3882209024.0
3851.580037,56.8,3883208704.0
3852.591014,56.8,3884207872.0
3853.606164,56.9,3885258752.0
3854.615674,56.7,3886258688.0
3855.622600,57.4,3887259136.0
3856.630033,57.0,3888259840.0
3857.641087,57.4,3889258752.0
3858.656927,57.0,3890309120.0
3859.667030,57.2,3891308544.0
3860.674034,57.1,3892308992.0
3861.682066,57.0,3893309184.0
3862.692742,56.5,3894309120.0
3863.704022,,
3869.712033,,
3875.720107,56.6,3910407424.0
3879.786539,57.3,3911407872.0
3880.796941,57.1,3912458496.0
3881.812397,56.7,3913458176.0
3882.820023,57.0,3914459392.0
3883.827039,56.6,3915458048.0
3884.836452,56.8,3916458496.0
3885.848522,56.2,3917507328.0
3886.862069,56.6,3918507008.0
3887.871330,56.5,3919506944.0
3888.878951,56.5,3920507648.0
3889.889037,56.5,3921508864.0
3890.898486,56.8,3922557184.0
3891.913041,57.3,3923558400.0
3892.922415,56.8,3924559104.0
3893.930451,57.3,3925558784.0
3894.943048,56.6,3926608640.0
3895.959681,56.8,3927608576.0
3896.970284,57.3,3928608768.0
3897.977786,56.7,3929608960.0
3898.988433,57.0,3930607872.0
3899.998096,56.7,3931659008.0
3901.014055,57.0,3932658944.0
3902.022028,56.8,3933658112.0
3903.029036,56.7,3934658304.0
3904.038523,56.9,3935657984.0
3905.050664,56.6,3936707328.0
3906.064362,57.4,3937707776.0
3907.072810,56.8,3938708224.0
3908.081805,57.2,3939708416.0
3909.094279,57.0,3940758016.0
3910.110493,56.7,3941757952.0
3911.120058,57.2,3942758144.0
3912.128980,57.5,3943758080.0
3913.138197,56.6,3944757760.0
3914.148065,56.9,3945809664.0
3915.162250,56.8,3946808064.0
3916.171188,56.9,3947807744.0
3917.179942,56.6,3948807680.0
3918.191446,56.8,3949807872.0
3919.201435,56.8,3950857728.0
3920.215831,56.8,3951858176.0
3921.223014,56.8,3952858624.0
3922.229812,57.3,3953858560.0
3923.240054,56.8,3954857984.0
3924.249539,56.7,3955908096.0
3925.264773,57.0,3956908288.0
3926.273907,57.0,3957908224.0
3927.282176,56.8,3958909184.0
3928.294907,56.9,3959908096.0
3929.305319,57.3,3960959744.0
3930.318584,57.0,3961957632.0
3931.326036,56.7,3962956544.0
3932.335042,56.8,3963956736.0
3933.346807,57.0,3965006848.0
3934.361833,56.5,3966006528.0
3935.371417,56.7,3967006464.0
3936.379681,57.0,3968006400.0
3937.389769,57.0,3969006336.0
3938.399029,57.0,3970056704.0
3939.413888,57.1,3971056640.0
3940.422229,56.6,3972056320.0
3941.429299,56.8,3973057024.0
3942.437592,57.3,3974056192.0
3943.446852,56.5,3975106816.0
3944.463037,56.9,3976105984.0
3945.471824,56.5,3977106432.0
3946.480209,57.0,3978107904.0
3947.490425,56.7,3979107584.0
3948.501521,56.9,3980157184.0
3949.516043,57.4,3981156352.0
3950.524569,56.8,3982158592.0
3951.532648,57.0,3983156736.0
3952.543397,57.5,3984156416.0
3953.553764,56.7,3985206528.0
3954.566619,56.8,3986206208.0
3955.574983,57.4,3987206400.0
3956.583482,56.7,3988207360.0
3957.597056,57.0,3989207808.0
3958.612739,56.7,3990257664.0
3959.622335,57.0,3991256832.0
3960.629635,57.2,3992258304.0
3961.637164,57.3,3993257728.0
3962.648166,56.5,3994308096.0
3963.663913,57.2,3995307520.0
3964.673034,56.7,3996307712.0
3965.680862,57.5,3997309440.0
3966.692049,56.7,3998307840.0
3967.701798,57.0,3999357440.0
3968.716344,57.7,4000358912.0
3969.724851,57.5,4001358080.0
3970.732544,57.2,4002357760.0
3971.744849,57.0,4003357440.0
3972.755370,56.8,4004406016.0
3973.767958,57.3,4005407488.0
3974.775980,56.9,4006407424.0
3975.784796,56.7,4007407872.0
3976.796384,56.8,4008455936.0
3977.811785,57.2,4009456128.0
3978.821790,57.0,4010457856.0
3979.829408,57.0,4011458304.0
3980.838090,57.0,4012458752.0
3981.849542,56.8,4013509120.0
3982.865275,56.6,4014507008.0
3983.874914,,
3989.883990,,
3995.890023,57.5,4030608128.0
3999.977031,57.0,4031607552.0
4000.984671,56.7,4032607744.0
4001.995132,57.4,4033607680.0
4003.005056,57.3,4034657792.0
4004.019892,56.8,4035657216.0
4005.028027,57.3,4036656896.0
4006.035067,56.8,4037658112.0
4007.045018,56.8,4038656768.0
4008.054256,56.7,4039707136.0
4009.067063,56.6,4040708608.0
4010.076041,57.0,4041707520.0
4011.082776,56.5,4042706944.0
4012.092056,57.0,4043709184.0
4013.102773,56.7,4044758016.0
4014.118692,57.5,4045757440.0
4015.127424,56.8,4046757632.0
4016.135218,57.5,4047756544.0
4017.145046,57.0,4048757248.0
4018.154821,56.7,4049807616.0
4019.168930,57.3,4050807040.0
4020.177054,57.0,4051806976.0
4021.184624,57.4,4052807424.0
4022.195033,56.3,4053807616.0
4023.205033,56.7,4054856960.0
4024.220735,57.2,4055857408.0
4025.228057,57.0,4056857344.0
4026.236811,57.7,4057858048.0
4027.247082,56.9,4058857472.0
4028.260457,56.9,4059905792.0
4029.269928,57.3,4060904960.0
4030.277484,57.5,4061907712.0
4031.285498,57.0,4062905856.0
4032.296031,57.0,4063906816.0
4033.305034,57.5,4064957952.0
4034.319657,56.4,4065957120.0
4035.328535,56.5,4066957824.0
4036.336333,56.9,4067956992.0
4037.346018,57.2,4068956160.0
4038.356988,56.9,4070008320.0
4039.371017,57.5,4071007488.0
4040.378053,57.0,4072007424.0
4041.386017,56.8,4073006848.0
4042.395015,57.3,4074007552.0
4043.405676,57.3,4075057152.0
4044.420016,56.9,4076057600.0
4045.427051,57.2,4077057024.0
4046.434813,57.5,4078056960.0
4047.445021,56.8,4079057920.0
4048.454033,57.0,4080107008.0
4049.468067,57.3,4081107200.0
4050.476634,56.6,4082106624.0
4051.484033,57.2,4083107328.0
4052.491485,57.0,4084107264.0
4053.501433,57.8,4085156864.0
4054.516913,56.9,4086157056.0
4055.526111,56.8,4087157760.0
4056.534085,57.5,4088156416.0
4057.544058,57.3,4089156864.0
4058.553589,57.4,4090206720.0
4059.568521,57.5,4091206656.0
4060.578051,57.3,4092207104.0
4061.585155,57.3,4093207552.0
4062.596013,56.8,4094206720.0
4063.605835,56.7,4095257088.0
4064.620619,56.7,4096256512.0
4065.629026,56.9,4097257472.0
4066.638044,56.9,4098256896.0
4067.648187,56.8,4099257856.0
4068.659060,57.0,4100306432.0
4069.672365,57.2,4101306880.0
4070.680375,57.4,4102307072.0
4071.688015,57.2,4103307776.0
4072.698399,57.3,4104306432.0
4073.707824,57.2,4105356288.0
4074.723140,57.3,4106356480.0
4075.731681,56.7,4107356672.0
4076.740228,56.6,4108356608.0
4077.751946,57.0,4109357312.0
4078.767724,57.6,4110406400.0
4079.777203,57.5,4111406080.0
4080.785354,57.5,4112406528.0
4081.796321,57.5,4113406976.0
4082.806049,57.3,4114457088.0
4083.821038,57.5,4115457024.0
4084.828016,57.4,4116456448.0
4085.835906,57.3,4117455872.0
4086.844854,57.0,4118456832.0
4087.855042,57.0,4119506688.0
4088.870822,56.7,4120506624.0
4089.879737,57.1,4121506560.0
4090.887029,57.3,4122507264.0
4091.897311,57.2,4123506176.0
4092.907418,57.7,4124556544.0
4093.921856,56.6,4125556736.0
4094.930536,57.5,4126556928.0
4095.938554,57.2,4127556096.0
4096.949444,57.6,4128556288.0
4097.960493,57.3,4129606912.0
4098.973065,57.2,4130606592.0
4099.982062,57.6,4131606016.0
4100.990426,56.8,4132605696.0
4102.001076,57.0,4133606400.0
4103.013442,56.8,4134656768.0
4104.023460,,
4110.031450,,
4116.038020,57.5,4150706176.0
4120.106873,57.6,4151756800.0
4121.123700,56.9,4152756480.0
4122.131053,57.3,4153755904.0
4123.139717,57.1,4154756096.0
4124.150634,57.3,4155756544.0
4125.161754,57.5,4156806144.0
4126.174056,57.3,4157805824.0
4127.182055,57.2,4158805760.0
4128.189034,57.2,4159806464.0
4129.200303,57.2,4160806400.0
4130.209375,57.1,4161857024.0
4131.225119,57.5,4162856192.0
4132.233031,57.2,4163855616.0
4133.240025,57.3,4164856064.0
4134.251231,57.0,4165855488.0
4135.260021,57.5,4166906368.0
4136.274925,57.0,4167907328.0
4137.282041,56.6,4168906752.0
4138.289032,56.6,4169906176.0
4139.298040,57.2,4170907136.0
4140.307053,57.5,4171956736.0
4141.321062,57.6,4172956160.0
4142.329033,57.6,4173956608.0
4143.336566,56.7,4174956032.0
4144.345012,57.3,4175956224.0
4145.354028,56.7,4177007104.0
4146.370283,57.2,4178005760.0
4147.379547,57.5,4179006464.0
4148.387048,57.3,4180005888.0
4149.395029,57.0,4181006080.0
4150.405106,57.2,4182056192.0
4151.420015,57.2,4183056640.0
4152.429419,57.6,4184056064.0
4153.437013,57.2,4185054976.0
4154.444018,56.9,4186056704.0
4155.454028,57.7,4187105792.0
4156.469018,57.4,4188105984.0
4157.478260,57.2,4189106176.0
4158.485047,57.3,4190106112.0
4159.492026,57.2,4191106816.0
4160.504026,57.3,4192105984.0
4161.519037,57.5,4193154816.0
4162.529019,57.6,4194155264.0
4163.535034,57.7,4195157504.0
4164.542014,57.6,4196154880.0
4165.551912,57.3,4197155584.0
4166.563033,56.8,4198205440.0
4167.575083,57.5,4199205888.0
4168.583057,57.6,4200205568.0
4169.591045,57.6,4201203968.0
4170.601437,57.2,4202205696.0
4171.611617,57.2,4203256576.0
4172.626429,57.2,4204255488.0
4173.635367,57.0,4205255936.0
4174.641027,56.8,4206255872.0
4175.651043,57.2,4207255808.0
4176.660855,57.5,4208306176.0
4177.674495,57.6,4209305856.0
4178.683045,57.0,4210305536.0
4179.691651,56.8,4211305728.0
4180.702090,57.5,4212305920.0
4181.711490,57.0,4213356544.0
4182.725590,56.8,4214355712.0
4183.733853,57.3,4215355648.0
4184.741799,57.6,4216356096.0
4185.753346,57.3,4217355520.0
4186.764237,57.2,4218405888.0
4187.776261,57.3,4219405568.0
4188.784977,57.3,4220405504.0
4189.793158,57.2,4221406208.0
4190.804036,57.5,4222405888.0
4191.820036,57.1,4223455232.0
4192.829660,57.6,4224456448.0
4193.837083,57.3,4225455104.0
4194.844981,56.6,4226455808.0
4195.856533,57.7,4227505152.0
4196.871634,57.6,4228506112.0
4197.881547,57.3,4229506560.0
4198.890331,57.3,4230504960.0
4199.900727,57.3,4231505664.0
4200.910635,57.5,4232555520.0
4201.924659,57.3,4233556224.0
4202.933702,57.5,4234556160.0
4203.941232,57.5,4235555072.0
4204.951820,57.0,4236555520.0
4205.961917,57.5,4237606400.0
4206.976763,57.0,4238605824.0
4207.984058,57.7,4239605504.0
4208.991473,57.3,4240605696.0
4210.002024,57.6,4241604864.0
4211.012615,57.5,4242655488.0
4212.026962,57.6,4243655424.0
4213.034059,57.2,4244655360.0
4214.041793,57.1,4245655296.0
4215.052049,57.7,4246654976.0
4216.061450,57.4,4247707904.0
4217.076407,57.5,4248706048.0
4218.084792,57.3,4249705728.0
4219.094231,57.8,4250705664.0
4220.107161,57.1,4251755776.0
4221.122382,57.0,4252756224.0
4222.131025,57.2,4253755392.0
4223.137010,57.0,4254756096.0
4224.143579,,
4230.148589,,
4236.156020,57.2,4270855424.0
4240.233048,57.6,4271854592.0
4241.240055,57.6,4272855040.0
4242.249675,57.5,4273855232.0
4243.260030,57.7,4274906624.0
4244.274066,57.4,4275904768.0
4245.283573,57.5,4276905984.0
4246.290335,57.5,4277905408.0
4247.299285,57.6,4278904576.0
4248.309660,57.0,4279956480.0
4249.325422,57.3,4280955136.0
4250.333486,57.3,4281954816.0
4251.340765,57.0,4282955008.0
4252.350763,57.4,4283956480.0
4253.362104,57.6,4285005568.0
4254.377016,57.5,4286006272.0
4255.384057,57.0,4287005696.0
4256.391642,57.3,4288005376.0
4257.403031,57.7,4289005824.0
4258.412773,57.3,4290055680.0
4259.428323,57.2,4291054592.0
4260.436028,57.7,4292054784.0
4261.443055,57.5,4293055232.0
4262.453055,57.5,4294055168.0
4263.463970,57.5,4295105536.0
4264.477305,57.3,4296104448.0
4265.485113,57.4,4297105920.0
4266.492072,57.5,4298105344.0
4267.502295,57.6,4299104768.0
4268.512039,57.6,4300154880.0
4269.525986,57.5,4301154816.0
4270.534506,57.2,4302155264.0
4271.542600,57.0,4303155712.0
4272.552858,57.7,4304155136.0
4273.562753,57.5,4305205760.0
4274.578188,57.5,4306205184.0
4275.585069,57.5,4307205120.0
4276.592883,57.5,4308204544.0
4277.602893,57.3,4309204992.0
4278.612105,57.6,4310255104.0
4279.626015,57.5,4311255552.0
4280.633034,57.3,4312253952.0
4281.640059,57.3,4313255424.0
4282.649835,57.7,4314254848.0
4283.659690,57.7,4315305472.0
4284.674979,57.7,4316304896.0
4285.683193,57.8,4317304832.0
4286.691026,57.3,4318305280.0
4287.699020,57.3,4319304704.0
4288.708266,57.6,4320304640.0
4289.722653,57.6,4321355264.0
4290.732030,57.5,4322354176.0
4291.739923,57.5,4323354112.0
4292.748460,57.2,4324353536.0
4293.758757,57.4,4325405696.0
4294.773620,57.5,4326803968.0
4296.205941,57.3,4327803392.0
4297.215027,57.3,4328853504.0
4298.229768,57.7,4329855488.0
4299.238715,57.5,4330854912.0
4300.246178,57.7,4331854848.0
4301.257054,57.3,4332854784.0
4302.272013,57.6,4333905920.0
4303.281435,57.4,4334905344.0
4304.290800,57.6,4335905792.0
4305.297454,57.8,4336905216.0
4306.308491,57.5,4337905664.0
4307.323044,57.6,4338954752.0
4308.332893,57.3,4339954688.0
4309.340658,57.5,4340955136.0
4310.347629,57.5,4341955584.0
4311.358641,56.8,4343005184.0
4312.374267,57.2,4344005120.0
4313.384069,57.2,4345004032.0
4314.392050,57.7,4346004992.0
4315.402529,57.6,4347003904.0
4316.413304,57.6,4348055552.0
4317.428278,57.3,4349055488.0
4318.437331,57.5,4350054400.0
4319.446305,57.3,4351054848.0
4320.457708,57.7,4352104448.0
4321.473104,57.3,4353105408.0
4322.483384,57.3,4354104832.0
4323.491305,57.6,4355104768.0
4324.499735,57.5,4356105728.0
4325.511049,57.5,4357154304.0
4326.526959,57.2,4358153728.0
4327.536672,57.3,4359154688.0
4328.545207,57.5,4360154624.0
4329.556015,57.6,4361154560.0
4330.567121,57.3,4362205184.0
4331.580907,57.7,4363204096.0
4332.588031,57.5,4364204544.0
4333.595497,57.5,4365204480.0
4334.607487,57.4,4366203904.0
4335.618694,57.3,4367253504.0
4336.630404,56.8,4368254976.0
4337.638848,57.8,4369254400.0
4338.646572,57.3,4370254848.0
4339.657236,57.5,4371254784.0
4340.673890,57.2,4372303872.0
4341.685246,57.3,4373304320.0
4342.693026,57.3,4374304768.0
4343.703176,57.7,4375304704.0
4344.713177,57.7,4376355328.0
4345.728077,57.7,4377354240.0
4346.736031,57.5,4378355200.0
4347.743012,57.3,4379354624.0
4348.750030,57.5,4380354048.0
4349.760245,57.5,4381404160.0
4350.776722,57.8,4382403584.0
4351.785519,57.7,4383404032.0
4352.793143,57.5,4384404992.0
4353.802463,57.3,4385404928.0
4354.813136,57.7,4386455040.0
4355.827022,57.7,4387454464.0
4356.835749,57.3,4388454400.0
4357.843014,57.5,4389454336.0
4358.853043,57.7,4390803968.0
4360.204016,57.7,4391804416.0
4361.213030,57.9,4392855040.0
4362.228019,57.7,4393854976.0
4363.235023,57.3,4394854912.0
4364.242079,57.7,4395855360.0
4365.249035,57.5,4396854272.0
4366.258056,57.7,4398804480.0
4368.211046,57.3,4399854592.0
4369.226031,57.7,4400854528.0
4370.234349,57.5,4402804224.0
4372.206408,57.4,4403804160.0
4373.219448,57.4,4404855296.0
4374.230933,57.4,4406804480.0
4376.205295,57.8,4407805952.0
4377.214010,57.6,4408854528.0
4378.228624,57.6,4409854464.0
4379.237485,57.3,4410854400.0
4380.244569,57.5,4411853824.0
4381.255719,57.8,4412854272.0
4382.264063,57.3,4414804480.0
4384.205349,57.7,4415803392.0
4385.215817,57.6,4416853504.0
4386.229037,57.8,4417853952.0
4387.237645,57.3,4418853376.0
4388.245502,57.7,4419854336.0
4389.256056,57.6,4420854272.0
4390.266131,57.8,4422804480.0
4392.206062,57.6,4423803392.0
4393.215032,57.7,4424855040.0
4394.228905,57.7,4425854464.0
4395.237833,57.5,4426854912.0
4396.244724,57.6,4427854336.0
4397.254250,57.6,4428853760.0
4398.265027,57.5,4430803968.0
4400.206621,57.8,4431803392.0
4401.216153,57.5,4432852992.0
4402.228410,57.7,4433853952.0
4403.236974,57.6,4434852864.0
4404.244405,57.4,4435853312.0
4405.254041,57.7,4436853760.0
4406.263215,57.5,4438804480.0
4408.206196,57.5,4439803392.0
4409.215344,57.7,4440853504.0
4410.230778,57.4,4441853440.0
4411.239022,57.7,4442853376.0
4412.246162,57.8,4443853312.0
4413.257045,57.9,4444852736.0
4414.266432,57.7,4446803968.0
4416.204026,57.5,4447803392.0
4417.214013,57.5,4448853504.0
4418.227908,57.5,4449854464.0
4419.237539,57.3,4450853376.0
4420.245532,57.5,4451855360.0
4421.255229,57.5,4452853248.0
4422.266248,57.6,4453903872.0
4423.281167,57.3,4454903808.0
4424.289809,57.6,4455904768.0
4425.297689,57.3,4456904704.0
4426.310151,57.3,4457903616.0
4427.324920,57.7,4458954240.0
4428.335034,57.5,4459954176.0
4429.342937,57.5,4460953088.0
4430.351024,57.6,4461953536.0
4431.361030,57.8,4463003648.0
4432.376478,57.5,4464003584.0
4433.385979,57.3,4465005056.0
4434.394730,57.6,4466003968.0
4435.404242,57.7,4467003904.0
4436.416108,57.5,4468053504.0
4437.430349,57.5,4469054464.0
4438.438531,57.3,4470052864.0
4439.447200,57.5,4471053824.0
4440.456990,57.7,4472053760.0
4441.466040,57.8,4473103360.0
4442.480028,57.5,4474104320.0
4443.488064,57.5,4475103232.0
4444.495027,57.0,4476105728.0
4445.504986,57.5,4477104128.0
4446.516028,57.7,4478154752.0
4447.529036,57.2,4479153664.0
4448.537756,57.7,4480153600.0
4449.544036,57.7,4481153536.0
4450.559019,57.9,4482153984.0
4451.568029,57.6,4483203584.0
4452.580030,57.8,4484203520.0
4453.587031,57.5,4485202944.0
4454.595410,57.3,4486204416.0
4455.605023,57.9,4487204352.0
4456.614022,57.7,4488253440.0
4457.628030,57.8,4489252864.0
4458.636178,57.7,4490254336.0
4459.644027,57.7,4491253248.0
4460.651979,57.6,4492253184.0
4461.661049,57.7,4493303296.0
4462.676014,57.7,4494303744.0
4463.686318,57.5,4495303680.0
4464.694502,57.2,4496304640.0
4465.704624,57.6,4497303552.0
4466.715125,57.8,4498353664.0
4467.729745,57.7,4499353600.0
4468.737885,57.5,4500353536.0
4469.745540,57.4,4501352960.0
4470.756028,57.2,4502353920.0
4471.765031,57.7,4503404032.0
4472.778988,57.8,4504402944.0
4473.787786,57.7,4505403392.0
4474.796057,57.7,4506403840.0
4475.806086,57.6,4507402752.0
4476.815418,57.8,4508453888.0
4477.829022,57.5,4509453312.0
4478.836936,57.5,4510454272.0
4479.844156,57.5,4511453184.0
4480.852412,57.8,4512453120.0
4481.862044,57.3,4513503744.0
4482.877741,57.5,4514503168.0
4483.887363,57.5,4515503104.0
4484.894877,57.7,4516504064.0
4485.903035,57.6,4517503488.0
4486.913029,57.6,4518554112.0
4487.928883,57.6,4519553536.0
4488.937620,57.3,4520553984.0
4489.946026,57.7,4521553408.0
4490.956326,57.8,4522553344.0
4491.965857,57.5,4523602944.0
4492.981014,57.7,4524603392.0
4493.988015,57.5,4525602816.0
4494.994041,57.5,4526603264.0
4496.000020,57.6,4527603200.0
4497.010919,57.9,4528603136.0
4498.025713,57.2,4529653248.0
4499.035405,57.6,4530654720.0
4500.043066,57.7,4531653120.0
4501.049486,57.8,4532652544.0
4502.060450,57.3,4533652992.0
4503.070787,57.8,4534703616.0
4504.081900,57.7,4535703552.0
4505.089362,57.7,4536702976.0
4506.095879,57.6,4537703424.0
4507.105034,57.7,4538703360.0
4508.116013,57.5,4539753984.0
4509.129017,57.6,4540752896.0
4510.137307,57.7,4541752832.0
4511.144371,57.5,4542753792.0
4512.151040,57.2,4543753216.0
4513.161857,57.5,4544802816.0
4514.176691,57.5,4545803264.0
4515.186028,57.5,4546803200.0
4516.193497,57.8,4547803136.0
4517.201032,57.6,4548803072.0
4518.211021,57.5,4549803520.0
4519.226040,57.7,4550853120.0
4520.235187,57.8,4551852544.0
4521.244679,57.8,4552853504.0
4522.253455,57.4,4553852928.0
4523.262844,,
4529.271311,,
4535.274545,57.5,4569952768.0
4539.376038,57.8,4571003392.0
4540.385012,57.7,4572002816.0
4541.392221,57.9,4573002752.0
4542.399215,57.8,4574002688.0
4543.411835,57.8,4575052800.0
4544.428346,57.9,4576052736.0
4545.438063,57.7,4577053696.0
4546.445425,57.5,4578052608.0
4547.454043,57.5,4579053056.0
4548.464047,57.6,4580103680.0
4549.478655,57.8,4581103616.0
4550.487900,57.8,4582102528.0
4551.496334,57.7,4583102976.0
4552.506091,57.6,4584103424.0
4553.516645,57.4,4585153024.0
4554.530652,57.5,4586152960.0
4555.539494,57.6,4587152896.0
4556.547899,57.5,4588153344.0
4557.559030,58.0,4589152256.0
4558.568662,57.8,4590202368.0
4559.583520,57.8,4591203840.0
4560.591714,57.7,4592203264.0
4561.599330,57.7,4593202688.0
4562.611353,57.7,4594203136.0
4563.623630,58.0,4595252736.0
4564.633814,57.9,4596253184.0
4565.642027,57.5,4597252608.0
4566.650016,57.6,4598252544.0
4567.661130,57.5,4599303168.0
4568.677021,57.6,4600302592.0
4569.686302,57.8,4601303552.0
4570.694026,57.9,4602302464.0
4571.702025,57.9,4603302912.0
4572.711041,57.8,4604303872.0
4573.722851,57.7,4605352960.0
4574.732035,57.6,4606352896.0
4575.739623,57.8,4607351808.0
4576.746981,57.5,4608353280.0
4577.756713,57.6,4609352704.0
4578.766602,57.6,4610402816.0
4579.782199,58.2,4611404288.0
4580.790436,57.8,4612401664.0
4581.799126,57.9,4613402624.0
4582.810420,57.9,4614403072.0
4583.823122,57.3,4615452672.0
4584.833672,57.3,4616452608.0
4585.840950,57.3,4617452544.0
4586.848049,57.7,4618452992.0
4587.859547,57.3,4619451904.0
4588.869022,57.7,4620502528.0
4589.882034,57.6,4621502464.0
4590.889043,57.8,4622502912.0
4591.897608,57.7,4623503360.0
4592.908650,57.7,4624502272.0
4593.919342,57.6,4625552384.0
4594.931021,57.2,4626552320.0
4595.939977,58.0,4627552768.0
4596.948229,57.7,4628552192.0
4597.959862,57.6,4629551616.0
4598.976763,57.8,4630603776.0
4599.986035,58.2,4631601664.0
4600.993451,57.7,4632602624.0
4602.000019,57.5,4633602560.0
4603.011732,57.6,4634603008.0
4604.023382,57.6,4635652608.0
4605.033042,57.8,4636652032.0
4606.041437,57.5,4637652992.0
4607.048041,57.8,4638651904.0
4608.057865,57.7,4639652864.0
4609.067023,57.8,4640702976.0
4610.083020,57.9,4641701888.0
4611.090493,57.6,4642702336.0
4612.098036,57.8,4643701760.0
4613.109569,57.5,4644702208.0
4614.118617,57.8,4645751808.0
4615.131014,57.6,4646751744.0
4616.139409,57.7,4647751680.0
4617.146388,57.7,4648752128.0
4618.156521,57.9,4649752576.0
4619.166496,57.8,4650802176.0
4620.181678,57.8,4651802112.0
4621.190033,57.7,4652803584.0
4622.200022,57.6,4653801472.0
4623.210050,57.7,4654801920.0
4624.220461,57.9,4655852544.0
4625.233046,57.8,4656851968.0
4626.241067,57.6,4657853440.0
4627.248777,58.0,4658851840.0
4628.259033,57.8,4659852288.0
4629.270346,57.8,4660902400.0
4630.283589,57.7,4661901312.0
4631.290659,57.7,4662900736.0
4632.297709,57.5,4663902208.0
4633.308105,58.0,4664899584.0
4634.317781,57.6,4665951744.0
4635.331240,57.3,4666953216.0
4636.340119,57.9,4667952128.0
4637.347440,57.7,4668951552.0
4638.357177,57.7,4669952512.0
4639.367855,58.0,4671001088.0
4640.383030,57.8,4672002048.0
4641.391692,57.4,4673001472.0
4642.400240,57.8,4674001408.0
4643.412765,,
4649.421676,,
4655.425030,57.9,4690102784.0
4659.496155,57.7,4691101696.0
4660.504748,57.9,4692101632.0
4661.514721,57.8,4693152256.0
4662.529085,57.8,4694151680.0
4663.537035,57.7,4695151616.0
4664.544027,58.2,4696151040.0
4665.551046,57.7,4697152000.0
4666.563025,57.5,4698201600.0
4667.578067,58.0,4699201024.0
4668.588343,57.7,4700201472.0
4669.595035,57.3,4701201408.0
4670.602314,57.7,4702203392.0
4671.613271,57.9,4703251968.0
4672.627064,57.9,4704251904.0
4673.636024,57.9,4705251328.0
4674.642024,58.0,4706251264.0
4675.648892,57.7,4707252224.0
4676.659317,57.7,4708251136.0
4677.669190,57.8,4709301760.0
4678.683017,58.2,4710302208.0
4679.691031,58.0,4711300608.0
4680.699032,57.5,4712302080.0
4681.708066,57.5,4713300992.0
4682.718803,57.8,4714351104.0
4683.733020,57.7,4715351552.0
4684.740390,57.6,4716351488.0
4685.747077,57.8,4717351936.0
4686.757053,57.7,4718351360.0
4687.767021,57.9,4719401472.0
4688.782045,57.7,4720401408.0
4689.791035,57.6,4721401856.0
4690.798084,57.8,4722402304.0
4691.807960,57.6,4723401216.0
4692.818019,57.7,4724451840.0
4693.830966,57.7,4725452288.0
4694.839066,58.0,4726452736.0
4695.846554,57.6,4727451136.0
4696.855011,57.6,4728451584.0
4697.864026,57.8,4729501696.0
4698.879533,57.7,4730501120.0
4699.889575,57.7,4731501056.0
4700.896897,57.7,4732500992.0
4701.907026,57.8,4733501952.0
4702.916019,57.8,4734552064.0
4703.929487,58.0,4735552000.0
4704.938849,57.4,4736551936.0
4705.946632,57.8,4737552384.0
4706.957983,58.0,4738551296.0
4707.967017,57.9,4739600896.0
4708.981037,57.9,4740601856.0
4709.989032,57.9,4741600768.0
4710.996119,58.1,4742600704.0
4712.006622,57.9,4743601152.0
4713.018024,57.9,4744650752.0
4714.031931,57.5,4745650688.0
4715.040011,57.7,4746651648.0
4716.047026,57.9,4747651072.0
4717.057070,57.8,4748650496.0
4718.066037,57.7,4749701632.0
4719.081050,57.9,4750701568.0
4720.090036,57.9,4751702016.0
4721.097065,57.9,4752701952.0
4722.109068,57.9,4753700864.0
4723.118014,57.9,4754751488.0
4724.131047,57.7,4755750912.0
4725.139025,58.0,4756750848.0
4726.146459,57.9,4757750784.0
4727.156936,58.0,4758751232.0
4728.167033,57.9,4759801344.0
4729.182037,57.9,4760801280.0
4730.190743,57.6,4761799680.0
4731.199230,58.0,4762799616.0
4732.210028,57.9,4763799552.0
4733.220057,57.9,4764849664.0
4734.233014,57.8,4765850112.0
4735.240024,57.7,4766851072.0
4736.247028,57.9,4767851520.0
4737.255083,57.8,4769801216.0
4739.202045,57.8,4771851264.0
4741.231668,57.6,4772850688.0
4742.240952,57.5,4773851648.0
4743.249411,57.9,4774850560.0
4744.260492,57.8,4775851008.0
4745.270567,57.9,4777800192.0
4747.211309,57.7,4778801664.0
4748.221752,57.4,4779851776.0
4749.235877,57.9,4780850688.0
4750.243011,58.0,4781851136.0
4751.249782,57.8,4782852096.0
4752.260378,57.8,4783850496.0
4753.272700,57.9,4785800192.0
4755.204093,57.8,4786802176.0
4756.213747,57.6,4787800576.0
4757.228916,57.9,4788850688.0
4758.238350,57.5,4789850624.0
4759.245536,57.7,4790851072.0
4760.255294,58.0,4791851008.0
4761.265934,57.7,4793801216.0
4763.212113,57.9,4794801664.0
4764.222034,58.1,4795850752.0
4765.233029,57.8,4796852224.0
4766.240022,57.7,4797851648.0
4767.246032,58.0,4798850560.0
4768.255014,57.8,4799849984.0
4769.264530,58.0,4801801216.0
4771.201045,58.0,4802800640.0
4772.214025,58.1,4803850752.0
4773.230190,57.8,4804850176.0
4774.238824,57.9,4805850624.0
4775.246071,57.8,4807801344.0
4777.200042,58.0,4808800768.0
4778.213168,57.9,4809850880.0
4779.229398,57.9,4810851840.0
4780.239365,58.0,4811851776.0
4781.247881,57.8,4813800960.0
4783.209690,57.7,4814799872.0
4784.219398,57.9,4815849984.0
4785.233200,57.9,4817800192.0
4787.202908,57.8,4818801152.0
4788.213373,57.8,4819800576.0
4789.228805,57.6,4820849664.0
4790.238904,,
4796.248160,,
4802.257190,57.9,4835950080.0
4805.352573,57.8,4836950016.0
4806.363784,57.7,4838000128.0
4807.381536,57.7,4839000576.0
4808.390381,57.9,4840001024.0
4809.398277,58.1,4840999936.0
4810.409665,57.8,4842001408.0
4811.420014,57.8,4843051008.0
4812.433989,58.1,4844049920.0
4813.441558,58.1,4845049856.0
4814.449543,57.7,4846050304.0
4815.460514,57.9,4847050752.0
4816.472015,57.6,4848100352.0
4817.484045,57.7,4849099776.0
4818.491981,58.0,4850100224.0
4819.500185,57.8,4851100672.0
4820.512016,57.8,4852100096.0
4821.523094,57.9,4853150720.0
4822.535069,57.9,4854150656.0
4823.542022,57.8,4855150592.0
4824.549633,57.7,4856150528.0
4825.560024,57.9,4857149952.0
4826.569456,58.0,4858200064.0
4827.582027,57.6,4859198464.0
4828.589037,57.9,4860200448.0
4829.596768,57.8,4861199872.0
4830.606018,57.9,4862199808.0
4831.614058,57.5,4863248384.0
4832.629150,57.6,4864247808.0
4833.638390,57.9,4865247744.0
4834.645064,58.0,4866251264.0
4835.653115,57.8,4867251712.0
4836.665352,58.0,4868299776.0
4837.679536,57.9,4869299712.0
4838.689436,57.8,4870300160.0
4839.697064,58.0,4871300096.0
4840.706610,57.8,4872300544.0
4841.718148,58.1,4873351168.0
4842.733261,57.8,4874350080.0
4843.741658,57.7,4875350016.0
4844.750058,57.7,4876350464.0
4845.760708,57.7,4877349376.0
4846.774368,58.2,4878399488.0
4847.784023,58.0,4879399936.0
4848.791616,57.5,4880399872.0
4849.799372,58.1,4881399808.0
4850.810721,57.9,4882400256.0
4851.821363,57.9,4883448832.0
4852.833069,57.9,4884448256.0
4853.840933,58.0,4885448704.0
4854.848334,57.8,4886450688.0
4855.858020,58.0,4887450624.0
4856.867037,57.8,4888500224.0
4857.882569,57.9,4889499648.0
4858.891183,58.0,4890499584.0
4859.899339,57.7,4891500032.0
4860.909573,57.8,4892499456.0
4861.920596,57.8,4893550080.0
4862.933902,57.8,4894550528.0
4863.942525,58.1,4895550464.0
4864.949982,57.8,4896549888.0
4865.961251,57.4,4897549824.0
4866.970306,58.0,4898600448.0
4867.984029,58.2,4899599872.0
4868.992166,57.8,4900599808.0
4869.999894,57.7,4901599744.0
4871.011171,58.0,4902601216.0
4872.021573,57.8,4903648768.0
4873.034259,58.0,4904650240.0
4874.041015,57.8,4905649664.0
4875.047038,57.8,4906650112.0
4876.054396,57.7,4907649024.0
4877.064573,58.0,4908699648.0
4878.080258,58.1,4909699584.0
4879.089269,57.9,4910700032.0
4880.096976,58.1,4911699456.0
4881.105550,57.9,4912699904.0
4882.114941,57.5,4913750016.0
4883.131162,57.9,4914749440.0
4884.139031,,
4890.143525,,
4896.149038,58.1,4930849280.0
4900.266398,57.9,4931899392.0
4901.281320,58.0,4932899840.0
4902.290546,57.9,4933899776.0
4903.297477,58.0,4934899712.0
4904.308389,57.9,4935899648.0
4905.318121,57.8,4936950272.0
4906.332041,57.9,4937948160.0
4907.340414,58.1,4938949120.0
4908.347044,57.7,4939949568.0
4909.357864,58.0,4940950016.0
4910.367017,58.0,4941999104.0
4911.383067,57.9,4942999040.0
4912.391093,58.1,4943998976.0
4913.398161,57.6,4944999936.0
4914.409035,57.9,4945998848.0
4915.419947,58.0,4947050496.0
4916.435027,58.0,4948049920.0
4917.443425,58.0,4949049856.0
4918.451093,58.1,4950049792.0
4919.463321,57.9,4951097856.0
4920.479541,58.0,4952097792.0
4921.489585,57.7,4953097728.0
4922.497021,57.9,4954099200.0
4923.504036,57.7,4955098624.0
4924.513838,58.1,4956798976.0
4926.202511,58.0,4959849984.0
4929.258157,57.8,4960848896.0
4930.267604,57.9,4961900544.0
4931.283452,57.8,4962900480.0
4932.291060,58.0,4963901440.0
4933.298029,57.9,4964899840.0
4934.307015,58.1,4965899776.0
4935.316699,58.1,4966949376.0
4936.332616,57.7,4967949312.0
4937.340455,57.9,4968949760.0
4938.347020,58.2,4969948672.0
4939.355674,58.1,4970949632.0
4940.365044,57.8,4971999232.0
4941.379013,58.1,4972998656.0
4942.388033,58.3,4974000128.0
4943.395349,58.1,4975000064.0
4944.402699,58.0,4976001024.0
4945.414025,57.9,4976998912.0
4946.429082,58.3,4978050560.0
4947.439687,58.0,4979048448.0
4948.447011,57.9,4980049920.0
4949.456157,58.0,4981048832.0
4950.466241,58.1,4982098432.0
4951.481425,58.0,4983099392.0
4952.490737,58.1,4984098816.0
4953.498821,58.2,4985099264.0
4954.508553,58.1,4986099200.0
4955.519523,58.1,4987148800.0
4956.533385,58.0,4988150272.0
4957.542230,58.0,4989149184.0
4958.549526,58.2,4990149632.0
4959.559389,58.1,4991149568.0
4960.569018,57.9,4992198656.0
4961.582937,58.1,4993199104.0
4962.592335,58.1,4994199040.0
4963.599898,57.9,4995198464.0
4964.610272,57.9,4996198912.0
4965.619014,57.9,4997248000.0
4966.632150,58.2,4998248448.0
4967.641082,57.9,4999248896.0
4968.649156,58.1,5000249344.0
4969.660204,57.9,5001248768.0
4970.671025,58.0,5002298880.0
4971.684461,58.0,5003298816.0
4972.692899,58.0,5004298240.0
4973.700834,57.9,5005298688.0
4974.712814,58.0,5006348288.0
4975.728476,58.1,5007349248.0
4976.738025,58.3,5008349696.0
4977.745116,58.2,5009348096.0
4978.752025,57.9,5010349056.0
4979.762232,58.1,5011348480.0
4980.778323,58.2,5012399104.0
4981.789084,58.0,5013399040.0
4982.796957,57.8,5014398976.0
4983.808785,58.1,5015398400.0
4984.818013,58.0,5016449024.0
4985.832034,58.0,5017448960.0
4986.840041,58.2,5018448896.0
4987.847027,57.8,5019448832.0
4988.855829,58.0,5020448256.0
4989.867045,58.2,5021498880.0
4990.883518,57.7,5022499328.0
4991.892131,58.0,5023498240.0
4992.899452,58.2,5024498688.0
4993.909972,58.1,5025499136.0
4994.920142,58.3,5026549248.0
4995.933765,58.0,5027548160.0
4996.941884,57.8,5028549632.0
4997.949964,57.9,5029548544.0
4998.961041,58.0,5030548480.0
4999.970021,57.8,5031599104.0
5000.984011,57.9,5032798720.0
5002.201022,58.2,5033798144.0
5003.212147,57.9,5034798592.0
5004.222679,57.9,5035848704.0
5005.234128,57.9,5036848640.0
5006.241209,58.1,5038798848.0
5008.202057,58.1,5039798272.0
5009.213176,58.0,5040798720.0
5010.228024,58.2,5041848320.0
5011.238704,58.3,5042846208.0
5012.247189,58.1,5043848704.0
5013.257948,58.0,5044846080.0
5014.268134,57.9,5046796800.0
5016.208986,58.2,5047796736.0
5017.218478,58.0,5048848896.0
5018.233332,58.0,5050848768.0
5020.266149,57.8,5051898880.0
5021.281277,58.3,5052898304.0
5022.289844,57.9,5054798848.0
5024.202319,58.1,5055798272.0
5025.215888,57.9,5056847872.0
5026.229844,58.2,5057848320.0
5027.240210,57.9,5058847744.0
5028.247628,57.9,5059848704.0
5029.258319,58.0,5060847104.0
5030.268757,58.3,5062796800.0
5032.202036,58.2,5063796736.0
5033.212693,58.0,5064847872.0
5034.228812,57.9,5065848832.0
5035.240041,58.1,5066847744.0
5036.247250,58.0,5067848704.0
5037.255785,58.1,5068848128.0
5038.266398,57.8,5070798336.0
5040.203718,58.0,5071799296.0
5041.214456,57.9,5072847872.0
5042.229855,58.1,5073847808.0
5043.239518,58.2,5074847232.0
5044.246456,58.3,5075848704.0
5045.255654,58.2,5076848128.0
5046.266141,58.2,5078798848.0
5048.202249,58.3,5079797248.0
5049.213031,58.1,5080848384.0
5050.228919,58.2,5081847808.0
5051.239851,58.2,5082847744.0
5052.246985,58.0,5083848192.0
5053.256158,58.0,5084848128.0
5054.266050,58.4,5086797824.0
5056.203244,57.8,5087797760.0
5057.214029,58.2,5088847872.0
5058.229677,58.1,5089847808.0
5059.239961,57.9,5090848256.0
5060.248353,57.9,5091848192.0
5061.258352,58.1,5092847616.0
5062.267968,58.3,5094797824.0
5064.201605,58.1,5095797760.0
5065.212020,58.0,5096798208.0
5066.223655,58.2,5097847296.0
5067.233010,58.1,5098847744.0
5068.240912,58.3,5099847680.0
5069.247045,58.1,5100848640.0
5070.257966,58.1,5101848064.0
5071.267711,58.1,5102897664.0
5072.284016,58.2,5103897600.0
5073.292075,58.3,5104897536.0
5074.299010,58.0,5105897472.0
5075.308880,58.2,5106897920.0
5076.317238,58.2,5107948032.0
5077.331738,58.2,5108947968.0
5078.340387,58.3,5109947904.0
5079.348033,58.2,5110948864.0
5080.357011,58.0,5111948288.0
5081.367038,58.5,5112997888.0
5082.383145,58.0,5113997312.0
5083.391204,58.2,5114997760.0
5084.398018,58.2,5115998720.0
5085.407020,57.9,5116998656.0
5086.416942,58.1,5118048256.0
5087.432526,57.9,5119048704.0
5088.440280,57.9,5120048128.0
5089.447606,58.0,5121047552.0
5090.456968,58.3,5122048000.0
5091.467654,57.9,5123099136.0
5092.482851,58.1,5124097536.0
5093.491174,58.0,5125097984.0
5094.498616,58.2,5126098432.0
5095.510567,58.0,5127098880.0
5096.520612,58.1,5128147456.0
5097.533642,58.1,5129147392.0
5098.541865,58.0,5130147840.0
5099.549853,58.2,5131147776.0
5100.560405,58.1,5132147712.0
5101.570563,58.1,5133197312.0
5102.583785,58.1,5134197248.0
5103.592657,58.1,5135195648.0
5104.600279,58.1,5136199168.0
5105.612036,58.1,5137246208.0
5106.626685,58.2,5138248704.0
5107.636111,58.1,5139247104.0
5108.642789,58.3,5140248576.0
5109.650681,58.1,5141246976.0
5110.661905,58.1,5142247424.0
5111.671037,58.0,5143298560.0
5112.684009,58.1,5144297984.0
5113.691821,58.1,5145297408.0
5114.699472,58.5,5146296832.0
5115.709373,58.2,5147297792.0
5116.720105,58.0,5148347904.0
5117.733609,58.1,5149347840.0
5118.741565,57.8,5150347264.0
5119.750035,58.1,5151346688.0
5120.761732,58.1,5152347648.0
5121.773023,58.0,5153398272.0
5122.785026,58.0,5154397184.0
5123.792010,,
5129.800413,,
5135.805155,58.5,5170497024.0
5139.884455,57.7,5171496960.0
5140.893038,58.3,5172497408.0
5141.900732,58.5,5173496832.0
5142.913715,58.3,5174547968.0
5143.929056,58.2,5175546880.0
5144.939261,58.1,5176547328.0
5145.946347,58.1,5177547776.0
5146.956358,58.2,5178546688.0
5147.965036,58.3,5179596800.0
5148.979034,58.3,5180597248.0
5149.988052,58.4,5181598208.0
5150.995012,58.2,5182597120.0
5152.001127,58.6,5183597568.0
5153.012987,58.6,5184597504.0
5154.023023,58.2,5185647616.0
5155.034054,58.0,5186648064.0
5156.041009,58.4,5187646464.0
5157.047571,58.2,5188648960.0
5158.056107,58.3,5189646848.0
5159.066094,58.3,5190696960.0
5160.082956,58.2,5191696896.0
5161.091164,58.0,5192696832.0
5162.099559,57.8,5193697280.0
5163.109808,58.2,5194696704.0
5164.118960,58.5,5195747840.0
5165.133027,58.1,5196746752.0
5166.140410,58.1,5197747200.0
5167.147616,58.2,5198747136.0
5168.158540,58.0,5199747584.0
5169.169063,58.1,5200797184.0
5170.185198,58.4,5201797120.0
5171.193264,58.2,5202796032.0
5172.200610,58.1,5203796992.0
5173.212371,58.0,5204797440.0
5174.224123,58.3,5205847040.0
5175.234413,58.4,5206845952.0
5176.242350,58.0,5207846912.0
5177.249011,58.3,5208846848.0
5178.258580,58.3,5209846272.0
5179.267820,58.1,5210896384.0
5180.282268,58.3,5211897344.0
5181.288813,58.0,5212896768.0
5182.295037,58.2,5213896704.0
5183.302051,58.3,5214897152.0
5184.313051,58.4,5215896576.0
5185.328167,58.1,5216946688.0
5186.336728,58.2,5217946624.0
5187.344271,58.4,5218947072.0
5188.351493,58.1,5219947008.0
5189.363608,58.1,5220946944.0
5190.380596,58.1,5221994496.0
5191.388951,58.3,5222996992.0
5192.396272,58.2,5223996416.0
5193.406028,58.0,5224995840.0
5194.414882,58.2,5226045952.0
5195.429388,58.7,5227046400.0
5196.438210,58.3,5228046336.0
5197.446780,58.3,5229046784.0
5198.456011,58.2,5230047232.0
5199.466898,58.5,5231096832.0
5200.483415,58.2,5232097280.0
5201.491398,58.3,5233096704.0
5202.498989,58.2,5234097664.0
5203.508808,58.4,5235096576.0
5204.518011,58.2,5236147200.0
5205.531031,58.0,5237146624.0
5206.540236,58.1,5238146048.0
5207.547389,58.3,5239146496.0
5208.557024,58.4,5240145920.0
5209.566151,58.4,5241196544.0
5210.580033,58.4,5242196480.0
5211.589010,58.2,5243195392.0
5212.595512,57.9,5244197376.0
5213.601783,58.0,5245198336.0
5214.613821,58.1,5246247424.0
5215.628024,58.2,5247246848.0
5216.637244,58.5,5248248320.0
5217.644346,58.4,5249246208.0
5218.652018,58.3,5250247168.0
5219.662567,58.4,5251246592.0
5220.674011,58.2,5252297728.0
5221.684037,58.5,5253296640.0
5222.691017,58.3,5254295552.0
5223.697090,58.2,5255297024.0
5224.707516,58.4,5256296448.0
5225.717498,58.6,5257346560.0
5226.733068,58.2,5258345984.0
5227.741333,58.1,5259346944.0
5228.749794,58.0,5260345344.0
5229.761275,58.0,5261346304.0
5230.773189,58.1,5262396928.0
5231.785634,58.3,5263395840.0
5232.793876,58.3,5264396800.0
5233.801025,58.3,5265396736.0
5234.817448,58.1,5266446848.0
5235.832079,58.3,5267446272.0
5236.840023,58.2,5268445696.0
5237.847341,58.2,5269446656.0
5238.858102,58.1,5270447104.0
5239.869070,58.1,5271495680.0
5240.884194,58.3,5272496128.0
5241.893242,58.4,5273496064.0
5242.901050,58.2,5274496000.0
5243.911035,,
5249.920015,,
5255.922799,58.0,5290597376.0
5260.012865,58.3,5291596288.0
5261.027017,58.2,5292645376.0
5262.036016,58.1,5293645824.0
5263.042833,58.1,5294645760.0
5264.049986,58.0,5295646208.0
5265.060640,58.2,5296645120.0
5266.072451,58.2,5297696256.0
5267.085012,58.1,5298696704.0
5268.092272,58.4,5299696128.0
5269.099672,58.1,5300695552.0
5270.110408,58.3,5301696512.0
5271.120979,58.5,5302746112.0
5272.134395,58.6,5303745536.0
5273.141467,58.4,5304745984.0
5274.148836,58.2,5305745920.0
5275.161369,58.1,5306745856.0
5276.178135,58.4,5307796992.0
5277.187380,58.8,5308795904.0
5278.194182,58.3,5309794816.0
5279.201954,58.2,5310795776.0
5280.212498,58.4,5311844864.0
5281.227015,58.3,5312845312.0
5282.237020,58.3,5313844224.0
5283.245022,58.0,5314843648.0
5284.254794,58.3,5315846144.0
5285.265811,58.3,5316896256.0
5286.281474,58.3,5317895680.0
5287.290034,58.4,5318896128.0
5288.297492,58.3,5319896064.0
5289.308122,58.1,5320896512.0
5290.317933,58.3,5321945600.0
5291.333126,59.2,5322945536.0
5292.340462,58.7,5323946496.0
5293.347828,58.3,5324945408.0
5294.358773,58.3,5325945856.0
5295.369279,58.4,5326996992.0
5296.383521,58.2,5327995904.0
5297.391276,58.4,5328995840.0
5298.398379,58.2,5329995264.0
5299.408532,58.3,5330997248.0
5300.419474,58.5,5332045824.0
5301.433040,58.2,5333046272.0
5302.442019,58.2,5334045184.0
5303.450398,58.3,5335045632.0
5304.463085,58.4,5336096256.0
5305.478010,58.3,5337095680.0
5306.486022,58.5,5338096128.0
5307.493047,58.4,5339096576.0
5308.499518,58.4,5340096000.0
5309.509039,58.2,5341446144.0
5310.874043,58.1,5342495744.0
5311.884525,58.4,5343495680.0
5312.892460,58.2,5344495616.0
5313.899786,58.4,5345496064.0
5314.910814,58.5,5346496512.0
5315.920034,58.4,5347546112.0
5316.932717,58.3,5348545536.0
5317.940862,58.5,5349545984.0
5318.949271,58.3,5350545920.0
5319.960056,58.5,5351545856.0
5320.970030,58.3,5352595456.0
5321.984066,58.4,5353594880.0
5322.991605,58.1,5354595840.0
5323.998389,58.4,5355595776.0
5325.009509,58.7,5356595712.0
5326.019029,58.5,5357645312.0
5327.032049,58.9,5358645760.0
5328.041471,58.3,5359645184.0
5329.049131,58.6,5360645632.0
5330.061294,58.4,5361645568.0
5331.074059,58.4,5362695680.0
5332.084654,58.3,5363695616.0
5333.094223,58.6,5364696064.0
5334.101866,58.5,5365695488.0
5335.113171,58.2,5366746112.0
5336.129238,58.3,5367745536.0
5337.138585,58.4,5368745472.0
5338.146029,58.3,5369745920.0
5339.155792,58.3,5370745856.0
5340.165967,58.6,5371795968.0
5341.181739,58.5,5372794368.0
5342.190289,58.5,5373795328.0
5343.198233,58.3,5374796800.0
5344.208407,58.5,5375795200.0
5345.217034,58.7,5376844800.0
5346.231037,58.5,5377845760.0
5347.240484,58.3,5378845184.0
5348.248574,58.3,5379845632.0
5349.258027,58.4,5380846080.0
5350.268621,58.5,5381895680.0
5351.283028,58.4,5382895616.0
5352.290715,58.1,5383895552.0
5353.298213,58.4,5384895488.0
5354.309337,58.6,5385895936.0
5355.319010,58.4,5386945024.0
5356.333342,58.4,5387945984.0
5357.341677,58.4,5388945408.0
5358.350278,58.3,5389945344.0
5359.362541,58.3,5390995456.0
5360.378072,58.4,5391996416.0
5361.388760,58.6,5392994816.0
5362.396986,58.2,5393996288.0
5363.407269,58.1,5394995712.0
5364.418808,58.6,5396043776.0
5365.433040,58.6,5397044224.0
5366.440779,58.3,5398044672.0
5367.448685,58.2,5399043584.0
5368.460492,58.5,5400045056.0
5369.470355,58.5,5401095168.0
5370.484665,58.6,5402094592.0
5371.492310,58.4,5403096064.0
5372.500125,58.4,5404096512.0
5373.512665,58.2,5405145088.0
5374.528175,58.3,5406145536.0
5375.537769,58.5,5407144448.0
5376.544882,58.6,5408144896.0
5377.554474,58.6,5409144832.0
5378.564268,58.5,5410194944.0
5379.579045,58.6,5411194880.0
5380.587858,58.7,5412195328.0
5381.595644,58.3,5413195264.0
5382.603943,58.4,5414195712.0
5383.613875,58.5,5415245312.0
5384.629334,58.5,5416244736.0
5385.639428,58.4,5417245184.0
5386.647620,58.4,5418246144.0
5387.659092,58.5,5419245056.0
5388.670068,58.2,5420296192.0
5389.684556,58.7,5421294592.0
5390.692199,58.3,5422295040.0
5391.700321,58.4,5423294464.0
5392.711923,58.4,5424344576.0
5393.728089,58.7,5425345024.0
5394.738296,58.5,5426346496.0
5395.746665,58.7,5427344896.0
5396.757581,58.4,5428344832.0
5397.768604,58.4,5429394944.0
5398.783500,58.4,5430395392.0
5399.791986,58.5,5431395328.0
5400.800641,58.3,5432394752.0
5401.812587,58.9,5433444864.0
5402.826297,58.8,5434445824.0
5403.836390,58.4,5435444736.0
5404.843403,58.4,5436444672.0
5405.850036,58.3,5437444096.0
5406.862035,58.6,5438495232.0
5407.883060,58.4,5439494144.0
5408.891215,58.6,5440494592.0
5409.898752,58.7,5441495552.0
5410.908973,58.5,5442494976.0
5411.920926,58.8,5443545088.0
5412.933041,58.5,5444546048.0
5413.940014,58.8,5445544960.0
5414.946083,58.3,5446545920.0
5415.954956,58.2,5447545344.0
5416.965130,58.7,5448595968.0
5417.979043,58.6,5449594880.0
5418.988641,58.2,5450594304.0
5419.996405,58.3,5451594752.0
5421.006049,58.3,5452595200.0
5422.015915,58.4,5453645312.0
5423.030364,58.5,5454644224.0
5424.039661,58.5,5455645184.0
5425.047791,58.3,5456644608.0
5426.058044,58.5,5457645568.0
5427.068825,59.0,5458694656.0
5428.084656,58.9,5459694592.0
5429.093049,58.4,5460695552.0
5430.106057,58.2,5461694976.0
5431.117246,58.6,5462745600.0
5432.132058,58.8,5463743488.0
5433.140014,58.2,5464743424.0
5434.146556,58.6,5465742336.0
5435.154453,58.6,5466743808.0
5436.164548,58.1,5467794432.0
5437.178358,58.6,5468795904.0
5438.188577,58.5,5469792768.0
5439.195518,58.5,5470793728.0
5440.201550,58.6,5471794176.0
5441.210734,58.5,5472795136.0
5442.222114,58.4,5473843712.0
5443.231028,58.7,5474843648.0
5444.238782,58.2,5475844608.0
5445.245865,58.3,5476843520.0
5446.253945,58.4,5477839872.0
5447.262052,58.3,5478843904.0
5448.277021,58.7,5479894528.0
5449.287023,58.3,5480893440.0
5450.295032,58.3,5481894912.0
5451.301788,58.5,5482895360.0
5452.313385,58.3,5483944960.0
5453.329542,58.5,5484943872.0
5454.338730,58.4,5485945344.0
5455.346925,58.5,5486944768.0
5456.357049,58.8,5487944704.0
5457.367292,58.4,5488994304.0
5458.382378,58.5,5489994752.0
5459.390758,58.2,5490994176.0
5460.398012,58.4,5491994624.0
5461.408244,58.3,5493794304.0
5463.202105,58.4,5494793728.0
5464.213050,58.6,5495844352.0
5465.228533,58.7,5497793536.0
5467.201962,59.1,5498793984.0
5468.220023,58.5,5499844096.0
