elapsed_seconds,cpuTemp,cpuTime
0.000092,39.6,47670884.0
1.010581,39.9,48721072.0
2.025166,39.7,49720168.0
3.034519,39.8,50721188.0
4.041764,39.7,52018164.0
5.327746,39.6,54020840.0
7.360755,39.8,55070800.0
8.375787,40.0,56072508.0
9.384752,39.9,57071144.0
10.391772,39.8,58071564.0
11.401708,40.1,60071328.0
13.381782,40.3,61070960.0
14.392747,40.0,62069188.0
15.403240,39.9,65069920.0
18.394755,40.1,66070940.0
19.406208,39.9,67070920.0
20.416689,40.2,68121920.0
21.429843,40.3,69121024.0
22.437566,40.2,70121560.0
23.446360,40.1,71119720.0
24.457767,40.1,72170008.0
25.472766,39.9,73170072.0
26.483253,40.5,74170544.0
27.491588,40.1,75169432.0
28.500093,40.0,76169232.0
29.509488,40.3,77220784.0
30.524744,40.0,78220080.0
31.533752,40.3,79220496.0
32.541369,40.3,80220368.0
33.549765,40.0,81219912.0
34.560498,40.4,82270320.0
35.576150,40.2,83268112.0
36.585607,40.4,84269752.0
37.591562,40.2,85270488.0
38.600631,40.6,86269152.0
39.610643,40.5,87320072.0
40.625769,40.2,88319840.0
41.635029,40.1,89319544.0
42.641949,40.4,90320192.0
43.651999,40.4,91319760.0
44.663295,40.4,92369888.0
45.678671,40.4,93370088.0
46.687117,40.4,95119784.0
48.467095,40.3,97169464.0
50.495013,40.6,98169536.0
51.506150,40.4,99169520.0
52.516899,40.3,100219904.0
53.530424,40.5,101219512.0
54.538773,40.7,102219496.0
55.546440,40.4,103219472.0
56.558692,40.9,104267992.0
57.574136,40.9,105268736.0
58.583239,40.7,106269136.0
59.591779,40.5,107269176.0
60.601415,40.7,108269808.0
61.612029,40.7,109320608.0
62.627938,40.2,110319384.0
63.636549,40.4,111320376.0
64.644355,40.3,112320200.0
65.654643,40.7,113320040.0
66.665160,41.1,114369632.0
67.679109,40.8,115370616.0
68.687919,40.8,116369080.0
69.695484,40.4,117368664.0
70.707329,40.6,118369112.0
71.717752,40.7,119419064.0
72.730400,40.7,120419648.0
73.736738,40.9,121418576.0
74.744156,40.5,122419152.0
75.752746,40.6,123420048.0
76.762303,41.1,124469528.0
77.776763,41.1,125468496.0
78.785098,40.8,126468696.0
79.791766,,
85.799744,,
91.805771,41.1,142569488.0
95.878750,40.9,143568784.0
96.886755,40.6,144568720.0
97.893564,40.9,145570208.0
98.902347,41.3,146569936.0
99.912313,41.1,147617424.0
100.927777,40.9,148620016.0
101.936971,41.1,149618640.0
102.945465,41.4,150619392.0
103.956454,41.2,151618384.0
104.966901,41.2,152668800.0
105.980084,40.9,153670784.0
106.987446,41.3,154669840.0
107.993495,41.1,155668224.0
109.001308,41.3,156669392.0
110.012662,41.3,157719584.0
111.027444,41.2,158720464.0
112.036915,41.4,159718352.0
113.044762,41.6,160719008.0
114.055433,41.6,161718928.0
115.066365,40.9,162768736.0
116.080620,41.4,163769072.0
117.087778,41.6,164768880.0
118.095422,41.7,165768816.0
119.106247,41.4,166768480.0
120.114812,41.4,167818400.0
121.130121,41.4,168819168.0
122.138232,41.5,169818752.0
123.145633,41.3,170818816.0
124.156984,41.6,171817408.0
125.168003,41.5,172866640.0
126.180036,41.6,173867136.0
127.188144,41.5,174866624.0
128.195590,41.3,175866704.0
129.206123,41.4,176868960.0
130.216193,41.6,177916480.0
131.229405,41.5,178916672.0
132.237305,41.5,179917120.0
133.245797,41.2,180917968.0
134.255937,41.6,181917392.0
135.265276,41.9,182966736.0
136.279558,41.2,183967792.0
137.288548,41.5,184966848.0
138.297767,41.6,185968528.0
139.309515,41.5,187016928.0
140.325562,,
146.335614,,
152.343535,41.9,202068240.0
155.390345,41.6,203069120.0
156.397879,41.7,204068192.0
157.409701,41.7,205069872.0
158.419583,41.7,206119088.0
159.432890,41.8,207116592.0
160.440525,41.7,208116944.0
161.448829,42.1,209118864.0
162.460265,42.0,210166080.0
163.475507,41.6,211166208.0
164.485605,42.0,212166560.0
165.494127,42.2,213167744.0
166.501749,42.0,214165968.0
167.512615,41.8,215217536.0
168.526765,41.8,216216064.0
169.536025,42.2,217216816.0
170.543945,42.2,218216992.0
171.552392,42.3,219216976.0
172.562221,42.0,220266144.0
173.577566,42.0,221268896.0
174.586783,42.4,222268768.0
175.594461,42.1,223268400.0
176.602389,42.3,224268544.0
177.612990,42.0,225317984.0
178.627769,42.3,226318448.0
179.637813,42.1,227317840.0
180.645894,42.2,228318128.0
181.654563,42.1,229318448.0
182.664651,42.0,230368976.0
183.678793,42.1,231367952.0
184.688070,42.2,232368480.0
185.696102,42.4,233368048.0
186.704562,42.2,234368128.0
187.714927,42.3,235417936.0
188.731064,42.4,236418384.0
189.739479,42.1,237416640.0
190.748118,42.2,238416784.0
191.759357,42.3,239416656.0
192.771567,42.4,240466096.0
193.780770,42.7,241468208.0
194.789304,42.3,242467168.0
195.798495,42.3,243467936.0
196.809976,42.5,244468032.0
197.827361,42.3,245518080.0
198.837602,42.5,246518512.0
199.845338,42.5,247519600.0
200.853243,42.3,248518640.0
201.863095,41.9,249567184.0
202.878037,42.5,250568864.0
203.888026,42.3,251568400.0
204.895932,42.3,252566896.0
205.904081,42.3,253567776.0
206.914601,42.8,254619312.0
207.930956,42.3,255617824.0
208.940344,42.5,256617696.0
209.946743,42.4,257617664.0
210.954744,42.9,258617552.0
211.965619,42.3,259668048.0
212.979759,42.4,260667904.0
213.987745,42.7,261667680.0
214.993748,42.3,262666336.0
216.002621,42.6,263666080.0
217.013943,42.5,264717136.0
218.030523,42.6,265717360.0
219.039489,42.8,266716928.0
220.047621,43.0,267717504.0
221.057193,42.6,268716992.0
222.066550,42.6,269767936.0
223.081451,42.6,270768096.0
224.088748,42.5,271767072.0
225.096261,42.6,272767808.0
226.105781,42.8,273769120.0
227.114742,42.9,274817664.0
228.129478,42.7,275816736.0
229.139146,42.7,276819744.0
230.147213,42.8,277816928.0
231.158995,43.0,278817920.0
232.168755,42.8,279866752.0
233.183116,42.6,280867968.0
234.192161,43.1,281867840.0
235.200064,42.8,282867712.0
236.212745,42.6,283867136.0
237.223140,42.8,284917920.0
238.235258,42.9,285916896.0
239.243760,43.0,286917600.0
240.251936,43.0,287916960.0
241.264278,43.2,288967904.0
242.280265,42.9,289968416.0
243.289894,42.8,290967808.0
244.296786,42.6,291966912.0
245.304267,42.8,292967616.0
246.316902,43.0,294018496.0
247.331739,42.9,295017824.0
248.340576,43.2,296017152.0
249.348577,42.8,297017024.0
250.359102,43.0,298016896.0
251.368897,43.5,299067680.0
252.382762,43.0,300067584.0
253.391612,43.0,301068576.0
254.399295,43.0,302068224.0
255.410738,42.9,303067680.0
256.420095,42.8,304117216.0
257.434211,43.3,305117632.0
258.440789,42.8,306118784.0
259.447765,43.0,307117408.0
260.455763,43.0,308119040.0
261.465775,43.3,309168128.0
262.479791,42.7,310166080.0
263.488773,43.0,311167776.0
264.495751,43.0,312166752.0
265.502770,43.3,313167360.0
266.514756,43.3,314217568.0
267.529746,42.8,315218336.0
268.538798,43.5,316217024.0
269.546743,43.7,317217792.0
270.553849,43.0,318217472.0
271.564752,43.3,319267360.0
272.579747,43.4,320267776.0
273.588746,43.3,321266304.0
274.595748,43.2,322268224.0
275.602764,43.1,323266880.0
276.614745,42.9,324266752.0
277.628750,43.3,325316704.0
278.637790,42.9,326316448.0
279.644769,43.2,327316608.0
280.652599,43.1,328317024.0
281.662773,43.3,329316128.0
282.673973,43.3,330366560.0
283.684764,43.3,331367104.0
284.691777,43.1,332367104.0
285.698155,43.4,333367584.0
286.705157,43.3,334367360.0
287.716838,43.4,335415040.0
288.730771,43.3,336417472.0
289.740763,43.4,337416928.0
290.747776,43.4,338417152.0
291.756025,43.7,339417952.0
292.765743,43.3,340466912.0
293.779773,43.0,341467200.0
294.788972,43.2,342466240.0
295.795796,43.3,343466912.0
296.803377,43.5,344466656.0
297.815742,43.5,345467232.0
298.830773,43.1,346516640.0
299.839954,43.5,347516736.0
300.846782,43.3,348516128.0
301.855187,,
307.863757,,
313.870768,43.5,364616672.0
317.951753,43.5,365616096.0
318.962764,43.4,366615840.0
319.971765,43.7,367666112.0
320.985740,43.7,368666464.0
321.993023,44.1,369666848.0
322.999765,43.8,370666176.0
324.009424,43.5,371666528.0
325.017746,43.8,372716896.0
326.031803,43.7,373716864.0
327.041668,43.7,374717856.0
328.049756,43.5,375716192.0
329.058273,43.9,376716480.0
330.067779,44.0,377766720.0
331.082785,43.5,378766912.0
332.092109,44.0,379766496.0
333.099764,44.1,380766464.0
334.107761,44.0,381768000.0
335.117746,43.8,382817216.0
336.131744,43.5,383817376.0
337.141631,44.2,384816224.0
338.149744,43.8,385815712.0
339.157744,44.0,386814400.0
340.167769,44.0,387865024.0
341.181772,44.0,388864064.0
342.191659,43.7,389866752.0
343.199743,44.2,390866144.0
344.206894,44.0,391866400.0
345.217746,43.8,392915840.0
346.231778,44.0,393917536.0
347.241207,44.2,394916576.0
348.248779,44.0,395916608.0
349.255785,44.2,396916128.0
350.265782,44.2,397915872.0
351.280546,44.3,398966464.0
352.289766,44.0,399966592.0
353.296762,44.1,400965696.0
354.304755,44.2,401966432.0
355.316770,44.6,403016608.0
356.331779,44.2,404016192.0
357.341024,44.4,405015776.0
358.347741,44.0,406016544.0
359.360280,44.3,407014880.0
360.370749,44.4,408066528.0
361.382740,44.3,409066432.0
362.390327,44.3,410066368.0
363.398741,44.0,411066368.0
364.409768,44.0,412116480.0
365.425779,44.0,413116992.0
366.435376,44.3,414114080.0
367.442778,44.3,415116832.0
368.451768,44.3,416115968.0
369.462756,44.5,417165504.0
370.478339,44.3,418166464.0
371.487524,44.2,419165056.0
372.494757,44.3,420165408.0
373.506788,44.3,421215936.0
374.521769,44.2,422215872.0
375.530780,44.4,423215904.0
376.538830,44.6,424215520.0
377.548110,44.7,425214080.0
378.556744,44.3,426263520.0
379.573131,,
385.581655,,
391.589765,44.7,442414080.0
395.715780,44.5,443415200.0
396.722742,44.6,444415456.0
397.729902,44.7,445415840.0
398.738755,44.7,446415072.0
399.747745,44.7,447465632.0
400.761761,44.6,448466048.0
401.770938,44.8,449466208.0
402.777959,44.7,450466016.0
403.787603,44.2,451465088.0
404.797746,44.5,452515456.0
405.811748,44.9,453515680.0
406.820077,44.9,454515360.0
407.827806,44.5,455514752.0
408.838745,45.0,456515552.0
409.847745,44.6,457566272.0
410.862770,44.7,458565184.0
411.871085,44.8,459566528.0
412.877759,44.9,460564928.0
413.888751,44.9,461564992.0
414.898303,44.5,462615904.0
415.909749,44.5,463615648.0
416.917743,44.9,464615040.0
417.923742,44.8,465614816.0
418.933307,44.8,466615136.0
419.942777,44.7,467664832.0
420.958567,44.7,468664512.0
421.966100,44.7,469664768.0
422.973750,44.5,470665120.0
423.984745,44.5,471666144.0
424.994779,44.8,472714080.0
426.004749,44.9,473715168.0
427.013633,44.6,474713856.0
428.021127,44.8,475714080.0
429.030983,44.8,476713920.0
430.040482,45.0,477763712.0
431.052745,44.9,478765600.0
432.060868,44.8,479765632.0
433.068743,44.5,480764512.0
434.078780,44.8,481764704.0
435.088171,44.9,482815296.0
436.101970,44.8,483814400.0
437.109697,44.9,484813536.0
438.117991,44.8,485816096.0
439.128751,44.8,486814976.0
440.138420,44.9,487864672.0
441.151680,45.0,488864928.0
442.159841,44.8,489864768.0
443.167705,44.6,490864960.0
444.179062,44.9,491915616.0
445.195041,44.8,492915136.0
446.205409,44.9,493915808.0
447.212250,45.2,494914912.0
448.222833,45.2,495914944.0
449.232998,45.3,496964032.0
450.247258,44.7,497963168.0
451.254691,45.2,498963488.0
452.262956,45.2,499962976.0
453.273711,45.3,500964672.0
454.283867,45.1,502015744.0
455.297194,44.8,503014144.0
456.305332,45.1,504015520.0
457.317534,44.9,505014208.0
458.327277,45.0,506065344.0
459.342606,44.9,507065088.0
460.351303,45.1,508064896.0
461.359513,44.9,509064576.0
462.371518,45.2,510065184.0
463.383817,45.0,511114432.0
464.394683,45.1,512114528.0
465.402886,45.0,513114848.0
466.410976,45.1,514114720.0
467.421774,45.3,515165792.0
468.437447,45.2,516165600.0
469.446744,44.9,517165152.0
470.453739,45.3,518164704.0
471.459758,45.0,519164160.0
472.470768,45.2,520214016.0
473.484785,45.1,521214528.0
474.494472,45.2,522214720.0
475.501764,45.0,523213728.0
476.508746,45.4,524214112.0
477.517989,45.2,525264192.0
478.534588,45.1,526264224.0
479.545448,45.1,527264416.0
480.551745,45.2,528264768.0
481.559101,45.1,529264416.0
482.569489,45.1,530315072.0
483.584561,45.1,531315680.0
484.593791,45.3,532315808.0
485.600762,45.4,533314656.0
486.610562,45.1,534314976.0
487.619754,45.1,535364064.0
488.634365,45.4,536365056.0
489.642895,45.2,537365568.0
490.649516,45.3,538364160.0
491.659815,45.4,539364096.0
492.670916,45.3,540415296.0
493.685752,45.3,541414656.0
494.694977,45.1,542415744.0
495.702255,45.4,543414720.0
496.713510,45.4,544465920.0
497.729484,45.4,545465152.0
498.738567,45.4,546464832.0
499.744798,45.5,547464640.0
500.752764,45.4,548464384.0
501.762774,45.3,549515968.0
502.777783,45.0,550514496.0
503.786749,45.5,551514944.0
504.792759,45.3,552514880.0
505.800078,45.3,553514496.0
506.810896,45.2,554563456.0
507.826639,45.8,555563584.0
508.835501,45.4,556564416.0
509.842765,45.5,557564352.0
510.850408,45.2,558564096.0
511.861215,45.4,559615104.0
512.875746,45.6,560614080.0
513.884788,45.5,561614144.0
514.892314,45.4,562614080.0
515.901557,45.7,563616000.0
516.911070,45.9,564664192.0
517.926278,45.5,565664064.0
518.934333,45.1,566664960.0
519.941879,45.5,567663680.0
520.952839,45.7,568664064.0
521.966748,45.5,569714112.0
522.979365,45.5,570714176.0
523.985782,45.7,571714560.0
524.993520,45.3,572714112.0
526.004433,45.5,573714624.0
527.017365,45.3,574764608.0
528.026743,45.3,575764992.0
529.034518,45.9,576765248.0
530.041897,45.9,577764544.0
531.053757,45.9,578763776.0
532.069592,45.8,579814720.0
533.079151,45.5,580815104.0
534.087291,45.7,581814208.0
535.095754,45.4,582814144.0
536.105224,45.7,583864128.0
537.120224,46.0,584862720.0
538.130136,45.6,585864384.0
539.138669,46.0,586864128.0
540.150528,45.7,587913984.0
541.166761,45.7,588913920.0
542.175921,45.6,589914816.0
543.183562,45.4,590913728.0
544.194522,45.5,591914688.0
545.204756,46.0,592965248.0
546.219746,45.7,593963648.0
547.227246,45.7,594963712.0
548.234895,46.0,595963200.0
549.244742,46.0,596964544.0
550.255660,45.6,598014592.0
551.268751,45.7,599014592.0
552.275753,46.1,600013120.0
553.282683,46.1,601014080.0
554.292038,45.6,602015168.0
555.302342,46.1,603064128.0
556.318754,45.8,604064384.0
557.327003,46.1,607114880.0
560.381631,46.1,608115264.0
561.391609,45.5,609113984.0
562.401376,45.9,610164416.0
563.416692,45.8,611164544.0
564.424684,45.6,612164352.0
565.433379,45.8,613163776.0
566.444519,45.9,614164864.0
567.456774,45.9,615214080.0
568.468034,45.8,616213568.0
569.475880,45.9,617212992.0
570.482761,46.1,618211968.0
571.493033,46.4,619213568.0
572.505541,45.9,620263808.0
573.515964,45.9,621264000.0
574.523186,46.2,622263616.0
575.531650,46.1,623264128.0
576.544574,46.0,624313536.0
577.558749,45.9,625314176.0
578.568988,46.2,626313408.0
579.575518,46.0,627314752.0
580.582780,46.4,628314176.0
581.593023,46.0,629363968.0
582.608542,46.1,630364352.0
583.618889,46.1,631363648.0
584.626231,46.3,632363840.0
585.636764,46.2,633363968.0
586.647608,46.1,634413504.0
587.661675,46.0,635413696.0
588.669387,46.2,636413952.0
589.676753,46.3,637413952.0
590.687200,46.2,638413120.0
591.695808,46.2,639464128.0
592.708742,46.3,640463552.0
593.716206,46.4,641464064.0
594.723311,46.0,642463808.0
595.733606,46.5,643463936.0
596.743718,46.2,644512192.0
597.759749,46.3,645511552.0
598.767229,45.8,646512192.0
599.774769,46.2,647513216.0
600.786467,46.2,648513536.0
601.797742,46.2,649561728.0
602.806743,46.2,650561600.0
603.814756,46.2,651563648.0
604.821747,46.3,652560896.0
605.829745,46.3,653560832.0
606.838754,46.4,655061824.0
608.319783,46.4,656060992.0
609.331764,46.2,657111168.0
610.349754,46.3,658110784.0
611.358758,46.2,659111552.0
612.365740,45.9,660112128.0
613.372751,46.3,661113216.0
614.382738,46.5,662113856.0
615.391781,46.5,663163584.0
616.405739,46.3,664163392.0
617.413737,46.2,665164032.0
618.419739,46.5,666163648.0
619.428739,,
625.436749,,
631.442740,46.4,682263360.0
635.517742,46.6,683263168.0
636.526760,46.7,684262720.0
637.535770,46.7,685313472.0
638.550743,46.4,686313344.0
639.557750,46.5,687313408.0
640.564743,46.8,688312896.0
641.571738,46.5,689310528.0
642.581070,46.4,690360704.0
643.595297,46.6,691360960.0
644.605758,46.4,692360448.0
645.612756,46.5,693360448.0
646.622289,46.6,694360384.0
647.632859,46.4,695410752.0
648.647894,46.7,696411008.0
649.655623,46.7,697410816.0
650.663760,46.4,698411008.0
651.673765,46.6,699410496.0
652.683767,46.9,700460800.0
653.697763,46.4,701460928.0
654.705808,46.5,702460992.0
655.712763,46.6,703463360.0
656.722781,46.5,704463168.0
657.732749,46.9,705513856.0
658.747764,46.8,706512640.0
659.755774,46.5,707512896.0
660.762774,46.6,708512832.0
661.772762,46.4,709512640.0
662.781744,46.7,710562496.0
663.795288,46.6,711563136.0
664.804759,46.6,712562816.0
665.812325,46.8,713560640.0
666.821738,46.7,714560768.0
667.832649,46.5,715612928.0
668.847748,46.8,716612928.0
669.856243,46.4,717613248.0
670.862775,46.7,718612864.0
671.874520,46.8,719612864.0
672.890811,46.7,720662528.0
673.901411,46.8,721662464.0
674.909840,46.9,722662784.0
675.918860,46.8,723662656.0
676.929338,46.5,724710400.0
677.943125,46.8,725709952.0
678.951501,46.6,726710016.0
679.958752,46.8,727710016.0
680.969091,46.7,728710848.0
681.978363,46.7,729763072.0
682.992951,46.9,730761984.0
684.001929,46.8,731762112.0
685.008566,47.0,732763008.0
686.017779,46.7,733762112.0
687.027836,46.7,734812160.0
688.041763,46.9,735812032.0
689.049454,46.7,736812736.0
690.057014,46.7,737812480.0
691.067558,47.0,738812672.0
692.079148,46.8,739862400.0
693.093776,46.8,740862848.0
694.102556,46.8,741862016.0
695.110181,47.1,742861888.0
696.122161,47.1,743912000.0
697.138585,46.6,744912128.0
698.147765,47.0,745911744.0
699.155220,46.9,746911360.0
700.164949,46.9,747910784.0
701.173775,47.2,748960448.0
702.189745,46.8,749960192.0
703.197886,47.0,750960896.0
704.204808,47.0,751961472.0
705.215740,47.1,752961728.0
706.225779,47.0,754012992.0
707.242787,47.1,755011904.0
708.251508,46.9,756012032.0
709.259978,47.1,757012544.0
710.270476,47.3,758062784.0
711.286184,47.0,759061760.0
712.295610,47.1,760061184.0
713.303813,47.1,761061248.0
714.313757,47.0,762112000.0
715.334747,47.2,763113152.0
716.343822,47.1,764112512.0
717.351863,47.2,765112000.0
718.359462,47.0,766112896.0
719.370839,47.1,767162048.0
720.386343,47.2,768163712.0
721.395092,47.2,769162752.0
722.402254,46.9,770162560.0
723.411772,47.1,771163712.0
724.422489,47.0,772212352.0
725.437226,47.2,773211904.0
726.445679,47.2,774211968.0
727.454240,47.3,775212160.0
728.466404,47.2,776213632.0
729.476297,47.0,777260736.0
730.487748,47.1,778260480.0
731.495620,47.1,779260224.0
732.504075,47.0,780260544.0
733.515561,47.0,781310912.0
734.532363,47.0,786062656.0
739.326759,47.4,787111680.0
740.336755,47.5,788111168.0
741.344444,47.3,789111616.0
742.352187,47.1,790111552.0
743.362659,47.1,791112512.0
744.371019,47.1,792161728.0
745.385496,47.4,793162496.0
746.393817,47.1,794161152.0
747.400793,47.4,795162496.0
748.410758,47.3,796161472.0
749.420398,47.3,797210048.0
750.434045,47.5,798212160.0
751.442080,47.4,799211392.0
752.448893,47.3,800212736.0
753.458102,47.4,801211200.0
754.468193,47.3,802261632.0
755.483082,47.5,803262784.0
756.492620,47.6,804261888.0
757.500744,47.0,805261632.0
758.510924,47.2,806262400.0
759.522193,47.2,807311488.0
760.533769,47.2,808311168.0
761.542631,47.1,809311104.0
762.551120,47.6,810311104.0
763.562330,47.4,811311872.0
764.578765,47.4,812361728.0
765.588985,47.3,813360960.0
766.595975,47.3,814361984.0
767.606997,47.4,815362304.0
768.618960,47.4,816412160.0
769.633529,47.4,817409536.0
770.640307,47.3,818410240.0
771.648753,47.4,819410624.0
772.659704,47.5,820411520.0
773.670081,47.4,821460672.0
774.682838,47.4,822461632.0
775.690798,47.6,823461760.0
776.698470,47.4,824461440.0
777.709981,47.4,825511040.0
778.726914,47.3,826511104.0
779.737016,47.4,827511360.0
780.744778,47.7,828512896.0
781.753268,47.7,829511040.0
782.763094,47.4,830562432.0
783.778334,47.7,831562432.0
784.788112,47.3,832560064.0
785.796687,47.6,833562112.0
786.808549,47.3,834561344.0
787.819984,47.3,835611776.0
788.832718,47.3,836610176.0
789.840110,47.6,837611136.0
790.848085,47.2,838611520.0
791.860453,47.8,839661440.0
792.875623,47.6,840661312.0
793.885105,47.6,841660480.0
794.892006,47.6,842660160.0
795.898758,47.5,843661504.0
796.908901,47.6,844711104.0
797.925233,47.6,845711488.0
798.933760,47.5,846712128.0
799.940773,,
805.950071,,
811.957286,47.8,862811008.0
816.067586,47.6,863861056.0
817.078387,47.4,864860736.0
818.085697,47.6,865860608.0
819.094343,47.8,866859712.0
820.107287,47.5,867910848.0
821.123797,47.6,868910848.0
822.133471,48.2,869911168.0
823.140380,47.8,870911232.0
824.149779,47.6,871910720.0
825.160555,47.7,872960960.0
826.175641,47.6,873960512.0
827.183674,47.9,874960256.0
828.191522,47.8,875960704.0
829.202812,47.7,876960960.0
830.214151,47.8,878011520.0
831.227918,47.6,879010560.0
832.235529,47.8,880010944.0
833.243426,47.9,881010752.0
834.253802,47.9,882010240.0
835.264570,47.9,883060736.0
836.276758,47.5,884060160.0
837.283687,47.7,885060160.0
838.292227,47.8,886060800.0
839.303478,47.8,887060544.0
840.318755,47.8,888110528.0
841.328475,47.7,889110592.0
842.335758,47.6,890110784.0
843.341992,47.2,891109888.0
844.353444,47.9,892157952.0
845.367869,47.9,893159872.0
846.377664,47.8,894160832.0
847.384871,47.9,895160768.0
848.392916,47.7,896160960.0
849.403603,48.1,897210624.0
850.419075,48.0,898209536.0
851.428525,48.3,899211456.0
852.435470,48.0,900210496.0
853.442777,47.8,901210624.0
854.452809,47.9,902260992.0
855.469652,48.0,903259392.0
856.478823,48.0,904258496.0
857.485811,47.9,905258176.0
858.494305,47.9,906260160.0
859.503745,48.0,907310272.0
860.518880,47.9,908310528.0
861.527773,47.9,909310400.0
862.535907,47.9,910310848.0
863.542749,48.1,911310720.0
864.553808,47.7,912360960.0
865.567764,48.1,913360128.0
866.576333,48.0,914360512.0
867.584041,48.2,915360192.0
868.591775,48.1,916359872.0
869.602346,48.0,917410048.0
870.618294,47.9,918409472.0
871.627616,47.8,919409728.0
872.635619,48.0,920408896.0
873.645345,48.0,921409216.0
874.654958,47.9,922459072.0
875.669968,48.2,923457984.0
876.676749,48.0,924457856.0
877.683679,48.0,925459200.0
878.690773,48.1,926460032.0
879.700744,48.4,927459520.0
880.716956,48.3,928510528.0
881.726630,48.1,929509760.0
882.734295,48.3,930509120.0
883.743091,48.1,931508992.0
884.753185,48.1,932559744.0
885.770177,48.0,933560064.0
886.778366,48.3,934559488.0
887.784758,48.2,935560640.0
888.793758,48.3,936560064.0
889.803517,48.4,937609088.0
890.817744,48.3,938610496.0
891.825750,48.1,939610816.0
892.832750,48.4,940610560.0
893.838921,48.1,941610432.0
894.849800,48.4,942659072.0
895.864749,48.2,943660352.0
896.874745,48.5,944659776.0
897.881791,48.2,945658880.0
898.889747,48.4,946660160.0
899.899897,48.1,947708736.0
900.914785,48.2,948709056.0
901.923754,48.1,949710080.0
902.930745,48.0,950710016.0
903.937850,48.3,951709184.0
904.948994,48.3,952759040.0
905.963753,48.2,953759808.0
906.972786,48.3,954759808.0
907.979750,48.3,955760000.0
908.986826,48.5,956759872.0
909.998483,48.5,957810176.0
911.014319,48.4,958809024.0
912.023857,48.3,959809920.0
913.031879,48.2,960810112.0
914.041742,48.4,961809216.0
915.050746,48.3,962859520.0
916.064620,48.3,963860416.0
917.072754,48.2,964859968.0
918.079685,48.2,965859456.0
919.087042,48.3,966859200.0
920.097689,,
926.106771,,
932.109750,48.5,982959360.0
936.193807,48.4,983958784.0
937.206398,48.5,985009408.0
938.217154,48.3,986009024.0
939.224472,48.3,987008832.0
940.232590,48.3,988009152.0
941.243569,48.2,989009152.0
942.255549,48.5,990059200.0
943.266715,48.4,991058432.0
944.274433,48.7,992059136.0
945.282285,48.3,993059712.0
946.292929,48.6,994059136.0
947.304027,48.5,995108864.0
948.317520,48.5,996108736.0
949.325406,48.2,997109504.0
950.333209,48.6,998108736.0
951.344704,48.4,999158912.0
952.361577,48.4,1000158784.0
953.370305,48.7,1001159872.0
954.377817,48.4,1002159040.0
955.386039,48.5,1003159232.0
956.397008,48.8,1004208128.0
957.413514,48.6,1005208576.0
958.421974,48.9,1006207680.0
959.429272,48.9,1007207744.0
960.438743,48.5,1008207232.0
961.447912,48.5,1009256960.0
962.462681,48.7,1010256640.0
963.471331,48.6,1011256704.0
964.479223,48.7,1012256192.0
965.488784,48.4,1013257216.0
966.499346,48.5,1014309120.0
967.514963,48.7,1015306560.0
968.523031,48.4,1016309120.0
969.530401,48.8,1017306112.0
970.542535,48.6,1018357760.0
971.557676,48.7,1019356800.0
972.567714,48.7,1020356864.0
973.575772,48.8,1021358592.0
974.583774,48.5,1022358976.0
975.594121,49.1,1023409088.0
976.610157,48.7,1024409088.0
977.618802,48.9,1025409536.0
978.625659,48.7,1026408000.0
979.633413,48.6,1027409024.0
980.642804,48.8,1028458944.0
981.658376,48.6,1029459200.0
982.668741,48.7,1030458560.0
983.674767,48.6,1031459008.0
984.680780,48.7,1032458112.0
985.693560,48.6,1033509376.0
986.709098,48.8,1034508480.0
987.718253,48.8,1035509312.0
988.726242,48.7,1036508608.0
989.736199,48.7,1037507456.0
990.746667,49.1,1038558592.0
991.761815,48.9,1039558528.0
992.770325,48.5,1040557696.0
993.776781,48.8,1041559360.0
994.787341,48.9,1042558080.0
995.797972,48.8,1043608960.0
996.813175,48.9,1044608768.0
997.822009,48.8,1045607936.0
998.829883,48.8,1046609088.0
999.841817,48.8,1047659136.0
1000.857783,48.7,1048659712.0
1001.867628,48.9,1049658560.0
1002.875904,48.8,1050656512.0
1003.886066,48.9,1051656576.0
1004.894758,48.6,1052705984.0
1005.909875,48.9,1053706560.0
1006.918212,48.8,1054708224.0
1007.926813,48.8,1055707072.0
1008.936774,49.0,1056708544.0
1009.945753,49.0,1057756800.0
1010.960143,48.8,1058756096.0
1011.969020,48.8,1059758400.0
1012.975749,48.8,1060758208.0
1013.984749,48.7,1061758080.0
1014.995240,49.0,1062809216.0
1016.010549,48.7,1063808128.0
1017.018165,48.7,1064808640.0
1018.025099,49.0,1065808640.0
1019.035378,49.0,1066808960.0
1020.046369,49.1,1067858112.0
1021.062007,48.8,1068856640.0
1022.069522,49.0,1069856512.0
1023.077773,48.8,1070858752.0
1024.087990,48.7,1071858240.0
1025.098753,49.0,1072908416.0
1026.110297,48.6,1073907712.0
1027.118345,49.1,1074909568.0
1028.126264,49.1,1075907968.0
1029.137521,48.9,1076907776.0
1030.150152,49.0,1077959424.0
1031.162646,49.1,1078957952.0
1032.168774,48.8,1079956736.0
1033.175665,49.1,1080956544.0
1034.185754,49.1,1081956608.0
1035.195767,48.9,1083008256.0
1036.209764,49.2,1084007552.0
1037.218015,48.9,1085007360.0
1038.224762,48.9,1086008448.0
1039.235118,49.0,1087007360.0
1040.244962,,
1046.253773,,
1052.261738,49.1,1103107584.0
1056.317761,48.9,1104107648.0
1057.325444,49.1,1105105920.0
1058.337777,49.0,1106157952.0
1059.352920,49.0,1107157632.0
1060.363527,49.0,1108155904.0
1061.371302,49.1,1109155840.0
1062.382791,49.4,1110155648.0
1063.395412,48.6,1111205760.0
1064.408450,49.1,1112206208.0
1065.416250,49.1,1113205632.0
1066.424470,49.2,1114205824.0
1067.436671,49.1,1115207040.0
1068.451788,49.3,1116258048.0
1069.460754,49.1,1117257984.0
1070.467828,48.9,1118258432.0
1071.475450,49.0,1119257344.0
1072.486463,49.2,1120307328.0
1073.502703,49.0,1121307520.0
1074.512757,49.1,1122307584.0
1075.519620,49.1,1123307264.0
1076.527427,49.3,1124307840.0
1077.537515,49.2,1125307904.0
1078.552974,49.2,1126357504.0
1079.562835,49.2,1127357184.0
1080.570972,49.3,1128357888.0
1081.581934,49.2,1129357312.0
1082.593516,49.3,1130407424.0
1083.607515,49.0,1131407744.0
1084.615396,49.5,1132408192.0
1085.622918,49.1,1133408128.0
1086.634350,49.3,1134407424.0
1087.644759,49.3,1135457408.0
1088.657516,49.3,1136458368.0
1089.665303,49.2,1137457920.0
1090.673115,49.3,1138457856.0
1091.684128,49.1,1139458048.0
1092.698311,49.3,1140508032.0
1093.708185,49.2,1141507072.0
1094.716672,49.4,1142506752.0
1095.724492,49.3,1143507968.0
1096.735276,49.4,1144556672.0
1097.750822,49.4,1145557888.0
1098.760823,49.4,1146558080.0
1099.768988,49.3,1147558656.0
1100.779585,49.1,1148556544.0
1101.789863,49.4,1149606784.0
1102.804253,49.8,1150606592.0
1103.814059,49.4,1151607936.0
1104.823039,49.5,1152606848.0
1105.834913,49.4,1153607168.0
1106.850337,49.6,1154657024.0
1107.860686,49.3,1155657472.0
1108.868114,49.4,1156657024.0
1109.876772,49.5,1157656960.0
1110.887604,49.7,1158706944.0
1111.904494,49.3,1159706880.0
1112.912581,49.4,1160706816.0
1113.920320,49.4,1161707008.0
1114.931141,49.3,1162707712.0
1115.941243,49.6,1163757952.0
1116.956151,49.3,1164757504.0
1117.965057,49.3,1165756672.0
1118.973447,49.3,1166756608.0
1119.985773,49.5,1167807232.0
1121.001988,49.5,1168807552.0
1122.011606,49.5,1169806976.0
1123.018552,49.3,1170806528.0
1124.030164,49.4,1171806720.0
1125.039608,49.7,1172857600.0
1126.054821,49.3,1173857152.0
1127.063831,49.4,1174857344.0
1128.071596,49.3,1175856640.0
1129.083648,49.6,1176907136.0
1130.100315,49.9,1177907456.0
1131.110834,49.7,1178907520.0
1132.118500,49.4,1179907072.0
1133.129804,49.5,1180907520.0
1134.140833,49.6,1181956864.0
1135.154383,49.8,1182956544.0
1136.162883,49.4,1183956480.0
1137.169834,49.3,1184956928.0
1138.182018,49.5,1185957504.0
1139.197822,49.4,1187006848.0
1140.207833,49.4,1188006656.0
1141.216949,49.4,1189006848.0
1142.227890,49.3,1190006144.0
1143.237787,49.7,1191056384.0
1144.252222,49.6,1192057088.0
1145.259793,49.6,1193057024.0
1146.268220,49.7,1194056704.0
1147.278851,49.5,1195054720.0
1148.290949,49.2,1196104960.0
1149.302558,49.4,1197104640.0
1150.310056,49.6,1198104704.0
1151.317510,49.5,1199106048.0
1152.327752,49.6,1200106368.0
1153.338785,49.7,1201157120.0
1154.353787,49.4,1202156032.0
1155.361278,49.8,1203156480.0
1156.368753,49.4,1204156800.0
1157.380279,49.7,1205155968.0
1158.392540,49.5,1206205824.0
1159.403206,,
1165.411523,,
1171.419748,49.6,1222257152.0
1175.492771,49.7,1223305344.0
1176.502781,49.8,1224307456.0
1177.511771,50.0,1225306752.0
1178.520761,49.9,1226306176.0
1179.531342,49.7,1227355776.0
1180.548059,50.0,1228355968.0
1181.557305,49.5,1229355776.0
1182.564774,49.6,1230355584.0
1183.574822,49.9,1231355008.0
1184.585267,49.9,1232406528.0
1185.601881,50.0,1233405824.0
1186.608747,49.7,1234405888.0
1187.615780,49.9,1235405568.0
1188.625927,49.7,1236406272.0
1189.636128,50.1,1237456128.0
1190.651372,50.1,1238457728.0
1191.659426,49.8,1239456256.0
1192.666757,49.9,1240455808.0
1193.678709,49.4,1241456256.0
1194.690578,49.9,1242506624.0
1195.702128,49.7,1243505408.0
1196.710411,49.4,1244504448.0
1197.717382,50.0,1245506176.0
1198.729016,49.9,1246504064.0
1199.740778,49.8,1247555968.0
1200.750755,49.6,1248555392.0
1201.758348,49.8,1249555968.0
1202.766274,49.9,1250555264.0
1203.777471,49.7,1251556096.0
1204.788801,49.8,1252606848.0
1205.801119,50.0,1253604992.0
1206.809358,49.7,1254604160.0
1207.817947,49.7,1255604096.0
1208.829679,49.6,1256654080.0
1209.845621,49.6,1257654656.0
1210.853772,49.7,1258655744.0
1211.861140,49.7,1259655552.0
1212.869557,49.9,1260654080.0
1213.880019,50.0,1261705856.0
1214.895249,50.0,1262703616.0
1215.905181,50.0,1263705216.0
1216.912836,50.0,1264703872.0
1217.921885,49.5,1265704064.0
1218.931378,49.8,1266754560.0
1219.945776,50.0,1267753728.0
1220.954790,50.0,1268753792.0
1221.961861,49.9,1269755264.0
1222.969681,49.8,1270757120.0
1223.981111,49.9,1271805952.0
1224.996663,49.8,1272805760.0
1226.005813,49.8,1273806976.0
1227.013595,50.4,1274805632.0
1228.025212,49.6,1275806720.0
1229.037403,49.7,1276855552.0
1230.049402,49.8,1277854848.0
1231.057084,50.1,1278855168.0
1232.065709,50.1,1279856512.0
1233.076534,49.9,1280855168.0
1234.088962,50.1,1281906688.0
1235.100491,50.1,1282904832.0
1236.108388,49.7,1283904896.0
1237.116321,50.1,1284906112.0
1238.127058,49.9,1285904384.0
1239.137955,50.2,1286955136.0
1240.149701,50.1,1287955840.0
1241.157831,49.8,1288955520.0
1242.164741,50.0,1289955584.0
1243.174214,50.4,1290955520.0
1244.184518,50.3,1292005504.0
1245.198067,50.1,1293005056.0
1246.206904,50.1,1294005120.0
1247.213777,50.1,1295005184.0
1248.224756,50.1,1296004992.0
1249.234515,49.9,1297053952.0
1250.248243,50.0,1298054912.0
1251.255777,50.2,1299054080.0
1252.263524,50.0,1300055552.0
1253.274744,49.9,1301056128.0
1254.285758,49.9,1302105472.0
1255.298714,50.2,1303106560.0
1256.305781,50.1,1304105728.0
1257.314491,50.2,1305105280.0
1258.324822,50.0,1306105472.0
1259.335063,50.4,1307155712.0
1260.347759,50.2,1308155648.0
1261.355343,50.2,1309155456.0
1262.361745,50.0,1310154880.0
1263.372797,50.2,1311154944.0
1264.381758,49.8,1312206080.0
1265.396522,50.1,1313205504.0
1266.404444,50.0,1314205440.0
1267.411760,50.2,1315204992.0
1268.421594,50.0,1316205824.0
1269.431253,50.2,1317254912.0
1270.445748,50.0,1318255232.0
1271.453656,50.3,1319254912.0
1272.460803,49.9,1320255232.0
1273.469763,50.1,1321255040.0
1274.478778,50.1,1322305792.0
1275.493781,49.8,1323305088.0
1276.502744,50.1,1324305664.0
1277.509765,50.2,1325304704.0
1278.517903,50.2,1326305408.0
1279.526764,,
1285.533743,,
1291.539743,50.3,1342405632.0
1295.614251,50.5,1343404800.0
1296.625667,50.1,1344454016.0
1297.640762,50.4,1345454592.0
1298.651413,50.3,1346454784.0
1299.658974,50.2,1347455232.0
1300.666918,50.4,1348455552.0
1301.677395,50.5,1349504640.0
1302.692750,50.5,1350504576.0
1303.701491,50.5,1351503744.0
1304.710049,50.5,1352502912.0
1305.720934,50.2,1353503104.0
1306.731655,50.2,1354553984.0
1307.746711,50.5,1355554176.0
1308.754467,50.4,1356554368.0
1309.763048,50.3,1357554176.0
1310.775380,50.5,1358603776.0
1311.790791,50.3,1359603328.0
1312.799260,50.1,1360603264.0
1313.807522,50.3,1361603456.0
1314.817524,50.5,1362604416.0
1315.827395,50.2,1363653504.0
1316.842999,50.2,1364653696.0
1317.851409,50.4,1365653760.0
1318.858747,50.5,1366654592.0
1319.869541,50.4,1367655168.0
1320.879959,50.3,1368704896.0
1321.894673,50.3,1369705216.0
1322.902747,50.1,1370704128.0
1323.909823,50.3,1371704704.0
1324.920563,50.6,1372704384.0
1325.929830,50.5,1373755136.0
1326.944414,50.4,1374754432.0
1327.951788,50.7,1375755008.0
1328.959075,50.4,1376754176.0
1329.969693,50.1,1377754112.0
1330.979290,50.3,1378804736.0
1331.993815,50.4,1379804928.0
1333.002186,50.0,1380804224.0
1334.010858,50.4,1381804800.0
1335.021740,50.4,1382804096.0
1336.031944,50.6,1383853952.0
1337.045666,50.3,1384854400.0
1338.053370,50.6,1385854080.0
1339.060876,50.4,1386854144.0
1340.071279,50.6,1387855360.0
1341.082421,50.6,1388904320.0
1342.094626,50.6,1389905536.0
1343.103345,50.4,1390904832.0
1344.110750,50.7,1391904384.0
1345.123131,50.5,1392904704.0
1346.139202,50.8,1393954176.0
1347.149527,50.7,1394954112.0
1348.157169,50.3,1395954048.0
1349.165459,50.7,1396954112.0
1350.175329,50.6,1398005632.0
1351.190320,50.3,1399003648.0
1352.199237,50.5,1400004992.0
1353.206431,50.6,1401003776.0
1354.214717,50.6,1402003840.0
1355.225149,50.6,1403054592.0
1356.239750,50.7,1404054784.0
1357.249065,50.6,1405053568.0
1358.256652,50.5,1406055552.0
1359.264743,50.5,1407052800.0
1360.274505,50.5,1408103168.0
1361.290950,50.6,1409102208.0
1362.299376,50.9,1410102144.0
1363.308283,50.6,1411103744.0
1364.318901,50.8,1412102144.0
1365.327845,50.5,1413151744.0
1366.341497,50.6,1414151808.0
1367.350197,50.6,1415152640.0
1368.358155,50.6,1416151680.0
1369.369689,50.6,1417152896.0
1370.379568,50.5,1418203264.0
1371.393015,50.8,1419203584.0
1372.400858,50.5,1420204800.0
1373.408778,50.2,1421202176.0
1374.418683,50.5,1422202496.0
1375.427786,50.3,1423251840.0
1376.440951,50.6,1424251776.0
1377.449467,50.2,1425252096.0
1378.458094,50.8,1426252928.0
1379.468808,50.6,1427252224.0
1380.480121,50.5,1428302848.0
1381.492312,50.8,1429304320.0
1382.500791,50.9,1430304128.0
1383.509313,50.9,1431304704.0
1384.521824,50.4,1432303616.0
1385.538030,50.8,1433354112.0
1386.549482,50.6,1434353408.0
1387.557539,50.8,1435353728.0
1388.567774,50.5,1436353536.0
1389.577420,50.7,1437403648.0
1390.593107,50.9,1438404608.0
1391.600761,50.7,1439403136.0
1392.608598,50.7,1440404224.0
1393.619028,50.9,1441404160.0
1394.629170,50.8,1442454528.0
1395.644393,50.6,1443454720.0
1396.652227,51.0,1444453504.0
1397.659717,50.9,1445453824.0
1398.670274,50.7,1446453504.0
1399.683073,,
1405.693169,,
1411.701775,50.7,1462603520.0
1415.806612,50.9,1463603072.0
1416.815311,50.5,1464603136.0
1417.825678,50.8,1465654016.0
1418.842364,51.0,1466653440.0
1419.850688,51.2,1467653888.0
1420.858001,50.6,1468653568.0
1421.868539,50.8,1469652352.0
1422.880109,51.1,1470703616.0
1423.894136,50.7,1471703168.0
1424.902003,50.8,1472700928.0
1425.909900,50.6,1473701120.0
1426.920809,50.4,1474702976.0
1427.931977,50.8,1475753600.0
1428.944841,50.8,1476753920.0
1429.953383,51.0,1477752960.0
1430.961049,50.8,1478752768.0
1431.971780,50.7,1479753344.0
1432.989098,51.0,1480803840.0
1433.999067,51.2,1481803008.0
1435.007376,50.8,1482803712.0
1436.018816,50.7,1483803136.0
1437.029424,50.7,1484853504.0
1438.044503,50.7,1485852928.0
1439.053026,50.9,1486853760.0
1440.061242,50.8,1487853440.0
1441.071757,50.8,1488854144.0
1442.083216,50.7,1489903616.0
1443.095570,51.3,1490903552.0
1444.103343,50.6,1491903616.0
1445.111392,50.7,1492902016.0
1446.122779,50.8,1493904384.0
1447.133099,50.9,1494953472.0
1448.144778,50.8,1495953152.0
1449.153024,51.0,1496952832.0
1450.160855,50.9,1497952896.0
1451.171851,50.9,1498952704.0
1452.181950,50.9,1500003456.0
1453.195764,51.1,1501003392.0
1454.203738,50.9,1502002560.0
1455.210905,51.0,1503002752.0
1456.220977,50.9,1504003072.0
1457.230801,51.3,1505052032.0
1458.244641,50.8,1506053632.0
1459.253044,50.9,1507052416.0
1460.261368,51.1,1508053504.0
1461.272743,50.7,1509053440.0
1462.282787,50.8,1510103424.0
1463.297398,50.9,1511102848.0
1464.304757,51.0,1512102784.0
1465.311838,50.7,1513102208.0
1466.321764,51.2,1514102656.0
1467.331567,50.9,1515152640.0
1468.346549,50.9,1516153600.0
1469.354398,51.1,1517153024.0
1470.362641,51.2,1518153088.0
1471.373766,51.0,1519151104.0
1472.384539,51.0,1520203648.0
1473.395747,50.9,1521202688.0
1474.403763,51.0,1522203520.0
1475.411214,51.3,1523203456.0
1476.421776,51.1,1524202624.0
1477.432566,50.8,1525252992.0
1478.445975,51.2,1526253440.0
1479.454023,50.8,1527252608.0
1480.462854,51.2,1528252160.0
1481.473688,51.0,1529252096.0
1482.490200,51.1,1530302976.0
1483.499898,51.2,1531303040.0
1484.508228,51.1,1532302976.0
1485.516268,51.1,1533300992.0
1486.527063,50.9,1534350592.0
1487.542320,51.3,1535350912.0
1488.551784,51.2,1536353024.0
1489.559798,50.9,1537352832.0
1490.571194,51.3,1538352384.0
1491.581468,50.9,1539402752.0
1492.596960,51.0,1540401920.0
1493.604842,51.3,1541402496.0
1494.612803,51.0,1542401920.0
1495.625319,51.1,1543403520.0
1496.640457,51.3,1544453376.0
1497.649420,51.1,1545452800.0
1498.657186,51.0,1546452480.0
1499.664981,51.3,1547453184.0
1500.675315,50.9,1548502016.0
1501.691531,51.3,1549502720.0
1502.701152,51.3,1550502016.0
1503.709368,51.0,1551502592.0
1504.718982,51.2,1552501888.0
1505.728775,51.4,1553551232.0
1506.743565,51.3,1554552064.0
1507.752230,51.1,1555552000.0
1508.761304,51.2,1556551936.0
1509.772665,51.0,1557553280.0
1510.784231,51.2,1558602112.0
1511.798045,51.2,1559601920.0
1512.806311,51.0,1560602752.0
1513.814037,50.9,1561601920.0
1514.825540,51.1,1562651904.0
1515.841629,51.2,1563652096.0
1516.851127,51.3,1564651264.0
1517.858798,50.9,1565652352.0
1518.868519,51.3,1566651648.0
1519.878686,,
1525.888005,,
1531.897245,51.1,1582802176.0
1536.000767,51.5,1583801472.0
1537.008770,51.4,1584801152.0
1538.018963,51.4,1585801600.0
1539.028581,51.3,1586852224.0
1540.043641,51.6,1587852160.0
1541.052477,51.3,1588851968.0
1542.059969,51.3,1589851648.0
1543.070987,51.5,1590851328.0
1544.081762,51.2,1591901952.0
1545.097707,51.6,1592902144.0
1546.105924,51.2,1593901056.0
1547.114212,51.3,1594900992.0
1548.125764,51.2,1595901696.0
1549.140796,51.5,1596951680.0
1550.150252,51.3,1597951104.0
1551.158823,51.2,1598951552.0
1552.168188,51.3,1599953024.0
1553.177956,51.3,1601000960.0
1554.193885,51.4,1601999104.0
1555.202975,51.0,1602999808.0
1556.210973,51.5,1603999744.0
1557.221107,51.5,1605001344.0
1558.231788,51.4,1606051584.0
1559.246693,51.6,1607050496.0
1560.254564,51.4,1608049792.0
1561.262047,51.3,1609051520.0
1562.272203,51.5,1610049408.0
1563.283366,51.4,1611099904.0
1564.296138,51.3,1612099456.0
1565.304026,51.5,1613099904.0
1566.311815,51.3,1614100224.0
1567.322105,51.6,1615099776.0
1568.334189,51.5,1616149888.0
1569.345289,51.7,1617149696.0
1570.354359,51.4,1618150016.0
1571.362243,51.6,1619149312.0
1572.371960,51.5,1620149120.0
1573.380946,51.3,1621202944.0
1574.396884,51.6,1622201856.0
1575.406162,51.6,1623201152.0
1576.413459,51.2,1624201344.0
1577.424558,51.4,1625201152.0
1578.435560,51.6,1626252416.0
1579.448650,51.6,1627252480.0
1580.456648,51.5,1628251520.0
1581.464396,51.3,1629251456.0
1582.475757,51.5,1630251904.0
1583.492399,51.4,1631302016.0
1584.502576,51.2,1632301184.0
1585.509747,51.4,1633300864.0
1586.516863,51.8,1634301824.0
1587.527961,51.6,1635351424.0
1588.542783,51.6,1636351616.0
1589.552517,51.5,1637351040.0
1590.560395,51.6,1638351744.0
1591.569541,51.6,1639350528.0
1592.580261,51.4,1640400896.0
1593.596360,51.7,1641401344.0
1594.604636,51.7,1642401280.0
1595.612660,51.7,1643401216.0
1596.623141,51.6,1644401408.0
1597.633319,51.8,1645451008.0
1598.646907,51.6,1646451712.0
1599.655063,51.6,1647450368.0
1600.662750,51.4,1648451840.0
1601.674048,51.7,1649451648.0
1602.683868,51.7,1650500480.0
1603.698795,51.9,1651501184.0
1604.706330,51.9,1652500864.0
1605.714189,51.5,1653501952.0
1606.725805,51.7,1654500992.0
1607.735861,51.6,1655552128.0
1608.748651,51.4,1656550912.0
1609.756497,51.9,1657550464.0
1610.764098,51.7,1658550400.0
1611.775580,51.7,1659550592.0
1612.792432,51.7,1660600832.0
1613.802013,51.4,1661600128.0
1614.810784,51.7,1662600832.0
1615.819758,51.8,1663600128.0
1616.829753,51.4,1664651136.0
1617.843743,51.4,1665650432.0
1618.852557,51.7,1666652288.0
1619.859801,51.8,1667651072.0
1620.869349,51.8,1668650880.0
1621.878750,51.7,1669700992.0
1622.893262,51.6,1670700544.0
1623.902136,51.6,1671700864.0
1624.910623,51.8,1672701056.0
1625.919463,51.6,1673700864.0
1626.930151,51.6,1674750976.0
1627.945834,51.5,1675748480.0
1628.954628,51.8,1676748800.0
1629.962940,51.8,1677748096.0
1630.973804,51.6,1678749568.0
1631.986144,51.5,1679798528.0
1632.996477,51.7,1680798208.0
1634.004518,52.1,1681798272.0
1635.011744,51.7,1682800640.0
1636.022369,51.7,1683798912.0
1637.032128,51.4,1684848384.0
1638.045625,51.8,1685848960.0
1639.053264,51.8,1686849920.0
1640.059789,,
1646.067741,,
1652.075090,51.7,1702997760.0
1656.195795,51.9,1704000768.0
1657.203989,51.8,1705000448.0
1658.211996,51.9,1706000512.0
1659.221257,51.8,1707000192.0
1660.230793,51.7,1708050944.0
1661.246412,51.9,1709050624.0
1662.254488,51.7,1710050432.0
1663.261749,51.7,1711050240.0
1664.271758,51.6,1712049920.0
1665.281763,51.7,1713100416.0
1666.296792,51.9,1714100224.0
1667.304753,51.6,1715100928.0
1668.310785,52.1,1716100480.0
1669.318749,51.4,1717100544.0
1670.328337,51.9,1718151040.0
1671.342768,51.8,1719150848.0
1672.352962,52.1,1720151296.0
1673.360155,51.9,1721149824.0
1674.367043,51.7,1722150272.0
1675.376683,51.7,1723150592.0
1676.387884,51.8,1724200064.0
1677.398750,52.2,1725200640.0
1678.406233,51.7,1726201088.0
1679.413754,51.6,1727200512.0
1680.424620,51.6,1728201984.0
1681.435759,51.6,1729249536.0
1682.445746,51.8,1730249728.0
1683.453766,51.7,1731250560.0
1684.461746,51.7,1732249728.0
1685.472510,51.6,1733249536.0
1686.483145,52.1,1734300416.0
1687.498744,52.0,1735299968.0
1688.505749,52.0,1736299776.0
1689.512752,51.9,1737300480.0
1690.522790,51.8,1738300672.0
1691.531761,52.0,1739349632.0
1692.546118,51.6,1740350720.0
1693.554413,52.0,1741349760.0
1694.560782,51.7,1742349696.0
1695.569281,52.2,1743349632.0
1696.578740,51.8,1744399488.0
1697.593758,51.9,1745400064.0
1698.602758,51.7,1746399872.0
1699.609934,51.8,1747399040.0
1700.616761,52.1,1748399488.0
1701.626747,52.1,1749399680.0
1702.642514,51.9,1750449152.0
1703.651784,52.1,1751449728.0
1704.660774,51.9,1752449408.0
1705.670015,52.0,1753449600.0
1706.679775,51.8,1754499584.0
1707.694753,51.9,1755499008.0
1708.702741,51.7,1756497792.0
1709.709761,52.1,1757497344.0
1710.716753,51.7,1758498560.0
1711.726783,52.3,1759547520.0
1712.740754,52.1,1760547456.0
1713.749756,51.8,1761548416.0
1714.756282,51.9,1762549632.0
1715.762751,51.9,1763549824.0
1716.771741,51.9,1764549888.0
1717.781765,52.0,1765599360.0
1718.797752,52.0,1766599040.0
1719.804764,52.1,1767599360.0
1720.811786,52.2,1768599040.0
1721.820596,51.7,1769599872.0
1722.829756,51.9,1770649728.0
1723.844953,52.2,1771649920.0
1724.854436,52.3,1772649216.0
1725.860766,52.0,1773649152.0
1726.866785,51.8,1774650112.0
1727.876893,52.0,1775649152.0
1728.891764,51.8,1776698752.0
1729.901088,51.8,1777698560.0
1730.908761,51.9,1778699904.0
1731.915747,52.1,1779699072.0
1732.926509,51.9,1780700032.0
1733.938763,51.7,1781749504.0
1734.948751,52.0,1782749696.0
1735.956247,51.8,1783748736.0
1736.963696,52.2,1784751488.0
1737.974466,52.3,1785749376.0
1738.984318,52.2,1786798720.0
1739.997763,52.2,1787799808.0
1741.006229,52.0,1788799104.0
1742.015444,51.9,1789799424.0
1743.027005,52.0,1790849152.0
1744.042967,52.0,1791848832.0
1745.053039,52.1,1792849408.0
1746.061062,52.0,1793850368.0
1747.069762,51.8,1794849664.0
1748.078743,52.1,1795900160.0
1749.093758,52.1,1796898688.0
1750.103582,52.0,1797899008.0
1751.111120,52.2,1798898560.0
1752.119794,51.9,1799899136.0
1753.129767,52.0,1800950144.0
1754.144092,52.0,1801949440.0
1755.153235,52.1,1802948864.0
1756.160206,51.8,1803949440.0
1757.168345,51.9,1804949120.0
1758.178818,52.1,1806000000.0
1759.194346,52.1,1806999680.0
1760.204099,51.9,1807998720.0
1761.211469,52.1,1808998656.0
1762.222228,52.1,1809998336.0
1763.233366,52.5,1811050496.0
1764.248389,52.4,1812049664.0
1765.255482,51.7,1813048704.0
1766.262784,52.0,1814049536.0
1767.273623,52.3,1815048448.0
1768.283739,52.0,1816097152.0
1769.296757,52.2,1817099008.0
1770.305257,52.2,1818099584.0
1771.312915,52.3,1819099136.0
1772.329794,52.6,1820148224.0
1773.342744,52.1,1821149824.0
1774.351903,52.2,1822149248.0
1775.365196,52.1,1823148544.0
1776.375784,52.2,1824148992.0
1777.387750,52.1,1825198976.0
1778.399065,52.3,1826199808.0
1779.406841,52.1,1827198976.0
1780.414959,52.1,1828199168.0
1781.425957,52.0,1829199616.0
1782.436524,51.9,1831098496.0
1784.321744,52.3,1832148480.0
1785.342762,52.2,1833149440.0
1786.351746,52.3,1834150016.0
1787.358163,51.9,1835149824.0
1788.365809,52.3,1836148608.0
1789.377199,52.2,1837148928.0
1790.389052,52.1,1838198656.0
1791.399432,52.3,1839198336.0
1792.407882,52.1,1840200704.0
1793.416694,52.0,1841199360.0
1794.427282,52.5,1842248448.0
1795.442958,52.1,1843248768.0
1796.452759,52.3,1844249088.0
1797.460962,52.3,1845249408.0
1798.472058,52.2,1847098752.0
1800.323751,51.9,1848096640.0
1801.336045,52.1,1849147392.0
1802.345747,,
1808.352980,,
1814.359768,52.3,1862148480.0
1815.370739,52.3,1863148160.0
1816.379778,52.5,1864198400.0
1817.394838,52.7,1865198720.0
1818.402757,52.5,1866200064.0
1819.409759,52.5,1867199104.0
1820.416338,52.6,1868198528.0
1821.425740,52.5,1869199360.0
1822.435782,52.3,1870248192.0
1823.448913,52.2,1871248384.0
1824.455834,52.9,1872248448.0
1825.462742,52.5,1873248000.0
1826.472219,52.3,1874248192.0
1827.482748,52.3,1875298176.0
1828.498111,52.4,1876297856.0
1829.505785,52.4,1877297920.0
1830.512754,52.2,1878298368.0
1831.523322,52.4,1879299072.0
1832.531786,52.2,1880349056.0
1833.547785,52.5,1881347968.0
1834.555531,52.3,1882348416.0
1835.562795,52.1,1883347840.0
1836.572783,52.4,1884396160.0
1837.591446,52.5,1885396608.0
1838.601540,52.6,1886397312.0
1839.608759,52.2,1887396736.0
1840.616832,52.4,1888396160.0
1841.627014,52.5,1889446272.0
1842.640764,52.6,1890446208.0
1843.650418,52.4,1891447296.0
1844.657583,52.4,1892447872.0
1845.664744,52.3,1893446400.0
1846.674778,52.3,1894446592.0
1847.689766,52.7,1895496064.0
1848.700893,52.5,1896496384.0
1849.709235,52.4,1897495808.0
1850.717346,52.6,1898495744.0
1851.727818,52.5,1899545856.0
1852.742170,52.5,1900545792.0
1853.752214,52.5,1901545472.0
1854.760612,52.2,1902545792.0
1855.769762,52.2,1903544704.0
1856.777907,52.3,1904595456.0
1857.793864,52.7,1905596800.0
1858.802770,52.1,1906596736.0
1859.810583,52.6,1907595392.0
1860.820434,52.6,1908595968.0
1861.830434,52.1,1909645568.0
1862.845472,52.3,1910646144.0
1863.852780,52.6,1911645952.0
1864.859744,52.2,1912646656.0
1865.867747,52.6,1913645824.0
1866.877266,52.1,1914696320.0
1867.891344,52.5,1915696128.0
1868.900787,52.4,1916695936.0
1869.908180,52.1,1917696128.0
1870.916575,52.4,1918697984.0
1871.927806,52.2,1919747072.0
1872.941750,52.6,1920746112.0
1873.950784,52.2,1921746048.0
1874.957744,52.5,1922746880.0
1875.965617,52.6,1923745664.0
1876.976588,52.5,1924747776.0
1877.993896,52.1,1925794944.0
1879.003505,52.3,1926797440.0
1880.010758,52.8,1928097920.0
1881.322846,52.2,1929096960.0
1882.341736,52.2,1930148352.0
1883.350794,52.4,1931147776.0
1884.357403,52.5,1932147072.0
1885.364737,52.5,1934097664.0
1887.322191,52.7,1935097472.0
1888.337242,52.5,1937147648.0
1890.365673,52.5,1938146816.0
1891.376532,52.6,1939147904.0
1892.387273,52.7,1940197760.0
1893.397755,52.6,1941197184.0
1894.405457,52.5,1942198784.0
1895.413278,52.6,1943198336.0
1896.422778,52.7,1944198144.0
1897.431869,52.6,1945247744.0
1898.447218,52.7,1946248576.0
1899.455550,52.6,1947247616.0
1900.463410,52.4,1948246144.0
1901.474658,52.7,1949246208.0
1902.491110,52.5,1950298496.0
1903.500754,52.4,1951296768.0
1904.508979,52.5,1952295808.0
1905.516837,52.6,1953297920.0
1906.526537,52.9,1954346240.0
1907.542472,52.6,1955345920.0
1908.551752,52.4,1956345216.0
1909.559363,52.8,1957345152.0
1910.567655,52.5,1958347392.0
1911.577048,52.5,1959397760.0
1912.593781,52.5,1960395648.0
1913.602536,52.6,1961396736.0
1914.610181,52.5,1962398080.0
1915.618365,52.8,1963396864.0
1916.628285,52.8,1964447232.0
1917.642774,52.6,1965447040.0
1918.652790,52.6,1966446720.0
1919.660064,52.6,1967446656.0
1920.668470,52.7,1968448384.0
1921.679159,52.8,1969496960.0
1922.694216,52.6,1970496768.0
1923.703486,52.9,1971496576.0
1924.712744,52.6,1972497664.0
1925.723446,52.9,1973496448.0
1926.732743,52.5,1974545664.0
1927.745864,52.6,1975546496.0
1928.754209,52.5,1976546944.0
1929.762262,52.6,1977546112.0
1930.772760,52.7,1978547456.0
1931.783304,52.5,1979596672.0
1932.797538,52.7,1980596864.0
1933.805159,53.1,1982096896.0
1935.325258,52.8,1983096704.0
1936.336775,52.8,1985145600.0
1938.365769,52.7,1986145664.0
1939.375825,52.7,1987145856.0
1940.387752,52.6,1989096448.0
1942.322931,53.0,1990145536.0
1943.340738,52.6,1991146752.0
1944.348762,52.8,1993096448.0
1946.322757,52.8,1994096768.0
1947.340748,52.5,1995146368.0
1948.352007,52.6,1996147072.0
1949.360294,52.9,1997144832.0
1950.370745,52.9,1998144128.0
1951.379851,52.7,1999195392.0
1952.399459,52.5,2000195712.0
1953.406746,52.8,2001195136.0
1954.413748,52.8,2002195584.0
1955.424057,52.9,2003196032.0
1956.435036,52.8,2004245632.0
1957.445630,52.8,2005245056.0
1958.453502,52.8,2006244992.0
1959.460931,53.0,2007246336.0
1960.471882,52.4,2008244992.0
1961.480748,52.7,2009294592.0
1962.495465,52.6,2010294656.0
1963.503490,52.9,2011295360.0
1964.511492,52.5,2013096576.0
1966.322760,52.8,2014146816.0
1967.342260,52.7,2015145856.0
1968.351645,52.9,2016146176.0
1969.357753,52.9,2017146496.0
1970.364757,53.0,2018145792.0
1971.374759,53.1,2019145216.0
1972.386765,52.8,2020196480.0
1973.398116,53.0,2021196032.0
1974.404744,53.1,2022197376.0
1975.412755,52.9,2023196672.0
1976.422759,53.0,2024196992.0
1977.432375,53.1,2025245824.0
1978.447353,52.7,2026246400.0
1979.455768,52.9,2027247104.0
1980.462740,52.9,2029095936.0
1982.327743,52.7,2030146688.0
1983.341764,52.8,2031145216.0
1984.350750,52.9,2032146688.0
1985.357850,52.9,2033145856.0
1986.364748,52.9,2034146560.0
1987.374797,,
1993.383772,,
1999.390756,53.1,2047195648.0
2000.399782,52.9,2048196736.0
2001.406887,52.8,2049196032.0
2002.413790,52.8,2050195840.0
2003.426710,53.1,2051246208.0
2004.442138,52.7,2052246144.0
2005.450752,53.0,2053245696.0
2006.458714,52.8,2054244864.0
2007.466413,52.8,2055244928.0
2008.477805,53.0,2056297216.0
2009.494390,53.0,2057296128.0
2010.503604,52.9,2058295680.0
2011.510343,53.2,2059295872.0
2012.520622,53.0,2060296448.0
2013.530710,53.1,2061345408.0
2014.545671,52.7,2062345472.0
2015.553789,52.8,2063345152.0
2016.561132,53.1,2064345600.0
2017.571881,53.0,2065345792.0
2018.582627,52.7,2066396032.0
2019.597674,53.0,2067396096.0
2020.604763,52.9,2068395392.0
2021.610786,53.0,2069395072.0
2022.621763,52.9,2070395520.0
2023.631106,53.2,2071445248.0
2024.644591,52.8,2072444160.0
2025.652855,53.2,2073443712.0
2026.660373,52.8,2074445440.0
2027.671604,53.1,2075444096.0
2028.681448,53.1,2076494464.0
2029.695581,53.0,2077495808.0
2030.703390,52.9,2078495104.0
2031.711403,53.1,2079495552.0
2032.721333,53.2,2080495872.0
2033.730775,53.1,2081545600.0
2034.745456,52.7,2082544896.0
2035.753976,53.2,2083545728.0
2036.761694,53.2,2084546304.0
2037.772301,52.9,2085545984.0
2038.782350,52.9,2086595584.0
2039.797689,53.2,2087595136.0
2040.806022,53.1,2088596096.0
2041.814382,52.8,2089596544.0
2042.826171,53.0,2090646144.0
2043.843261,53.3,2091646080.0
2044.851790,53.2,2092646144.0
2045.859781,53.2,2093645696.0
2046.870131,53.3,2094645376.0
2047.879824,53.2,2095694976.0
2048.895380,53.0,2096695040.0
2049.903103,53.4,2097694976.0
2050.909627,52.8,2098695424.0
2051.920768,53.2,2099695104.0
2052.930640,53.1,2100745600.0
2053.944058,52.8,2101745664.0
2054.953079,52.9,2102745984.0
2055.961225,52.9,2103745024.0
2056.973136,53.2,2104745344.0
2057.983303,53.0,2105794432.0
2058.997326,53.0,2106794624.0
2060.004782,,
2066.010957,,
2072.019327,52.9,2122894720.0
2076.097141,53.1,2123894144.0
2077.104632,53.0,2124894592.0
2078.112714,52.9,2125894656.0
2079.124287,53.0,2126944256.0
2080.140652,53.2,2127944704.0
2081.150302,53.3,2128944128.0
2082.157551,52.9,2129945728.0
2083.165571,53.3,2130944512.0
2084.174745,53.0,2131944064.0
2085.190362,53.5,2132995968.0
2086.201012,52.9,2133995008.0
2087.207775,53.1,2134994176.0
2088.214848,53.1,2135994880.0
2089.225218,53.5,2137044736.0
2090.241388,53.2,2138045568.0
2091.249779,52.9,2139044096.0
2092.256749,53.2,2140044928.0
2093.263806,53.2,2141045376.0
2094.274844,53.5,2142094208.0
2095.289751,53.4,2143094656.0
2096.298765,53.3,2144095360.0
2097.306937,53.1,2145095168.0
2098.314080,53.0,2146094592.0
2099.325867,53.3,2147144064.0
2100.340673,53.4,2148144896.0
2101.350556,53.1,2149146368.0
2102.358740,53.3,2150144768.0
2103.367251,53.2,2151144704.0
2104.377600,53.1,2152194048.0
2105.391735,53.2,2153195520.0
2106.400018,53.3,2154194432.0
2107.407370,53.0,2155194880.0
2108.415763,53.6,2156194560.0
2109.425598,53.3,2157195520.0
2110.440798,53.3,2158244096.0
2111.449906,53.1,2159244032.0
2112.457222,53.4,2160243712.0
2113.464386,53.3,2161244672.0
2114.474763,53.3,2162245632.0
2115.485427,53.1,2163293952.0
2116.496337,53.5,2164294656.0
2117.503753,53.3,2165295104.0
2118.511317,53.1,2166294784.0
2119.522812,53.5,2167294720.0
2120.534453,53.3,2168344832.0
2121.546077,52.9,2169344000.0
2122.554410,53.3,2170344704.0
2123.562564,53.4,2171345664.0
2124.573546,53.3,2172345344.0
2125.585031,53.4,2173394432.0
2126.596401,53.2,2174394368.0
2127.603988,53.1,2175394048.0
2128.611874,53.2,2176394752.0
2129.622465,53.1,2177394432.0
2130.634307,53.2,2178444544.0
2131.647022,53.2,2179444736.0
2132.654825,53.3,2180445696.0
2133.663064,53.3,2181444096.0
2134.674145,53.4,2182443776.0
2135.689429,53.4,2183494144.0
2136.700078,53.4,2184494592.0
2137.708457,53.2,2185495552.0
2138.716890,53.1,2186494720.0
2139.727391,53.3,2187544064.0
2140.742681,53.2,2188543744.0
2141.751630,53.2,2189544960.0
2142.760747,53.5,2190543872.0
2143.770491,53.7,2191545344.0
2144.780229,53.3,2192594688.0
2145.795609,53.3,2193593856.0
2146.802754,53.5,2194594048.0
2147.809853,53.1,2195593984.0
2148.820581,53.2,2196593920.0
2149.830397,53.1,2197644800.0
2150.844812,53.4,2198643200.0
2151.852704,53.3,2199644672.0
2152.861036,53.3,2200644096.0
2153.872219,53.2,2201644800.0
2154.881759,53.2,2202693888.0
2155.895607,53.4,2203694080.0
2156.903634,53.3,2204694016.0
2157.911795,53.2,2205693184.0
2158.922646,53.3,2206693888.0
2159.932479,53.1,2207744000.0
2160.945244,53.2,2208743424.0
2161.953053,53.1,2209743360.0
2162.961482,53.6,2210744064.0
2163.972658,53.5,2211744256.0
2164.985766,53.5,2212794624.0
2165.996778,53.3,2213794048.0
2167.004091,53.1,2214795008.0
2168.011129,53.2,2215794176.0
2169.022331,53.6,2216794624.0
2170.032930,53.4,2217843456.0
2171.044965,53.4,2218843392.0
2172.052623,53.5,2219844608.0
2173.060235,53.2,2220843520.0
2174.070911,53.6,2221843712.0
2175.081618,53.3,2222893824.0
2176.094743,53.0,2223894528.0
2177.102502,53.4,2224894720.0
2178.110779,53.5,2225894144.0
2179.120527,53.5,2226893568.0
2180.131810,53.1,2227942912.0
2181.144163,53.2,2228943104.0
2182.152494,53.3,2229942016.0
2183.160180,53.7,2230942720.0
2184.171848,53.2,2231942912.0
2185.187668,53.5,2232992000.0
2186.198743,53.4,2233993984.0
2187.205941,53.3,2234993664.0
2188.213562,53.4,2235992064.0
2189.223557,53.5,2237043712.0
2190.238925,53.3,2238043392.0
2191.247745,53.4,2239043840.0
2192.256303,53.3,2240043008.0
2193.262776,53.3,2241041664.0
2194.272754,53.4,2242043648.0
2195.287782,53.3,2243093504.0
2196.297766,53.6,2244094208.0
2197.305031,53.4,2245093632.0
2198.313252,53.2,2246093312.0
2199.325035,53.3,2247144448.0
2200.340102,53.6,2248143872.0
2201.349697,53.4,2249143552.0
2202.358271,53.7,2250143232.0
2203.369587,53.6,2251143424.0
2204.379537,53.3,2252193280.0
2205.393740,53.7,2253193472.0
2206.400781,53.2,2254193664.0
2207.407743,53.5,2255193344.0
2208.417184,53.3,2256194560.0
2209.427421,53.5,2257244160.0
2210.443794,53.4,2258243328.0
2211.452564,53.8,2259243264.0
2212.460358,53.4,2260243456.0
2213.473579,53.8,2261243648.0
2214.489060,53.6,2262293504.0
2215.499602,53.6,2263293440.0
2216.507635,54.1,2264293632.0
2217.517914,53.5,2265293568.0
2218.527855,53.4,2266343168.0
2219.543494,53.9,2267342848.0
2220.551654,53.4,2268343040.0
2221.559553,53.2,2269343744.0
2222.570534,53.6,2270343680.0
2223.580433,53.3,2271393024.0
2224.594867,53.3,2272393728.0
2225.603428,53.6,2273393408.0
2226.611845,53.3,2274393856.0
2227.622379,53.8,2275393536.0
2228.632998,53.6,2276443392.0
2229.644549,53.4,2277444352.0
2230.652789,54.3,2278443776.0
2231.660371,53.5,2279443712.0
2232.671660,53.6,2280443136.0
2233.683279,53.7,2281493504.0
2234.695151,53.7,2282493184.0
2235.703105,53.5,2283493376.0
2236.711626,53.3,2284493568.0
2237.722993,53.7,2285492480.0
2238.738935,53.7,2286543104.0
2239.748218,,
2245.755300,,
2251.764638,53.9,2302642176.0
2255.873092,53.6,2303693568.0
2256.888358,54.2,2304691968.0
2257.898309,53.5,2305693440.0
2258.905768,53.9,2306691840.0
2259.912431,53.8,2307693312.0
2260.923066,53.4,2308692480.0
2261.938822,53.8,2309742592.0
2262.948757,53.5,2310743296.0
2263.956543,53.4,2311743744.0
2264.964817,54.0,2312742912.0
2265.975211,53.5,2313794048.0
2266.991785,53.7,2314793472.0
2267.998755,53.3,2315791360.0
2269.006513,53.3,2316793088.0
2270.016834,53.7,2317792768.0
2271.028589,54.1,2318842368.0
2272.042790,54.0,2319843328.0
2273.051124,53.6,2320843008.0
2274.059004,53.5,2321843200.0
2275.071205,53.4,2322842368.0
2276.088400,53.7,2323892480.0
2277.097745,53.8,2324893184.0
2278.105664,54.0,2325892096.0
2279.114337,53.9,2326892800.0
2280.125506,54.0,2327941888.0
2281.141348,53.4,2328942848.0
2282.149764,53.7,2329943040.0
2283.157591,53.9,2330942720.0
2284.167739,53.5,2331942400.0
2285.176800,54.4,2332992256.0
2286.191442,53.8,2333992704.0
2287.199744,53.7,2334992384.0
2288.205761,53.5,2335992576.0
2289.213768,53.5,2336992256.0
2290.223755,53.8,2338042624.0
2291.237925,54.1,2339042304.0
2292.247987,53.9,2340042752.0
2293.255913,53.9,2341042688.0
2294.263789,53.8,2342042368.0
2295.274352,53.8,2343092224.0
2296.288707,53.7,2344092672.0
2297.301093,54.1,2345092096.0
2298.308850,54.3,2346092032.0
2299.322718,53.8,2347142912.0
2300.338285,53.8,2348141568.0
2301.346756,53.3,2349141760.0
2302.354803,53.8,2350141952.0
2303.362269,53.6,2351141376.0
2304.373631,53.9,2352192512.0
2305.387749,53.8,2353191936.0
2306.397235,53.6,2354192128.0
2307.405540,53.5,2355192064.0
2308.414366,53.8,2356192000.0
2309.424130,54.2,2357242880.0
2310.439565,54.2,2358243840.0
2311.448870,53.8,2359241984.0
2312.456335,54.0,2360241920.0
2313.467040,53.5,2361242624.0
2314.476373,53.8,2362291712.0
2315.490756,53.9,2363291648.0
2316.499220,54.0,2364291840.0
2317.508415,54.2,2365292544.0
2318.520869,53.8,2366292480.0
2319.533520,54.2,2367341312.0
2320.543596,53.8,2368342784.0
2321.551333,53.7,2369341952.0
2322.559345,54.2,2370342144.0
2323.572328,53.6,2371392512.0
2324.588415,54.0,2372392192.0
2325.597830,53.7,2373391872.0
2326.606033,53.9,2374390784.0
2327.617220,54.0,2375393024.0
2328.628224,53.9,2376442368.0
2329.643767,54.2,2377442816.0
2330.651786,53.9,2378442240.0
2331.659333,54.3,2379441664.0
2332.671646,53.8,2380492032.0
2333.687096,54.1,2381491712.0
2334.696643,54.3,2382492160.0
2335.704919,54.3,2383491840.0
2336.713860,53.6,2384491520.0
2337.724422,53.6,2385541888.0
2338.740795,54.0,2386541568.0
2339.748746,54.0,2387542016.0
2340.755673,53.9,2388540928.0
2341.766083,53.8,2389541888.0
2342.775783,54.2,2390592512.0
2343.790749,54.1,2391590656.0
2344.797767,53.8,2392591360.0
2345.805253,54.0,2393591296.0
2346.814868,53.7,2394591744.0
2347.825012,53.8,2395642368.0
2348.840137,54.0,2396642048.0
2349.848717,53.8,2397642240.0
2350.854744,54.2,2398642176.0
2351.860793,54.4,2399641088.0
2352.872351,53.5,2400691200.0
2353.888090,54.3,2401691904.0
2354.897746,54.3,2402691584.0
2355.904517,54.0,2403691776.0
2356.913174,54.0,2404691712.0
2357.922752,53.7,2405692160.0
2358.937453,54.1,2406741760.0
2359.946812,,
2365.954755,,
2371.962859,53.8,2420791296.0
2374.017441,54.1,2421791744.0
2375.027331,53.7,2422841600.0
2376.040838,53.9,2423842048.0
2377.048995,54.2,2424841472.0
2378.056745,54.4,2425841152.0
2379.065876,54.3,2426840832.0
2380.076105,54.2,2427891456.0
2381.090211,54.3,2428891648.0
2382.098766,54.4,2431090688.0
2384.322780,54.0,2432141824.0
2385.343752,54.4,2433140736.0
2386.349761,54.4,2434140928.0
2387.356763,54.1,2435141376.0
2388.367996,54.1,2436192256.0
2389.388781,53.9,2437191680.0
2390.396761,53.8,2438191616.0
2391.404756,54.1,2439191808.0
2392.414795,54.2,2440191488.0
2393.424778,54.4,2441242112.0
2394.438746,54.3,2442241024.0
2395.445776,53.7,2443242496.0
2396.454764,54.1,2444241664.0
2397.463779,53.9,2445241344.0
2398.473783,54.3,2446291456.0
2399.488677,54.1,2447290624.0
2400.497769,54.1,2448290560.0
2401.506646,53.9,2449292032.0
2402.516745,53.8,2450290688.0
2403.527035,54.2,2451340544.0
2404.540769,54.2,2452341248.0
2405.547787,54.1,2453341696.0
2406.555752,54.2,2455091456.0
2408.322749,53.9,2456142080.0
2409.343201,54.4,2457141248.0
2410.349743,54.2,2458140928.0
2411.356363,54.2,2459140608.0
2412.365776,54.0,2460141056.0
2413.374747,54.2,2461192448.0
2414.387785,54.3,2462191360.0
2415.396764,54.4,2463191040.0
2416.403756,54.5,2464192000.0
2417.412146,54.3,2465191168.0
2418.422270,54.0,2466241280.0
2419.435759,54.4,2467240960.0
2420.445188,54.4,2468240640.0
2421.453755,53.9,2469241600.0
2422.464764,54.1,2470241024.0
2423.474638,53.9,2471290624.0
2424.490336,54.6,2472291072.0
2425.497798,53.9,2473290496.0
2426.504760,53.9,2474290176.0
2427.514746,54.1,2475290624.0
2428.524590,54.3,2476340736.0
2429.539488,54.3,2477340672.0
2430.547758,54.1,2478341376.0
2431.555027,54.3,2479341056.0
2432.564773,54.4,2480341248.0
2433.574151,54.0,2481391616.0
2434.589753,54.2,2482390272.0
2435.596743,54.4,2483388928.0
2436.603563,54.1,2484389376.0
2437.614779,54.3,2485390080.0
2438.623761,53.9,2486438912.0
2439.638175,54.1,2487439104.0
2440.645762,54.1,2488440064.0
2441.652752,54.2,2489438720.0
2442.663778,,
2448.672211,,
2454.678752,54.5,2505539584.0
2458.749763,54.3,2506540800.0
2459.756741,54.5,2507540480.0
2460.768635,54.5,2508539904.0
2461.784749,53.9,2509590016.0
2462.794415,54.3,2510590976.0
2463.802758,54.0,2511590912.0
2464.811830,54.4,2512590848.0
2465.821906,54.5,2513639936.0
2466.835961,54.1,2514639872.0
2467.844899,54.4,2515640320.0
2468.851742,54.5,2516640256.0
2469.858442,54.4,2517640448.0
2470.868929,54.2,2518690560.0
2471.884771,54.1,2519689728.0
2472.894416,54.4,2520689664.0
2473.903162,54.3,2521689856.0
2474.913238,53.9,2522690304.0
2475.922798,54.4,2523739904.0
2476.936754,54.1,2524739840.0
2477.944916,54.4,2525739776.0
2478.951785,54.1,2526740736.0
2479.958796,54.4,2527740160.0
2480.967747,54.3,2528740352.0
2481.976759,54.3,2529789952.0
2482.990602,54.1,2530790400.0
2483.998770,54.5,2531790592.0
2485.005802,54.4,2532789504.0
2486.016742,54.4,2533790464.0
2487.026163,54.6,2534841344.0
2488.040243,54.3,2535839744.0
2489.046783,54.6,2536839680.0
2490.054759,54.3,2537839872.0
2491.063767,54.5,2538840832.0
2492.073881,54.4,2539889664.0
2493.088798,54.3,2540889856.0
2494.097769,54.0,2541889792.0
2495.104797,54.3,2542890240.0
2496.114746,54.2,2543889664.0
2497.124553,54.5,2544939520.0
2498.137760,54.8,2545939456.0
2499.145682,54.2,2546939648.0
2500.153753,54.5,2547939072.0
2501.163801,54.8,2548940288.0
2502.175171,54.5,2549989376.0
2503.187754,54.7,2550989312.0
2504.196597,54.4,2551989760.0
2505.203769,54.5,2552989440.0
2506.214768,54.8,2553990400.0
2507.225116,54.6,2555040256.0
2508.238869,54.5,2556039680.0
2509.246790,54.3,2557038848.0
2510.253871,54.4,2558040064.0
2511.263742,54.3,2559040256.0
2512.271756,54.4,2560090112.0
2513.285759,54.6,2561089792.0
2514.294825,54.0,2562088960.0
2515.302340,54.4,2563089664.0
2516.311693,54.3,2564090368.0
2517.321557,54.5,2565140224.0
2518.335742,54.3,2566139136.0
2519.344324,54.6,2567140096.0
2520.350746,54.2,2568141056.0
2521.359780,54.6,2569139968.0
2522.370675,54.5,2570189568.0
2523.384747,54.3,2571188736.0
2524.392785,54.5,2572189440.0
2525.399745,54.5,2573188864.0
2526.406546,54.6,2574189824.0
2527.417353,54.2,2575238912.0
2528.432743,54.5,2576239104.0
2529.442618,54.5,2577239808.0
2530.449558,54.5,2578239232.0
2531.455749,54.7,2579238912.0
2532.465778,54.3,2580239872.0
2533.475545,54.6,2581288448.0
2534.487783,54.7,2582288640.0
2535.494789,54.5,2583290368.0
2536.502527,54.5,2584288768.0
2537.511803,54.2,2585288960.0
2538.521856,54.6,2586338560.0
2539.535787,,
2545.544477,,
2551.552757,54.5,2602439424.0
2555.645786,54.5,2603438848.0
2556.652760,54.5,2604438784.0
2557.662744,54.8,2605438976.0
2558.672759,54.7,2606488576.0
2559.687919,54.5,2607489024.0
2560.695702,54.7,2608488960.0
2561.702755,54.6,2609488896.0
2562.711782,54.5,2610488832.0
2563.721756,54.7,2611538432.0
2564.736353,54.7,2612538624.0
2565.744868,54.6,2613539328.0
2566.754345,54.9,2614538496.0
2567.765748,54.5,2615538688.0
2568.781746,54.6,2616589312.0
2569.790790,54.6,2617588992.0
2570.797777,54.2,2618588672.0
2571.805755,54.8,2619587840.0
2572.817058,54.5,2620588800.0
2573.831779,54.7,2621638400.0
2574.842580,54.6,2622638336.0
2575.849746,54.3,2623639552.0
2576.856770,54.5,2624638720.0
2577.868270,54.7,2625688832.0
2578.882760,54.7,2626688256.0
2579.892754,54.5,2627688704.0
2580.900755,54.6,2628688640.0
2581.909756,54.6,2629688832.0
2582.919595,54.8,2630738944.0
2583.935033,54.7,2631738880.0
2584.943326,55.0,2632738048.0
2585.949753,54.7,2633738496.0
2586.956783,54.7,2634737664.0
2587.967746,54.8,2635789824.0
2588.982760,54.8,2636787968.0
2589.992189,54.5,2637788672.0
2590.999763,54.7,2638788864.0
2592.008769,54.6,2639788032.0
2593.017747,54.6,2640837888.0
2594.031917,54.7,2641838592.0
2595.040916,54.8,2642838016.0
2596.048753,54.5,2643838976.0
2597.055712,54.9,2644838144.0
2598.066744,55.0,2645888000.0
2599.080773,54.8,2646888960.0
2600.091861,54.6,2647888896.0
2601.098743,54.5,2648888576.0
2602.105778,54.7,2649887232.0
2603.116758,54.7,2650938624.0
2604.131750,54.7,2651937792.0
2605.141444,55.1,2652938752.0
2606.148748,54.5,2653938176.0
2607.154771,54.7,2654937856.0
2608.165776,54.4,2655937792.0
2609.180771,54.3,2656988928.0
2610.190254,54.5,2657988096.0
2611.198115,54.7,2658988288.0
2612.204785,55.1,2659987968.0
2613.214763,54.7,2660988416.0
2614.230772,54.7,2662038272.0
2615.239783,54.5,2663037440.0
2616.247274,55.1,2664038400.0
2617.254756,54.7,2665037824.0
2618.265762,54.6,2666087936.0
2619.281744,55.2,2667088128.0
2620.291649,54.7,2668088064.0
2621.298795,55.2,2669088768.0
2622.306700,54.9,2670087424.0
2623.317369,54.8,2671138048.0
2624.331777,54.7,2672138752.0
2625.340760,54.6,2673138432.0
2626.347786,54.9,2674138112.0
2627.355056,54.7,2675137792.0
2628.365745,54.6,2676137472.0
2629.381744,54.5,2677188352.0
2630.391778,54.7,2678187520.0
2631.399764,55.0,2679188224.0
2632.409659,54.7,2680188160.0
2633.418765,54.5,2681238784.0
2634.432756,54.9,2682237440.0
2635.441626,54.4,2683238144.0
2636.448755,54.7,2684236800.0
2637.455908,54.7,2685238272.0
2638.465752,54.6,2686236928.0
2639.476501,54.6,2687287808.0
2640.486032,55.0,2688288000.0
2641.493805,54.8,2689287936.0
2642.500748,54.7,2690288896.0
2643.510132,54.8,2691288320.0
2644.521388,54.8,2692337664.0
2645.535768,54.9,2693337856.0
2646.542762,55.0,2694338048.0
2647.549580,55.1,2695338240.0
2648.559923,54.4,2696338432.0
2649.569760,54.6,2697388032.0
2650.585765,54.9,2698387456.0
2651.594163,54.6,2699386880.0
2652.601761,54.4,2700387328.0
2653.611679,54.6,2701386752.0
2654.620769,54.7,2702437376.0
2655.634683,54.6,2703436800.0
2656.641761,54.8,2704436736.0
2657.647744,55.0,2705437440.0
2658.654764,55.3,2706438400.0
2659.664747,,
2665.671800,,
2671.678777,54.7,2722588160.0
2675.781750,55.1,2723587072.0
2676.790776,54.8,2724587520.0
2677.797752,54.4,2725586944.0
2678.804890,54.8,2726586624.0
2679.815750,54.5,2727639040.0
2680.830746,54.9,2728636672.0
2681.840448,54.8,2729637888.0
2682.847751,54.7,2730636800.0
2683.855466,55.1,2731637504.0
2684.865791,54.9,2732687104.0
2685.880787,55.0,2733686272.0
2686.890690,55.0,2734687488.0
2687.898753,54.7,2735686656.0
2688.907677,55.0,2736687616.0
2689.916743,54.7,2737737472.0
2690.931761,54.9,2738737408.0
2691.940843,54.5,2739736832.0
2692.948768,55.2,2740736768.0
2693.957538,55.2,2741736704.0
2694.967761,54.9,2742787072.0
2695.981759,54.7,2743787008.0
2696.991167,54.7,2744786688.0
2697.997741,55.0,2745787392.0
2699.005138,55.1,2746786048.0
2700.014761,54.8,2747788032.0
2701.025518,54.7,2748836864.0
2702.035817,54.5,2749836800.0
2703.043291,54.6,2750836480.0
2704.049742,54.8,2751836416.0
2705.060781,54.5,2752837120.0
2706.072317,55.1,2753888768.0
2707.086770,54.9,2754886912.0
2708.094436,55.4,2755886592.0
2709.101787,55.1,2756887552.0
2710.113750,54.7,2757886720.0
2711.128770,54.7,2758936576.0
2712.137763,55.3,2759937024.0
2713.143779,54.9,2760937216.0
2714.150747,54.8,2761936640.0
2715.159987,55.3,2762936320.0
2716.170996,54.9,2763986432.0
2717.186264,55.1,2764987904.0
2718.194317,54.9,2765987584.0
2719.202624,55.2,2766988032.0
2720.214773,54.7,2768036864.0
2721.228770,55.2,2769036800.0
2722.237948,55.3,2770036480.0
2723.244772,55.2,2771036416.0
2724.252403,55.0,2772036352.0
2725.262777,54.9,2773035776.0
2726.277753,55.1,2774084608.0
2727.288361,55.1,2775085312.0
2728.295867,54.5,2776084480.0
2729.305772,55.1,2777085952.0
2730.314765,54.8,2778135040.0
2731.327770,54.8,2779134720.0
2732.336759,55.2,2780136192.0
2733.344741,54.9,2781134848.0
2734.351744,55.0,2782134784.0
2735.361777,54.8,2783184640.0
2736.376865,54.6,2784184832.0
2737.386759,55.1,2785185024.0
2738.394209,55.2,2786184960.0
2739.402762,54.8,2787184640.0
2740.412772,54.7,2788235008.0
2741.427781,54.4,2789236480.0
2742.437881,54.8,2790236672.0
2743.445777,54.9,2791235840.0
2744.453081,54.9,2792237056.0
2745.462780,55.0,2793236480.0
2746.477821,54.7,2794286592.0
2747.488534,54.9,2795286272.0
2748.495821,54.6,2796286720.0
2749.501745,54.6,2797286656.0
2750.512741,54.8,2798287360.0
2751.524519,55.1,2799335936.0
2752.532741,54.9,2800335872.0
2753.541751,55.1,2801336576.0
2754.549703,55.0,2802336512.0
2755.559777,55.2,2803335680.0
2756.569783,55.0,2804386560.0
2757.582756,55.3,2805385472.0
2758.590790,55.1,2806385152.0
2759.597741,55.0,2807384064.0
2760.606792,54.8,2808384768.0
2761.616498,54.6,2809436928.0
2762.631579,54.7,2810436608.0
2763.638781,54.8,2811435776.0
2764.645779,55.0,2812436224.0
2765.652756,55.0,2813435904.0
2766.662962,54.6,2814486016.0
2767.678513,54.9,2815486464.0
2768.688409,54.9,2816486656.0
2769.695771,54.8,2817485568.0
2770.706197,55.0,2818486016.0
2771.715695,54.7,2819535872.0
2772.729747,55.5,2820536064.0
2773.738541,54.8,2821535232.0
2774.745748,54.7,2822535680.0
2775.752758,54.9,2823535872.0
2776.763744,54.9,2824586752.0
2777.778784,54.8,2825584896.0
2778.788393,54.7,2826585856.0
2779.795836,,
2785.804438,,
2791.812753,55.3,2842685440.0
2795.903811,54.8,2843686656.0
2796.914744,55.2,2844736512.0
2797.928775,55.3,2845734656.0
2798.936770,55.0,2846736384.0
2799.944744,54.9,2847736064.0
2800.951785,55.3,2848736000.0
2801.961749,55.3,2849785600.0
2802.976790,55.3,2850785536.0
2803.987271,54.9,2851785984.0
2804.994769,55.5,2852785408.0
2806.004766,55.1,2853785856.0
2807.014748,55.1,2854835200.0
2808.029749,55.2,2855835648.0
2809.037745,55.1,2856835584.0
2810.044743,55.3,2857835776.0
2811.055169,55.2,2858835712.0
2812.064744,55.0,2859885824.0
2813.079745,55.1,2860885760.0
2814.087949,54.9,2861885184.0
2815.095426,54.8,2862884608.0
2816.104422,55.0,2863885568.0
2817.113762,55.3,2864935680.0
2818.126792,55.3,2865935872.0
2819.137156,55.0,2866935808.0
2820.143769,54.8,2867934720.0
2821.151165,55.2,2868935680.0
2822.160781,55.3,2869934592.0
2823.176933,55.3,2870985472.0
2824.187222,55.1,2871985408.0
2825.193776,54.9,2872986112.0
2826.201768,55.1,2873985536.0
2827.211792,55.4,2874985984.0
2828.226769,55.2,2876034816.0
2829.237161,55.1,2877035776.0
2830.243782,54.7,2878035200.0
2831.251848,55.0,2879036160.0
2832.261743,55.0,2880086016.0
2833.276804,55.5,2881086720.0
2834.287776,55.0,2882085888.0
2835.294776,55.3,2883085312.0
2836.305272,55.5,2884085760.0
2837.315758,55.2,2885134848.0
2838.329753,54.9,2886135808.0
2839.338786,54.9,2887135744.0
2840.345749,55.5,2888135936.0
2841.354781,54.9,2889134592.0
2842.364198,55.3,2890185728.0
2843.377750,54.9,2891185152.0
2844.386274,55.0,2892184832.0
2845.396997,55.3,2893185536.0
2846.408365,55.1,2894185472.0
2847.419749,55.4,2895235584.0
2848.430740,55.2,2896235264.0
2849.438099,55.3,2897234944.0
2850.444765,55.3,2898234624.0
2851.454766,55.2,2899234304.0
2852.465756,54.9,2900284672.0
2853.479757,55.0,2901284352.0
2854.489970,55.2,2902285568.0
2855.496758,55.3,2903285760.0
2856.506755,55.2,2904284672.0
2857.516756,55.3,2905334784.0
2858.530744,55.5,2906334720.0
2859.538604,55.3,2907334656.0
2860.546756,55.0,2908334848.0
2861.557666,55.2,2909334784.0
2862.567753,55.0,2910385664.0
2863.581761,55.2,2911385344.0
2864.588822,55.7,2912384768.0
2865.595825,55.2,2913384192.0
2866.606925,55.5,2914384128.0
2867.615765,55.0,2915435520.0
2868.629747,55.3,2916435200.0
2869.637634,55.3,2917435392.0
2870.644745,55.2,2918434048.0
2871.653759,55.3,2919435520.0
2872.662776,55.3,2920485632.0
2873.677818,54.9,2921485056.0
2874.685782,55.3,2922484224.0
2875.693779,55.2,2923484160.0
2876.703524,55.2,2924485888.0
2877.714747,55.1,2925534208.0
2878.728749,55.5,2926534656.0
2879.737160,55.2,2927534080.0
2880.744776,55.2,2928536064.0
2881.755361,55.0,2929534208.0
2882.766601,55.3,2930585856.0
2883.780745,55.1,2931585024.0
2884.788753,54.8,2932584704.0
2885.795742,55.5,2933584896.0
2886.805479,55.2,2934585088.0
2887.814787,55.2,2935634688.0
2888.828767,55.4,2936634624.0
2889.835746,55.3,2937634304.0
2890.842833,55.5,2938634752.0
2891.852769,55.0,2939634176.0
2892.861744,55.3,2940684800.0
2893.875772,55.4,2941685248.0
2894.884967,55.6,2942683904.0
2895.891773,55.2,2943684608.0
2896.898742,55.6,2944684544.0
2897.909269,55.2,2945734656.0
2898.924746,55.5,2946734080.0
2899.934644,55.3,2947734272.0
2900.942149,55.5,2948734464.0
2901.949330,55.7,2949734144.0
2902.959551,55.3,2950734848.0
2903.975742,55.5,2951784704.0
2904.984763,55.5,2952784640.0
2905.991994,55.5,2953785088.0
2907.001767,55.4,2954784000.0
2908.011773,55.1,2955835648.0
2909.025792,55.7,2956835072.0
2910.036335,55.5,2957834240.0
2911.042824,55.0,2958834176.0
2912.051753,55.0,2959835392.0
2913.060782,55.3,2960884992.0
2914.075755,55.5,2961884416.0
2915.084754,54.8,2962885888.0
2916.092780,55.4,2963886080.0
2917.101795,55.5,2964885504.0
2918.111746,55.3,2965935616.0
2919.126831,55.2,2966934528.0
2920.135756,55.5,2967934208.0
2921.143268,55.6,2968934144.0
2922.152707,55.5,2969933824.0
2923.161763,55.4,2970983936.0
2924.176768,55.8,2971984128.0
2925.186212,55.3,2972984832.0
2926.193054,55.7,2973984000.0
2927.202780,54.9,2974984192.0
2928.211747,55.3,2976034560.0
2929.225799,55.3,2977034240.0
2930.235594,55.2,2978034176.0
2931.242813,55.1,2979033600.0
2932.254756,55.7,2980034304.0
2933.264755,55.7,2981085440.0
2934.278765,55.3,2982084096.0
2935.285741,55.5,2983084288.0
2936.291859,55.5,2984083968.0
2937.298743,55.5,2985085696.0
2938.308981,55.3,2986133760.0
2939.325262,55.3,2987133952.0
2940.334569,55.3,2988134144.0
2941.343779,55.0,2989134080.0
2942.354766,55.2,2990134016.0
2943.363759,55.5,2991185408.0
2944.377758,55.5,2992184832.0
2945.386100,55.5,2993184768.0
2946.392760,55.8,2994184960.0
2947.401756,55.0,2995183616.0
2948.411439,55.3,2996234240.0
2949.424754,55.3,2997234176.0
2950.433764,55.5,2998234112.0
2951.441623,55.5,2999234048.0
2952.448763,55.5,3000233984.0
2953.458772,55.5,3001283584.0
2954.472747,55.6,3002284032.0
2955.482419,55.7,3003283968.0
2956.490590,55.3,3004284160.0
2957.497763,55.5,3005284096.0
2958.508949,55.7,3006334208.0
2959.523978,,
2965.531744,,
2971.539148,55.4,3022383104.0
2975.615760,55.3,3023431936.0
2976.625772,55.3,3024431872.0
2977.634137,55.4,3025431808.0
2978.641759,55.7,3026432000.0
2979.651739,55.4,3027433728.0
2980.660781,55.2,3028484096.0
2981.674762,55.3,3029484032.0
2982.683482,55.5,3030483712.0
2983.691252,55.1,3031483392.0
2984.700800,55.1,3032481536.0
2985.710304,55.7,3033531648.0
2986.724887,55.4,3034531072.0
2987.732783,55.5,3035531264.0
2988.739754,55.7,3036532224.0
2989.747769,55.3,3037530880.0
2990.757550,55.6,3038583040.0
2991.772596,55.5,3039581184.0
2992.780743,55.7,3040581120.0
2993.788003,55.5,3041581312.0
2994.794771,55.3,3042582016.0
2995.805777,55.8,3043584000.0
2996.817103,55.7,3044634368.0
2997.828755,55.4,3045633280.0
2998.837442,55.5,3046633472.0
2999.844749,55.3,3047633408.0
3000.857413,55.3,3048683776.0
3001.872740,55.5,3049683456.0
3002.880751,55.5,3050683136.0
3003.887883,55.5,3051683072.0
3004.894746,55.6,3052683264.0
3005.905762,55.5,3053683712.0
3006.915991,55.8,3054733568.0
3007.927775,54.9,3055733504.0
3008.936030,55.8,3056733952.0
3009.942772,55.4,3057733376.0
3010.953276,55.4,3058733312.0
3011.962928,55.7,3059783424.0
3012.976780,55.5,3060783360.0
3013.984754,55.3,3061783552.0
3014.991776,55.8,3062783488.0
3016.001899,55.7,3063782656.0
3017.010775,55.7,3064833536.0
3018.024969,55.7,3065832704.0
3019.032757,55.7,3066832896.0
3020.039961,55.4,3067833088.0
3021.047772,55.5,3068833536.0
3022.057758,55.5,3069883392.0
3023.072840,55.7,3070883584.0
3024.082616,55.7,3071882752.0
3025.089749,55.3,3072883200.0
3026.096675,55.8,3073882880.0
3027.106749,55.7,3074932992.0
3028.121754,55.4,3075932160.0
3029.131093,55.8,3076933632.0
3030.140333,55.7,3077932544.0
3031.150860,55.7,3078932736.0
3032.159746,55.5,3079982080.0
3033.173794,55.7,3080983296.0
3034.181759,55.6,3081983488.0
3035.190773,55.5,3082982912.0
3036.201338,55.3,3083982848.0
3037.211050,56.0,3085034240.0
3038.226984,55.7,3086033920.0
3039.235502,55.8,3087031808.0
3040.242764,55.5,3088033024.0
3041.253604,55.8,3089032960.0
3042.265004,55.5,3090082816.0
3043.277962,55.4,3091082752.0
3044.284886,55.7,3092082432.0
3045.291744,55.8,3093083648.0
3046.301983,55.8,3094082560.0
3047.310762,55.2,3095132928.0
3048.324748,55.7,3096132352.0
3049.332740,55.5,3097133056.0
3050.339879,55.4,3098133504.0
3051.351478,55.5,3099132416.0
3052.360742,55.5,3100183552.0
3053.375781,55.5,3101182720.0
3054.383754,55.5,3102183680.0
3055.390788,56.0,3103182848.0
3056.401760,55.4,3104182272.0
3057.411745,55.3,3105232896.0
3058.425785,55.5,3106232832.0
3059.433756,55.9,3107233024.0
3060.442936,55.8,3108232448.0
3061.454128,55.5,3109232640.0
3062.466614,55.7,3110281984.0
3063.476494,55.7,3111283968.0
3064.484746,55.7,3112282880.0
3065.492557,55.8,3113282048.0
3066.504675,55.7,3114282752.0
3067.515800,55.6,3115333376.0
3068.526775,55.6,3116331776.0
3069.535056,55.3,3117332480.0
3070.541768,55.5,3118331904.0
3071.552757,55.8,3119333120.0
3072.562745,55.6,3120381696.0
3073.576392,55.8,3121382656.0
3074.582740,55.8,3122382592.0
3075.590772,55.6,3123382016.0
3076.601545,55.5,3124381952.0
3077.610742,55.8,3125432832.0
3078.624771,55.7,3126433024.0
3079.633741,,
3085.638769,,
3091.645775,55.4,3142530560.0
3095.742744,55.7,3143531520.0
3096.753242,56.0,3144579840.0
3097.768770,55.7,3145582592.0
3098.778798,55.5,3146581760.0
3099.786664,55.8,3147581184.0
3100.793748,55.6,3148581632.0
3101.804964,55.7,3149632512.0
3102.820761,55.7,3150632448.0
3103.830816,55.8,3151632640.0
3104.839048,55.2,3152631808.0
3105.846748,55.3,3153631744.0
3106.856464,55.8,3154681600.0
3107.870788,55.7,3155682560.0
3108.879772,55.5,3156683008.0
3109.888775,55.5,3157679872.0
3110.898129,56.2,3158680064.0
3111.907764,55.7,3159729920.0
3112.923203,55.5,3160730112.0
3113.930851,55.7,3161729792.0
3114.938736,55.8,3162730240.0
3115.948746,55.5,3163730176.0
3116.958745,55.8,3164781568.0
3117.973753,55.5,3165778944.0
3118.980772,55.8,3166779648.0
3119.990155,55.8,3167780096.0
3120.999701,56.1,3168779520.0
3122.008820,55.8,3169830144.0
3123.022361,55.3,3170829568.0
3124.030759,55.6,3171830528.0
3125.038982,55.7,3172830464.0
3126.048744,55.5,3173830144.0
3127.057886,56.0,3174879744.0
3128.071904,55.5,3175879936.0
3129.081132,55.5,3176879872.0
3130.089910,55.8,3177878784.0
3131.100380,55.5,3178879744.0
3132.112876,56.0,3179930112.0
3133.124051,55.5,3180931328.0
3134.132489,55.4,3181931776.0
3135.139785,55.8,3182931712.0
3136.150265,55.8,3183932416.0
3137.159838,55.5,3184979712.0
3138.174318,56.0,3185979904.0
3139.180755,55.5,3186979840.0
3140.189395,55.7,3187981312.0
3141.198791,55.8,3188979456.0
3142.209748,55.8,3190029312.0
3143.222813,55.8,3191029760.0
3144.230829,55.8,3192028672.0
3145.239003,56.0,3193028864.0
3146.249547,55.8,3194031104.0
3147.258761,55.3,3195079936.0
3148.271797,55.5,3196078848.0
3149.279773,55.5,3197081600.0
3150.287330,56.0,3198081024.0
3151.295989,56.0,3199080704.0
3152.305744,55.5,3200131328.0
3153.320667,56.0,3201131520.0
3154.328741,55.5,3202131456.0
3155.335793,55.4,3203130368.0
3156.342752,56.2,3204130560.0
3157.353029,55.7,3205180928.0
3158.367768,56.2,3206180864.0
3159.376755,55.2,3207181056.0
3160.382763,55.8,3208179968.0
3161.389774,56.0,3209181952.0
3162.401329,55.8,3210180864.0
3163.410751,55.8,3211231232.0
3164.424239,56.1,3212230656.0
3165.430755,56.1,3213230592.0
3166.437742,56.0,3214230784.0
3167.445760,55.8,3215230976.0
3168.455137,56.2,3216282368.0
3169.469296,55.7,3217281024.0
3170.478696,55.6,3218281216.0
3171.487307,55.8,3219281152.0
3172.496526,55.8,3220280064.0
3173.506699,55.4,3221331968.0
3174.522603,56.0,3222330624.0
3175.531283,56.0,3223330816.0
3176.539645,56.1,3224331520.0
3177.550060,56.0,3225330944.0
3178.562585,56.0,3226382592.0
3179.574780,55.7,3227380736.0
3180.582487,55.8,3228381184.0
3181.591205,56.3,3229381632.0
3182.603383,56.0,3230430720.0
3183.618818,55.8,3231430656.0
3184.628453,56.1,3232431104.0
3185.635751,55.8,3233431040.0
3186.642914,56.0,3234430464.0
3187.653925,56.0,3235478528.0
3188.667778,55.8,3236478464.0
3189.676973,56.2,3237478912.0
3190.685875,56.1,3238480384.0
3191.695254,56.0,3239480576.0
3192.705289,56.0,3240530176.0
3193.720633,55.8,3241531136.0
3194.730403,55.5,3242531328.0
3195.737658,55.8,3243531264.0
3196.748744,56.0,3244531200.0
3197.758329,56.1,3245580544.0
3198.771781,55.8,3246580992.0
3199.780150,,
3205.787414,,
3211.794950,55.8,3262678784.0
3215.873582,55.5,3263678208.0
3216.880831,56.0,3264678912.0
3217.890124,55.8,3265678080.0
3218.901191,55.7,3266729216.0
3219.916990,55.8,3267728384.0
3220.927793,56.0,3268728064.0
3221.935212,55.8,3269727744.0
3222.944090,56.0,3270728448.0
3223.954746,55.7,3271778816.0
3224.969956,56.0,3272777728.0
3225.978990,56.0,3273778944.0
3226.988685,55.8,3274779392.0
3228.000600,56.0,3275778816.0
3229.012426,56.1,3276828160.0
3230.021770,55.8,3277830656.0
3231.029706,55.5,3278831360.0
3232.036951,56.0,3279830016.0
3233.047079,56.2,3280828416.0
3234.057086,55.6,3281877504.0
3235.069479,56.2,3282878208.0
3236.077507,56.0,3283879680.0
3237.085147,56.2,3284879872.0
3238.094865,55.8,3285879808.0
3239.105759,55.8,3286930944.0
3240.121397,55.8,3287929856.0
3241.130660,56.0,3288929536.0
3242.137801,56.3,3289927936.0
3243.149061,55.8,3290927872.0
3244.160256,55.8,3291979264.0
3245.171799,56.0,3292977920.0
3246.179357,55.7,3293979136.0
3247.186780,55.8,3294978304.0
3248.197478,56.0,3295977728.0
3249.207703,55.5,3297028864.0
3250.221379,55.9,3298030848.0
3251.231832,56.0,3299030016.0
3252.239142,56.0,3300030208.0
3253.250378,56.1,3301030400.0
3254.266774,56.1,3302079744.0
3255.276493,56.3,3303078912.0
3256.284878,56.2,3304079872.0
3257.294868,56.0,3305081344.0
3258.304762,56.3,3306129664.0
3259.320767,56.0,3307129856.0
3260.328681,55.8,3308129792.0
3261.336242,56.0,3309129472.0
3262.346765,56.3,3310130688.0
3263.355775,56.3,3311179008.0
3264.370308,56.1,3312179968.0
3265.379265,56.0,3313179904.0
3266.387458,56.0,3314180096.0
3267.399113,56.2,3315180032.0
3268.416056,55.8,3316229888.0
3269.424769,56.2,3317229056.0
3270.433905,56.1,3318228992.0
3271.442577,56.1,3319229952.0
3272.453708,56.0,3320278528.0
3273.469702,56.2,3321279232.0
3274.477592,56.3,3322280448.0
3275.485010,55.9,3323279616.0
3276.495267,56.2,3324279552.0
3277.505155,56.2,3325329920.0
3278.519775,56.3,3326330880.0
3279.528375,56.0,3327329024.0
3280.536161,56.1,3328329984.0
3281.546230,56.3,3329329408.0
3282.555249,56.2,3330380800.0
3283.570183,56.3,3331379968.0
3284.579465,56.4,3332379392.0
3285.588051,56.0,3333379584.0
3286.600297,56.0,3334427648.0
3287.616237,56.0,3335428096.0
3288.625181,56.3,3336427776.0
3289.632854,56.2,3337427456.0
3290.640989,56.0,3338427392.0
3291.652421,55.7,3339478016.0
3292.666191,56.6,3340477696.0
3293.674761,56.0,3341477632.0
3294.682768,56.3,3342477824.0
3295.691479,56.2,3343477248.0
3296.701348,56.3,3344526848.0
3297.716490,56.2,3345527040.0
3298.727160,55.8,3346526720.0
3299.733788,56.3,3347527168.0
3300.744368,56.3,3348527616.0
3301.754535,56.3,3349576960.0
3302.767741,56.1,3350579456.0
3303.775754,56.3,3351579648.0
3304.784020,56.0,3352578816.0
3305.796194,56.3,3353579520.0
3306.806899,56.0,3354630400.0
3307.821648,56.0,3355629312.0
3308.829025,55.7,3356629504.0
3309.837065,55.8,3357628928.0
3310.848211,56.4,3358628864.0
3311.864713,56.0,3359678976.0
3312.874054,56.2,3360679424.0
3313.882975,56.2,3361679616.0
3314.892277,56.3,3362676224.0
3315.902691,56.2,3363727104.0
3316.917270,56.1,3364726016.0
3317.925821,55.8,3365726720.0
3318.933192,56.0,3366729472.0
3319.944021,,
3325.953210,,
3331.961175,56.0,3382876672.0
3336.068289,55.8,3383876608.0
3337.075981,56.3,3384877312.0
3338.084622,56.0,3385876736.0
3339.095652,56.3,3386876928.0
3340.105997,56.2,3387926528.0
3341.117666,56.0,3388925952.0
3342.126427,55.8,3389926656.0
3343.134577,56.3,3390926592.0
3344.144122,56.0,3391926784.0
3345.154353,56.2,3392976640.0
3346.167506,56.5,3393978112.0
3347.176255,56.3,3394977536.0
3348.185392,56.2,3395976704.0
3349.196269,55.8,3396976896.0
3350.207741,56.3,3398027008.0
3351.218569,56.2,3399026688.0
3352.227509,56.1,3400028672.0
3353.235450,56.3,3401028608.0
3354.247926,56.3,3402078720.0
3355.264285,56.6,3403078144.0
3356.273204,56.1,3404078080.0
3357.281494,56.3,3405078784.0
3358.288765,56.3,3406079488.0
3359.299425,56.2,3407127808.0
3360.314757,56.0,3408128512.0
3361.323754,56.3,3409129728.0
3362.334067,56.0,3410128128.0
3363.345156,56.2,3411128320.0
3364.354526,56.3,3412177920.0
3365.367898,56.4,3413178368.0
3366.376534,56.0,3414176512.0
3367.386030,56.0,3415176704.0
3368.398155,56.0,3416227072.0
3369.413971,56.1,3417226752.0
3370.423211,56.4,3418226432.0
3371.430855,56.2,3419226368.0
3372.439082,56.5,3420226560.0
3373.448963,55.9,3421277184.0
3374.463883,55.7,3422276352.0
3375.473354,56.3,3423277312.0
3376.481343,56.1,3424276480.0
3377.491396,56.2,3425275904.0
3378.501288,55.9,3426326528.0
3379.516430,56.3,3427326464.0
3380.524479,56.5,3428327680.0
3381.532257,55.8,3429326592.0
3382.543207,56.5,3430326272.0
3383.552779,55.7,3431375872.0
3384.567517,56.3,3432375808.0
3385.575652,56.0,3433375232.0
3386.583768,56.2,3434376960.0
3387.593665,56.5,3435376640.0
3388.602769,56.0,3436427264.0
3389.617022,56.2,3437425920.0
3390.626421,56.2,3438427392.0
3391.634218,56.2,3439426048.0
3392.645319,56.2,3440426496.0
3393.660078,56.3,3441476608.0
3394.670933,56.0,3442478080.0
3395.678957,56.3,3443476480.0
3396.686777,56.4,3444478464.0
3397.699023,56.6,3445528576.0
3398.713961,56.1,3446527744.0
3399.723782,56.2,3447528448.0
3400.732162,56.5,3448527872.0
3401.742764,56.3,3449528064.0
3402.752416,56.6,3450578944.0
3403.768491,56.4,3451577088.0
3404.775760,56.3,3452577536.0
3405.783768,56.2,3453577984.0
3406.795781,56.3,3454578432.0
3407.804744,56.3,3455627264.0
3408.816564,56.2,3456627200.0
3409.825093,56.3,3457628160.0
3410.832752,56.5,3458627584.0
3411.842368,56.1,3459628544.0
3412.852224,56.5,3460677632.0
3413.866554,56.0,3461677312.0
3414.873750,56.0,3462677760.0
3415.880666,56.3,3463677696.0
3416.889782,56.0,3464677632.0
3417.899850,56.3,3465728256.0
3418.914965,56.3,3466727168.0
3419.923112,56.3,3467728128.0
3420.931536,56.3,3468727040.0
3421.942342,56.5,3469727232.0
3422.952545,56.5,3470777600.0
3423.966752,56.1,3471777536.0
3424.974756,56.0,3472779008.0
3425.983248,56.3,3473777920.0
3426.993570,56.3,3474776832.0
3428.003873,56.0,3475827456.0
3429.017227,56.0,3476828416.0
3430.026867,56.1,3477827072.0
3431.035452,56.2,3478827520.0
3432.048595,56.1,3479877632.0
3433.064445,56.3,3480877824.0
3434.073691,56.2,3481877760.0
3435.079951,56.3,3482877440.0
3436.087525,56.0,3483877376.0
3437.098402,56.1,3484877568.0
3438.114847,56.5,3485926912.0
3439.124286,56.2,3486927872.0
3440.132501,,
3446.136751,,
3452.140747,56.0,3503026176.0
3456.257017,56.4,3504077568.0
3457.271636,56.3,3505076992.0
3458.279770,56.5,3506077184.0
3459.288519,56.3,3507076864.0
3460.299441,56.6,3508076544.0
3461.319442,56.1,3509126912.0
3462.328335,56.3,3510126848.0
3463.336063,56.5,3511126016.0
3464.345861,56.3,3512126720.0
3465.355969,56.3,3513177088.0
3466.370995,56.3,3514176512.0
3467.379632,56.3,3515176960.0
3468.387436,56.7,3516176640.0
3469.398378,56.4,3517175808.0
3470.409102,56.5,3518226944.0
3471.424202,56.5,3519225600.0
3472.432288,56.6,3520224512.0
3473.440643,56.7,3521225216.0
3474.452918,56.7,3522226688.0
3475.464473,56.5,3523276800.0
3476.474839,56.3,3524275712.0
3477.483419,56.3,3525276672.0
3478.491882,56.3,3526275072.0
3479.502629,56.6,3527324928.0
3480.518788,56.5,3528324864.0
3481.528981,56.3,3529326080.0
3482.536888,56.5,3530326784.0
3483.544937,56.5,3531325184.0
3484.555366,56.3,3532375040.0
3485.571924,56.5,3533375744.0
3486.580362,56.4,3534374912.0
3487.587385,56.6,3535376896.0
3488.595762,56.3,3536376832.0
3489.605759,56.3,3537426688.0
3490.620883,56.5,3538427648.0
3491.629747,56.3,3539427328.0
3492.636764,56.4,3540427008.0
3493.643805,56.3,3541426176.0
3494.655743,56.3,3542426112.0
3495.666772,56.0,3543475712.0
3496.676601,56.4,3544476672.0
3497.685322,56.3,3545477632.0
3498.692758,56.6,3546475776.0
3499.703068,56.2,3547474688.0
3500.712159,56.6,3548525056.0
3501.724768,56.8,3549523968.0
3502.733185,56.3,3550524928.0
3503.741127,56.2,3551524864.0
3504.750717,56.2,3552524800.0
3505.760791,56.0,3553576192.0
3506.775144,56.4,3554574592.0
3507.782763,56.5,3555574528.0
3508.789759,56.5,3556575744.0
3509.798252,56.3,3557575168.0
3510.808043,56.5,3558625280.0
3511.822658,56.2,3559624704.0
3512.832749,56.3,3560625152.0
3513.840770,56.5,3561624320.0
3514.850758,56.3,3562625024.0
3515.859296,56.3,3563674112.0
3516.874314,56.5,3564676096.0
3517.883771,56.6,3565675776.0
3518.892229,56.6,3566676736.0
3519.901732,56.6,3567677440.0
3520.911210,56.5,3568726016.0
3521.925753,56.3,3569726208.0
3522.935030,56.7,3570726400.0
3523.942557,56.5,3571726080.0
3524.949798,56.3,3572725504.0
3525.960323,56.5,3573775872.0
3526.975797,56.2,3574776576.0
3527.986068,56.7,3575776512.0
3528.992752,56.1,3576776192.0
3530.004155,56.3,3577775872.0
3531.013952,56.6,3578825728.0
3532.029680,56.3,3579825920.0
3533.038105,56.6,3580825856.0
3534.045776,56.6,3581826048.0
3535.056048,56.3,3582825728.0
3536.065921,56.3,3583876096.0
3537.080196,56.5,3584875520.0
3538.088904,56.3,3585875456.0
3539.096910,56.5,3586876160.0
3540.107822,56.2,3587876096.0
3541.117920,56.2,3588926464.0
3542.132192,56.3,3589925888.0
3543.140842,56.3,3590925056.0
3544.149321,56.3,3591926784.0
3545.161273,56.3,3592926720.0
3546.176741,56.0,3593976064.0
3547.186065,56.8,3594974464.0
3548.193752,56.6,3595974656.0
3549.200740,56.8,3596974592.0
3550.212388,56.5,3598024960.0
3551.228104,56.8,3599024640.0
3552.237759,56.5,3600024576.0
3553.244749,56.7,3601024256.0
3554.251942,56.5,3602024192.0
3555.262166,56.5,3603074048.0
3556.278146,56.8,3604074240.0
3557.287746,56.6,3605074688.0
3558.295347,56.5,3606074112.0
3559.303944,56.3,3607074048.0
3560.313781,,
3566.321752,,
3572.324765,56.6,3623172864.0
3576.383772,56.7,3624175616.0
3577.391779,56.6,3625175040.0
3578.398908,56.5,3626176000.0
3579.409741,56.3,3627176192.0
3580.417762,56.5,3628225024.0
3581.432957,56.8,3629225984.0
3582.440772,56.0,3630225664.0
3583.448318,56.5,3631225088.0
3584.456287,56.3,3632225536.0
3585.465877,56.6,3633225728.0
3586.477456,56.4,3634275328.0
3587.488642,56.6,3635275008.0
3588.496015,56.6,3636274944.0
3589.502886,56.6,3637275904.0
3590.513798,56.6,3638275584.0
3591.524770,56.8,3639324928.0
3592.537803,56.7,3640325632.0
3593.545574,56.3,3641325312.0
3594.554015,56.5,3642326272.0
3595.565173,56.3,3643325696.0
3596.574814,56.5,3644374528.0
3597.586791,56.5,3645374976.0
3598.593762,56.6,3646375680.0
3599.601800,56.3,3647376384.0
3600.612451,56.5,3648376064.0
3601.621764,56.6,3649425408.0
3602.635761,56.2,3650425088.0
3603.643774,56.4,3651425536.0
3604.651677,56.7,3652424448.0
3605.661789,56.3,3653425152.0
3606.671260,56.6,3654475264.0
3607.686028,56.5,3655475200.0
3608.693762,56.2,3656475392.0
3609.701016,56.2,3657475840.0
3610.708756,56.6,3658476544.0
3611.719361,56.8,3659525120.0
3612.734572,56.0,3660526336.0
3613.743762,56.7,3661526784.0
3614.750748,56.2,3662525440.0
3615.756747,56.5,3663524864.0
3616.768152,56.7,3664524800.0
3617.778814,56.7,3665574656.0
3618.790610,56.5,3666574848.0
3619.798503,56.8,3667574528.0
3620.805749,56.7,3668574464.0
3621.816773,56.3,3669574912.0
3622.827142,56.0,3670624768.0
3623.840754,56.5,3671624960.0
3624.849336,56.8,3672624640.0
3625.856762,56.6,3673624832.0
3626.867528,56.3,3674624768.0
3627.877511,56.2,3675674880.0
3628.891507,56.7,3676674560.0
3629.900441,56.8,3677675776.0
3630.909833,56.7,3678675200.0
3631.920717,56.4,3679725056.0
3632.935744,56.7,3680725248.0
3633.944509,56.7,3681724672.0
3634.951762,56.8,3682724864.0
3635.959223,56.6,3683725824.0
3636.971830,56.7,3684773632.0
3637.985750,56.6,3685773056.0
3638.993739,56.6,3686774016.0
3639.999768,56.6,3687773952.0
3641.005760,56.5,3688773120.0
3642.015795,56.7,3689773568.0
3643.024971,56.3,3690824192.0
3644.039780,56.8,3691824128.0
3645.048233,56.3,3692824576.0
3646.054763,56.6,3693824000.0
3647.062084,56.5,3694824192.0
3648.073079,56.5,3695874816.0
3649.087745,56.7,3696874496.0
3650.097644,56.5,3697874688.0
3651.105319,56.5,3698875136.0
3652.117698,56.8,3699874304.0
3653.127543,56.3,3700925184.0
3654.141748,56.5,3701924096.0
3655.153761,56.7,3702924544.0
3656.161372,56.5,3703924736.0
3657.172863,56.7,3704973824.0
3658.188001,56.8,3705972992.0
3659.196818,56.6,3706973440.0
3660.204168,56.8,3707974144.0
3661.213227,56.3,3708974080.0
3662.223764,56.5,3710025216.0
3663.238933,56.8,3711024640.0
3664.248784,56.8,3712025344.0
3665.256171,56.5,3713024768.0
3666.263353,56.5,3714025216.0
3667.273756,56.5,3715024640.0
3668.284792,56.3,3716074752.0
3669.295219,56.7,3717074688.0
3670.302665,56.6,3718074112.0
3671.309755,56.5,3719074048.0
3672.320741,56.6,3720074240.0
3673.330542,56.5,3721124096.0
3674.344425,56.3,3722125056.0
3675.352081,56.6,3723124992.0
3676.359223,56.6,3724123904.0
3677.368566,56.5,3725124096.0
3678.378741,56.8,3726174464.0
3679.392785,,
3685.400747,,
3691.407205,56.7,3742275584.0
3695.493530,56.5,3743273728.0
3696.501750,56.6,3744274688.0
3697.509250,56.3,3745273344.0
3698.518797,56.9,3746274048.0
3699.528746,56.7,3747324928.0
3700.543813,56.5,3748323840.0
3701.552775,56.5,3749323776.0
3702.559755,56.7,3750324736.0
3703.568045,56.7,3751323904.0
3704.578036,56.8,3752374784.0
3705.593229,56.6,3753373952.0
3706.601785,56.2,3754374144.0
3707.608752,57.0,3755374080.0
3708.614749,56.5,3756374528.0
3709.624799,56.5,3757373696.0
3710.634902,56.3,3758424064.0
3711.649585,56.5,3759424000.0
3712.656905,56.7,3760424448.0
3713.664135,56.9,3761423104.0
3714.675466,56.6,3762424320.0
3715.685744,56.9,3763473664.0
3716.697758,56.8,3764473344.0
3717.705836,56.9,3765474048.0
3718.713757,56.8,3766474240.0
3719.723762,56.6,3767474688.0
3720.732977,56.5,3768523776.0
3721.747611,56.6,3769523456.0
3722.756198,56.8,3770523136.0
3723.763831,56.4,3771524352.0
3724.774840,56.5,3772524032.0
3725.785296,56.6,3773573888.0
3726.799482,56.7,3774573824.0
3727.809660,56.5,3775574528.0
3728.816951,56.6,3776573952.0
3729.829977,56.5,3777623808.0
3730.845754,56.7,3778624512.0
3731.854754,56.8,3779624192.0
3732.862313,57.0,3780623616.0
3733.871472,56.5,3781624064.0
3734.882841,56.6,3782673920.0
3735.898168,56.8,3783673600.0
3736.907121,57.0,3784674048.0
3737.914625,56.6,3785674752.0
3738.925975,56.6,3786673664.0
3739.934752,,
3745.941630,,
3751.950151,56.8,3802773248.0
3756.032405,57.0,3803821312.0
3757.047573,56.8,3804823808.0
3758.058127,57.2,3805824000.0
3759.065959,57.0,3806823424.0
3760.078330,56.6,3807870976.0
3761.094546,56.7,3808871936.0
3762.105477,56.7,3809871872.0
3763.112777,56.8,3810872832.0
3764.120490,56.8,3811874304.0
3765.131965,56.8,3812923648.0
3766.147470,57.0,3813923840.0
3767.157428,56.8,3814923008.0
3768.165031,56.8,3815923456.0
3769.173864,56.7,3816923136.0
3770.183763,57.0,3817974272.0
3771.197777,56.7,3818973696.0
3772.207823,56.9,3819973888.0
3773.215312,56.8,3820973824.0
3774.225324,57.0,3821973504.0
3775.234782,56.7,3823023360.0
3776.247781,57.0,3824024576.0
3777.258021,56.7,3825023232.0
3778.265518,56.9,3826023168.0
3779.273765,56.6,3827024128.0
3780.285471,56.6,3828073984.0
3781.299748,56.8,3829072640.0
3782.309408,56.9,3830073088.0
3783.316964,56.8,3831073536.0
3784.327784,57.0,3832074240.0
3785.337893,56.9,3833123072.0
3786.352048,57.1,3834123520.0
3787.360997,56.9,3835122688.0
3788.368693,57.0,3836122880.0
3789.378931,56.7,3837123328.0
3790.390495,57.0,3838173696.0
3791.405289,56.7,3839173120.0
3792.412161,57.0,3840173056.0
3793.420812,56.5,3841172736.0
3794.431744,57.0,3842173440.0
3795.441774,56.7,3843224064.0
3796.455319,56.6,3844223488.0
3797.463206,56.8,3845223424.0
3798.470816,56.5,3846222848.0
3799.481780,56.6,3847223296.0
3800.490791,56.8,3848273408.0
3801.505379,57.2,3849273088.0
3802.513440,56.9,3850272000.0
3803.520918,56.8,3851273472.0
3804.532688,57.0,3852273408.0
3805.543260,56.7,3853321216.0
3806.554031,56.8,3854320896.0
3807.562855,56.9,3855322880.0
3808.571699,56.6,3856323328.0
3809.582350,56.8,3857323520.0
3810.593376,56.7,3858372096.0
3811.605103,56.6,3859373056.0
3812.613606,56.8,3860373504.0
3813.621744,56.6,3861372160.0
3814.632632,57.2,3862373632.0
3815.640763,56.5,3863422976.0
3816.654835,56.6,3864422912.0
3817.662427,56.7,3865423360.0
3818.669968,57.0,3866423040.0
3819.679240,56.6,3867422208.0
3820.689203,56.7,3868473344.0
3821.703769,57.0,3869470464.0
3822.713026,56.3,3870470656.0
3823.720811,56.8,3871470592.0
3824.732511,56.8,3872470784.0
3825.748785,56.8,3873520384.0
3826.759459,56.7,3874521344.0
3827.767081,57.0,3875520256.0
3828.774523,56.8,3876520960.0
3829.785955,57.0,3877572608.0
3830.801533,57.0,3878572800.0
3831.810935,56.8,3879572736.0
3832.819246,56.7,3880572672.0
3833.829574,56.5,3881572864.0
3834.839959,57.0,3882622464.0
3835.854416,57.2,3883621888.0
3836.862698,57.0,3884621824.0
3837.869906,56.7,3885623040.0
3838.876986,56.6,3886623232.0
3839.886763,57.0,3887672576.0
3840.901684,57.0,3888672256.0
3841.911853,57.0,3889672448.0
3842.919992,56.7,3890672384.0
3843.929638,56.7,3891673088.0
3844.939621,57.1,3892722432.0
3845.954148,56.3,3893722112.0
3846.963010,56.6,3894721792.0
3847.971362,56.7,3895721984.0
3848.981769,56.7,3896722688.0
3849.990762,57.1,3897773312.0
3851.005399,56.6,3898771968.0
3852.012749,56.5,3899772160.0
3853.020302,57.0,3900773120.0
3854.028002,56.8,3901771520.0
3855.037747,57.2,3902771456.0
3856.051790,57.0,3903822336.0
3857.060771,56.8,3904821760.0
3858.068497,56.7,3905822464.0
3859.075747,56.9,3906821888.0
3860.087471,,
3863.441613,,
3869.449183,,
3875.457075,56.7,3923221504.0
3876.465942,57.0,3924221952.0
3877.475409,56.8,3925221888.0
3878.486438,56.2,3926220800.0
3879.497556,56.5,3927270656.0
3880.509452,56.8,3928272128.0
3881.517027,57.0,3929271552.0
3882.524276,56.3,3930269952.0
3883.534856,56.7,3931270144.0
3884.545741,56.8,3932319488.0
3885.557680,56.8,3933320448.0
3886.565776,57.0,3934320128.0
3887.572750,56.8,3935320320.0
3888.581371,56.8,3936321536.0
3889.591792,57.0,3937373440.0
3890.606745,56.8,3938370560.0
3891.615230,56.8,3939371776.0
3892.622981,57.0,3940371712.0
3893.633225,57.1,3941372160.0
3894.643090,56.7,3942422016.0
3895.658797,56.8,3943421952.0
3896.667651,57.1,3944420864.0
3897.675063,57.1,3945422080.0
3898.687295,57.2,3946422016.0
3899.697786,56.5,3947472128.0
3900.710755,57.0,3948471808.0
3901.719794,57.0,3949470976.0
3902.726446,56.8,3950471168.0
3903.738775,57.0,3951471616.0
3904.755313,56.7,3952521984.0
3905.764771,56.6,3953521408.0
3906.772751,56.5,3954520576.0
3907.779360,56.7,3955521280.0
3908.789760,56.9,3956570624.0
3909.804963,57.0,3957571328.0
3910.814519,56.8,3958571264.0
3911.821705,56.8,3959571968.0
3912.829560,56.7,3960571904.0
3913.840957,56.7,3961621248.0
3914.855780,56.8,3962620928.0
3915.865550,56.8,3963621120.0
3916.873573,57.0,3964620800.0
3917.883659,57.0,3965622528.0
3918.893802,56.9,3966672640.0
3919.908844,57.2,3967671040.0
3920.917675,57.1,3968670208.0
3921.924869,57.0,3969670144.0
3922.936637,57.0,3970669312.0
3923.946906,57.0,3971721216.0
3924.960744,57.0,3972722432.0
3925.971742,56.7,3973720832.0
3926.979225,57.2,3974720768.0
3927.991144,56.6,3975768832.0
3929.005382,56.8,3976771584.0
3930.015520,56.5,3977770240.0
3931.023357,56.8,3978769152.0
3932.030761,56.8,3979768832.0
3933.041589,57.0,3980818944.0
3934.056905,56.5,3981820928.0
3935.066778,56.8,3982818304.0
3936.074465,56.7,3983819008.0
3937.082161,56.9,3984820736.0
3938.092775,56.9,3985870592.0
3939.106941,57.2,3986870528.0
3940.117152,56.8,3987868416.0
3941.124531,57.0,3988871424.0
3942.133504,56.7,3989872640.0
3943.142807,57.1,3990870528.0
3944.158116,56.7,3991920896.0
3945.166797,56.9,3992920832.0
3946.174892,56.8,3993920768.0
3947.183080,56.8,3994918656.0
3948.192762,57.0,3995969536.0
3949.208189,57.2,3996970752.0
3950.218231,56.5,3997967872.0
3951.225755,56.9,3998968064.0
3952.234646,56.7,3999970560.0
3953.245298,57.2,4001020672.0
3954.260207,56.8,4002020352.0
3955.268894,57.2,4003021824.0
3956.277236,57.0,4004020992.0
3957.288138,57.2,4005021184.0
3958.298749,56.8,4006070016.0
3959.312190,57.4,4007070976.0
3960.321412,57.2,4008070656.0
3961.328971,56.8,4009071360.0
3962.340779,57.0,4010071040.0
3963.354059,57.0,4011120896.0
3964.363619,57.2,4012120320.0
3965.371603,57.0,4013120256.0
3966.380688,57.0,4014121728.0
3967.393197,56.9,4015120640.0
3968.408750,57.0,4016171008.0
3969.419614,56.8,4017170944.0
3970.426981,56.9,4018170880.0
3971.438017,56.9,4019170304.0
3972.448286,56.8,4020218624.0
3973.462066,57.0,4021217280.0
3974.469702,57.0,4022218752.0
3975.477840,56.8,4023219456.0
3976.489384,56.8,4024220672.0
3977.499472,57.0,4025271040.0
3978.514507,56.6,4026271488.0
3979.523001,,
3985.528633,,
3991.535993,57.0,4042371584.0
3995.647755,56.8,4043420160.0
3996.661769,56.8,4044420864.0
3997.670022,56.8,4045420032.0
3998.676765,57.0,4046420736.0
3999.683916,56.8,4047420416.0
4000.695624,57.1,4048471808.0
4001.710782,57.1,4049470464.0
4002.721007,57.0,4050469120.0
4003.727771,56.8,4051470592.0
4004.738667,56.8,4052470016.0
4005.748894,57.2,4053520384.0
4006.763599,57.0,4054519552.0
4007.772006,57.3,4055519744.0
4008.779765,56.9,4056520960.0
4009.789198,57.0,4057520128.0
4010.800934,57.2,4058568960.0
4011.815890,57.0,4059569920.0
4012.823451,57.1,4060569600.0
4013.831275,57.0,4061571072.0
4014.841763,57.1,4062569472.0
4015.851141,56.8,4063620096.0
4016.865783,56.6,4064619520.0
4017.872767,56.9,4065619200.0
4018.880016,57.0,4066619392.0
4019.889752,57.0,4067618816.0
4020.898746,57.0,4068669696.0
4021.912760,56.8,4069669632.0
4022.921761,57.0,4070669824.0
4023.928532,57.1,4071669760.0
4024.936774,56.8,4072670720.0
4025.947148,57.0,4073720320.0
4026.962855,56.8,4074718464.0
4027.971425,56.8,4075719424.0
4028.979058,56.9,4076719104.0
4029.988254,56.7,4077719808.0
4030.998388,57.2,4078769920.0
4032.012934,57.2,4079768832.0
4033.021523,57.3,4080770048.0
4034.028747,57.0,4081769728.0
4035.036469,57.0,4082769664.0
4036.048064,57.0,4083819008.0
4037.063477,57.0,4084818944.0
4038.072752,57.0,4085819136.0
4039.080026,57.0,4086819584.0
4040.089742,57.3,4087820544.0
4041.097763,57.2,4088869888.0
4042.111754,56.6,4089868800.0
4043.120762,57.0,4090869760.0
4044.127781,57.4,4091869440.0
4045.134745,57.0,4092868864.0
4046.146209,57.0,4093919232.0
4047.161048,56.6,4094919680.0
4048.171062,56.6,4095919104.0
4049.178501,57.0,4096919552.0
4050.185759,57.0,4097919232.0
4051.196678,57.4,4098969856.0
4052.211755,57.2,4099969536.0
4053.220757,57.2,4100969728.0
4054.227854,57.3,4101971456.0
4055.234760,57.0,4102969088.0
4056.246758,57.1,4103970816.0
4057.261773,57.0,4105019648.0
4058.270776,57.0,4106020608.0
4059.278391,57.0,4107019776.0
4060.285656,56.8,4108018944.0
4061.295772,57.2,4109018368.0
4062.311772,57.4,4110069504.0
4063.321396,57.2,4111068416.0
4064.329333,57.2,4112069632.0
4065.336779,57.0,4113068544.0
4066.347426,57.3,4114119680.0
4067.362755,57.1,4115118080.0
4068.370768,57.0,4116119296.0
4069.377762,57.0,4117119232.0
4070.384777,57.0,4118118144.0
4071.396191,57.1,4119117824.0
4072.412573,57.0,4120169472.0
4073.422319,57.0,4121170432.0
4074.430127,57.3,4122169088.0
4075.437370,57.1,4123168512.0
4076.449222,57.4,4124219136.0
4077.464187,57.2,4125219072.0
4078.473378,57.2,4126218752.0
4079.481111,57.0,4127218944.0
4080.492761,57.3,4128218880.0
4081.501886,56.8,4129269504.0
4082.518171,57.0,4130270464.0
4083.526651,56.6,4131268608.0
4084.533299,57.4,4132268800.0
4085.542760,57.2,4133268224.0
4086.551762,57.3,4134318848.0
4087.566771,57.2,4135318784.0
4088.575904,57.2,4136319232.0
4089.583947,57.5,4137318656.0
4090.595024,56.8,4138318848.0
4091.605189,56.9,4139368448.0
4092.618177,56.8,4140368896.0
4093.625971,57.2,4141368832.0
4094.633781,57.0,4142369280.0
4095.644770,56.7,4143369728.0
4096.657417,57.3,4144418816.0
4097.669805,57.2,4145418496.0
4098.678330,57.1,4146418688.0
4099.685762,,
4105.694702,,
4111.701745,56.7,4162518528.0
4115.774807,57.3,4163518208.0
4116.781881,56.9,4164518912.0
4117.789062,57.2,4165518336.0
4118.798751,56.9,4166568704.0
4119.814324,56.9,4167568128.0
4120.824090,57.3,4168568064.0
4121.830754,57.2,4169568768.0
4122.837756,56.8,4170569216.0
4123.849171,57.2,4171618816.0
4124.864750,57.0,4172618496.0
4125.873818,57.2,4173618432.0
4126.882386,56.8,4174618880.0
4127.891480,57.2,4175617792.0
4128.901217,57.0,4176669184.0
4129.915122,57.3,4177669120.0
4130.924463,57.0,4178668032.0
4131.931744,57.0,4179668224.0
4132.938758,56.8,4180667904.0
4133.950894,57.0,4181718016.0
4134.965179,57.3,4182717696.0
4135.975160,57.2,4183718912.0
4136.981745,57.3,4184718592.0
4137.988976,57.2,4185717760.0
4138.999440,56.9,4186768896.0
4140.014752,57.3,4187768576.0
4141.023552,57.0,4188768512.0
4142.030443,56.8,4189768704.0
4143.038379,57.0,4190768896.0
4144.050072,57.2,4191818496.0
4145.064820,57.2,4192818176.0
4146.073753,57.3,4193819136.0
4147.081061,57.1,4194818048.0
4148.087748,57.1,4195817728.0
4149.099008,57.3,4196868352.0
4150.114792,57.4,4197868032.0
4151.123740,56.5,4198867456.0
4152.129790,56.8,4199867648.0
4153.136749,57.3,4200867584.0
4154.148329,57.2,4201869056.0
4155.164047,57.1,4202917888.0
4156.172755,57.2,4203918080.0
4157.179744,57.3,4204917760.0
4158.185750,57.2,4205918976.0
4159.195415,57.3,4206917376.0
4160.205739,57.4,4207968768.0
4161.218772,57.3,4208967680.0
4162.226876,57.3,4209968896.0
4163.234761,57.4,4210966784.0
4164.244673,57.0,4211968256.0
4165.255617,57.3,4213018880.0
4166.268756,57.2,4214018048.0
4167.276744,57.3,4215016704.0
4168.283771,57.0,4216018432.0
4169.293557,57.2,4217017856.0
4170.303505,57.2,4218068480.0
4171.319571,57.4,4219067904.0
4172.328282,57.0,4220068352.0
4173.335739,57.2,4221067520.0
4174.346209,56.7,4222067456.0
4175.356048,57.0,4223118080.0
4176.369752,57.0,4224117760.0
4177.378657,57.0,4225117696.0
4178.386965,57.3,4226117120.0
4179.397348,57.3,4227118080.0
4180.408337,57.2,4228168192.0
4181.421746,57.0,4229166848.0
4182.429049,57.0,4230168576.0
4183.437743,57.0,4231166976.0
4184.448810,57.3,4232166656.0
4185.459424,57.0,4233217792.0
4186.472270,57.0,4234219008.0
4187.479764,57.2,4235217152.0
4188.486867,57.3,4236217856.0
4189.496752,57.0,4237216000.0
4190.507657,57.3,4238266880.0
4191.521314,57.3,4239266816.0
4192.529065,57.1,4240268544.0
4193.536841,57.1,4241267456.0
4194.548018,57.0,4242267136.0
4195.556745,57.3,4243316992.0
4196.570774,56.9,4244317696.0
4197.579326,57.0,4245317632.0
4198.587281,57.2,4246316800.0
4199.597929,57.2,4247318016.0
4200.608110,57.1,4248366592.0
4201.622105,57.0,4249367296.0
4202.628783,57.2,4250365952.0
4203.635761,57.3,4251366400.0
4204.648781,57.0,4252367104.0
4205.658072,57.0,4253418496.0
4206.673075,57.1,4254416896.0
4207.680940,57.0,4255418368.0
4208.687771,56.8,4256417280.0
4209.697767,57.0,4257416704.0
4210.708359,57.2,4258467072.0
4211.721757,57.3,4259467520.0
4212.729700,57.1,4260466432.0
4213.737039,57.0,4261466880.0
4214.748294,57.0,4262467840.0
4215.756767,57.0,4263517952.0
4216.771348,57.1,4264517632.0
4217.779282,57.5,4265517824.0
4218.786753,57.1,4266517248.0
4219.796759,,
4225.804773,,
4231.812450,56.8,4282616832.0
4235.903753,57.2,4283666944.0
4236.918254,57.2,4284667904.0
4237.927711,57.0,4285667584.0
4238.934750,57.3,4286666752.0
4239.941638,57.3,4287666944.0
4240.953076,57.3,4288717568.0
4241.972334,57.0,4289715968.0
4242.979879,57.0,4290718464.0
4243.987357,57.2,4291715840.0
4244.997761,57.2,4292716032.0
4246.007407,57.3,4293767168.0
4247.022184,57.1,4294765824.0
4248.030532,57.3,4295766016.0
4249.038157,57.2,4296766464.0
4250.050071,57.1,4297765888.0
4251.060187,57.3,4298816000.0
4252.072776,56.9,4299817472.0
4253.081522,57.1,4300816896.0
4254.088769,57.1,4301816832.0
4255.099385,57.0,4302817280.0
4256.107757,57.0,4303866880.0
4257.123744,57.1,4304865792.0
4258.130757,57.4,4305866240.0
4259.137770,57.2,4306866176.0
4260.149559,57.3,4307866624.0
4261.160908,57.2,4308916224.0
4262.173383,57.3,4309917184.0
4263.180776,57.3,4310917632.0
4264.188020,57.3,4311916032.0
4265.198752,57.2,4312916480.0
4266.209560,56.9,4313968128.0
4267.224167,57.2,4314967040.0
4268.231941,57.4,4315965952.0
4269.239371,57.2,4316965888.0
4270.251324,57.2,4318017024.0
4271.268622,57.4,4319015936.0
4272.278425,57.0,4320015872.0
4273.286500,57.1,4321016832.0
4274.295545,57.3,4322016256.0
4275.306095,57.2,4323066368.0
4276.324744,57.1,4324066816.0
4277.332204,57.0,4325067264.0
4278.338762,57.3,4326066688.0
4279.348411,57.0,4327067136.0
4280.358051,57.2,4328117760.0
4281.371759,57.0,4329116672.0
4282.379744,57.0,4330117632.0
4283.386753,57.3,4331116032.0
4284.394761,57.3,4332116992.0
4285.403747,57.4,4333166592.0
4286.419337,57.5,4334166528.0
4287.428780,57.3,4335166464.0
4288.436022,57.0,4336166912.0
4289.443659,57.2,4337267712.0
4290.536178,57.4,4338266112.0
4291.543011,57.3,4339266560.0
4292.553988,57.0,4340267520.0
4293.569440,57.2,4341317120.0
4294.578756,57.0,4342315520.0
4295.586465,57.4,4343315968.0
4296.597513,57.4,4344316416.0
4297.607163,57.3,4345367040.0
4298.623073,57.3,4346365952.0
4299.632459,57.0,4347365376.0
4300.640180,57.0,4348366848.0
4301.651389,57.4,4349366784.0
4302.661539,57.2,4350416896.0
4303.674648,57.3,4351415808.0
4304.683960,57.2,4352415232.0
4305.693240,57.2,4353415680.0
4306.703953,57.2,4354467328.0
4307.720315,57.3,4355466240.0
4308.728775,57.3,4356465664.0
4309.736492,57.2,4357466624.0
4310.746138,57.3,4358465536.0
4311.757778,57.2,4359515648.0
4312.772752,57.5,4360515584.0
4313.781638,57.3,4361515008.0
4314.790362,57.3,4362515968.0
4315.801158,56.8,4363515904.0
4316.813128,57.5,4364564992.0
4317.822417,57.0,4365565440.0
4318.832224,57.2,4366565888.0
4319.840612,57.3,4367566336.0
4320.852968,57.5,4368615424.0
4321.869340,57.5,4369615872.0
4322.879266,57.1,4370615808.0
4323.887149,57.0,4371615744.0
4324.896066,57.5,4372615168.0
4325.906287,57.1,4373665280.0
4326.922233,57.2,4374663680.0
4327.930906,57.2,4375666176.0
4328.938220,57.5,4376664064.0
4329.947770,57.3,4377665024.0
4330.957506,57.3,4378715648.0
4331.972666,57.3,4379715584.0
4332.980745,57.0,4380715008.0
4333.987072,57.2,4381714944.0
4334.995752,57.4,4382715904.0
4336.004802,57.4,4383766016.0
4337.019710,57.3,4384765440.0
4338.028957,57.0,4385766912.0
4339.035669,57.3,4386765312.0
4340.043475,57.3,4387765760.0
4341.055214,57.4,4388815872.0
4342.068760,57.3,4389815808.0
4343.078465,57.4,4390814208.0
4344.085758,57.4,4391815168.0
4345.092602,57.5,4393065472.0
4346.328181,57.3,4394066944.0
4347.336743,57.5,4395064832.0
4348.342807,57.2,4396065792.0
4349.353751,57.2,4397065728.0
4350.363754,56.9,4398116352.0
4351.375502,57.1,4400116736.0
4353.408742,,
4359.416896,,
4365.424179,57.5,4416265216.0
4369.534592,57.4,4417265664.0
4370.542549,57.0,4418266112.0
4371.556175,57.3,4419315200.0
4372.571136,57.7,4420315136.0
4373.579746,57.2,4421315072.0
4374.587238,57.3,4422315008.0
4375.598072,57.3,4423315456.0
4376.609226,57.2,4424366592.0
4377.624751,57.4,4425365504.0
4378.631756,57.3,4426365440.0
4379.637761,57.0,4427365376.0
4380.645185,57.4,4428365824.0
4381.656654,57.4,4429414400.0
4382.671587,57.2,4430415360.0
4383.679765,57.4,4431414784.0
4384.687182,57.1,4432415232.0
4385.693627,57.4,4433415168.0
4386.704783,57.2,4434464256.0
4387.720984,57.4,4435464704.0
4388.730468,57.2,4436464640.0
4389.738687,57.3,4437464576.0
4390.748531,57.5,4438465024.0
4391.759765,57.2,4439514624.0
4392.774304,57.0,4440514048.0
4393.783331,57.3,4441513984.0
4394.790779,57.3,4442514432.0
4395.802067,57.4,4443514368.0
4396.812084,57.2,4444564992.0
4397.826100,57.0,4445565440.0
4398.834547,57.5,4446563840.0
4399.842162,57.3,4447564800.0
4400.852801,56.8,4448565760.0
4401.863813,57.3,4449614336.0
4402.875332,57.7,4450614784.0
4403.883747,57.0,4451615744.0
4404.890749,57.5,4452614656.0
4405.900772,57.4,4453614080.0
4406.910067,57.5,4454665728.0
4407.925343,57.3,4455664640.0
4408.933473,57.3,4456663552.0
4409.940779,57.4,4457664512.0
4410.951717,57.1,4458663936.0
4411.963254,57.3,4459715584.0
4412.976774,57.4,4460715520.0
4413.983774,57.5,4461714944.0
4414.991924,57.3,4462714880.0
4416.002948,57.3,4463714816.0
4417.013695,57.3,4464763904.0
4418.027137,57.7,4465764864.0
4419.034742,57.4,4466764288.0
4420.042045,57.0,4467765248.0
4421.053072,57.6,4468764672.0
4422.065316,57.0,4469814272.0
4423.076255,57.3,4470815232.0
4424.084197,57.0,4471815680.0
4425.092292,57.7,4472815616.0
4426.103024,57.3,4473814528.0
4427.114228,57.3,4474865152.0
4428.127372,57.3,4475864576.0
4429.134805,57.2,4476864000.0
4430.141745,57.5,4477864960.0
4431.151795,57.3,4478863872.0
4432.161113,57.0,4479915008.0
4433.175823,57.3,4480914432.0
4434.183770,57.4,4481914368.0
4435.191392,57.4,4482915328.0
4436.202760,57.5,4483914752.0
4437.211770,57.5,4484964864.0
4438.225761,57.5,4485964288.0
4439.232765,57.3,4486964224.0
4440.240238,57.7,4487964160.0
4441.250290,57.2,4488964096.0
4442.260526,57.2,4490013696.0
4443.275788,57.3,4491013120.0
4444.283259,57.4,4492013568.0
4445.291150,57.3,4493014016.0
4446.300819,57.3,4494013440.0
4447.309745,57.5,4495064576.0
4448.323766,57.5,4496062976.0
4449.330784,57.3,4497063424.0
4450.338778,57.7,4498063872.0
4451.345615,57.3,4499063296.0
4452.356414,57.3,4500113920.0
4453.372775,57.5,4501113856.0
4454.381852,57.0,4502113792.0
4455.389287,57.2,4503114752.0
4456.398394,57.4,4504115200.0
4457.408516,57.5,4505163776.0
4458.421768,57.2,4506163712.0
4459.429850,,
4465.437747,,
4471.445190,57.1,4522265600.0
4475.526913,57.7,4523264000.0
4476.533750,57.4,4524263936.0
4477.540753,57.2,4525264384.0
4478.549772,57.4,4526263808.0
4479.559599,57.1,4527313920.0
4480.574353,57.4,4528314368.0
4481.582009,57.2,4529313792.0
4482.590567,57.5,4530314240.0
4483.600744,57.4,4531314176.0
4484.610643,57.0,4532364288.0
4485.625152,57.3,4533364224.0
4486.633761,57.2,4534365184.0
4487.642227,57.4,4535364608.0
4488.651756,57.3,4536364544.0
4489.661466,57.3,4537413632.0
4490.674742,57.4,4538413568.0
4491.682466,57.5,4539414016.0
4492.689312,57.5,4540414464.0
4493.696440,57.4,4541413888.0
4494.706040,57.2,4542464000.0
4495.726753,57.7,4543463936.0
4496.733921,57.2,4544463872.0
4497.740630,57.6,4545463296.0
4498.748769,57.7,4546464256.0
4499.758585,57.2,4547513856.0
4500.773072,57.3,4548513280.0
4501.782324,57.5,4549514240.0
4502.788876,57.3,4550513664.0
4503.795739,57.4,4551513600.0
4504.805760,57.0,4552514048.0
4505.816743,57.5,4553564160.0
4506.827420,57.3,4554563584.0
4507.835041,57.4,4555564032.0
4508.840745,57.2,4556563968.0
4509.848954,57.4,4557563392.0
4510.859267,57.3,4558614528.0
4511.874692,57.2,4559613952.0
4512.882748,57.4,4560613888.0
4513.889680,57.2,4561613824.0
4514.898700,57.2,4562613248.0
4515.909567,57.5,4563663872.0
4516.924203,57.5,4564663296.0
4517.931749,57.5,4565664256.0
4518.937776,57.2,4566663680.0
4519.944787,57.4,4567663616.0
4520.957002,57.3,4568713728.0
4521.972074,57.5,4569712640.0
4522.981742,57.3,4570713600.0
4523.988750,57.7,4571713024.0
4524.995763,57.7,4572713472.0
4526.007555,57.6,4573763072.0
4527.023222,57.4,4574763008.0
4528.031750,57.2,4575762944.0
4529.039319,57.3,4576763392.0
4530.051231,57.5,4577763840.0
4531.061860,57.2,4578812928.0
4532.075754,57.7,4579813376.0
4533.083972,57.3,4580813312.0
4534.090748,57.3,4581813248.0
4535.097760,57.6,4582813696.0
4536.107915,57.4,4583864320.0
4537.123478,57.5,4584863232.0
4538.131765,57.4,4585863680.0
4539.138754,57.2,4586863616.0
4540.146459,57.4,4587863040.0
4541.158934,57.2,4588913152.0
4542.174504,57.6,4589913600.0
4543.182745,57.4,4590913536.0
4544.188756,57.7,4591913472.0
4545.196012,57.6,4592912896.0
4546.207272,57.5,4593963008.0
4547.223188,57.5,4594963456.0
4548.233277,57.5,4595962880.0
4549.241308,57.3,4596963328.0
4550.252333,57.6,4597963264.0
4551.262754,57.4,4599011840.0
4552.276608,57.4,4600012800.0
4553.284611,57.7,4601013248.0
4554.293539,57.5,4602013184.0
4555.303780,57.4,4603010560.0
4556.313103,57.4,4604060672.0
4557.325231,57.0,4605063680.0
4558.332758,57.3,4606062592.0
4559.341267,57.5,4607063552.0
4560.350533,57.6,4608063488.0
4561.360706,57.5,4609114624.0
4562.374786,57.2,4610114048.0
4563.382750,57.7,4611112960.0
4564.389748,57.6,4612112896.0
4565.396607,57.5,4613111808.0
4566.407748,57.8,4614163456.0
4567.422741,57.4,4615162880.0
4568.430761,57.4,4616162304.0
4569.438739,57.6,4617162240.0
4570.445788,57.3,4618162688.0
4571.455825,57.7,4619163136.0
4572.466117,57.8,4620213248.0
4573.478070,57.7,4621212160.0
4574.485539,57.2,4622212608.0
4575.492698,57.5,4623213568.0
4576.502983,57.4,4624212480.0
4577.512743,57.5,4625264128.0
4578.528171,57.5,4626263040.0
4579.536772,,
4585.546049,,
4591.554332,57.4,4642362368.0
4595.645759,57.5,4643362816.0
4596.656258,57.7,4644411904.0
4597.671953,57.3,4645412352.0
4598.682511,57.2,4646411776.0
4599.691039,57.3,4647413248.0
4600.699740,57.3,4648412672.0
4601.710224,57.5,4649462272.0
4602.725753,57.7,4650462208.0
4603.733743,57.5,4651461632.0
4604.741071,57.4,4652462592.0
4605.750760,57.3,4653462016.0
4606.760743,57.8,4654513152.0
4607.774514,57.3,4655512576.0
4608.783772,57.7,4656512000.0
4609.791108,57.7,4657511936.0
4610.799773,57.6,4658511872.0
4611.809782,57.5,4659561984.0
4612.826217,57.6,4660561408.0
4613.833751,57.6,4661562880.0
4614.842082,57.5,4662562816.0
4615.850786,57.5,4663562752.0
4616.860749,57.5,4664612864.0
4617.874525,57.7,4665612288.0
4618.883766,57.6,4666611712.0
4619.890757,57.8,4667612672.0
4620.898789,57.5,4668611584.0
4621.909562,57.5,4669663232.0
4622.923743,57.3,4670663168.0
4623.932851,57.5,4671661568.0
4624.939747,57.6,4672662016.0
4625.948269,57.4,4673661952.0
4626.958016,57.4,4674711552.0
4627.974040,57.2,4675712000.0
4628.983224,57.6,4676711936.0
4629.991406,57.3,4677711360.0
4631.000780,57.6,4678712320.0
4632.010777,57.3,4679761920.0
4633.025819,57.5,4680762368.0
4634.033780,57.5,4681762304.0
4635.041519,57.6,4682761216.0
4636.052210,57.5,4683762176.0
4637.064199,57.3,4684812288.0
4638.077946,57.4,4685811200.0
4639.085988,57.3,4686811648.0
4640.093742,57.5,4687811584.0
4641.103978,57.6,4688812032.0
4642.113815,57.5,4689861632.0
4643.127403,57.4,4690861056.0
4644.135513,57.7,4691862528.0
4645.142763,57.6,4692860928.0
4646.152549,57.4,4693861888.0
4647.164114,57.6,4694912000.0
4648.177424,57.4,4695912448.0
4649.186049,57.7,4696911872.0
4650.195907,57.5,4697912320.0
4651.208091,57.4,4698961920.0
4652.222769,57.6,4699962368.0
4653.232972,57.5,4700961792.0
4654.240767,57.4,4701961728.0
4655.248740,57.5,4702962688.0
4656.258224,57.5,4704009728.0
4657.272557,57.6,4705012224.0
4658.281741,57.6,4706010112.0
4659.289745,57.3,4707011584.0
4660.295781,57.5,4708012032.0
4661.307880,57.7,4709062144.0
4662.323541,57.2,4710061056.0
4663.333758,57.6,4711060992.0
4664.341191,57.3,4712061952.0
4665.350755,57.6,4713060864.0
4666.360509,57.5,4714110976.0
4667.374070,57.5,4715111424.0
4668.382756,57.3,4716112896.0
4669.389741,57.7,4717111808.0
4670.397794,57.6,4718111232.0
4671.407784,57.5,4719112704.0
4672.422795,57.7,4720160768.0
4673.431773,57.3,4721160704.0
4674.439756,57.4,4722161664.0
4675.446709,57.6,4723161600.0
4676.457495,57.2,4724161024.0
4677.471764,57.6,4725211648.0
4678.480774,57.8,4726211072.0
4679.487784,57.6,4727209984.0
4680.495707,57.7,4728211968.0
4681.507222,57.6,4729211392.0
4682.517752,57.6,4730261504.0
4683.529304,57.6,4731260928.0
4684.536760,57.7,4732260864.0
4685.543753,57.6,4733260800.0
4686.552742,57.9,4734260736.0
4687.562585,57.3,4735310336.0
4688.576796,57.6,4736312320.0
4689.584890,57.9,4737310720.0
4690.592188,57.7,4738311680.0
4691.600773,57.7,4739310592.0
4692.609782,57.4,4740361728.0
4693.624951,57.7,4741360640.0
4694.633787,57.6,4742361088.0
4695.641364,57.5,4743361024.0
4696.648780,57.7,4744359936.0
4697.660468,57.7,4745411072.0
4698.674882,57.6,4746411008.0
4699.683745,,
4705.691945,,
4711.699770,57.8,4762511360.0
4715.779071,57.5,4763510784.0
4716.785745,57.4,4764511744.0
4717.791767,57.8,4765511680.0
4718.799765,57.6,4766510592.0
4719.809777,57.5,4767561216.0
4720.824394,57.8,4768561152.0
4721.832772,57.7,4769561088.0
4722.839831,57.6,4770560512.0
4723.847451,57.4,4771560960.0
4724.858195,57.5,4772610560.0
4725.874120,57.6,4773611520.0
4726.885079,57.8,4774610432.0
4727.893341,57.2,4775610368.0
4728.904207,57.5,4776610304.0
4729.914575,57.5,4777659904.0
4730.926759,57.3,4778662400.0
4731.935557,57.0,4779660288.0
4732.943442,57.8,4780660736.0
4733.953914,57.5,4781659648.0
4734.966554,57.5,4782711296.0
4735.980747,57.5,4783711232.0
4736.988488,57.5,4784711680.0
4737.995509,57.8,4785710592.0
4739.006740,57.4,4786710016.0
4740.016413,57.7,4787761664.0
4741.029559,57.7,4788762112.0
4742.037613,57.7,4789761024.0
4743.046409,57.6,4790761472.0
4744.058250,57.5,4791811072.0
4745.074203,57.8,4792810496.0
4746.084182,57.8,4793810944.0
4747.092300,57.5,4794810368.0
4748.103803,57.7,4795811328.0
4749.114584,57.9,4796860928.0
4750.128519,57.6,4797860864.0
4751.137415,57.5,4798861312.0
4752.145240,57.3,4799859712.0
4753.156793,57.6,4800860672.0
4754.173032,57.4,4801910272.0
4755.182648,57.5,4802909184.0
4756.190406,57.6,4803909120.0
4757.199781,57.2,4804908032.0
4758.208755,57.5,4805960704.0
4759.224633,57.7,4806959616.0
4760.232778,57.3,4807958016.0
4761.240656,57.5,4808960512.0
4762.247987,57.5,4809959936.0
4763.257737,57.4,4811010048.0
4764.272757,57.9,4812009984.0
4765.282253,57.8,4813008896.0
4766.288744,57.6,4814009344.0
4767.295496,57.3,4815010304.0
4768.307037,58.0,4816009728.0
4769.316752,57.6,4817060352.0
4770.328753,57.6,4818060800.0
4771.335772,57.6,4819059712.0
4772.344340,57.7,4820059648.0
4773.353755,57.7,4821060096.0
4774.363372,57.5,4822110208.0
4775.377551,57.4,4823110656.0
4776.385690,57.8,4824109568.0
4777.393537,57.9,4825110016.0
4778.402765,57.6,4826108928.0
4779.411792,57.3,4827160576.0
4780.425777,57.5,4828160000.0
4781.435201,57.8,4829160960.0
4782.444140,57.5,4830159872.0
4783.454655,57.8,4831159296.0
4784.467617,57.7,4832209920.0
4785.479787,57.6,4833211392.0
4786.486791,57.9,4834210304.0
4787.494770,57.6,4835208704.0
4788.505623,57.3,4836209664.0
4789.523502,57.8,4837259776.0
4790.533090,57.8,4838260224.0
4791.540882,57.6,4839260160.0
4792.548336,57.6,4840259584.0
4793.560252,57.5,4841311232.0
4794.574981,57.8,4842310144.0
4795.583997,57.7,4843311104.0
4796.592344,57.7,4844310016.0
4797.602858,57.8,4845310464.0
4798.612554,57.6,4846360064.0
4799.627211,57.5,4847360000.0
4800.636101,57.9,4848359936.0
4801.644124,57.5,4849359360.0
4802.655984,57.5,4850359808.0
4803.668407,57.9,4851409408.0
4804.679508,57.6,4852410368.0
4805.687417,57.7,4853410816.0
4806.695947,57.6,4854409728.0
4807.706777,57.6,4855410176.0
4808.716759,57.4,4856460288.0
4809.730549,57.6,4857459712.0
4810.738499,57.3,4858459648.0
4811.746064,57.6,4859459072.0
4812.758591,57.6,4860509696.0
4813.774403,57.4,4861509632.0
4814.784216,57.5,4862509056.0
4815.792633,57.5,4863509504.0
4816.801795,57.6,4864509440.0
4817.812990,57.7,4865559552.0
4818.827618,57.5,4866560000.0
4819.835767,57.7,4867559936.0
4820.842120,57.8,4868559360.0
4821.852757,57.5,4869559296.0
4822.862792,57.5,4870609408.0
4823.878001,57.7,4871608832.0
4824.885752,57.7,4873059840.0
4826.327513,57.9,4874060288.0
4827.338753,57.7,4875059200.0
4828.346757,57.7,4876059648.0
4829.357960,57.7,4877059584.0
4830.373752,57.6,4878109696.0
4831.382241,57.9,4879109120.0
4832.390208,57.6,4880109568.0
4833.396746,57.7,4881110016.0
4834.406742,57.5,4882109440.0
4835.418997,57.5,4883160576.0
4836.430493,57.7,4884160512.0
4837.439500,57.5,4885159424.0
4838.447228,57.6,4886159360.0
4839.458808,57.6,4887208960.0
4840.475049,57.7,4888209408.0
4841.484745,57.6,4889209344.0
4842.492196,57.7,4890209280.0
4843.504030,57.8,4891210752.0
4844.515469,57.8,4892259840.0
4845.530165,57.7,4893259776.0
4846.538423,57.8,4894257664.0
4847.546624,57.7,4895258112.0
4848.558258,57.6,4896308224.0
4849.575445,57.6,4897308672.0
4850.584339,57.8,4898308608.0
4851.590760,57.7,4899309056.0
4852.599096,57.6,4900307456.0
4853.608776,58.0,4901308416.0
4854.623756,57.4,4902357504.0
4855.632714,57.5,4903357440.0
4856.640781,57.8,4904358912.0
4857.648253,57.7,4905358848.0
4858.659102,57.4,4906408960.0
4859.674902,57.6,4907408896.0
4860.684854,57.6,4908409344.0
4861.693107,57.7,4909408768.0
4862.704419,57.6,4910409216.0
4863.714407,57.5,4911458816.0
4864.728920,57.7,4912458752.0
4865.736624,57.5,4913458688.0
4866.744499,57.6,4914458624.0
4867.754370,57.8,4915459072.0
4868.766020,57.4,4916508672.0
4869.778793,57.7,4917508608.0
4870.786908,57.8,4918510080.0
4871.795213,57.7,4919508992.0
4872.807231,,
4878.815804,57.7,4926558208.0
4879.828756,57.9,4927558144.0
4880.836508,57.7,4928559104.0
4881.844163,57.5,4929559552.0
4882.853758,57.9,4930558464.0
4883.864798,57.5,4931608576.0
4884.878993,57.5,4932608000.0
4885.887255,57.8,4933608960.0
4886.894249,58.0,4934608896.0
4887.904196,57.6,4935609344.0
4888.913895,57.8,4936658944.0
4889.928480,57.8,4937658368.0
4890.935779,57.8,4938657280.0
4891.943091,57.7,4939658240.0
4892.953326,57.6,4940659200.0
4893.962571,57.3,4941709824.0
4894.977287,57.5,4942707712.0
4895.985525,57.7,4943708672.0
4896.994188,57.6,4944708608.0
4898.004355,57.5,4945708032.0
4899.014451,57.7,4946758656.0
4900.028788,57.5,4947758080.0
4901.036468,57.7,4948759040.0
4902.044560,57.9,4949757952.0
4903.053757,57.3,4950757888.0
4904.064580,57.7,4951808000.0
4905.078095,57.5,4952807424.0
4906.086376,57.6,4953807872.0
4907.093316,57.6,4954808320.0
4908.102783,57.8,4955808256.0
4909.112643,57.7,4956857344.0
4910.128856,57.6,4957858816.0
4911.136768,57.8,4958858240.0
4912.144762,57.5,4959857664.0
4913.155343,57.6,4960858112.0
4914.167029,57.5,4961908224.0
4915.179696,57.6,4962908160.0
4916.187774,57.9,4963909120.0
4917.196546,57.7,4964907008.0
4918.208424,57.3,4965908992.0
4919.223757,57.7,4966959104.0
4920.233267,57.8,4967958528.0
4921.241283,57.5,4968957440.0
4922.248742,57.9,4969958912.0
4923.259091,57.6,4971008000.0
4924.275978,57.5,4972007424.0
4925.284913,57.7,4973008896.0
4926.293183,57.7,4974007808.0
4927.303911,57.6,4975008256.0
4928.314766,57.8,4976058368.0
4929.333737,57.6,4977057792.0
4930.340793,57.6,4978058240.0
4931.347761,57.7,4979058176.0
4932.359765,57.8,4980108288.0
4933.376759,57.6,4981108736.0
4934.385782,57.8,4982108160.0
4935.392751,57.5,4983108608.0
4936.400790,57.8,4984109568.0
4937.410628,57.4,4985159168.0
4938.424763,57.7,4986158080.0
4939.434125,57.7,4987158528.0
4940.441743,57.8,4988157440.0
4941.450381,57.6,4989157888.0
4942.460750,57.4,4990208512.0
4943.475205,57.8,4991208960.0
4944.484522,57.9,4992206848.0
4945.491809,57.6,4993207808.0
4946.499751,57.9,4994206720.0
4947.510231,57.7,4995256320.0
4948.525743,57.6,4996258816.0
4949.535402,57.3,4997257216.0
4950.543142,57.5,4998258176.0
4951.551767,57.7,4999257088.0
4952.562958,57.5,5001057792.0
4954.332491,57.6,5002057216.0
4955.339843,58.1,5003057664.0
4956.349085,57.7,5004057600.0
4957.358743,57.8,5005058048.0
4958.368964,57.6,5006108160.0
4959.379753,57.7,5007108096.0
4960.390777,57.5,5008108544.0
4961.397741,57.6,5009108992.0
4962.408247,58.0,5010108416.0
4963.424523,57.5,5011158528.0
4964.434180,57.9,5012157952.0
4965.441969,57.9,5013158400.0
4966.451980,57.7,5014157824.0
4967.461850,57.8,5015207936.0
4968.476379,57.8,5016208384.0
4969.485365,57.8,5017207808.0
4970.493708,57.6,5018206720.0
4971.504366,57.6,5019207680.0
4972.515186,57.8,5020257792.0
4973.529198,57.5,5021257216.0
4974.536536,57.8,5022257664.0
4975.542874,57.7,5023257600.0
4976.552780,57.9,5024258560.0
4977.562597,57.7,5025307136.0
4978.577640,57.9,5026307072.0
4979.586338,57.6,5027307520.0
4980.594295,57.7,5028306944.0
4981.603769,57.8,5029307904.0
4982.614469,,
4988.622767,,
4994.631438,57.8,5042357248.0
4995.637746,57.8,5043356672.0
4996.644745,57.6,5044357632.0
4997.655339,57.7,5045358080.0
4998.666049,57.6,5046407680.0
4999.680276,57.6,5047406592.0
5000.688338,57.6,5048406528.0
5001.696158,57.8,5049408000.0
5002.708488,57.8,5050407424.0
5003.724625,57.7,5051456512.0
5004.734291,57.5,5052457472.0
5005.741766,57.8,5053456896.0
5006.750429,57.5,5054457344.0
5007.761676,57.7,5055507456.0
5008.776066,57.6,5056506880.0
5009.785064,57.7,5057506816.0
5010.792871,57.6,5058506752.0
5011.802517,57.7,5059507200.0
5012.813477,57.7,5060556800.0
5013.827669,57.8,5061556736.0
5014.836520,58.0,5062557696.0
5015.844671,57.6,5063556608.0
5016.855387,57.5,5064556032.0
5017.867220,57.6,5065606144.0
5018.878699,57.8,5066606592.0
5019.888417,57.7,5067606528.0
5020.897033,57.6,5068605952.0
5021.909436,57.7,5069657088.0
5022.924795,58.0,5070657536.0
5023.934549,57.9,5071654912.0
5024.942702,57.6,5072655360.0
5025.953994,58.0,5073656832.0
5026.967034,57.9,5074706432.0
5027.980986,57.8,5075704320.0
5028.987743,57.8,5076704768.0
5029.994836,57.7,5077707264.0
5031.006428,57.7,5078706176.0
5032.017594,57.6,5079756800.0
5033.030254,57.8,5080756736.0
5034.038366,58.1,5081756160.0
5035.046289,57.7,5082756096.0
5036.057799,57.9,5083806720.0
5037.074432,57.9,5084806656.0
5038.084242,57.8,5085805568.0
5039.091854,57.6,5086806528.0
5040.100534,57.8,5087807488.0
5041.110596,57.7,5088857600.0
5042.125664,57.6,5089857024.0
5043.134954,57.6,5090856448.0
5044.142583,57.7,5091856384.0
5045.153837,57.7,5092856320.0
5046.163823,57.9,5093906432.0
5047.177718,57.8,5094906368.0
5048.186431,58.0,5095906816.0
5049.194324,57.7,5096907264.0
5050.205631,57.6,5097906688.0
5051.216792,58.0,5098955776.0
5052.228718,57.6,5099956736.0
5053.237849,57.6,5100955648.0
5054.245414,57.8,5101956608.0
5055.258100,57.9,5103006720.0
5056.274654,58.0,5104006656.0
5057.284084,57.8,5105006080.0
5058.291618,57.8,5106005504.0
5059.300381,57.7,5107005440.0
5060.310045,58.0,5108056064.0
5061.323768,57.9,5109056000.0
5062.333774,57.7,5110056960.0
5063.342418,57.9,5111056896.0
5064.352844,57.8,5112055808.0
5065.361752,58.0,5113106944.0
5066.381779,58.0,5114107392.0
5067.389058,57.8,5115108352.0
5068.395758,58.0,5116106752.0
5069.405754,58.0,5117107200.0
5070.414761,57.9,5118156800.0
5071.429449,58.0,5119156736.0
5072.436771,57.7,5120156672.0
5073.444451,57.8,5121156608.0
5074.454866,57.8,5122157568.0
5075.463786,57.9,5123205632.0
5076.476739,58.1,5124206592.0
5077.485544,57.5,5125206016.0
5078.492797,57.7,5126205952.0
5079.501757,57.9,5127207424.0
5080.511873,57.9,5128256000.0
5081.526758,57.9,5129255936.0
5082.534882,58.0,5130255360.0
5083.543116,57.8,5131255296.0
5084.553931,58.0,5132256256.0
5085.564973,57.7,5133305856.0
5086.577757,57.9,5134305280.0
5087.585819,57.8,5135305728.0
5088.593971,57.9,5136306688.0
5089.605770,57.7,5137306112.0
5090.617087,57.9,5138355712.0
5091.630187,57.8,5139356672.0
5092.636922,57.5,5140354560.0
5093.644964,57.8,5141356544.0
5094.655702,57.7,5142355968.0
5095.673031,58.0,5143405568.0
5096.683270,57.9,5144405504.0
5097.691064,58.0,5145406976.0
5098.699014,57.7,5146405376.0
5099.710217,57.7,5147456512.0
5100.726786,57.7,5148455936.0
5101.734758,57.7,5149455360.0
5102.741746,57.9,5150455808.0
5103.748997,58.0,5151455744.0
5104.759358,57.7,5152504832.0
5105.775496,57.8,5153505792.0
5106.784762,58.1,5154505216.0
5107.791758,57.6,5155505664.0
5108.798743,57.8,5156506624.0
5109.809549,57.7,5157555712.0
5110.825021,57.8,5158555136.0
5111.834045,57.7,5159555584.0
5112.840400,57.8,5160556032.0
5113.848367,57.5,5161554944.0
5114.859121,57.7,5162606592.0
5115.875197,57.7,5163606016.0
5116.884492,57.4,5164605440.0
5117.891745,57.8,5165606400.0
5118.898842,57.6,5166604800.0
5119.909165,57.8,5167605760.0
5120.924543,,
5126.934045,,
5132.942204,57.6,5183755776.0
5137.029772,57.7,5184754688.0
5138.036756,57.7,5185755136.0
5139.044442,57.8,5186755072.0
5140.054700,57.6,5187755008.0
5141.063748,57.7,5188805632.0
5142.077967,57.9,5189805568.0
5143.085756,57.8,5190804992.0
5144.092739,58.2,5191803904.0
5145.099747,57.8,5192806400.0
5146.108735,58.2,5193805312.0
5147.119741,57.6,5194854912.0
5148.128752,57.7,5195855360.0
5149.135801,57.9,5196854784.0
5150.142754,58.0,5197857280.0
5151.153782,57.9,5198854656.0
5152.163756,58.2,5199905792.0
5153.177758,58.0,5200905216.0
5154.185398,57.8,5201905152.0
5155.192905,58.0,5202904576.0
5156.201260,57.9,5203906560.0
5157.210614,57.7,5204955136.0
5158.224168,57.9,5205954560.0
5159.233757,58.0,5206956032.0
5160.239756,57.8,5207955456.0
5161.246437,57.7,5208954880.0
5162.257750,57.8,5209954304.0
5163.270228,58.0,5211004928.0
5164.279879,57.3,5212004352.0
5165.288147,57.8,5213004800.0
5166.294685,57.8,5214004736.0
5167.304761,57.7,5215004160.0
5168.315079,57.6,5216054272.0
5169.328416,57.7,5217055744.0
5170.337271,57.9,5218055168.0
5171.345061,57.7,5219054592.0
5172.355769,57.8,5220054528.0
5173.364768,57.9,5221105152.0
5174.378198,58.1,5222104576.0
5175.385770,57.6,5223105024.0
5176.393497,57.8,5224104960.0
5177.404284,57.8,5225104384.0
5178.414739,57.9,5226156032.0
5179.428045,57.6,5227154944.0
5180.436120,58.2,5228154368.0
5181.442823,57.8,5229154816.0
5182.453918,57.8,5230154240.0
5183.463627,58.3,5231204864.0
5184.477880,57.6,5232204800.0
5185.485949,57.7,5233204224.0
5186.493642,57.7,5234205696.0
5187.504438,57.5,5235205120.0
5188.513141,57.9,5236254208.0
5189.527620,58.0,5237256192.0
5190.535623,57.6,5238254080.0
5191.542752,58.0,5239254016.0
5192.551600,57.9,5240254976.0
5193.561368,57.8,5241305088.0
5194.575870,58.3,5242305536.0
5195.584673,57.9,5243303936.0
5196.592062,57.8,5244304896.0
5197.601207,58.1,5245305344.0
5198.610879,57.7,5246354432.0
5199.625927,57.9,5247354880.0
5200.634464,58.1,5248355840.0
5201.641173,57.7,5249353728.0
5202.648405,57.9,5250354176.0
5203.658917,57.9,5251404288.0
5204.674126,58.0,5252403200.0
5205.683671,57.8,5253403648.0
5206.691422,57.8,5254404096.0
5207.697754,58.0,5255404032.0
5208.708603,57.8,5256454144.0
5209.723742,57.9,5257454080.0
5210.732505,57.8,5258453504.0
5211.739005,57.8,5259453952.0
5212.746987,57.7,5260453376.0
5213.758177,57.9,5261502976.0
5214.772855,57.7,5262503936.0
5215.782084,57.9,5263504896.0
5216.787777,57.4,5264502272.0
5217.794774,58.0,5265504256.0
5218.804390,57.9,5266504704.0
5219.814463,57.8,5267554816.0
5220.829765,57.8,5268553728.0
5221.838197,58.2,5269553664.0
5222.846576,58.0,5270554112.0
5223.858438,58.1,5271554048.0
5224.874066,58.1,5272605184.0
5225.883431,57.9,5273605120.0
5226.891119,57.7,5274605568.0
5227.898392,57.8,5275604480.0
5228.909880,58.1,5276654080.0
5229.923760,58.0,5277653504.0
5230.935542,58.1,5278653440.0
5231.944517,58.2,5279654400.0
5232.955824,57.9,5280654336.0
5233.965858,57.7,5281703936.0
5234.979540,57.8,5282703872.0
5235.987119,58.3,5283703808.0
5236.995236,57.7,5284704768.0
5238.005939,57.8,5285705216.0
5239.016503,58.0,5286753792.0
5240.030157,,
5246.037780,,
5252.046272,57.9,5302854144.0
5256.129641,57.7,5303854080.0
5257.137045,58.1,5304853504.0
5258.143781,57.8,5305853952.0
5259.153445,57.8,5306853888.0
5260.162263,57.8,5307904000.0
5261.177435,58.3,5308902912.0
5262.184749,58.1,5309903360.0
5263.192036,57.9,5310903808.0
5264.202944,58.0,5311904256.0
5265.213825,57.9,5312953856.0
5266.228140,57.9,5313953280.0
5267.236798,58.0,5314954240.0
5268.244333,58.0,5315953664.0
5269.254683,58.0,5316953600.0
5270.264417,58.0,5318003200.0
5271.279098,58.0,5319004160.0
5272.287093,58.0,5320003584.0
5273.294850,57.9,5321003520.0
5274.306667,58.0,5322003968.0
5275.317325,58.0,5323054080.0
5276.330304,58.0,5324054016.0
5277.339112,57.9,5325053952.0
5278.346755,57.9,5326053376.0
5279.357714,58.0,5327054336.0
5280.373515,57.7,5328103424.0
5281.383539,58.2,5329103872.0
5282.391932,57.9,5330103296.0
5283.401082,57.7,5331104256.0
5284.411573,57.9,5332153344.0
5285.426741,58.1,5333153280.0
5286.433464,58.0,5334153728.0
5287.441353,57.8,5335153664.0
5288.451620,57.7,5336154112.0
5289.462267,57.9,5337203200.0
5290.477251,57.8,5338203648.0
5291.485166,57.9,5339203584.0
5292.493090,58.0,5340204032.0
5293.503745,57.8,5341203456.0
5294.514336,57.9,5342253568.0
5295.528637,58.0,5343253504.0
5296.537202,57.8,5344252928.0
5297.545126,58.0,5345253376.0
5298.556119,57.8,5346253312.0
5299.566425,57.9,5347302912.0
5300.578665,57.8,5348301824.0
5301.586208,57.7,5349302784.0
5302.594645,57.9,5350301696.0
5303.605750,57.5,5351303168.0
5304.617175,58.0,5352351232.0
5305.625750,57.7,5353352192.0
5306.634406,57.8,5354353152.0
5307.641746,57.7,5356054016.0
5309.326764,58.0,5357053952.0
5310.338760,57.8,5358053888.0
5311.345985,58.1,5359053824.0
5312.356756,58.0,5360052736.0
5313.371746,57.9,5361104384.0
5314.383751,58.0,5362103808.0
5315.390753,58.0,5363103744.0
5316.397762,58.0,5364103168.0
5317.408154,57.9,5365104640.0
5318.417129,58.0,5366153728.0
5319.429917,58.2,5367153152.0
5320.437973,57.5,5368154624.0
5321.445772,58.0,5369154048.0
5322.456829,57.8,5370152960.0
5323.474083,57.9,5371203072.0
5324.484045,58.1,5372204544.0
5325.492706,58.2,5373204992.0
5326.503485,58.2,5374203392.0
5327.513948,57.9,5375252992.0
5328.529052,57.7,5376253440.0
5329.535752,57.7,5377252864.0
5330.543416,58.0,5378252288.0
5331.553749,58.2,5379253248.0
5332.562993,58.0,5380302848.0
5333.578182,58.2,5381301760.0
5334.585762,58.0,5382302720.0
5335.594383,58.3,5383302144.0
5336.604886,58.0,5384303104.0
5337.615137,58.1,5385352192.0
5338.629188,58.0,5386352640.0
5339.636753,57.9,5387353088.0
5340.644771,57.8,5388353024.0
5341.657191,57.8,5389352448.0
5342.673397,57.8,5390402048.0
5343.683891,58.0,5391401472.0
5344.692560,57.6,5392402432.0
5345.702924,57.8,5393403904.0
5346.712697,58.1,5394452992.0
5347.727467,58.0,5395452928.0
5348.736766,58.2,5396452352.0
5349.744531,58.0,5397453824.0
5350.756127,57.8,5398452736.0
5351.765769,58.0,5399502848.0
5352.779670,57.8,5400501760.0
5353.788485,57.7,5401503232.0
5354.796806,58.0,5402502144.0
5355.808498,57.9,5403552768.0
5356.824492,57.9,5404553728.0
5357.834634,58.0,5405552128.0
5358.841813,58.0,5406552576.0
5359.852755,58.0,5407553024.0
5360.862779,57.8,5408603648.0
5361.878176,58.2,5409602048.0
5362.885756,58.0,5410602496.0
5363.892838,58.1,5411601920.0
5364.902759,58.1,5412601856.0
5365.913340,58.1,5413652480.0
5366.928887,58.0,5414652416.0
5367.937938,,
5373.946851,,
5379.955640,58.0,5430752256.0
5384.064398,58.1,5431800320.0
5385.077963,58.0,5432800256.0
5386.085765,58.2,5433802240.0
5387.093638,58.0,5434800640.0
5388.104257,57.8,5435800064.0
5389.114177,58.0,5436852224.0
5390.127942,58.1,5437851648.0
5391.136534,58.3,5438851584.0
5392.144447,57.7,5439852544.0
5393.154339,58.0,5440852480.0
5394.164811,58.1,5441902080.0
5395.179174,57.8,5442901504.0
5396.186620,58.0,5443901440.0
5397.194769,58.1,5444901888.0
5398.206563,58.0,5445952512.0
5399.223259,57.9,5446951424.0
5400.232878,58.1,5447951872.0
5401.240402,58.1,5448951808.0
5402.249275,58.4,5449952256.0
5403.259757,57.7,5451001856.0
5404.274654,58.1,5452001280.0
5405.284375,58.2,5453000704.0
5406.292313,58.1,5454001152.0
5407.302147,58.1,5455001088.0
5408.312198,58.2,5456052224.0
5409.332752,58.1,5457050624.0
5410.339910,58.0,5458050560.0
5411.346600,57.9,5459052544.0
5412.361255,58.1,5460102144.0
5413.379088,57.8,5461103104.0
5414.385751,58.2,5462100480.0
5415.392741,57.9,5463101952.0
5416.400619,58.0,5464103424.0
5417.410366,57.9,5465152000.0
5418.424705,58.1,5466152448.0
5419.434137,57.9,5467151360.0
5420.442182,58.2,5468152320.0
5421.451947,58.1,5469152768.0
5422.461962,58.4,5470201856.0
5423.476820,57.8,5471202304.0
5424.486162,58.1,5472201216.0
5425.494644,57.9,5473201664.0
5426.505203,58.1,5474202624.0
5427.516302,58.1,5475251712.0
5428.528955,58.0,5476251648.0
5429.536835,58.1,5477252096.0
5430.544837,58.2,5478251008.0
5431.554939,58.2,5479249408.0
5432.564133,58.2,5480300544.0
5433.576174,58.2,5481300992.0
5434.584362,57.8,5482301952.0
5435.592948,58.2,5483300864.0
5436.603998,58.5,5484302848.0
5437.614182,58.0,5485350912.0
5438.626192,57.9,5486351872.0
5439.635009,58.1,5487351296.0
5440.642939,58.1,5488351232.0
5441.654467,58.1,5489352704.0
5442.664923,58.2,5490401280.0
5443.678783,58.1,5491401216.0
5444.686666,58.3,5492400128.0
5445.694872,58.0,5493400576.0
5446.705275,58.2,5494402560.0
5447.716275,58.3,5495451136.0
5448.728633,57.9,5496451584.0
5449.737610,58.1,5497451008.0
5450.745099,57.8,5498450944.0
5451.756078,58.0,5499451904.0
5452.768969,58.0,5500500992.0
5453.778765,58.2,5501500928.0
5454.786271,58.0,5502500352.0
5455.792746,58.0,5503500288.0
5456.802179,57.9,5504500736.0
5457.812110,58.0,5505550848.0
5458.826810,58.1,5506550784.0
5459.835981,58.1,5507550720.0
5460.845778,58.0,5508551168.0
5461.857248,57.8,5509550592.0
5462.873341,58.1,5510600704.0
5463.883595,58.0,5511601664.0
5464.891443,57.9,5512600576.0
